voc_id,masked_title,masked_content,large_category,middle_category,small_code,small_category,label_confirmed_yn,masking_review_yn,is_synthetic
VOC09805,포인트 적립 기준이 궁금합니다,짧은 거리 주행도 포인트 적립 대상인지 문의드립니다.,포인트,적립기준,S015,포인트 적립 기준 문의,Y,Y,Y
VOC03814,주행 데이터가 반영되지 않았어요,[날짜]에 [출발지]-[도착지] 구간을 운전했는데 앱에서 기록이 보이지 않습니다. 필요한 확인 항목이 있다면 안내 부탁드립니다.,주행,주행기록,S006,주행기록 미반영,Y,Y,Y
VOC02797,새 비밀번호 등록 문의,비밀번호 찾기 과정에서 [전화번호]로 인증번호가 오지 않습니다. 관련 기준도 함께 알려주세요.,회원,계정관리,S005,비밀번호 재설정,Y,Y,Y
VOC06072,포인트가 갑자기 줄었습니다,결제를 취소했는데 차감된 포인트가 복구되지 않았습니다. 처리 방법을 안내해주세요.,포인트,차감,S010,포인트 오차감,Y,Y,Y
VOC03866,주행기록이 보이지 않습니다,[주행일]에 [출발지]-[도착지] 구간을 운전했는데 앱에서 기록이 보이지 않습니다.,주행,주행기록,S006,주행기록 미반영,Y,Y,Y
VOC04964,차량을 변경했습니다,차량번호 변경 후 주행 서비스 연결 방법을 문의드립니다. 빠른 확인 요청드립니다.,차량,차량정보,S008,차량정보 변경,Y,Y,Y
VOC06953,업데이트 후 앱이 열리지 않아요,특정 메뉴에 들어가면 화면이 멈추는 현상이 반복됩니다.,앱,오류,S011,앱 실행 오류,Y,Y,Y
VOC01288,주행 포인트는 언제 들어오나요,방금 운전한 기록은 보이는데 포인트는 처리 중으로 표시됩니다.,포인트,적립,S002,주행 포인트 적립 지연,Y,Y,Y
VOC02235,계속 로그인에 실패합니다 앱에서 확인이 어려워 문의드립니다.,기존에 사용하던 계정으로 접속되지 않아 문의드립니다.,회원,로그인,S004,로그인 오류,Y,Y,Y
VOC05850,앱 회원 탈퇴 방법 문의,본인 인증 후 탈퇴가 완료되지 않아 확인 부탁드립니다. 앱을 다시 실행해도 같은 상태입니다.,회원,계정관리,S009,회원 탈퇴,Y,Y,Y
VOC02376,계속 로그인에 실패합니다 앱에서 확인이 어려워 문의드립니다.,[오류코드] 메시지가 표시되면서 앱에 접속할 수 없습니다.,회원,로그인,S004,로그인 오류,Y,Y,Y
VOC08354,앱의 계약 내용이 맞지 않아요 확인 부탁드립니다.,계약 기간과 보험료 정보가 가입 당시 안내와 다르게 표시됩니다.,보험,계약정보,S013,계약정보 불일치,Y,Y,Y
VOC06528,포인트 잔액 오류,어제 확인한 잔액과 오늘 잔액이 달라서 확인 요청드립니다.,포인트,차감,S010,포인트 오차감,Y,Y,Y
VOC06991,앱 실행 중 오류가 발생합니다,앱을 열면 흰 화면만 보이고 아무 기능도 사용할 수 없습니다.,앱,오류,S011,앱 실행 오류,Y,Y,Y
VOC01825,포인트 사용처가 궁금합니다,현재 보유한 포인트를 어디에서 사용할 수 있는지 알려주세요. 처리 방법을 안내해주세요. 앱을 다시 실행해도 같은 상태입니다.,포인트,사용,S003,포인트 사용처 문의,Y,Y,Y
VOC09918,운전점수와 포인트 관계,짧은 거리 주행도 포인트 적립 대상인지 확인 요청드립니다.,포인트,적립기준,S015,포인트 적립 기준 문의,Y,Y,Y
VOC08275,증권 정보 수정 문의,계약 기간과 보험료 정보가 가입 당시 안내와 다르게 표시됩니다.,보험,계약정보,S013,계약정보 불일치,Y,Y,Y
VOC05330,앱 차량정보 수정 문의,보험 계약 차량은 변경됐는데 앱에는 이전 차량이 표시됩니다.,차량,차량정보,S008,차량정보 변경,Y,Y,Y
VOC05936,가입 정보 삭제 요청,앱에서 탈퇴 메뉴를 찾을 수 없어 문의드립니다. 앱을 다시 실행해도 같은 상태입니다.,회원,계정관리,S009,회원 탈퇴,Y,Y,Y
VOC00682,포인트 적립 처리 중 문의 빠른 확인 요청드립니다.,"포인트가 바로 들어오는지, 일정 시간이 필요한지 문의드립니다.",포인트,적립,S002,주행 포인트 적립 지연,Y,Y,Y
VOC03770,주행 데이터가 반영되지 않았어요 앱에서 확인이 어려워 문의드립니다.,해당 시간대의 운전 내역이 누락되어 확인 요청드립니다.,주행,주행기록,S006,주행기록 미반영,Y,Y,Y
VOC04489,계약 할인 적용 상태 문의,앱에는 할인 대상이라고 나오는데 실제 보험료에 적용됐는지 알고 싶습니다. 확인 부탁드립니다. 이전에 정상적으로 이용한 적이 있습니다.,보험,할인,S007,보험료 할인 적용 문의,Y,Y,Y
VOC06782,서비스 실행 불가 문의,재설치 후에도 동일하게 앱이 강제 종료됩니다. 빠른 확인 요청드립니다.,앱,오류,S011,앱 실행 오류,Y,Y,Y
VOC06586,포인트 잔액 오류 확인 부탁드립니다.,어제 확인한 잔액과 오늘 잔액이 달라서 문의드립니다.,포인트,차감,S010,포인트 오차감,Y,Y,Y
VOC02927,비밀번호를 재설정하고 싶습니다 빠른 확인 요청드립니다.,새 비밀번호를 입력했지만 변경이 완료되지 않습니다.,회원,계정관리,S005,비밀번호 재설정,Y,Y,Y
VOC06110,포인트 차감 내역이 이상합니다,포인트 사용 이력과 실제 잔액이 맞지 않습니다. 확인 부탁드립니다.,포인트,차감,S010,포인트 오차감,Y,Y,Y
VOC04376,안전운전 할인 적용 여부 문의,앱에는 할인 대상이라고 나오는데 실제 보험료에 적용됐는지 알고 싶습니다.,보험,할인,S007,보험료 할인 적용 문의,Y,Y,Y
VOC08410,증권 정보 수정 문의,보험 계약 정보 중 일부 항목이 잘못되어 수정 요청드립니다. 앱을 다시 실행해도 같은 상태입니다.,보험,계약정보,S013,계약정보 불일치,Y,Y,Y
VOC05993,서비스 계정을 삭제하고 싶어요 확인 부탁드립니다.,본인 인증 후 탈퇴가 완료되지 않아 확인 부탁드립니다.,회원,계정관리,S009,회원 탈퇴,Y,Y,Y
VOC05245,새 차량으로 바꾸고 싶어요,보험 계약 차량은 변경됐는데 앱에는 이전 차량이 표시됩니다.,차량,차량정보,S008,차량정보 변경,Y,Y,Y
VOC09176,등록 연락처 수정 요청,번호 변경 후 로그인 인증 문자가 이전 번호로 발송됩니다. 필요한 확인 항목이 있다면 안내 부탁드립니다.,회원,회원정보,S014,휴대전화 번호 변경,Y,Y,Y
VOC07410,접수한 사고는 어떻게 진행되고 있나요,제출한 서류가 정상적으로 접수됐는지 알고 싶습니다.,사고,처리현황,S012,사고 처리 진행 문의,Y,Y,Y
VOC02660,아이디 입력 후 접속 오류,아이디와 비밀번호를 입력해도 로그인 오류가 발생합니다.,회원,로그인,S004,로그인 오류,Y,Y,Y
VOC02434,계속 로그인에 실패합니다,[에러코드] 메시지가 표시되면서 앱에 접속할 수 없습니다. 앱을 다시 실행해도 같은 상태입니다.,회원,로그인,S004,로그인 오류,Y,Y,Y
VOC01386,포인트를 사용할 수 있는 곳 관련 기준도 함께 알려주세요.,현재 보유한 포인트를 어디에서 사용할 수 있는지 알려주세요.,포인트,사용,S003,포인트 사용처 문의,Y,Y,Y
VOC01015,포인트 적립 처리 중 문의,오늘 주행을 마쳤는데 포인트가 아직 반영되지 않았습니다. 보통 얼마나 걸리나요? 빠른 확인 요청드립니다.,포인트,적립,S002,주행 포인트 적립 지연,Y,Y,Y
VOC00012,포인트가 누락된 것 같습니다 처리 방법을 안내해주세요.,운전 기록은 정상적으로 보이지만 포인트가 들어오지 않았습니다. 이전에 정상적으로 이용한 적이 있습니다.,포인트,적립,S001,주행 포인트 미적립,Y,Y,Y
VOC01636,포인트 사용 가능 서비스 문의 처리 방법을 안내해주세요.,앱에 [금액] 포인트가 있는데 사용 가능한 항목을 확인하고 싶습니다.,포인트,사용,S003,포인트 사용처 문의,Y,Y,Y
VOC01098,운전 후 포인트 반영 시간 문의,"포인트가 바로 들어오는지, 일정 시간이 필요한지 문의드립니다.",포인트,적립,S002,주행 포인트 적립 지연,Y,Y,Y
VOC05645,회원 탈퇴를 요청합니다,계정과 저장된 개인정보를 삭제하는 절차를 알려주세요.,회원,계정관리,S009,회원 탈퇴,Y,Y,Y
VOC02011,로그인 화면에서 넘어가지 않아요,로그인 버튼을 눌러도 화면이 그대로입니다. 필요한 확인 항목이 있다면 안내 부탁드립니다.,회원,로그인,S004,로그인 오류,Y,Y,Y
VOC02689,새 비밀번호 등록 문의,비밀번호 찾기 과정에서 [전화번호]로 인증번호가 오지 않습니다. 필요한 확인 항목이 있다면 안내 부탁드립니다.,회원,계정관리,S005,비밀번호 재설정,Y,Y,Y
VOC00082,주행 포인트 미적립 문의,운전 기록은 정상적으로 보이지만 포인트가 들어오지 않았습니다.,포인트,적립,S001,주행 포인트 미적립,Y,Y,Y
VOC01014,포인트 적립 처리 중 문의,방금 운전한 기록은 보이는데 포인트는 처리 중으로 표시됩니다. 필요한 확인 항목이 있다면 안내 부탁드립니다.,포인트,적립,S002,주행 포인트 적립 지연,Y,Y,Y
VOC01173,포인트 반영이 늦어지고 있습니다,"포인트가 바로 들어오는지, 일정 시간이 필요한지 문의합니다.",포인트,적립,S002,주행 포인트 적립 지연,Y,Y,Y
VOC01411,포인트를 사용할 수 있는 곳,현재 보유한 포인트를 어디에서 사용할 수 있는지 안내 부탁드립니다. 관련 기준도 함께 알려주세요.,포인트,사용,S003,포인트 사용처 문의,Y,Y,Y
VOC01914,포인트 사용 가능 서비스 문의,포인트 사용 가능한 서비스와 제한 조건이 궁금합니다.,포인트,사용,S003,포인트 사용처 문의,Y,Y,Y
VOC01838,보유 포인트 사용 방법,보험료 결제 외에도 포인트를 사용할 수 있는 곳이 있나요?,포인트,사용,S003,포인트 사용처 문의,Y,Y,Y
VOC00518,주행 후 포인트가 없습니다,[출발지]-[도착지] 구간을 운전했는데 적립 내역이 확인되지 않습니다.,포인트,적립,S001,주행 포인트 미적립,Y,Y,Y
VOC05192,기존 차량 삭제 후 신규 등록,차량을 교체해서 앱의 등록 정보를 수정하고 싶습니다.,차량,차량정보,S008,차량정보 변경,Y,Y,Y
VOC02440,아이디 입력 후 접속 오류 빠른 확인 요청드립니다.,[오류코드] 메시지가 표시되면서 앱에 접속할 수 없습니다.,회원,로그인,S004,로그인 오류,Y,Y,Y
VOC02566,앱 로그인이 되지 않습니다 앱에서 확인이 어려워 문의드립니다.,여러 번 시도했지만 인증 후 다시 로그인 화면으로 돌아옵니다. 현재 화면에서 직접 수정할 수 없습니다.,회원,로그인,S004,로그인 오류,Y,Y,Y
VOC04978,앱 차량정보 수정 문의,보험 계약 차량은 변경됐는데 앱에는 이전 차량이 표시됩니다.,차량,차량정보,S008,차량정보 변경,Y,Y,Y
VOC06865,업데이트 후 앱이 열리지 않아요,업데이트 이후 첫 화면에서 멈추고 다음으로 넘어가지 않습니다. 처리 방법을 안내해주세요.,앱,오류,S011,앱 실행 오류,Y,Y,Y
VOC03052,비밀번호를 재설정하고 싶습니다,비밀번호가 기억나지 않아 재설정하려고 합니다. 처리 방법을 안내해주세요.,회원,계정관리,S005,비밀번호 재설정,Y,Y,Y
VOC08231,계약정보가 다르게 표시됩니다 빠른 확인 요청드립니다.,갱신한 계약이 앱에서 이전 계약으로 보입니다. 처리 방법을 안내해주세요.,보험,계약정보,S013,계약정보 불일치,Y,Y,Y
VOC07615,보상 처리 단계 문의 앱에서 확인이 어려워 문의드립니다.,사고 접수 이후 진행 상황 안내를 받지 못했습니다.,사고,처리현황,S012,사고 처리 진행 문의,Y,Y,Y
VOC07279,서비스 실행 불가 문의,앱을 실행하면 [에러코드] 오류가 표시되고 바로 종료됩니다.,앱,오류,S011,앱 실행 오류,Y,Y,Y
VOC01637,포인트 사용 가능 서비스 문의 빠른 확인 요청드립니다.,현재 보유한 포인트를 어디에서 사용할 수 있는지 알려주세요.,포인트,사용,S003,포인트 사용처 문의,Y,Y,Y
VOC09122,등록 연락처 수정 요청,기존 번호 [전화번호]에서 새 번호 [새전화번호]로 변경하고 싶습니다. 관련 기준도 함께 알려주세요. 필요한 확인 항목이 있다면 안내 부탁드립니다.,회원,회원정보,S014,휴대전화 번호 변경,Y,Y,Y
VOC00812,포인트 반영이 늦어지고 있습니다,[시간]에 주행을 종료했습니다. 포인트 반영 예정 시간을 알고 싶습니다. 현재 화면에서 직접 수정할 수 없습니다.,포인트,적립,S002,주행 포인트 적립 지연,Y,Y,Y
VOC01523,포인트 사용처가 궁금합니다,포인트 사용 가능한 서비스와 제한 조건이 궁금합니다. 이전에 정상적으로 이용한 적이 있습니다.,포인트,사용,S003,포인트 사용처 문의,Y,Y,Y
VOC05374,더 이상 서비스를 이용하지 않습니다,계정과 저장된 개인정보를 삭제하는 절차를 알려주세요.,회원,계정관리,S009,회원 탈퇴,Y,Y,Y
VOC06566,잘못 차감된 포인트 문의 처리 방법을 안내해주세요.,포인트 내역에 알 수 없는 차감 기록이 있습니다.,포인트,차감,S010,포인트 오차감,Y,Y,Y
VOC01716,포인트 사용처가 궁금합니다 확인 부탁드립니다.,보험료 결제 외에도 포인트를 사용할 수 있는 곳이 있나요?,포인트,사용,S003,포인트 사용처 문의,Y,Y,Y
VOC05186,기존 차량 삭제 후 신규 등록 앱에서 확인이 어려워 문의드립니다.,보험 계약 차량은 변경됐는데 앱에는 이전 차량이 표시됩니다. 현재 화면에서 직접 수정할 수 없습니다.,차량,차량정보,S008,차량정보 변경,Y,Y,Y
VOC02356,로그인 화면에서 넘어가지 않아요,아이디와 비밀번호를 입력해도 로그인 오류가 발생합니다.,회원,로그인,S004,로그인 오류,Y,Y,Y
VOC01207,포인트가 아직 처리되지 않았어요,오늘 주행을 마쳤는데 포인트가 아직 반영되지 않았습니다. 보통 얼마나 걸리나요? 처리 방법을 안내해주세요.,포인트,적립,S002,주행 포인트 적립 지연,Y,Y,Y
VOC05381,더 이상 서비스를 이용하지 않습니다 확인 부탁드립니다.,더 이상 서비스를 이용하지 않아 회원 탈퇴를 진행하고 싶습니다.,회원,계정관리,S009,회원 탈퇴,Y,Y,Y
VOC09735,주행 포인트 산정 방법 문의,주행거리와 운전점수에 따라 포인트가 어떻게 산정되는지 알고 싶습니다.,포인트,적립기준,S015,포인트 적립 기준 문의,Y,Y,Y
VOC07572,사고 처리 진행 상황 문의 빠른 확인 요청드립니다.,사고 접수 이후 진행 상황 안내를 받지 못했습니다. 처리 방법을 안내해주세요.,사고,처리현황,S012,사고 처리 진행 문의,Y,Y,Y
VOC09665,포인트 적립 기준이 궁금합니다,급가속이나 급감속 기록이 포인트 적립에 영향을 주나요? 관련 기준도 함께 알려주세요.,포인트,적립기준,S015,포인트 적립 기준 문의,Y,Y,Y
VOC04770,차량을 변경했습니다,차량번호 변경 후 주행 서비스 연결 방법을 문의드립니다. 관련 기준도 함께 알려주세요. 앱을 다시 실행해도 같은 상태입니다.,차량,차량정보,S008,차량정보 변경,Y,Y,Y
VOC03835,운전한 내역이 앱에 없습니다,[접수일]에 [출발지]-[도착지] 구간을 운전했는데 앱에서 기록이 보이지 않습니다. 필요한 확인 항목이 있다면 안내 부탁드립니다.,주행,주행기록,S006,주행기록 미반영,Y,Y,Y
VOC01667,포인트를 사용할 수 있는 곳,보험료 결제 외에도 포인트를 사용할 수 있는 곳이 있나요?,포인트,사용,S003,포인트 사용처 문의,Y,Y,Y
VOC05956,회원 탈퇴를 요청합니다 앱에서 확인이 어려워 문의드립니다.,회원 탈퇴 시 남은 포인트와 주행기록이 어떻게 처리되는지 궁금합니다.,회원,계정관리,S009,회원 탈퇴,Y,Y,Y
VOC05357,앱 회원 탈퇴 방법 문의,앱에서 탈퇴 메뉴를 찾을 수 없어 확인 요청드립니다.,회원,계정관리,S009,회원 탈퇴,Y,Y,Y
VOC03863,최근 주행기록 누락 문의,운전을 완료했지만 최근 주행 목록에 추가되지 않았습니다. 관련 기준도 함께 알려주세요.,주행,주행기록,S006,주행기록 미반영,Y,Y,Y
VOC06087,포인트 차감 내역이 이상합니다,포인트 사용 이력과 실제 잔액이 맞지 않습니다.,포인트,차감,S010,포인트 오차감,Y,Y,Y
VOC02059,계정 접속이 불가능합니다,기존에 사용하던 계정으로 접속되지 않아 문의드립니다. 동일 현상이 반복되고 있습니다.,회원,로그인,S004,로그인 오류,Y,Y,Y
VOC08384,계약정보가 다르게 표시됩니다,갱신한 계약이 앱에서 이전 계약으로 보입니다.,보험,계약정보,S013,계약정보 불일치,Y,Y,Y
VOC08001,사고 처리 진행 상황 문의,사고 접수 이후 진행 상황 안내를 받지 못했습니다.,사고,처리현황,S012,사고 처리 진행 문의,Y,Y,Y
VOC08207,계약정보가 다르게 표시됩니다 확인 부탁드립니다.,증권번호 [증권번호]의 차량정보가 현재 차량과 일치하지 않습니다. 앱을 다시 실행해도 같은 상태입니다.,보험,계약정보,S013,계약정보 불일치,Y,Y,Y
VOC09008,기존 전화번호 변경 문의,기존 번호 [전화번호]에서 새 번호 [변경전화번호]로 변경하고 싶습니다.,회원,회원정보,S014,휴대전화 번호 변경,Y,Y,Y
VOC00454,주행 포인트가 적립되지 않았습니다,운전 기록은 정상적으로 보이지만 포인트가 들어오지 않았습니다.,포인트,적립,S001,주행 포인트 미적립,Y,Y,Y
VOC09102,등록 연락처 수정 요청,새 번호로 본인 인증을 진행하는 방법을 확인 부탁드립니다. 확인 부탁드립니다. 이전에 정상적으로 이용한 적이 있습니다.,회원,회원정보,S014,휴대전화 번호 변경,Y,Y,Y
VOC05150,차량을 변경했습니다,차량번호 변경 후 주행 서비스 연결 방법을 문의드립니다. 앱을 다시 실행해도 같은 상태입니다.,차량,차량정보,S008,차량정보 변경,Y,Y,Y
VOC09200,휴대전화 번호를 변경하고 싶습니다 앱에서 확인이 어려워 문의드립니다.,등록된 연락처가 실제 사용하는 번호와 달라 수정 요청드립니다. 확인 부탁드립니다.,회원,회원정보,S014,휴대전화 번호 변경,Y,Y,Y
VOC07644,접수한 사고는 어떻게 진행되고 있나요 빠른 확인 요청드립니다.,보상 심사가 어느 단계까지 진행됐는지 확인 부탁드립니다. 이전에 정상적으로 이용한 적이 있습니다.,사고,처리현황,S012,사고 처리 진행 문의,Y,Y,Y
VOC09369,어떤 주행이 포인트 대상인가요,급가속이나 급감속 기록이 포인트 적립에 영향을 주나요? 앱을 다시 실행해도 같은 상태입니다.,포인트,적립기준,S015,포인트 적립 기준 문의,Y,Y,Y
VOC08422,증권 정보 수정 문의,갱신한 계약이 앱에서 이전 계약으로 보입니다.,보험,계약정보,S013,계약정보 불일치,Y,Y,Y
VOC09214,회원정보의 전화번호가 다릅니다,번호 변경 후 로그인 인증 문자가 이전 번호로 발송됩니다.,회원,회원정보,S014,휴대전화 번호 변경,Y,Y,Y
VOC01569,적립 포인트는 어디서 쓰나요,포인트 사용 가능한 서비스와 제한 조건이 궁금합니다.,포인트,사용,S003,포인트 사용처 문의,Y,Y,Y
VOC00040,포인트가 누락된 것 같습니다,[접수일]에 주행을 완료했는데 포인트가 아직 적립되지 않았습니다.,포인트,적립,S001,주행 포인트 미적립,Y,Y,Y
VOC03953,운전한 내역이 앱에 없습니다 앱에서 확인이 어려워 문의드립니다.,[날짜]에 [주행구간] 구간을 운전했는데 앱에서 기록이 보이지 않습니다.,주행,주행기록,S006,주행기록 미반영,Y,Y,Y
VOC03918,앱에서 운전 기록 확인 불가,[날짜]에 [주행구간] 구간을 운전했는데 앱에서 기록이 보이지 않습니다.,주행,주행기록,S006,주행기록 미반영,Y,Y,Y
VOC08263,계약정보가 다르게 표시됩니다,증권번호 [계약번호]의 차량정보가 현재 차량과 일치하지 않습니다. 앱을 다시 실행해도 같은 상태입니다.,보험,계약정보,S013,계약정보 불일치,Y,Y,Y
VOC00245,운전했는데 포인트가 안 들어왔어요,지난 주행 건에 대한 포인트를 받지 못했습니다. 확인 부탁드립니다. 필요한 확인 항목이 있다면 안내 부탁드립니다.,포인트,적립,S001,주행 포인트 미적립,Y,Y,Y
VOC03790,주행 데이터가 반영되지 않았어요,주행 종료 후에도 거리와 시간이 0으로 표시됩니다.,주행,주행기록,S006,주행기록 미반영,Y,Y,Y
VOC03620,앱에서 운전 기록 확인 불가,[접수일]에 [출발지]에서 [도착지]까지 구간을 운전했는데 앱에서 기록이 보이지 않습니다. 확인 부탁드립니다.,주행,주행기록,S006,주행기록 미반영,Y,Y,Y
VOC02758,비밀번호 찾기 인증 오류,본인 인증 후 비밀번호 재설정 화면으로 이동하지 않습니다.,회원,계정관리,S005,비밀번호 재설정,Y,Y,Y
VOC02645,앱 로그인이 되지 않습니다,여러 번 시도했지만 인증 후 다시 로그인 화면으로 돌아옵니다. 확인 부탁드립니다.,회원,로그인,S004,로그인 오류,Y,Y,Y
VOC02690,비밀번호를 재설정하고 싶습니다,비밀번호 찾기 과정에서 [기존전화번호]로 인증번호가 오지 않습니다.,회원,계정관리,S005,비밀번호 재설정,Y,Y,Y
VOC03869,최근 주행기록 누락 문의,해당 시간대의 운전 내역이 누락되어 확인 요청드립니다.,주행,주행기록,S006,주행기록 미반영,Y,Y,Y
VOC00559,주행 포인트 미적립 문의,[날짜]에 주행을 완료했는데 포인트가 아직 적립되지 않았습니다. 이전에 정상적으로 이용한 적이 있습니다.,포인트,적립,S001,주행 포인트 미적립,Y,Y,Y
VOC07573,접수한 사고는 어떻게 진행되고 있나요,보상 심사가 어느 단계까지 진행됐는지 확인 부탁드립니다.,사고,처리현황,S012,사고 처리 진행 문의,Y,Y,Y
VOC08135,증권 정보 수정 문의,보험 계약 정보 중 일부 항목이 잘못되어 수정 요청드립니다. 필요한 확인 항목이 있다면 안내 부탁드립니다.,보험,계약정보,S013,계약정보 불일치,Y,Y,Y
VOC02282,앱 로그인이 정상적으로 처리되지 않습니다,[오류코드] 메시지가 표시되면서 앱에 접속할 수 없습니다.,회원,로그인,S004,로그인 오류,Y,Y,Y
VOC03303,비밀번호 변경이 되지 않습니다,비밀번호가 기억나지 않아 재설정하려고 합니다. 앱에서 확인이 어려워 문의드립니다.,회원,계정관리,S005,비밀번호 재설정,Y,Y,Y
VOC04210,계약 할인 적용 상태 문의,앱에는 할인 대상이라고 나오는데 실제 보험료에 적용됐는지 알고 싶습니다.,보험,할인,S007,보험료 할인 적용 문의,Y,Y,Y
VOC08740,기존 전화번호 변경 문의 확인 부탁드립니다.,번호 변경 후 로그인 인증 문자가 이전 번호로 발송됩니다. 필요한 확인 항목이 있다면 안내 부탁드립니다.,회원,회원정보,S014,휴대전화 번호 변경,Y,Y,Y
VOC08131,보험 계약자 정보 오류,계약 기간과 보험료 정보가 가입 당시 안내와 다르게 표시됩니다. 처리 방법을 안내해주세요.,보험,계약정보,S013,계약정보 불일치,Y,Y,Y
VOC05743,가입 정보 삭제 요청,회원 탈퇴 시 남은 포인트와 주행기록이 어떻게 처리되는지 궁금합니다.,회원,계정관리,S009,회원 탈퇴,Y,Y,Y
VOC06875,앱이 계속 종료됩니다,재설치 후에도 동일하게 앱이 강제 종료됩니다.,앱,오류,S011,앱 실행 오류,Y,Y,Y
VOC00226,주행 포인트 미적립 문의,운전 기록은 정상적으로 보이지만 포인트가 들어오지 않았습니다.,포인트,적립,S001,주행 포인트 미적립,Y,Y,Y
VOC06580,포인트가 갑자기 줄었습니다,결제를 취소했는데 차감된 포인트가 복구되지 않았습니다. 이전에 정상적으로 이용한 적이 있습니다.,포인트,차감,S010,포인트 오차감,Y,Y,Y
VOC00503,주행 후 포인트가 없습니다 앱에서 확인이 어려워 문의드립니다.,주행 조건을 충족한 것으로 보이는데 포인트가 0으로 표시됩니다. 필요한 확인 항목이 있다면 안내 부탁드립니다.,포인트,적립,S001,주행 포인트 미적립,Y,Y,Y
VOC07226,앱 실행 중 오류가 발생합니다,재설치 후에도 동일하게 앱이 강제 종료됩니다. 앱을 다시 실행해도 같은 상태입니다.,앱,오류,S011,앱 실행 오류,Y,Y,Y
VOC02565,아이디 입력 후 접속 오류,여러 번 시도했지만 인증 후 다시 로그인 화면으로 돌아옵니다.,회원,로그인,S004,로그인 오류,Y,Y,Y
VOC05750,앱 회원 탈퇴 방법 문의,앱에서 탈퇴 메뉴를 찾을 수 없어 확인 요청드립니다.,회원,계정관리,S009,회원 탈퇴,Y,Y,Y
VOC05788,가입 정보 삭제 요청,계정과 저장된 개인정보를 삭제하는 절차를 알려주세요. 확인 부탁드립니다. 현재 화면에서 직접 수정할 수 없습니다.,회원,계정관리,S009,회원 탈퇴,Y,Y,Y
VOC08691,기존 전화번호 변경 문의 빠른 확인 요청드립니다.,번호 변경 후 로그인 인증 문자가 이전 번호로 발송됩니다.,회원,회원정보,S014,휴대전화 번호 변경,Y,Y,Y
VOC08852,새 번호로 인증받고 싶어요 앱에서 확인이 어려워 문의드립니다.,번호 변경 후 로그인 인증 문자가 이전 번호로 발송됩니다.,회원,회원정보,S014,휴대전화 번호 변경,Y,Y,Y
VOC05800,서비스 계정을 삭제하고 싶어요,더 이상 서비스를 이용하지 않아 회원 탈퇴를 진행하고 싶습니다.,회원,계정관리,S009,회원 탈퇴,Y,Y,Y
VOC05032,차량을 변경했습니다,보험 계약 차량은 변경됐는데 앱에는 이전 차량이 표시됩니다.,차량,차량정보,S008,차량정보 변경,Y,Y,Y
VOC08520,보험 계약자 정보 오류,증권번호 [증권번호]의 차량정보가 현재 차량과 일치하지 않습니다. 관련 기준도 함께 알려주세요.,보험,계약정보,S013,계약정보 불일치,Y,Y,Y
VOC08214,계약정보가 다르게 표시됩니다,갱신한 계약이 앱에서 이전 계약으로 보입니다. 관련 기준도 함께 알려주세요.,보험,계약정보,S013,계약정보 불일치,Y,Y,Y
VOC08427,계약 차량 정보 불일치,보험 계약 정보 중 일부 항목이 잘못되어 수정 요청드립니다.,보험,계약정보,S013,계약정보 불일치,Y,Y,Y
VOC02050,로그인 화면에서 넘어가지 않아요,아이디와 비밀번호를 입력해도 로그인 오류가 발생합니다.,회원,로그인,S004,로그인 오류,Y,Y,Y
VOC07989,사건번호 처리 상태 확인,보상 심사가 어느 단계까지 진행됐는지 확인 부탁드립니다.,사고,처리현황,S012,사고 처리 진행 문의,Y,Y,Y
VOC03843,최근 주행기록 누락 문의,해당 시간대의 운전 내역이 누락되어 확인 요청드립니다.,주행,주행기록,S006,주행기록 미반영,Y,Y,Y
VOC06241,사용하지 않은 포인트가 차감됐어요 앱에서 확인이 어려워 문의드립니다.,어제 확인한 잔액과 오늘 잔액이 달라서 문의드립니다.,포인트,차감,S010,포인트 오차감,Y,Y,Y
VOC01053,포인트 반영이 늦어지고 있습니다 확인 부탁드립니다.,오늘 주행을 마쳤는데 포인트가 아직 반영되지 않았습니다. 보통 얼마나 걸리나요?,포인트,적립,S002,주행 포인트 적립 지연,Y,Y,Y
VOC04054,보험료 할인이 반영됐나요 빠른 확인 요청드립니다.,갱신 계약에 주행분석 할인 혜택이 반영되는지 문의드립니다.,보험,할인,S007,보험료 할인 적용 문의,Y,Y,Y
VOC07808,사건번호 처리 상태 확인,제출한 서류가 정상적으로 접수됐는지 알고 싶습니다.,사고,처리현황,S012,사고 처리 진행 문의,Y,Y,Y
VOC08190,계약 차량 정보 불일치,갱신한 계약이 앱에서 이전 계약으로 보입니다.,보험,계약정보,S013,계약정보 불일치,Y,Y,Y
VOC07073,앱이 계속 종료됩니다,앱을 실행하면 [에러코드] 오류가 표시되고 바로 종료됩니다. 동일 현상이 반복되고 있습니다.,앱,오류,S011,앱 실행 오류,Y,Y,Y
VOC03396,앱에서 운전 기록 확인 불가,주행 종료 후에도 거리와 시간이 0으로 표시됩니다.,주행,주행기록,S006,주행기록 미반영,Y,Y,Y
VOC09688,포인트 적립 기준이 확인하고 싶습니다,짧은 거리 주행도 포인트 적립 대상인지 문의드립니다.,포인트,적립기준,S015,포인트 적립 기준 문의,Y,Y,Y
VOC04304,주행점수 할인 확인 요청,갱신 계약에 주행분석 할인 혜택이 반영되는지 문의드립니다.,보험,할인,S007,보험료 할인 적용 문의,Y,Y,Y
VOC03936,운전한 내역이 앱에 없습니다,운전을 완료했지만 최근 주행 목록에 추가되지 않았습니다. 처리 방법을 안내해주세요. 현재 화면에서 직접 수정할 수 없습니다.,주행,주행기록,S006,주행기록 미반영,Y,Y,Y
VOC00184,주행 후 포인트가 없습니다 처리 방법을 안내해주세요.,[접수일]에 주행을 완료했는데 포인트가 아직 적립되지 않았습니다.,포인트,적립,S001,주행 포인트 미적립,Y,Y,Y
VOC06312,포인트 차감 내역이 이상합니다,포인트 내역에 알 수 없는 차감 기록이 있습니다. 빠른 확인 요청드립니다.,포인트,차감,S010,포인트 오차감,Y,Y,Y
VOC00524,운전했는데 포인트가 안 들어왔어요 확인 부탁드립니다.,운전 기록은 정상적으로 보이지만 포인트가 들어오지 않았습니다.,포인트,적립,S001,주행 포인트 미적립,Y,Y,Y
VOC06337,사용하지 않은 포인트가 차감됐어요 빠른 확인 요청드립니다.,포인트 사용 이력과 실제 잔액이 맞지 않습니다.,포인트,차감,S010,포인트 오차감,Y,Y,Y
VOC06108,잘못 차감된 포인트 문의,포인트 내역에 알 수 없는 차감 기록이 있습니다.,포인트,차감,S010,포인트 오차감,Y,Y,Y
VOC04386,계약 할인 적용 상태 문의,갱신 계약에 주행분석 할인 혜택이 반영되는지 문의드립니다.,보험,할인,S007,보험료 할인 적용 문의,Y,Y,Y
VOC07818,보상 처리 단계 문의,제출한 서류가 정상적으로 접수됐는지 알고 싶습니다.,사고,처리현황,S012,사고 처리 진행 문의,Y,Y,Y
VOC08709,새 번호로 인증받고 싶어요,등록된 연락처가 실제 사용하는 번호와 달라 수정 요청드립니다.,회원,회원정보,S014,휴대전화 번호 변경,Y,Y,Y
VOC09093,회원정보의 전화번호가 다릅니다 확인 부탁드립니다.,새 번호로 본인 인증을 진행하는 방법을 안내 부탁드립니다. 관련 기준도 함께 알려주세요.,회원,회원정보,S014,휴대전화 번호 변경,Y,Y,Y
VOC00707,주행 포인트는 언제 들어오나요,오늘 주행을 마쳤는데 포인트가 아직 반영되지 않았습니다. 보통 얼마나 걸리나요? 확인 부탁드립니다.,포인트,적립,S002,주행 포인트 적립 지연,Y,Y,Y
VOC02760,비밀번호를 재설정하고 싶습니다,비밀번호 변경 절차와 조건을 안내해주세요.,회원,계정관리,S005,비밀번호 재설정,Y,Y,Y
VOC07041,앱이 계속 종료됩니다,앱을 열면 흰 화면만 보이고 아무 기능도 사용할 수 없습니다. 앱에서 확인이 어려워 문의드립니다.,앱,오류,S011,앱 실행 오류,Y,Y,Y
VOC06170,포인트가 갑자기 줄었습니다,포인트 사용 이력과 실제 잔액이 맞지 않습니다.,포인트,차감,S010,포인트 오차감,Y,Y,Y
VOC08373,앱의 계약 내용이 맞지 않아요,보험 계약 정보 중 일부 항목이 잘못되어 수정 요청드립니다. 처리 방법을 안내해주세요.,보험,계약정보,S013,계약정보 불일치,Y,Y,Y
VOC07039,앱 화면이 멈춥니다 관련 기준도 함께 알려주세요.,앱을 열면 흰 화면만 보이고 아무 기능도 사용할 수 없습니다. 앱을 다시 실행해도 같은 상태입니다.,앱,오류,S011,앱 실행 오류,Y,Y,Y
VOC02042,로그인 화면에서 넘어가지 않아요,여러 번 시도했지만 인증 후 다시 로그인 화면으로 돌아옵니다.,회원,로그인,S004,로그인 오류,Y,Y,Y
VOC02727,비밀번호 찾기 인증 오류,새 비밀번호를 입력했지만 변경이 완료되지 않습니다.,회원,계정관리,S005,비밀번호 재설정,Y,Y,Y
VOC04447,보험료 할인이 반영됐나요 확인 부탁드립니다.,앱에는 할인 대상이라고 나오는데 실제 보험료에 적용됐는지 알고 싶습니다. 처리 방법을 안내해주세요.,보험,할인,S007,보험료 할인 적용 문의,Y,Y,Y
VOC06697,앱이 계속 종료됩니다,특정 메뉴에 들어가면 화면이 멈추는 현상이 반복됩니다.,앱,오류,S011,앱 실행 오류,Y,Y,Y
VOC03525,주행기록이 보이지 않습니다,운전을 완료했지만 최근 주행 목록에 추가되지 않았습니다. 동일 현상이 반복되고 있습니다.,주행,주행기록,S006,주행기록 미반영,Y,Y,Y
VOC02446,아이디 입력 후 접속 오류,여러 번 시도했지만 인증 후 다시 로그인 화면으로 돌아옵니다.,회원,로그인,S004,로그인 오류,Y,Y,Y
VOC09019,등록 연락처 수정 요청,등록된 연락처가 실제 사용하는 번호와 달라 수정 요청드립니다. 현재 화면에서 직접 수정할 수 없습니다.,회원,회원정보,S014,휴대전화 번호 변경,Y,Y,Y
VOC09310,회원정보의 전화번호가 다릅니다,번호 변경 후 로그인 인증 문자가 이전 번호로 발송됩니다. 앱에서 확인이 어려워 문의드립니다.,회원,회원정보,S014,휴대전화 번호 변경,Y,Y,Y
VOC01064,운전 후 포인트 반영 시간 문의,[주행종료시간]에 주행을 종료했습니다. 포인트 반영 예정 시간을 알고 싶습니다.,포인트,적립,S002,주행 포인트 적립 지연,Y,Y,Y
VOC01624,포인트 사용처가 궁금합니다,적립된 포인트의 사용처와 사용 절차를 안내 부탁드립니다. 관련 기준도 함께 알려주세요.,포인트,사용,S003,포인트 사용처 문의,Y,Y,Y
VOC01345,보유 포인트 사용 방법,포인트 사용 가능한 서비스와 제한 조건이 궁금합니다.,포인트,사용,S003,포인트 사용처 문의,Y,Y,Y
VOC06926,앱이 계속 종료됩니다,특정 메뉴에 들어가면 화면이 멈추는 현상이 반복됩니다. 확인 부탁드립니다.,앱,오류,S011,앱 실행 오류,Y,Y,Y
VOC06775,업데이트 후 앱이 열리지 않아요 처리 방법을 안내해주세요.,앱을 열면 흰 화면만 보이고 아무 기능도 사용할 수 없습니다. 앱을 다시 실행해도 같은 상태입니다.,앱,오류,S011,앱 실행 오류,Y,Y,Y
VOC02209,계속 로그인에 실패합니다,여러 번 시도했지만 인증 후 다시 로그인 화면으로 돌아옵니다. 동일 현상이 반복되고 있습니다.,회원,로그인,S004,로그인 오류,Y,Y,Y
VOC08160,계약정보가 다르게 표시됩니다 빠른 확인 요청드립니다.,갱신한 계약이 앱에서 이전 계약으로 보입니다.,보험,계약정보,S013,계약정보 불일치,Y,Y,Y
VOC08418,보험 계약자 정보 오류 앱에서 확인이 어려워 문의드립니다.,계약 기간과 보험료 정보가 가입 당시 안내와 다르게 표시됩니다. 앱에서 확인이 어려워 문의드립니다.,보험,계약정보,S013,계약정보 불일치,Y,Y,Y
VOC07614,접수한 사고는 어떻게 진행되고 있나요,사고 접수 이후 진행 상황 안내를 받지 못했습니다. 처리 방법을 안내해주세요.,사고,처리현황,S012,사고 처리 진행 문의,Y,Y,Y
VOC05003,차량을 변경했습니다,차량을 교체해서 앱의 등록 정보를 수정하고 싶습니다. 처리 방법을 안내해주세요.,차량,차량정보,S008,차량정보 변경,Y,Y,Y
VOC02387,계정 접속이 불가능합니다,아이디와 비밀번호를 입력해도 로그인 오류가 발생합니다.,회원,로그인,S004,로그인 오류,Y,Y,Y
VOC08527,계약정보가 다르게 표시됩니다,증권번호 [계약번호]의 차량정보가 현재 차량과 일치하지 않습니다. 확인 부탁드립니다.,보험,계약정보,S013,계약정보 불일치,Y,Y,Y
VOC01040,주행 포인트는 언제 들어오나요,"포인트가 바로 들어오는지, 일정 시간이 필요한지 문의합니다. 관련 기준도 함께 알려주세요.",포인트,적립,S002,주행 포인트 적립 지연,Y,Y,Y
VOC05594,서비스 계정을 삭제하고 싶어요,회원 탈퇴 시 남은 포인트와 주행기록이 어떻게 처리되는지 궁금합니다.,회원,계정관리,S009,회원 탈퇴,Y,Y,Y
VOC06595,포인트 차감 내역이 이상합니다 관련 기준도 함께 알려주세요.,포인트 내역에 알 수 없는 차감 기록이 있습니다.,포인트,차감,S010,포인트 오차감,Y,Y,Y
VOC07423,사고 접수 후 연락이 없습니다,사건번호 [사건번호]와 관련해 현재 처리 단계를 확인하고 싶습니다. 확인 부탁드립니다.,사고,처리현황,S012,사고 처리 진행 문의,Y,Y,Y
VOC07740,사고 처리 진행 상황 문의,사건번호 [사고접수번호]와 관련해 현재 처리 단계를 확인하고 싶습니다. 이전에 정상적으로 이용한 적이 있습니다.,사고,처리현황,S012,사고 처리 진행 문의,Y,Y,Y
VOC04997,앱 차량정보 수정 문의,기존 차량을 삭제하고 새 차량을 등록하는 방법을 알려주세요. 관련 기준도 함께 알려주세요.,차량,차량정보,S008,차량정보 변경,Y,Y,Y
VOC08805,새 번호로 인증받고 싶어요,새 번호로 본인 인증을 진행하는 방법을 알려주세요. 이전에 정상적으로 이용한 적이 있습니다.,회원,회원정보,S014,휴대전화 번호 변경,Y,Y,Y
VOC08129,앱의 계약 내용이 맞지 않아요 확인 부탁드립니다.,앱에 표시된 계약자명이 [계약자명]으로 되어 있는데 실제 정보와 다릅니다.,보험,계약정보,S013,계약정보 불일치,Y,Y,Y
VOC05074,기존 차량 삭제 후 신규 등록,차량번호 변경 후 주행 서비스 연결 방법을 문의드립니다. 빠른 확인 요청드립니다.,차량,차량정보,S008,차량정보 변경,Y,Y,Y
VOC01867,포인트 사용 가능 서비스 문의,앱에 [차감금액] 포인트가 있는데 사용 가능한 항목을 확인하고 싶습니다. 관련 기준도 함께 알려주세요.,포인트,사용,S003,포인트 사용처 문의,Y,Y,Y
VOC04118,보험료 할인 혜택이 확인하고 싶습니다,현재 운전점수 기준으로 받을 수 있는 보험료 할인율이 궁금합니다.,보험,할인,S007,보험료 할인 적용 문의,Y,Y,Y
VOC01915,포인트를 사용할 수 있는 곳 확인 부탁드립니다.,보험료 결제 외에도 포인트를 사용할 수 있는 곳이 있나요? 동일 현상이 반복되고 있습니다.,포인트,사용,S003,포인트 사용처 문의,Y,Y,Y
VOC08237,계약정보가 다르게 표시됩니다,보험 계약 정보 중 일부 항목이 잘못되어 수정 요청드립니다.,보험,계약정보,S013,계약정보 불일치,Y,Y,Y
VOC00711,운전 후 포인트 반영 시간 문의,주행 후 몇 시간이 지났는데 아직 적립 대기 상태입니다. 필요한 확인 항목이 있다면 안내 부탁드립니다.,포인트,적립,S002,주행 포인트 적립 지연,Y,Y,Y
VOC06761,앱 화면이 멈춥니다 빠른 확인 요청드립니다.,앱을 실행하면 [오류코드] 오류가 표시되고 바로 종료됩니다. 앱에서 확인이 어려워 문의드립니다.,앱,오류,S011,앱 실행 오류,Y,Y,Y
VOC00373,주행 포인트가 적립되지 않았습니다,주행 조건을 충족한 것으로 보이는데 포인트가 0으로 표시됩니다.,포인트,적립,S001,주행 포인트 미적립,Y,Y,Y
VOC02667,계정 접속이 불가능합니다,여러 번 시도했지만 인증 후 다시 로그인 화면으로 돌아옵니다.,회원,로그인,S004,로그인 오류,Y,Y,Y
VOC09674,주행 포인트 산정 방법 문의,주행거리와 운전점수에 따라 포인트가 어떻게 산정되는지 알고 싶습니다. 현재 화면에서 직접 수정할 수 없습니다.,포인트,적립기준,S015,포인트 적립 기준 문의,Y,Y,Y
VOC01954,적립 포인트는 어디서 쓰나요,포인트 사용 가능한 서비스와 제한 조건이 확인하고 싶습니다. 관련 기준도 함께 알려주세요.,포인트,사용,S003,포인트 사용처 문의,Y,Y,Y
VOC09520,어떤 주행이 포인트 대상인가요,급가속이나 급감속 기록이 포인트 적립에 영향을 주나요?,포인트,적립기준,S015,포인트 적립 기준 문의,Y,Y,Y
VOC07518,사고 접수 후 연락이 없습니다,사고 접수 이후 진행 상황 안내를 받지 못했습니다.,사고,처리현황,S012,사고 처리 진행 문의,Y,Y,Y
VOC07044,업데이트 후 앱이 열리지 않아요,앱을 실행하면 [오류코드] 오류가 표시되고 바로 종료됩니다.,앱,오류,S011,앱 실행 오류,Y,Y,Y
VOC03579,앱에서 운전 기록 확인 불가 처리 방법을 안내해주세요.,차량은 정상적으로 운행했는데 주행 데이터가 수집되지 않은 것 같습니다.,주행,주행기록,S006,주행기록 미반영,Y,Y,Y
VOC00963,운전 후 포인트 반영 시간 문의 빠른 확인 요청드립니다.,주행 후 몇 시간이 지났는데 아직 적립 대기 상태입니다. 관련 기준도 함께 알려주세요.,포인트,적립,S002,주행 포인트 적립 지연,Y,Y,Y
VOC06263,포인트 차감 내역이 이상합니다,결제를 취소했는데 차감된 포인트가 복구되지 않았습니다.,포인트,차감,S010,포인트 오차감,Y,Y,Y
VOC08534,보험 계약자 정보 오류 앱에서 확인이 어려워 문의드립니다.,갱신한 계약이 앱에서 이전 계약으로 보입니다.,보험,계약정보,S013,계약정보 불일치,Y,Y,Y
VOC01560,포인트를 사용할 수 있는 곳,앱에 [차감금액] 포인트가 있는데 사용 가능한 항목을 확인하고 싶습니다.,포인트,사용,S003,포인트 사용처 문의,Y,Y,Y
VOC06919,서비스 실행 불가 문의,재설치 후에도 동일하게 앱이 강제 종료됩니다.,앱,오류,S011,앱 실행 오류,Y,Y,Y
VOC03455,최근 주행기록 누락 문의,운전을 완료했지만 최근 주행 목록에 추가되지 않았습니다.,주행,주행기록,S006,주행기록 미반영,Y,Y,Y
VOC02043,계속 로그인에 실패합니다,여러 번 시도했지만 인증 후 다시 로그인 화면으로 돌아옵니다. 앱에서 확인이 어려워 문의드립니다.,회원,로그인,S004,로그인 오류,Y,Y,Y
VOC08417,계약 차량 정보 불일치,앱에 표시된 계약자명이 [계약자명]으로 되어 있는데 실제 정보와 다릅니다.,보험,계약정보,S013,계약정보 불일치,Y,Y,Y
VOC03215,비밀번호를 재설정하고 싶습니다,비밀번호 찾기 과정에서 [전화번호]로 인증번호가 오지 않습니다. 현재 화면에서 직접 수정할 수 없습니다.,회원,계정관리,S005,비밀번호 재설정,Y,Y,Y
VOC00101,주행 포인트 미적립 문의 빠른 확인 요청드립니다.,지난 주행 건에 대한 포인트를 받지 못했습니다. 확인 부탁드립니다.,포인트,적립,S001,주행 포인트 미적립,Y,Y,Y
VOC03549,주행기록이 보이지 않습니다,[날짜]에 [출발지]-[도착지] 구간을 운전했는데 앱에서 기록이 보이지 않습니다. 필요한 확인 항목이 있다면 안내 부탁드립니다.,주행,주행기록,S006,주행기록 미반영,Y,Y,Y
VOC07010,앱이 계속 종료됩니다 처리 방법을 안내해주세요.,앱을 열면 흰 화면만 보이고 아무 기능도 사용할 수 없습니다. 확인 부탁드립니다.,앱,오류,S011,앱 실행 오류,Y,Y,Y
VOC06455,포인트 잔액 오류,사용한 적이 없는데 [차감금액] 포인트가 차감된 것으로 표시됩니다.,포인트,차감,S010,포인트 오차감,Y,Y,Y
VOC05185,앱 차량정보 수정 문의,보험 계약 차량은 변경됐는데 앱에는 이전 차량이 표시됩니다.,차량,차량정보,S008,차량정보 변경,Y,Y,Y
VOC01047,포인트가 아직 처리되지 않았어요 관련 기준도 함께 알려주세요.,방금 운전한 기록은 보이는데 포인트는 처리 중으로 표시됩니다. 이전에 정상적으로 이용한 적이 있습니다.,포인트,적립,S002,주행 포인트 적립 지연,Y,Y,Y
VOC05838,회원 탈퇴를 요청합니다,본인 인증 후 탈퇴가 완료되지 않아 확인 부탁드립니다. 관련 기준도 함께 알려주세요.,회원,계정관리,S009,회원 탈퇴,Y,Y,Y
VOC03258,비밀번호가 기억나지 않아요,비밀번호가 기억나지 않아 재설정하려고 합니다. 관련 기준도 함께 알려주세요.,회원,계정관리,S005,비밀번호 재설정,Y,Y,Y
VOC01145,운전 후 포인트 반영 시간 문의 확인 부탁드립니다.,방금 운전한 기록은 보이는데 포인트는 처리 중으로 표시됩니다. 관련 기준도 함께 알려주세요.,포인트,적립,S002,주행 포인트 적립 지연,Y,Y,Y
VOC04974,기존 차량 삭제 후 신규 등록,차량번호 변경 후 주행 서비스 연결 방법을 확인 요청드립니다. 빠른 확인 요청드립니다.,차량,차량정보,S008,차량정보 변경,Y,Y,Y
VOC06872,앱 실행 중 오류가 발생합니다 확인 부탁드립니다.,앱을 실행하면 [에러코드] 오류가 표시되고 바로 종료됩니다.,앱,오류,S011,앱 실행 오류,Y,Y,Y
VOC05985,앱 회원 탈퇴 방법 문의,더 이상 서비스를 이용하지 않아 회원 탈퇴를 진행하고 싶습니다. 빠른 확인 요청드립니다.,회원,계정관리,S009,회원 탈퇴,Y,Y,Y
VOC06920,앱이 계속 종료됩니다,재설치 후에도 동일하게 앱이 강제 종료됩니다.,앱,오류,S011,앱 실행 오류,Y,Y,Y
VOC09115,회원정보의 전화번호가 다릅니다,휴대전화 번호를 바꿨는데 앱 회원정보에는 이전 번호가 표시됩니다.,회원,회원정보,S014,휴대전화 번호 변경,Y,Y,Y
VOC09979,어떤 주행이 포인트 대상인가요,주행거리와 운전점수에 따라 포인트가 어떻게 산정되는지 알고 싶습니다.,포인트,적립기준,S015,포인트 적립 기준 문의,Y,Y,Y
VOC07387,사고 접수 후 연락이 없습니다 처리 방법을 안내해주세요.,[주행일]에 접수한 사고의 담당자 배정 여부가 궁금합니다.,사고,처리현황,S012,사고 처리 진행 문의,Y,Y,Y
VOC00931,포인트가 아직 처리되지 않았어요,방금 운전한 기록은 보이는데 포인트는 처리 중으로 표시됩니다.,포인트,적립,S002,주행 포인트 적립 지연,Y,Y,Y
VOC09537,어떤 주행이 포인트 대상인가요,급가속이나 급감속 기록이 포인트 적립에 영향을 주나요? 처리 방법을 안내해주세요.,포인트,적립기준,S015,포인트 적립 기준 문의,Y,Y,Y
VOC03514,앱에서 운전 기록 확인 불가,운전을 완료했지만 최근 주행 목록에 추가되지 않았습니다. 필요한 확인 항목이 있다면 안내 부탁드립니다.,주행,주행기록,S006,주행기록 미반영,Y,Y,Y
VOC01219,포인트가 아직 처리되지 않았어요,주행 후 몇 시간이 지났는데 아직 적립 대기 상태입니다.,포인트,적립,S002,주행 포인트 적립 지연,Y,Y,Y
VOC06174,포인트 차감 내역이 이상합니다,어제 확인한 잔액과 오늘 잔액이 달라서 문의드립니다.,포인트,차감,S010,포인트 오차감,Y,Y,Y
VOC03531,주행 데이터가 반영되지 않았어요,차량은 정상적으로 운행했는데 주행 데이터가 수집되지 않은 것 같습니다. 확인 부탁드립니다.,주행,주행기록,S006,주행기록 미반영,Y,Y,Y
VOC08753,휴대전화 번호를 변경하고 싶습니다 앱에서 확인이 어려워 문의드립니다.,기존 번호 [기존전화번호]에서 새 번호 [새전화번호]로 변경하고 싶습니다. 확인 부탁드립니다. 앱을 다시 실행해도 같은 상태입니다.,회원,회원정보,S014,휴대전화 번호 변경,Y,Y,Y
VOC06914,앱 실행 중 오류가 발생합니다,앱을 실행하면 [오류코드] 오류가 표시되고 바로 종료됩니다.,앱,오류,S011,앱 실행 오류,Y,Y,Y
VOC01043,운전 후 포인트 반영 시간 문의,방금 운전한 기록은 보이는데 포인트는 처리 중으로 표시됩니다. 처리 방법을 안내해주세요.,포인트,적립,S002,주행 포인트 적립 지연,Y,Y,Y
VOC09901,운전점수와 포인트 관계 관련 기준도 함께 알려주세요.,짧은 거리 주행도 포인트 적립 대상인지 문의드립니다. 앱에서 확인이 어려워 문의드립니다.,포인트,적립기준,S015,포인트 적립 기준 문의,Y,Y,Y
VOC00142,주행 포인트가 적립되지 않았습니다,지난 주행 건에 대한 포인트를 받지 못했습니다. 확인 부탁드립니다. 필요한 확인 항목이 있다면 안내 부탁드립니다.,포인트,적립,S001,주행 포인트 미적립,Y,Y,Y
VOC05466,회원 탈퇴를 요청합니다 처리 방법을 안내해주세요.,본인 인증 후 탈퇴가 완료되지 않아 확인 부탁드립니다.,회원,계정관리,S009,회원 탈퇴,Y,Y,Y
VOC07941,접수한 사고는 어떻게 진행되고 있나요,사고 접수 이후 진행 상황 안내를 받지 못했습니다.,사고,처리현황,S012,사고 처리 진행 문의,Y,Y,Y
VOC05140,등록 차량 변경 요청 확인 부탁드립니다.,기존 차량을 삭제하고 새 차량을 등록하는 방법을 알려주세요.,차량,차량정보,S008,차량정보 변경,Y,Y,Y
VOC09542,운전점수와 포인트 관계 처리 방법을 안내해주세요.,포인트 지급 대상과 제외 조건을 자세히 안내해주세요.,포인트,적립기준,S015,포인트 적립 기준 문의,Y,Y,Y
VOC08757,등록 연락처 수정 요청,휴대전화 번호를 바꿨는데 앱 회원정보에는 이전 번호가 표시됩니다.,회원,회원정보,S014,휴대전화 번호 변경,Y,Y,Y
VOC09199,등록 연락처 수정 요청,기존 번호 [기존전화번호]에서 새 번호 [변경전화번호]로 변경하고 싶습니다. 처리 방법을 안내해주세요.,회원,회원정보,S014,휴대전화 번호 변경,Y,Y,Y
VOC05226,기존 차량 삭제 후 신규 등록,기존 차량을 삭제하고 새 차량을 등록하는 방법을 알려주세요. 현재 화면에서 직접 수정할 수 없습니다.,차량,차량정보,S008,차량정보 변경,Y,Y,Y
VOC01140,운전 후 포인트 반영 시간 문의 확인 부탁드립니다.,[접수시간]에 주행을 종료했습니다. 포인트 반영 예정 시간을 알고 싶습니다.,포인트,적립,S002,주행 포인트 적립 지연,Y,Y,Y
VOC00773,포인트 적립 처리 중 문의 앱에서 확인이 어려워 문의드립니다.,주행 후 몇 시간이 지났는데 아직 적립 대기 상태입니다.,포인트,적립,S002,주행 포인트 적립 지연,Y,Y,Y
VOC03076,비밀번호 변경이 되지 않습니다,새 비밀번호를 입력했지만 변경이 완료되지 않습니다.,회원,계정관리,S005,비밀번호 재설정,Y,Y,Y
VOC05020,차량을 변경했습니다 확인 부탁드립니다.,기존 차량 [차량번호]에서 새 차량 [새차량번호]로 변경했습니다.,차량,차량정보,S008,차량정보 변경,Y,Y,Y
VOC03291,새 비밀번호 등록 문의,새 비밀번호를 입력했지만 변경이 완료되지 않습니다.,회원,계정관리,S005,비밀번호 재설정,Y,Y,Y
VOC04315,보험료 할인이 반영됐나요,현재 운전점수 기준으로 받을 수 있는 보험료 할인율이 안내받고 싶습니다.,보험,할인,S007,보험료 할인 적용 문의,Y,Y,Y
VOC09937,포인트 적립 기준이 확인하고 싶습니다,주행거리와 운전점수에 따라 포인트가 어떻게 산정되는지 알고 싶습니다.,포인트,적립기준,S015,포인트 적립 기준 문의,Y,Y,Y
VOC05881,더 이상 서비스를 이용하지 않습니다,회원 탈퇴 시 남은 포인트와 주행기록이 어떻게 처리되는지 궁금합니다.,회원,계정관리,S009,회원 탈퇴,Y,Y,Y
VOC08813,새 번호로 인증받고 싶어요,번호 변경 후 로그인 인증 문자가 이전 번호로 발송됩니다.,회원,회원정보,S014,휴대전화 번호 변경,Y,Y,Y
VOC05416,회원 탈퇴를 요청합니다 앱에서 확인이 어려워 문의드립니다.,더 이상 서비스를 이용하지 않아 회원 탈퇴를 진행하고 싶습니다. 빠른 확인 요청드립니다.,회원,계정관리,S009,회원 탈퇴,Y,Y,Y
VOC02330,계정 접속이 불가능합니다,여러 번 시도했지만 인증 후 다시 로그인 화면으로 돌아옵니다. 빠른 확인 요청드립니다. 필요한 확인 항목이 있다면 안내 부탁드립니다.,회원,로그인,S004,로그인 오류,Y,Y,Y
VOC01609,적립 포인트는 어디서 쓰나요 빠른 확인 요청드립니다.,앱에 [금액] 포인트가 있는데 사용 가능한 항목을 확인하고 싶습니다.,포인트,사용,S003,포인트 사용처 문의,Y,Y,Y
VOC09565,포인트 적립 기준이 궁금합니다,포인트 지급 대상과 제외 조건을 자세히 안내해주세요. 확인 부탁드립니다.,포인트,적립기준,S015,포인트 적립 기준 문의,Y,Y,Y
VOC06126,포인트 잔액 오류,어제 확인한 잔액과 오늘 잔액이 달라서 문의드립니다.,포인트,차감,S010,포인트 오차감,Y,Y,Y
VOC05106,기존 차량 삭제 후 신규 등록,기존 차량 [차량번호]에서 새 차량 [새차량번호]로 변경했습니다. 확인 부탁드립니다.,차량,차량정보,S008,차량정보 변경,Y,Y,Y
VOC01638,포인트 사용 가능 서비스 문의,적립된 포인트의 사용처와 사용 절차를 안내 부탁드립니다.,포인트,사용,S003,포인트 사용처 문의,Y,Y,Y
VOC05967,가입 정보 삭제 요청,회원 탈퇴 시 남은 포인트와 주행기록이 어떻게 처리되는지 안내받고 싶습니다. 처리 방법을 안내해주세요. 앱을 다시 실행해도 같은 상태입니다.,회원,계정관리,S009,회원 탈퇴,Y,Y,Y
VOC03553,주행 데이터가 반영되지 않았어요 앱에서 확인이 어려워 문의드립니다.,차량은 정상적으로 운행했는데 주행 데이터가 수집되지 않은 것 같습니다.,주행,주행기록,S006,주행기록 미반영,Y,Y,Y
VOC08798,등록 연락처 수정 요청,번호 변경 후 로그인 인증 문자가 이전 번호로 발송됩니다. 빠른 확인 요청드립니다.,회원,회원정보,S014,휴대전화 번호 변경,Y,Y,Y
VOC04066,보험료 할인 혜택이 궁금합니다 빠른 확인 요청드립니다.,안전운전 점수와 보험료 할인 적용 기준을 안내해주세요.,보험,할인,S007,보험료 할인 적용 문의,Y,Y,Y
VOC01718,포인트 사용 가능 서비스 문의,포인트 사용 가능한 서비스와 제한 조건이 안내받고 싶습니다. 동일 현상이 반복되고 있습니다.,포인트,사용,S003,포인트 사용처 문의,Y,Y,Y
VOC08856,기존 전화번호 변경 문의,등록된 연락처가 실제 사용하는 번호와 달라 수정 요청드립니다.,회원,회원정보,S014,휴대전화 번호 변경,Y,Y,Y
VOC09762,운전점수와 포인트 관계 처리 방법을 안내해주세요.,짧은 거리 주행도 포인트 적립 대상인지 문의드립니다. 동일 현상이 반복되고 있습니다.,포인트,적립기준,S015,포인트 적립 기준 문의,Y,Y,Y
VOC02229,로그인 화면에서 넘어가지 않아요,아이디와 비밀번호를 입력해도 로그인 오류가 발생합니다.,회원,로그인,S004,로그인 오류,Y,Y,Y
VOC08225,앱의 계약 내용이 맞지 않아요,갱신한 계약이 앱에서 이전 계약으로 보입니다.,보험,계약정보,S013,계약정보 불일치,Y,Y,Y
VOC07708,사고 처리 진행 상황 문의,보상 심사가 어느 단계까지 진행됐는지 확인 부탁드립니다. 현재 화면에서 직접 수정할 수 없습니다.,사고,처리현황,S012,사고 처리 진행 문의,Y,Y,Y
VOC09528,운전점수와 포인트 관계,짧은 거리 주행도 포인트 적립 대상인지 문의드립니다.,포인트,적립기준,S015,포인트 적립 기준 문의,Y,Y,Y
VOC08623,계약정보가 다르게 표시됩니다,계약 기간과 보험료 정보가 가입 당시 안내와 다르게 표시됩니다. 확인 부탁드립니다.,보험,계약정보,S013,계약정보 불일치,Y,Y,Y
VOC06017,사용하지 않은 포인트가 차감됐어요,포인트 내역에 알 수 없는 차감 기록이 있습니다. 필요한 확인 항목이 있다면 안내 부탁드립니다.,포인트,차감,S010,포인트 오차감,Y,Y,Y
VOC01371,적립 포인트는 어디서 쓰나요 관련 기준도 함께 알려주세요.,보험료 결제 외에도 포인트를 사용할 수 있는 곳이 있나요? 빠른 확인 요청드립니다.,포인트,사용,S003,포인트 사용처 문의,Y,Y,Y
VOC00477,포인트가 누락된 것 같습니다,주행 조건을 충족한 것으로 보이는데 포인트가 0으로 표시됩니다. 현재 화면에서 직접 수정할 수 없습니다.,포인트,적립,S001,주행 포인트 미적립,Y,Y,Y
VOC02753,비밀번호 찾기 인증 오류,본인 인증 후 비밀번호 재설정 화면으로 이동하지 않습니다.,회원,계정관리,S005,비밀번호 재설정,Y,Y,Y
VOC01375,포인트 사용 가능 서비스 문의,보험료 결제 외에도 포인트를 사용할 수 있는 곳이 있나요?,포인트,사용,S003,포인트 사용처 문의,Y,Y,Y
VOC05602,앱 회원 탈퇴 방법 문의,더 이상 서비스를 이용하지 않아 회원 탈퇴를 진행하고 싶습니다.,회원,계정관리,S009,회원 탈퇴,Y,Y,Y
VOC06806,서비스 실행 불가 문의,앱을 실행하면 [오류코드] 오류가 표시되고 바로 종료됩니다.,앱,오류,S011,앱 실행 오류,Y,Y,Y
VOC05962,가입 정보 삭제 요청,더 이상 서비스를 이용하지 않아 회원 탈퇴를 진행하고 싶습니다.,회원,계정관리,S009,회원 탈퇴,Y,Y,Y
VOC01712,포인트 사용처가 궁금합니다,앱에 [차감금액] 포인트가 있는데 사용 가능한 항목을 확인하고 싶습니다.,포인트,사용,S003,포인트 사용처 문의,Y,Y,Y
VOC00289,운전했는데 포인트가 안 들어왔어요,지난 주행 건에 대한 포인트를 받지 못했습니다. 확인 부탁드립니다. 확인 부탁드립니다.,포인트,적립,S001,주행 포인트 미적립,Y,Y,Y
VOC00311,포인트가 누락된 것 같습니다,[날짜]에 주행을 완료했는데 포인트가 아직 적립되지 않았습니다.,포인트,적립,S001,주행 포인트 미적립,Y,Y,Y
VOC01229,포인트가 아직 처리되지 않았어요 앱에서 확인이 어려워 문의드립니다.,오늘 주행을 마쳤는데 포인트가 아직 반영되지 않았습니다. 보통 얼마나 걸리나요?,포인트,적립,S002,주행 포인트 적립 지연,Y,Y,Y
VOC07138,앱 실행 중 오류가 발생합니다,앱을 실행하면 [오류코드] 오류가 표시되고 바로 종료됩니다. 앱에서 확인이 어려워 문의드립니다.,앱,오류,S011,앱 실행 오류,Y,Y,Y
VOC08561,보험 계약자 정보 오류,증권번호 [증권번호]의 차량정보가 현재 차량과 일치하지 않습니다.,보험,계약정보,S013,계약정보 불일치,Y,Y,Y
VOC05203,앱 차량정보 수정 문의 앱에서 확인이 어려워 문의드립니다.,보험 계약 차량은 변경됐는데 앱에는 이전 차량이 표시됩니다. 앱에서 확인이 어려워 문의드립니다.,차량,차량정보,S008,차량정보 변경,Y,Y,Y
VOC03787,앱에서 운전 기록 확인 불가,운전을 완료했지만 최근 주행 목록에 추가되지 않았습니다.,주행,주행기록,S006,주행기록 미반영,Y,Y,Y
VOC06541,포인트가 갑자기 줄었습니다,포인트 내역에 알 수 없는 차감 기록이 있습니다. 동일 현상이 반복되고 있습니다.,포인트,차감,S010,포인트 오차감,Y,Y,Y
VOC07899,사고 접수 후 연락이 없습니다 확인 부탁드립니다.,제출한 서류가 정상적으로 접수됐는지 알고 싶습니다.,사고,처리현황,S012,사고 처리 진행 문의,Y,Y,Y
VOC01722,포인트 사용처가 확인하고 싶습니다,보험료 결제 외에도 포인트를 사용할 수 있는 곳이 있나요?,포인트,사용,S003,포인트 사용처 문의,Y,Y,Y
VOC05940,앱 회원 탈퇴 방법 문의,본인 인증 후 탈퇴가 완료되지 않아 확인 부탁드립니다.,회원,계정관리,S009,회원 탈퇴,Y,Y,Y
VOC00262,주행 포인트가 적립되지 않았습니다,주행 조건을 충족한 것으로 보이는데 포인트가 0으로 표시됩니다.,포인트,적립,S001,주행 포인트 미적립,Y,Y,Y
VOC02611,로그인 화면에서 넘어가지 않아요,기존에 사용하던 계정으로 접속되지 않아 문의드립니다.,회원,로그인,S004,로그인 오류,Y,Y,Y
VOC05662,더 이상 서비스를 이용하지 않습니다,더 이상 서비스를 이용하지 않아 회원 탈퇴를 진행하고 싶습니다.,회원,계정관리,S009,회원 탈퇴,Y,Y,Y
VOC05952,앱 회원 탈퇴 방법 문의,앱에서 탈퇴 메뉴를 찾을 수 없어 문의드립니다.,회원,계정관리,S009,회원 탈퇴,Y,Y,Y
VOC09548,어떤 주행이 포인트 대상인가요,짧은 거리 주행도 포인트 적립 대상인지 문의드립니다. 현재 화면에서 직접 수정할 수 없습니다.,포인트,적립기준,S015,포인트 적립 기준 문의,Y,Y,Y
VOC08947,기존 전화번호 변경 문의,번호 변경 후 로그인 인증 문자가 이전 번호로 발송됩니다. 빠른 확인 요청드립니다. 이전에 정상적으로 이용한 적이 있습니다.,회원,회원정보,S014,휴대전화 번호 변경,Y,Y,Y
VOC00674,주행 포인트는 언제 들어오나요,"포인트가 바로 들어오는지, 일정 시간이 필요한지 문의드립니다.",포인트,적립,S002,주행 포인트 적립 지연,Y,Y,Y
VOC04823,차량을 변경했습니다,기존 차량을 삭제하고 새 차량을 등록하는 방법을 확인 부탁드립니다.,차량,차량정보,S008,차량정보 변경,Y,Y,Y
VOC04454,안전운전 할인 적용 여부 문의,증권번호 [계약번호] 계약에 안전운전 할인이 적용됐는지 확인하고 싶습니다.,보험,할인,S007,보험료 할인 적용 문의,Y,Y,Y
VOC05170,기존 차량 삭제 후 신규 등록,기존 차량을 삭제하고 새 차량을 등록하는 방법을 알려주세요. 빠른 확인 요청드립니다. 현재 화면에서 직접 수정할 수 없습니다.,차량,차량정보,S008,차량정보 변경,Y,Y,Y
VOC03717,주행기록이 보이지 않습니다,[날짜]에 [출발지]-[도착지] 구간을 운전했는데 앱에서 기록이 보이지 않습니다.,주행,주행기록,S006,주행기록 미반영,Y,Y,Y
VOC00572,주행 포인트 미적립 문의,[주행일]에 주행을 완료했는데 포인트가 아직 적립되지 않았습니다.,포인트,적립,S001,주행 포인트 미적립,Y,Y,Y
VOC05878,회원 탈퇴를 요청합니다,본인 인증 후 탈퇴가 완료되지 않아 확인 부탁드립니다.,회원,계정관리,S009,회원 탈퇴,Y,Y,Y
VOC08686,등록 연락처 수정 요청,새 번호로 본인 인증을 진행하는 방법을 안내 부탁드립니다.,회원,회원정보,S014,휴대전화 번호 변경,Y,Y,Y
VOC06011,포인트가 갑자기 줄었습니다,사용한 적이 없는데 [차감금액] 포인트가 차감된 것으로 표시됩니다.,포인트,차감,S010,포인트 오차감,Y,Y,Y
VOC06192,포인트 차감 내역이 이상합니다 확인 부탁드립니다.,포인트 사용 이력과 실제 잔액이 맞지 않습니다.,포인트,차감,S010,포인트 오차감,Y,Y,Y
VOC05974,가입 정보 삭제 요청 관련 기준도 함께 알려주세요.,회원 탈퇴 시 남은 포인트와 주행기록이 어떻게 처리되는지 궁금합니다.,회원,계정관리,S009,회원 탈퇴,Y,Y,Y
VOC04926,기존 차량 삭제 후 신규 등록,차량을 교체해서 앱의 등록 정보를 수정하고 싶습니다. 이전에 정상적으로 이용한 적이 있습니다.,차량,차량정보,S008,차량정보 변경,Y,Y,Y
VOC06807,앱 화면이 멈춥니다,업데이트 이후 첫 화면에서 멈추고 다음으로 넘어가지 않습니다.,앱,오류,S011,앱 실행 오류,Y,Y,Y
VOC02643,계속 로그인에 실패합니다,기존에 사용하던 계정으로 접속되지 않아 문의합니다. 관련 기준도 함께 알려주세요. 현재 화면에서 직접 수정할 수 없습니다.,회원,로그인,S004,로그인 오류,Y,Y,Y
VOC04966,차량을 변경했습니다,차량번호 변경 후 주행 서비스 연결 방법을 문의드립니다.,차량,차량정보,S008,차량정보 변경,Y,Y,Y
VOC01450,적립 포인트는 어디서 쓰나요,앱에 [포인트수량] 포인트가 있는데 사용 가능한 항목을 확인하고 싶습니다. 현재 화면에서 직접 수정할 수 없습니다.,포인트,사용,S003,포인트 사용처 문의,Y,Y,Y
VOC03171,비밀번호 찾기 인증 오류,새 비밀번호를 입력했지만 변경이 완료안 됩니다.,회원,계정관리,S005,비밀번호 재설정,Y,Y,Y
VOC07969,사고 처리 진행 상황 문의,사건번호 [사고접수번호]와 관련해 현재 처리 단계를 확인하고 싶습니다. 처리 방법을 안내해주세요.,사고,처리현황,S012,사고 처리 진행 문의,Y,Y,Y
VOC05076,앱 차량정보 수정 문의,기존 차량 [차량번호]에서 새 차량 [새차량번호]로 변경했습니다. 앱에서 확인이 어려워 문의드립니다.,차량,차량정보,S008,차량정보 변경,Y,Y,Y
VOC04154,보험료 할인 혜택이 궁금합니다 앱에서 확인이 어려워 문의드립니다.,증권번호 [증권번호] 계약에 안전운전 할인이 적용됐는지 확인하고 싶습니다. 확인 부탁드립니다. 현재 화면에서 직접 수정할 수 없습니다.,보험,할인,S007,보험료 할인 적용 문의,Y,Y,Y
VOC08240,계약 차량 정보 불일치 앱에서 확인이 어려워 문의드립니다.,계약 기간과 보험료 정보가 가입 당시 안내와 다르게 표시됩니다.,보험,계약정보,S013,계약정보 불일치,Y,Y,Y
VOC06770,앱 화면이 멈춥니다,앱을 열면 흰 화면만 보이고 아무 기능도 사용할 수 없습니다.,앱,오류,S011,앱 실행 오류,Y,Y,Y
VOC03854,최근 주행기록 누락 문의 관련 기준도 함께 알려주세요.,[주행일]에 [출발지]에서 [도착지]까지 구간을 운전했는데 앱에서 기록이 보이지 않습니다.,주행,주행기록,S006,주행기록 미반영,Y,Y,Y
VOC03797,앱에서 운전 기록 확인 불가,차량은 정상적으로 운행했는데 주행 데이터가 수집되지 않은 것 같습니다.,주행,주행기록,S006,주행기록 미반영,Y,Y,Y
VOC01971,적립 포인트는 어디서 쓰나요,적립된 포인트의 사용처와 사용 절차를 안내 부탁드립니다. 처리 방법을 안내해주세요.,포인트,사용,S003,포인트 사용처 문의,Y,Y,Y
VOC00769,운전 후 포인트 반영 시간 문의,방금 운전한 기록은 보이는데 포인트는 처리 중으로 표시됩니다.,포인트,적립,S002,주행 포인트 적립 지연,Y,Y,Y
VOC08555,보험 계약자 정보 오류,앱에 표시된 계약자명이 [계약자명]으로 되어 있는데 실제 정보와 다릅니다.,보험,계약정보,S013,계약정보 불일치,Y,Y,Y
VOC00652,주행 포인트가 적립되지 않았습니다 처리 방법을 안내해주세요.,[주행구간] 구간을 운전했는데 적립 내역이 확인되지 않습니다.,포인트,적립,S001,주행 포인트 미적립,Y,Y,Y
VOC07902,사고 접수 후 연락이 없습니다,사건번호 [사건번호]와 관련해 현재 처리 단계를 확인하고 싶습니다. 필요한 확인 항목이 있다면 안내 부탁드립니다.,사고,처리현황,S012,사고 처리 진행 문의,Y,Y,Y
VOC02656,로그인 화면에서 넘어가지 않아요,[에러코드] 메시지가 표시되면서 앱에 접속할 수 없습니다.,회원,로그인,S004,로그인 오류,Y,Y,Y
VOC00771,포인트가 아직 처리되지 않았어요,[접수시간]에 주행을 종료했습니다. 포인트 반영 예정 시간을 알고 싶습니다.,포인트,적립,S002,주행 포인트 적립 지연,Y,Y,Y
VOC09227,새 번호로 인증받고 싶어요,기존 번호 [기존전화번호]에서 새 번호 [변경전화번호]로 변경하고 싶습니다. 동일 현상이 반복되고 있습니다.,회원,회원정보,S014,휴대전화 번호 변경,Y,Y,Y
VOC09644,운전점수와 포인트 관계 처리 방법을 안내해주세요.,포인트를 받기 위한 최소 주행 조건이 궁금합니다. 처리 방법을 안내해주세요.,포인트,적립기준,S015,포인트 적립 기준 문의,Y,Y,Y
VOC07422,사고 접수 후 연락이 없습니다,사고 접수 이후 진행 상황 안내를 받지 못했습니다.,사고,처리현황,S012,사고 처리 진행 문의,Y,Y,Y
VOC05726,더 이상 서비스를 이용하지 않습니다,회원 탈퇴 시 남은 포인트와 주행기록이 어떻게 처리되는지 확인하고 싶습니다. 앱을 다시 실행해도 같은 상태입니다.,회원,계정관리,S009,회원 탈퇴,Y,Y,Y
VOC02559,앱 로그인이 되지 않습니다 처리 방법을 안내해주세요.,여러 번 시도했지만 인증 후 다시 로그인 화면으로 돌아옵니다.,회원,로그인,S004,로그인 오류,Y,Y,Y
VOC06614,포인트 차감 내역이 이상합니다,포인트 사용 이력과 실제 잔액이 맞지 않습니다.,포인트,차감,S010,포인트 오차감,Y,Y,Y
VOC02482,로그인 화면에서 넘어가지 않아요,여러 번 시도했지만 인증 후 다시 로그인 화면으로 돌아옵니다.,회원,로그인,S004,로그인 오류,Y,Y,Y
VOC05464,가입 정보 삭제 요청,회원 탈퇴 시 남은 포인트와 주행기록이 어떻게 처리되는지 궁금합니다.,회원,계정관리,S009,회원 탈퇴,Y,Y,Y
VOC06131,포인트 차감 내역이 이상합니다,결제를 취소했는데 차감된 포인트가 복구되지 않았습니다.,포인트,차감,S010,포인트 오차감,Y,Y,Y
VOC05068,앱 차량정보 수정 문의,차량을 교체해서 앱의 등록 정보를 수정하고 싶습니다.,차량,차량정보,S008,차량정보 변경,Y,Y,Y
VOC01975,적립 포인트는 어디서 쓰나요,보험료 결제 외에도 포인트를 사용할 수 있는 곳이 있나요?,포인트,사용,S003,포인트 사용처 문의,Y,Y,Y
VOC00761,주행 포인트는 언제 들어오나요,방금 운전한 기록은 보이는데 포인트는 처리 중으로 표시됩니다. 확인 부탁드립니다.,포인트,적립,S002,주행 포인트 적립 지연,Y,Y,Y
VOC01910,적립 포인트는 어디서 쓰나요 처리 방법을 안내해주세요.,보험료 결제 외에도 포인트를 사용할 수 있는 곳이 있나요?,포인트,사용,S003,포인트 사용처 문의,Y,Y,Y
VOC02765,비밀번호를 재설정하고 싶습니다,비밀번호 찾기 과정에서 [전화번호]로 인증번호가 오지 않습니다.,회원,계정관리,S005,비밀번호 재설정,Y,Y,Y
VOC05762,회원 탈퇴를 요청합니다,본인 인증 후 탈퇴가 완료되지 않아 확인 부탁드립니다. 확인 부탁드립니다.,회원,계정관리,S009,회원 탈퇴,Y,Y,Y
VOC09294,등록 연락처 수정 요청,기존 번호 [전화번호]에서 새 번호 [새전화번호]로 변경하고 싶습니다. 관련 기준도 함께 알려주세요.,회원,회원정보,S014,휴대전화 번호 변경,Y,Y,Y
VOC05435,가입 정보 삭제 요청 앱에서 확인이 어려워 문의드립니다.,앱에서 탈퇴 메뉴를 찾을 수 없어 문의드립니다. 확인 부탁드립니다.,회원,계정관리,S009,회원 탈퇴,Y,Y,Y
VOC00172,주행 포인트가 적립되지 않았습니다,[주행구간] 구간을 운전했는데 적립 내역이 확인정상적으로 처리되지 않습니다.,포인트,적립,S001,주행 포인트 미적립,Y,Y,Y
VOC04835,기존 차량 삭제 후 신규 등록,기존 차량 [기존차량번호]에서 새 차량 [새차량번호]로 변경했습니다.,차량,차량정보,S008,차량정보 변경,Y,Y,Y
VOC05980,가입 정보 삭제 요청 빠른 확인 요청드립니다.,앱에서 탈퇴 메뉴를 찾을 수 없어 문의드립니다. 확인 부탁드립니다.,회원,계정관리,S009,회원 탈퇴,Y,Y,Y
VOC00488,주행 포인트가 적립되지 않았습니다,주행 조건을 충족한 것으로 보이는데 포인트가 0으로 표시됩니다.,포인트,적립,S001,주행 포인트 미적립,Y,Y,Y
VOC05917,서비스 계정을 삭제하고 싶어요,앱에서 탈퇴 메뉴를 찾을 수 없어 문의드립니다.,회원,계정관리,S009,회원 탈퇴,Y,Y,Y
VOC07793,사고 처리 진행 상황 문의,제출한 서류가 정상적으로 접수됐는지 알고 싶습니다.,사고,처리현황,S012,사고 처리 진행 문의,Y,Y,Y
VOC00481,주행 포인트가 적립되지 않았습니다 관련 기준도 함께 알려주세요.,[주행일]에 주행을 완료했는데 포인트가 아직 적립되지 않았습니다. 확인 부탁드립니다.,포인트,적립,S001,주행 포인트 미적립,Y,Y,Y
VOC09331,등록 연락처 수정 요청 확인 부탁드립니다.,휴대전화 번호를 바꿨는데 앱 회원정보에는 이전 번호가 표시됩니다. 앱에서 확인이 어려워 문의드립니다.,회원,회원정보,S014,휴대전화 번호 변경,Y,Y,Y
VOC07325,앱 실행 중 오류가 발생합니다,특정 메뉴에 들어가면 화면이 멈추는 현상이 반복됩니다.,앱,오류,S011,앱 실행 오류,Y,Y,Y
VOC08279,앱의 계약 내용이 맞지 않아요,증권번호 [계약번호]의 차량정보가 현재 차량과 일치하지 않습니다. 처리 방법을 안내해주세요.,보험,계약정보,S013,계약정보 불일치,Y,Y,Y
VOC03479,주행기록이 보이지 않습니다,주행 종료 후에도 거리와 시간이 0으로 표시됩니다.,주행,주행기록,S006,주행기록 미반영,Y,Y,Y
VOC08578,계약 차량 정보 불일치,계약 기간과 보험료 정보가 가입 당시 안내와 다르게 표시됩니다.,보험,계약정보,S013,계약정보 불일치,Y,Y,Y
VOC06826,앱 화면이 멈춥니다 빠른 확인 요청드립니다.,재설치 후에도 동일하게 앱이 강제 종료됩니다. 앱을 다시 실행해도 같은 상태입니다.,앱,오류,S011,앱 실행 오류,Y,Y,Y
VOC01222,주행 포인트는 언제 들어오나요,"포인트가 바로 들어오는지, 일정 시간이 필요한지 문의드립니다.",포인트,적립,S002,주행 포인트 적립 지연,Y,Y,Y
VOC05315,기존 차량 삭제 후 신규 등록,기존 차량 [기존차량번호]에서 새 차량 [변경차량번호]로 변경했습니다.,차량,차량정보,S008,차량정보 변경,Y,Y,Y
VOC05641,더 이상 서비스를 이용하지 않습니다,회원 탈퇴 시 남은 포인트와 주행기록이 어떻게 처리되는지 궁금합니다. 관련 기준도 함께 알려주세요.,회원,계정관리,S009,회원 탈퇴,Y,Y,Y
VOC07987,사고 처리 진행 상황 문의,사고 접수 이후 진행 상황 안내를 받지 못했습니다.,사고,처리현황,S012,사고 처리 진행 문의,Y,Y,Y
VOC04937,기존 차량 삭제 후 신규 등록,차량번호 변경 후 주행 서비스 연결 방법을 문의드립니다.,차량,차량정보,S008,차량정보 변경,Y,Y,Y
VOC00075,운전했는데 포인트가 안 들어왔어요,주행 조건을 충족한 것으로 보이는데 포인트가 0으로 표시됩니다.,포인트,적립,S001,주행 포인트 미적립,Y,Y,Y
VOC08047,앱의 계약 내용이 맞지 않아요,보험 계약 정보 중 일부 항목이 잘못되어 수정 요청드립니다. 이전에 정상적으로 이용한 적이 있습니다.,보험,계약정보,S013,계약정보 불일치,Y,Y,Y
VOC02412,아이디 입력 후 접속 오류 확인 부탁드립니다.,아이디와 비밀번호를 입력해도 로그인 오류가 발생합니다. 동일 현상이 반복되고 있습니다.,회원,로그인,S004,로그인 오류,Y,Y,Y
VOC08915,기존 전화번호 변경 문의,휴대전화 번호를 바꿨는데 앱 회원정보에는 이전 번호가 표시됩니다.,회원,회원정보,S014,휴대전화 번호 변경,Y,Y,Y
VOC01082,주행 포인트는 언제 들어오나요 앱에서 확인이 어려워 문의드립니다.,오늘 주행을 마쳤는데 포인트가 아직 반영되지 않았습니다. 보통 얼마나 걸리나요? 관련 기준도 함께 알려주세요.,포인트,적립,S002,주행 포인트 적립 지연,Y,Y,Y
VOC07412,사건번호 처리 상태 확인 빠른 확인 요청드립니다.,사고 접수 이후 진행 상황 안내를 받지 못했습니다. 처리 방법을 안내해주세요.,사고,처리현황,S012,사고 처리 진행 문의,Y,Y,Y
VOC00892,운전 후 포인트 반영 시간 문의 앱에서 확인이 어려워 문의드립니다.,방금 운전한 기록은 보이는데 포인트는 처리 중으로 표시됩니다. 이전에 정상적으로 이용한 적이 있습니다.,포인트,적립,S002,주행 포인트 적립 지연,Y,Y,Y
VOC00642,주행 포인트 미적립 문의 확인 부탁드립니다.,주행 조건을 충족한 것으로 보이는데 포인트가 0으로 표시됩니다.,포인트,적립,S001,주행 포인트 미적립,Y,Y,Y
VOC04796,차량을 변경했습니다 관련 기준도 함께 알려주세요.,보험 계약 차량은 변경됐는데 앱에는 이전 차량이 표시됩니다.,차량,차량정보,S008,차량정보 변경,Y,Y,Y
VOC05841,더 이상 서비스를 이용하지 않습니다,더 이상 서비스를 이용하지 않아 회원 탈퇴를 진행하고 싶습니다.,회원,계정관리,S009,회원 탈퇴,Y,Y,Y
VOC06561,잘못 차감된 포인트 문의,포인트 사용 이력과 실제 잔액이 맞지 않습니다.,포인트,차감,S010,포인트 오차감,Y,Y,Y
VOC09523,어떤 주행이 포인트 대상인가요 확인 부탁드립니다.,주행거리와 운전점수에 따라 포인트가 어떻게 산정되는지 알고 싶습니다.,포인트,적립기준,S015,포인트 적립 기준 문의,Y,Y,Y
VOC05082,차량을 변경했습니다 처리 방법을 안내해주세요.,보험 계약 차량은 변경됐는데 앱에는 이전 차량이 표시됩니다.,차량,차량정보,S008,차량정보 변경,Y,Y,Y
VOC08880,기존 전화번호 변경 문의,휴대전화 번호를 바꿨는데 앱 회원정보에는 이전 번호가 표시됩니다.,회원,회원정보,S014,휴대전화 번호 변경,Y,Y,Y
VOC03662,앱에서 운전 기록 확인 불가,운전을 완료했지만 최근 주행 목록에 추가되지 않았습니다.,주행,주행기록,S006,주행기록 미반영,Y,Y,Y
VOC03660,앱에서 운전 기록 확인 불가 빠른 확인 요청드립니다.,차량은 정상적으로 운행했는데 주행 데이터가 수집되지 않은 것 같습니다. 동일 현상이 반복되고 있습니다.,주행,주행기록,S006,주행기록 미반영,Y,Y,Y
VOC05702,회원 탈퇴를 요청합니다,회원 탈퇴 시 남은 포인트와 주행기록이 어떻게 처리되는지 안내받고 싶습니다.,회원,계정관리,S009,회원 탈퇴,Y,Y,Y
VOC06395,포인트가 갑자기 줄었습니다,어제 확인한 잔액과 오늘 잔액이 달라서 문의드립니다.,포인트,차감,S010,포인트 오차감,Y,Y,Y
VOC07440,보상 처리 단계 문의,[접수일]에 접수한 사고의 담당자 배정 여부가 궁금합니다.,사고,처리현황,S012,사고 처리 진행 문의,Y,Y,Y
VOC06410,포인트가 갑자기 줄었습니다 관련 기준도 함께 알려주세요.,결제를 취소했는데 차감된 포인트가 복구되지 않았습니다. 앱을 다시 실행해도 같은 상태입니다.,포인트,차감,S010,포인트 오차감,Y,Y,Y
VOC06971,서비스 실행 불가 문의,재설치 후에도 동일하게 앱이 강제 종료됩니다.,앱,오류,S011,앱 실행 오류,Y,Y,Y
VOC08954,기존 전화번호 변경 문의,기존 번호 [전화번호]에서 새 번호 [새전화번호]로 변경하고 싶습니다. 필요한 확인 항목이 있다면 안내 부탁드립니다.,회원,회원정보,S014,휴대전화 번호 변경,Y,Y,Y
VOC06457,포인트가 갑자기 줄었습니다 처리 방법을 안내해주세요.,사용한 적이 없는데 [포인트수량] 포인트가 차감된 것으로 표시됩니다.,포인트,차감,S010,포인트 오차감,Y,Y,Y
VOC00359,운전했는데 포인트가 안 들어왔어요,운전 기록은 정상적으로 보이지만 포인트가 들어오지 않았습니다.,포인트,적립,S001,주행 포인트 미적립,Y,Y,Y
VOC01258,포인트가 아직 처리되지 않았어요 관련 기준도 함께 알려주세요.,방금 운전한 기록은 보이는데 포인트는 처리 중으로 표시됩니다. 처리 방법을 안내해주세요.,포인트,적립,S002,주행 포인트 적립 지연,Y,Y,Y
VOC01529,포인트 사용처가 궁금합니다,현재 보유한 포인트를 어디에서 사용할 수 있는지 알려주세요.,포인트,사용,S003,포인트 사용처 문의,Y,Y,Y
VOC09780,운전점수와 포인트 관계,짧은 거리 주행도 포인트 적립 대상인지 문의합니다.,포인트,적립기준,S015,포인트 적립 기준 문의,Y,Y,Y
VOC00675,포인트가 아직 처리되지 않았어요,방금 운전한 기록은 보이는데 포인트는 처리 중으로 표시됩니다.,포인트,적립,S002,주행 포인트 적립 지연,Y,Y,Y
VOC09893,어떤 주행이 포인트 대상인가요,주행거리와 운전점수에 따라 포인트가 어떻게 산정되는지 알고 싶습니다. 확인 부탁드립니다.,포인트,적립기준,S015,포인트 적립 기준 문의,Y,Y,Y
VOC07951,사건번호 처리 상태 확인,제출한 서류가 정상적으로 접수됐는지 알고 싶습니다.,사고,처리현황,S012,사고 처리 진행 문의,Y,Y,Y
VOC09493,주행 포인트 산정 방법 문의,주행거리와 운전점수에 따라 포인트가 어떻게 산정되는지 알고 싶습니다.,포인트,적립기준,S015,포인트 적립 기준 문의,Y,Y,Y
VOC04994,앱 차량정보 수정 문의,기존 차량을 삭제하고 새 차량을 등록하는 방법을 알려주세요.,차량,차량정보,S008,차량정보 변경,Y,Y,Y
VOC01802,포인트 사용처가 궁금합니다,포인트 사용 가능한 서비스와 제한 조건이 안내받고 싶습니다.,포인트,사용,S003,포인트 사용처 문의,Y,Y,Y
VOC09775,포인트 지급 조건 안내 요청,포인트를 받기 위한 최소 주행 조건이 궁금합니다. 필요한 확인 항목이 있다면 안내 부탁드립니다.,포인트,적립기준,S015,포인트 적립 기준 문의,Y,Y,Y
VOC08363,계약 차량 정보 불일치,보험 계약 정보 중 일부 항목이 잘못되어 수정 요청드립니다. 동일 현상이 반복되고 있습니다.,보험,계약정보,S013,계약정보 불일치,Y,Y,Y
VOC08165,보험 계약자 정보 오류 관련 기준도 함께 알려주세요.,증권번호 [계약번호]의 차량정보가 현재 차량과 일치하지 않습니다.,보험,계약정보,S013,계약정보 불일치,Y,Y,Y
VOC01848,포인트를 사용할 수 있는 곳,보험료 결제 외에도 포인트를 사용할 수 있는 곳이 있나요?,포인트,사용,S003,포인트 사용처 문의,Y,Y,Y
VOC04207,계약 할인 적용 상태 문의,현재 운전점수 기준으로 받을 수 있는 보험료 할인율이 궁금합니다. 현재 화면에서 직접 수정할 수 없습니다.,보험,할인,S007,보험료 할인 적용 문의,Y,Y,Y
VOC01139,운전 후 포인트 반영 시간 문의,"포인트가 바로 들어오는지, 일정 시간이 필요한지 문의드립니다.",포인트,적립,S002,주행 포인트 적립 지연,Y,Y,Y
VOC07316,업데이트 후 앱이 열리지 않아요,앱을 열면 흰 화면만 보이고 아무 기능도 사용할 수 없습니다.,앱,오류,S011,앱 실행 오류,Y,Y,Y
VOC00615,운전했는데 포인트가 안 들어왔어요,주행 조건을 충족한 것으로 보이는데 포인트가 0으로 표시됩니다.,포인트,적립,S001,주행 포인트 미적립,Y,Y,Y
VOC04008,안전운전 할인 적용 여부 문의,앱에는 할인 대상이라고 나오는데 실제 보험료에 적용됐는지 알고 싶습니다.,보험,할인,S007,보험료 할인 적용 문의,Y,Y,Y
VOC04312,안전운전 할인 적용 여부 문의 확인 부탁드립니다.,증권번호 [증권번호] 계약에 안전운전 할인이 적용됐는지 확인하고 싶습니다.,보험,할인,S007,보험료 할인 적용 문의,Y,Y,Y
VOC03288,비밀번호 변경이 되지 않습니다 처리 방법을 안내해주세요.,비밀번호 변경 절차와 조건을 안내해주세요.,회원,계정관리,S005,비밀번호 재설정,Y,Y,Y
VOC02294,로그인 화면에서 넘어가지 않아요,아이디와 비밀번호를 입력해도 로그인 오류가 발생합니다.,회원,로그인,S004,로그인 오류,Y,Y,Y
VOC06915,앱 화면이 멈춥니다,앱을 실행하면 [에러코드] 오류가 표시되고 바로 종료됩니다.,앱,오류,S011,앱 실행 오류,Y,Y,Y
VOC05012,기존 차량 삭제 후 신규 등록,기존 차량 [기존차량번호]에서 새 차량 [새차량번호]로 변경했습니다. 확인 부탁드립니다.,차량,차량정보,S008,차량정보 변경,Y,Y,Y
VOC01828,보유 포인트 사용 방법,적립된 포인트의 사용처와 사용 절차를 안내 부탁드립니다.,포인트,사용,S003,포인트 사용처 문의,Y,Y,Y
VOC07617,사건번호 처리 상태 확인,보상 심사가 어느 단계까지 진행됐는지 확인 부탁드립니다. 필요한 확인 항목이 있다면 안내 부탁드립니다.,사고,처리현황,S012,사고 처리 진행 문의,Y,Y,Y
VOC06426,포인트 잔액 오류 앱에서 확인이 어려워 문의드립니다.,사용한 적이 없는데 [금액] 포인트가 차감된 것으로 표시됩니다.,포인트,차감,S010,포인트 오차감,Y,Y,Y
VOC01344,포인트 사용 가능 서비스 문의,포인트 사용 가능한 서비스와 제한 조건이 안내받고 싶습니다. 현재 화면에서 직접 수정할 수 없습니다.,포인트,사용,S003,포인트 사용처 문의,Y,Y,Y
VOC03323,비밀번호를 재설정하고 싶습니다,비밀번호가 기억나지 않아 재설정하려고 합니다.,회원,계정관리,S005,비밀번호 재설정,Y,Y,Y
VOC04816,등록 차량 변경 요청,보험 계약 차량은 변경됐는데 앱에는 이전 차량이 표시됩니다. 빠른 확인 요청드립니다.,차량,차량정보,S008,차량정보 변경,Y,Y,Y
VOC08282,보험 계약자 정보 오류,갱신한 계약이 앱에서 이전 계약으로 보입니다. 관련 기준도 함께 알려주세요.,보험,계약정보,S013,계약정보 불일치,Y,Y,Y
VOC09515,주행 포인트 산정 방법 문의,주행거리와 운전점수에 따라 포인트가 어떻게 산정되는지 알고 싶습니다.,포인트,적립기준,S015,포인트 적립 기준 문의,Y,Y,Y
VOC09127,새 번호로 인증받고 싶어요 관련 기준도 함께 알려주세요.,등록된 연락처가 실제 사용하는 번호와 달라 수정 요청드립니다.,회원,회원정보,S014,휴대전화 번호 변경,Y,Y,Y
VOC07313,앱이 계속 종료됩니다,특정 메뉴에 들어가면 화면이 멈추는 현상이 반복됩니다. 확인 부탁드립니다.,앱,오류,S011,앱 실행 오류,Y,Y,Y
VOC08125,증권 정보 수정 문의,보험 계약 정보 중 일부 항목이 잘못되어 수정 요청드립니다.,보험,계약정보,S013,계약정보 불일치,Y,Y,Y
VOC07948,접수한 사고는 어떻게 진행되고 있나요,사건번호 [사건번호]와 관련해 현재 처리 단계를 확인하고 싶습니다.,사고,처리현황,S012,사고 처리 진행 문의,Y,Y,Y
VOC05393,가입 정보 삭제 요청,회원 탈퇴 시 남은 포인트와 주행기록이 어떻게 처리되는지 궁금합니다. 빠른 확인 요청드립니다.,회원,계정관리,S009,회원 탈퇴,Y,Y,Y
VOC07002,업데이트 후 앱이 열리지 않아요,특정 메뉴에 들어가면 화면이 멈추는 현상이 반복됩니다.,앱,오류,S011,앱 실행 오류,Y,Y,Y
VOC08168,앱의 계약 내용이 맞지 않아요,보험 계약 정보 중 일부 항목이 잘못되어 수정 요청드립니다.,보험,계약정보,S013,계약정보 불일치,Y,Y,Y
VOC08358,계약정보가 다르게 표시됩니다,보험 계약 정보 중 일부 항목이 잘못되어 수정 요청드립니다.,보험,계약정보,S013,계약정보 불일치,Y,Y,Y
VOC06340,포인트 잔액 오류,결제를 취소했는데 차감된 포인트가 복구되지 않았습니다.,포인트,차감,S010,포인트 오차감,Y,Y,Y
VOC04208,주행점수 할인 확인 요청,현재 운전점수 기준으로 받을 수 있는 보험료 할인율이 궁금합니다.,보험,할인,S007,보험료 할인 적용 문의,Y,Y,Y
VOC06222,포인트 차감 내역이 이상합니다,포인트 내역에 알 수 없는 차감 기록이 있습니다.,포인트,차감,S010,포인트 오차감,Y,Y,Y
VOC09831,포인트 적립 기준이 확인하고 싶습니다,포인트를 받기 위한 최소 주행 조건이 안내받고 싶습니다.,포인트,적립기준,S015,포인트 적립 기준 문의,Y,Y,Y
VOC02264,앱 로그인이 되지 않습니다 앱에서 확인이 어려워 문의드립니다.,[에러코드] 메시지가 표시되면서 앱에 접속할 수 없습니다. 처리 방법을 안내해주세요.,회원,로그인,S004,로그인 오류,Y,Y,Y
VOC07842,보상 처리 단계 문의,제출한 서류가 정상적으로 접수됐는지 알고 싶습니다.,사고,처리현황,S012,사고 처리 진행 문의,Y,Y,Y
VOC08404,계약 차량 정보 불일치,갱신한 계약이 앱에서 이전 계약으로 보입니다.,보험,계약정보,S013,계약정보 불일치,Y,Y,Y
VOC05322,차량을 변경했습니다 빠른 확인 요청드립니다.,보험 계약 차량은 변경됐는데 앱에는 이전 차량이 표시됩니다.,차량,차량정보,S008,차량정보 변경,Y,Y,Y
VOC02975,비밀번호를 재설정하고 싶습니다 처리 방법을 안내해주세요.,비밀번호 변경 절차와 조건을 안내해주세요.,회원,계정관리,S005,비밀번호 재설정,Y,Y,Y
VOC03547,최근 주행기록 누락 문의,[접수일]에 [출발지]-[도착지] 구간을 운전했는데 앱에서 기록이 보이지 않습니다.,주행,주행기록,S006,주행기록 미반영,Y,Y,Y
VOC02617,앱 로그인이 되지 않습니다,기존에 사용하던 계정으로 접속되지 않아 문의드립니다. 확인 부탁드립니다.,회원,로그인,S004,로그인 오류,Y,Y,Y
VOC02513,계정 접속이 불가능합니다,[에러코드] 메시지가 표시되면서 앱에 접속할 수 없습니다.,회원,로그인,S004,로그인 오류,Y,Y,Y
VOC01447,적립 포인트는 어디서 쓰나요,앱에 [금액] 포인트가 있는데 사용 가능한 항목을 확인하고 싶습니다. 빠른 확인 요청드립니다.,포인트,사용,S003,포인트 사용처 문의,Y,Y,Y
VOC05471,더 이상 서비스를 이용하지 않습니다,회원 탈퇴 시 남은 포인트와 주행기록이 어떻게 처리되는지 안내받고 싶습니다. 관련 기준도 함께 알려주세요.,회원,계정관리,S009,회원 탈퇴,Y,Y,Y
VOC00106,주행 포인트가 적립되지 않았습니다 확인 부탁드립니다.,주행 조건을 충족한 것으로 보이는데 포인트가 0으로 표시됩니다. 확인 부탁드립니다.,포인트,적립,S001,주행 포인트 미적립,Y,Y,Y
VOC06994,앱 실행 중 오류가 발생합니다,재설치 후에도 동일하게 앱이 강제 종료됩니다. 필요한 확인 항목이 있다면 안내 부탁드립니다.,앱,오류,S011,앱 실행 오류,Y,Y,Y
VOC08618,계약정보가 다르게 표시됩니다 관련 기준도 함께 알려주세요.,계약 기간과 보험료 정보가 가입 당시 안내와 다르게 표시됩니다.,보험,계약정보,S013,계약정보 불일치,Y,Y,Y
VOC02506,로그인 화면에서 넘어가지 않아요,기존에 사용하던 계정으로 접속되지 않아 문의드립니다. 처리 방법을 안내해주세요. 이전에 정상적으로 이용한 적이 있습니다.,회원,로그인,S004,로그인 오류,Y,Y,Y
VOC09180,기존 전화번호 변경 문의,휴대전화 번호를 바꿨는데 앱 회원정보에는 이전 번호가 표시됩니다.,회원,회원정보,S014,휴대전화 번호 변경,Y,Y,Y
VOC04875,앱 차량정보 수정 문의 빠른 확인 요청드립니다.,기존 차량 [차량번호]에서 새 차량 [변경차량번호]로 변경했습니다. 확인 부탁드립니다.,차량,차량정보,S008,차량정보 변경,Y,Y,Y
VOC02938,비밀번호를 재설정하고 싶습니다,본인 인증 후 비밀번호 재설정 화면으로 이동하지 않습니다. 앱을 다시 실행해도 같은 상태입니다.,회원,계정관리,S005,비밀번호 재설정,Y,Y,Y
VOC05591,앱 회원 탈퇴 방법 문의,본인 인증 후 탈퇴가 완료되지 않아 확인 부탁드립니다.,회원,계정관리,S009,회원 탈퇴,Y,Y,Y
VOC05628,더 이상 서비스를 이용하지 않습니다,본인 인증 후 탈퇴가 완료되지 않아 확인 부탁드립니다. 앱을 다시 실행해도 같은 상태입니다.,회원,계정관리,S009,회원 탈퇴,Y,Y,Y
VOC09691,주행 포인트 산정 방법 문의,짧은 거리 주행도 포인트 적립 대상인지 문의드립니다. 빠른 확인 요청드립니다.,포인트,적립기준,S015,포인트 적립 기준 문의,Y,Y,Y
VOC04869,앱 차량정보 수정 문의 확인 부탁드립니다.,기존 차량 [기존차량번호]에서 새 차량 [새차량번호]로 변경했습니다.,차량,차량정보,S008,차량정보 변경,Y,Y,Y
VOC07037,서비스 실행 불가 문의 관련 기준도 함께 알려주세요.,앱을 열면 흰 화면만 보이고 아무 기능도 사용할 수 없습니다.,앱,오류,S011,앱 실행 오류,Y,Y,Y
VOC04641,계약 할인 적용 상태 문의 관련 기준도 함께 알려주세요.,현재 운전점수 기준으로 받을 수 있는 보험료 할인율이 궁금합니다.,보험,할인,S007,보험료 할인 적용 문의,Y,Y,Y
VOC04795,기존 차량 삭제 후 신규 등록,기존 차량 [차량번호]에서 새 차량 [변경차량번호]로 변경했습니다.,차량,차량정보,S008,차량정보 변경,Y,Y,Y
VOC02838,비밀번호가 기억나지 않아요 빠른 확인 요청드립니다.,비밀번호가 기억나지 않아 재설정하려고 합니다.,회원,계정관리,S005,비밀번호 재설정,Y,Y,Y
VOC03896,운전한 내역이 앱에 없습니다,[접수일]에 [출발지]에서 [도착지]까지 구간을 운전했는데 앱에서 기록이 보이지 않습니다. 필요한 확인 항목이 있다면 안내 부탁드립니다.,주행,주행기록,S006,주행기록 미반영,Y,Y,Y
VOC07802,보상 처리 단계 문의,보상 심사가 어느 단계까지 진행됐는지 확인 부탁드립니다. 앱을 다시 실행해도 같은 상태입니다.,사고,처리현황,S012,사고 처리 진행 문의,Y,Y,Y
VOC04504,안전운전 할인 적용 여부 문의,앱에는 할인 대상이라고 나오는데 실제 보험료에 적용됐는지 알고 싶습니다.,보험,할인,S007,보험료 할인 적용 문의,Y,Y,Y
VOC00985,포인트 반영이 늦어지고 있습니다 빠른 확인 요청드립니다.,"포인트가 바로 들어오는지, 일정 시간이 필요한지 문의드립니다. 앱에서 확인이 어려워 문의드립니다.",포인트,적립,S002,주행 포인트 적립 지연,Y,Y,Y
VOC03470,최근 주행기록 누락 문의,[접수일]에 [출발지]에서 [도착지]까지 구간을 운전했는데 앱에서 기록이 보이지 않습니다.,주행,주행기록,S006,주행기록 미반영,Y,Y,Y
VOC06522,포인트 차감 내역이 이상합니다 빠른 확인 요청드립니다.,사용한 적이 없는데 [금액] 포인트가 차감된 것으로 표시됩니다.,포인트,차감,S010,포인트 오차감,Y,Y,Y
VOC01111,포인트 반영이 늦어지고 있습니다 확인 부탁드립니다.,오늘 주행을 마쳤는데 포인트가 아직 반영되지 않았습니다. 보통 얼마나 걸리나요?,포인트,적립,S002,주행 포인트 적립 지연,Y,Y,Y
VOC08509,계약 차량 정보 불일치,갱신한 계약이 앱에서 이전 계약으로 보입니다. 확인 부탁드립니다.,보험,계약정보,S013,계약정보 불일치,Y,Y,Y
VOC03646,최근 주행기록 누락 문의,차량은 정상적으로 운행했는데 주행 데이터가 수집되지 않은 것 같습니다.,주행,주행기록,S006,주행기록 미반영,Y,Y,Y
VOC00352,주행 포인트가 적립되지 않았습니다,지난 주행 건에 대한 포인트를 받지 못했습니다. 확인 부탁드립니다. 현재 화면에서 직접 수정할 수 없습니다.,포인트,적립,S001,주행 포인트 미적립,Y,Y,Y
VOC03304,비밀번호 찾기 인증 오류,비밀번호 찾기 과정에서 [전화번호]로 인증번호가 오지 않습니다.,회원,계정관리,S005,비밀번호 재설정,Y,Y,Y
VOC07978,사고 처리 진행 상황 문의 앱에서 확인이 어려워 문의드립니다.,[날짜]에 접수한 사고의 담당자 배정 여부가 궁금합니다.,사고,처리현황,S012,사고 처리 진행 문의,Y,Y,Y
VOC07262,앱 실행 중 오류가 발생합니다,특정 메뉴에 들어가면 화면이 멈추는 현상이 반복됩니다.,앱,오류,S011,앱 실행 오류,Y,Y,Y
VOC02174,앱 로그인이 되지 않습니다,여러 번 시도했지만 인증 후 다시 로그인 화면으로 돌아옵니다.,회원,로그인,S004,로그인 오류,Y,Y,Y
VOC04256,안전운전 할인 적용 여부 문의,갱신 계약에 주행분석 할인 혜택이 반영되는지 문의드립니다.,보험,할인,S007,보험료 할인 적용 문의,Y,Y,Y
VOC00347,운전했는데 포인트가 안 들어왔어요 처리 방법을 안내해주세요.,지난 주행 건에 대한 포인트를 받지 못했습니다. 확인 부탁드립니다. 현재 화면에서 직접 수정할 수 없습니다.,포인트,적립,S001,주행 포인트 미적립,Y,Y,Y
VOC08769,새 번호로 인증받고 싶어요,새 번호로 본인 인증을 진행하는 방법을 알려주세요.,회원,회원정보,S014,휴대전화 번호 변경,Y,Y,Y
VOC03580,운전한 내역이 앱에 없습니다 빠른 확인 요청드립니다.,운전을 완료했지만 최근 주행 목록에 추가되지 않았습니다.,주행,주행기록,S006,주행기록 미반영,Y,Y,Y
VOC08299,앱의 계약 내용이 맞지 않아요,앱에 표시된 계약자명이 [계약자명]으로 되어 있는데 실제 정보와 다릅니다. 처리 방법을 안내해주세요.,보험,계약정보,S013,계약정보 불일치,Y,Y,Y
VOC01572,포인트를 사용할 수 있는 곳,보험료 결제 외에도 포인트를 사용할 수 있는 곳이 있나요?,포인트,사용,S003,포인트 사용처 문의,Y,Y,Y
VOC01281,운전 후 포인트 반영 시간 문의,방금 운전한 기록은 보이는데 포인트는 처리 중으로 표시됩니다.,포인트,적립,S002,주행 포인트 적립 지연,Y,Y,Y
VOC06518,포인트 차감 내역이 이상합니다,포인트 내역에 알 수 없는 차감 기록이 있습니다. 앱을 다시 실행해도 같은 상태입니다.,포인트,차감,S010,포인트 오차감,Y,Y,Y
VOC02378,계속 로그인에 실패합니다,기존에 사용하던 계정으로 접속되지 않아 문의드립니다.,회원,로그인,S004,로그인 오류,Y,Y,Y
VOC05562,앱 회원 탈퇴 방법 문의,더 이상 서비스를 이용하지 않아 회원 탈퇴를 진행하고 싶습니다.,회원,계정관리,S009,회원 탈퇴,Y,Y,Y
VOC08259,앱의 계약 내용이 맞지 않아요,앱에 표시된 계약자명이 [계약자명]으로 되어 있는데 실제 정보와 다릅니다.,보험,계약정보,S013,계약정보 불일치,Y,Y,Y
VOC01205,주행 포인트는 언제 들어오나요 앱에서 확인이 어려워 문의드립니다.,방금 운전한 기록은 보이는데 포인트는 처리 중으로 표시됩니다.,포인트,적립,S002,주행 포인트 적립 지연,Y,Y,Y
VOC09358,포인트 적립 기준이 궁금합니다,급가속이나 급감속 기록이 포인트 적립에 영향을 주나요? 이전에 정상적으로 이용한 적이 있습니다.,포인트,적립기준,S015,포인트 적립 기준 문의,Y,Y,Y
VOC02956,비밀번호 변경이 되지 않습니다,새 비밀번호를 입력했지만 변경이 완료되지 않습니다.,회원,계정관리,S005,비밀번호 재설정,Y,Y,Y
VOC04583,보험료 할인이 반영됐나요 앱에서 확인이 어려워 문의드립니다.,앱에는 할인 대상이라고 나오는데 실제 보험료에 적용됐는지 알고 싶습니다. 앱에서 확인이 어려워 문의드립니다.,보험,할인,S007,보험료 할인 적용 문의,Y,Y,Y
VOC07683,보상 처리 단계 문의 빠른 확인 요청드립니다.,[주행일]에 접수한 사고의 담당자 배정 여부가 궁금합니다.,사고,처리현황,S012,사고 처리 진행 문의,Y,Y,Y
VOC02343,앱 로그인이 되지 않습니다,여러 번 시도했지만 인증 후 다시 로그인 화면으로 돌아옵니다.,회원,로그인,S004,로그인 오류,Y,Y,Y
VOC04972,앱 차량정보 수정 문의,기존 차량을 삭제하고 새 차량을 등록하는 방법을 알려주세요.,차량,차량정보,S008,차량정보 변경,Y,Y,Y
VOC05439,앱 회원 탈퇴 방법 문의,본인 인증 후 탈퇴가 완료되지 않아 확인 부탁드립니다.,회원,계정관리,S009,회원 탈퇴,Y,Y,Y
VOC07771,보상 처리 단계 문의,[주행일]에 접수한 사고의 담당자 배정 여부가 궁금합니다.,사고,처리현황,S012,사고 처리 진행 문의,Y,Y,Y
VOC03438,주행기록이 보이지 않습니다,차량은 정상적으로 운행했는데 주행 데이터가 수집되지 않은 것 같습니다. 이전에 정상적으로 이용한 적이 있습니다.,주행,주행기록,S006,주행기록 미반영,Y,Y,Y
VOC01757,포인트 사용처가 궁금합니다 앱에서 확인이 어려워 문의드립니다.,현재 보유한 포인트를 어디에서 사용할 수 있는지 알려주세요.,포인트,사용,S003,포인트 사용처 문의,Y,Y,Y
VOC04205,계약 할인 적용 상태 문의,현재 운전점수 기준으로 받을 수 있는 보험료 할인율이 안내받고 싶습니다.,보험,할인,S007,보험료 할인 적용 문의,Y,Y,Y
VOC02544,아이디 입력 후 접속 오류 앱에서 확인이 어려워 문의드립니다.,[오류코드] 메시지가 표시되면서 앱에 접속할 수 없습니다. 이전에 정상적으로 이용한 적이 있습니다.,회원,로그인,S004,로그인 오류,Y,Y,Y
VOC07863,사고 처리 진행 상황 문의,사건번호 [사건번호]와 관련해 현재 처리 단계를 확인하고 싶습니다.,사고,처리현황,S012,사고 처리 진행 문의,Y,Y,Y
VOC02030,로그인 화면에서 넘어가지 않아요,기존에 사용하던 계정으로 접속되지 않아 문의합니다. 현재 화면에서 직접 수정할 수 없습니다.,회원,로그인,S004,로그인 오류,Y,Y,Y
VOC08589,계약정보가 다르게 표시됩니다,앱에 표시된 계약자명이 [계약자명]으로 되어 있는데 실제 정보와 다릅니다.,보험,계약정보,S013,계약정보 불일치,Y,Y,Y
VOC00234,주행 포인트 미적립 문의,주행 조건을 충족한 것으로 보이는데 포인트가 0으로 표시됩니다.,포인트,적립,S001,주행 포인트 미적립,Y,Y,Y
VOC00382,운전했는데 포인트가 안 들어왔어요,지난 주행 건에 대한 포인트를 받지 못했습니다. 확인 부탁드립니다.,포인트,적립,S001,주행 포인트 미적립,Y,Y,Y
VOC09921,운전점수와 포인트 관계,포인트를 받기 위한 최소 주행 조건이 안내받고 싶습니다.,포인트,적립기준,S015,포인트 적립 기준 문의,Y,Y,Y
VOC04201,보험료 할인 혜택이 궁금합니다,앱에는 할인 대상이라고 나오는데 실제 보험료에 적용됐는지 알고 싶습니다.,보험,할인,S007,보험료 할인 적용 문의,Y,Y,Y
VOC07714,사고 접수 후 연락이 없습니다,사고 접수 이후 진행 상황 안내를 받지 못했습니다.,사고,처리현황,S012,사고 처리 진행 문의,Y,Y,Y
VOC01938,포인트 사용처가 확인하고 싶습니다,현재 보유한 포인트를 어디에서 사용할 수 있는지 안내 부탁드립니다.,포인트,사용,S003,포인트 사용처 문의,Y,Y,Y
VOC05217,앱 차량정보 수정 문의 확인 부탁드립니다.,보험 계약 차량은 변경됐는데 앱에는 이전 차량이 표시됩니다.,차량,차량정보,S008,차량정보 변경,Y,Y,Y
VOC08351,계약정보가 다르게 표시됩니다,앱에 표시된 계약자명이 [계약자명]으로 되어 있는데 실제 정보와 다릅니다.,보험,계약정보,S013,계약정보 불일치,Y,Y,Y
VOC06612,포인트가 갑자기 줄었습니다,포인트 사용 이력과 실제 잔액이 맞지 않습니다.,포인트,차감,S010,포인트 오차감,Y,Y,Y
VOC06832,앱 실행 중 오류가 발생합니다,재설치 후에도 동일하게 앱이 강제 종료됩니다.,앱,오류,S011,앱 실행 오류,Y,Y,Y
VOC07585,접수한 사고는 어떻게 진행되고 있나요 앱에서 확인이 어려워 문의드립니다.,[주행일]에 접수한 사고의 담당자 배정 여부가 궁금합니다. 앱에서 확인이 어려워 문의드립니다.,사고,처리현황,S012,사고 처리 진행 문의,Y,Y,Y
VOC01182,운전 후 포인트 반영 시간 문의 처리 방법을 안내해주세요.,주행 후 몇 시간이 지났는데 아직 적립 대기 상태입니다. 관련 기준도 함께 알려주세요.,포인트,적립,S002,주행 포인트 적립 지연,Y,Y,Y
VOC09741,어떤 주행이 포인트 대상인가요,주행거리와 운전점수에 따라 포인트가 어떻게 산정되는지 알고 싶습니다.,포인트,적립기준,S015,포인트 적립 기준 문의,Y,Y,Y
VOC06265,잘못 차감된 포인트 문의,포인트 내역에 알 수 없는 차감 기록이 있습니다.,포인트,차감,S010,포인트 오차감,Y,Y,Y
VOC06356,포인트 차감 내역이 이상합니다 빠른 확인 요청드립니다.,결제를 취소했는데 차감된 포인트가 복구되지 않았습니다.,포인트,차감,S010,포인트 오차감,Y,Y,Y
VOC08439,보험 계약자 정보 오류,앱에 표시된 계약자명이 [이름]으로 되어 있는데 실제 정보와 다릅니다.,보험,계약정보,S013,계약정보 불일치,Y,Y,Y
VOC02352,계속 로그인에 실패합니다,여러 번 시도했지만 인증 후 다시 로그인 화면으로 돌아옵니다.,회원,로그인,S004,로그인 오류,Y,Y,Y
VOC03750,운전한 내역이 앱에 없습니다,운전을 완료했지만 최근 주행 목록에 추가되지 않았습니다.,주행,주행기록,S006,주행기록 미반영,Y,Y,Y
VOC06144,포인트가 갑자기 줄었습니다,어제 확인한 잔액과 오늘 잔액이 달라서 문의드립니다. 관련 기준도 함께 알려주세요.,포인트,차감,S010,포인트 오차감,Y,Y,Y
VOC09871,포인트 지급 조건 안내 요청,급가속이나 급감속 기록이 포인트 적립에 영향을 주나요?,포인트,적립기준,S015,포인트 적립 기준 문의,Y,Y,Y
VOC09387,주행 포인트 산정 방법 문의 앱에서 확인이 어려워 문의드립니다.,짧은 거리 주행도 포인트 적립 대상인지 문의합니다. 현재 화면에서 직접 수정할 수 없습니다.,포인트,적립기준,S015,포인트 적립 기준 문의,Y,Y,Y
VOC03498,최근 주행기록 누락 문의,해당 시간대의 운전 내역이 누락되어 확인 요청드립니다. 확인 부탁드립니다.,주행,주행기록,S006,주행기록 미반영,Y,Y,Y
VOC08695,휴대전화 번호를 변경하고 싶습니다,휴대전화 번호를 바꿨는데 앱 회원정보에는 이전 번호가 표시됩니다. 앱을 다시 실행해도 같은 상태입니다.,회원,회원정보,S014,휴대전화 번호 변경,Y,Y,Y
VOC06882,업데이트 후 앱이 열리지 않아요,재설치 후에도 동일하게 앱이 강제 종료됩니다.,앱,오류,S011,앱 실행 오류,Y,Y,Y
VOC06691,앱 실행 중 오류가 발생합니다,재설치 후에도 동일하게 앱이 강제 종료됩니다.,앱,오류,S011,앱 실행 오류,Y,Y,Y
VOC04688,앱 차량정보 수정 문의,차량을 교체해서 앱의 등록 정보를 수정하고 싶습니다. 이전에 정상적으로 이용한 적이 있습니다.,차량,차량정보,S008,차량정보 변경,Y,Y,Y
VOC09152,등록 연락처 수정 요청 관련 기준도 함께 알려주세요.,휴대전화 번호를 바꿨는데 앱 회원정보에는 이전 번호가 표시됩니다. 빠른 확인 요청드립니다.,회원,회원정보,S014,휴대전화 번호 변경,Y,Y,Y
VOC05200,등록 차량 변경 요청,기존 차량 [기존차량번호]에서 새 차량 [새차량번호]로 변경했습니다. 처리 방법을 안내해주세요.,차량,차량정보,S008,차량정보 변경,Y,Y,Y
VOC01800,포인트 사용처가 궁금합니다 관련 기준도 함께 알려주세요.,포인트 사용 가능한 서비스와 제한 조건이 궁금합니다. 빠른 확인 요청드립니다.,포인트,사용,S003,포인트 사용처 문의,Y,Y,Y
VOC06502,포인트 차감 내역이 이상합니다,어제 확인한 잔액과 오늘 잔액이 달라서 문의드립니다. 처리 방법을 안내해주세요.,포인트,차감,S010,포인트 오차감,Y,Y,Y
VOC01416,포인트를 사용할 수 있는 곳,앱에 [포인트수량] 포인트가 있는데 사용 가능한 항목을 확인하고 싶습니다.,포인트,사용,S003,포인트 사용처 문의,Y,Y,Y
VOC01909,적립 포인트는 어디서 쓰나요,포인트 사용 가능한 서비스와 제한 조건이 확인하고 싶습니다.,포인트,사용,S003,포인트 사용처 문의,Y,Y,Y
VOC03045,새 비밀번호 등록 문의,비밀번호 변경 절차와 조건을 안내해주세요.,회원,계정관리,S005,비밀번호 재설정,Y,Y,Y
VOC02641,계속 로그인에 실패합니다,로그인 버튼을 눌러도 화면이 그대로입니다.,회원,로그인,S004,로그인 오류,Y,Y,Y
VOC06201,사용하지 않은 포인트가 차감됐어요,포인트 내역에 알 수 없는 차감 기록이 있습니다.,포인트,차감,S010,포인트 오차감,Y,Y,Y
VOC06143,포인트가 갑자기 줄었습니다,사용한 적이 없는데 [포인트수량] 포인트가 차감된 것으로 표시됩니다.,포인트,차감,S010,포인트 오차감,Y,Y,Y
VOC01221,포인트가 아직 처리되지 않았어요 관련 기준도 함께 알려주세요.,"포인트가 바로 들어오는지, 일정 시간이 필요한지 문의드립니다.",포인트,적립,S002,주행 포인트 적립 지연,Y,Y,Y
VOC06193,잘못 차감된 포인트 문의 빠른 확인 요청드립니다.,결제를 취소했는데 차감된 포인트가 복구되지 않았습니다.,포인트,차감,S010,포인트 오차감,Y,Y,Y
VOC04592,주행점수 할인 확인 요청 확인 부탁드립니다.,증권번호 [증권번호] 계약에 안전운전 할인이 적용됐는지 확인하고 싶습니다. 빠른 확인 요청드립니다.,보험,할인,S007,보험료 할인 적용 문의,Y,Y,Y
VOC09351,포인트 적립 기준이 궁금합니다 관련 기준도 함께 알려주세요.,포인트 지급 대상과 제외 조건을 자세히 안내해주세요.,포인트,적립기준,S015,포인트 적립 기준 문의,Y,Y,Y
VOC03611,주행기록이 보이지 않습니다,[주행일]에 [출발지]-[도착지] 구간을 운전했는데 앱에서 기록이 보이지 않습니다.,주행,주행기록,S006,주행기록 미반영,Y,Y,Y
VOC02768,비밀번호를 재설정하고 싶습니다,비밀번호 찾기 과정에서 [기존전화번호]로 인증번호가 오지 않습니다. 빠른 확인 요청드립니다.,회원,계정관리,S005,비밀번호 재설정,Y,Y,Y
VOC05056,새 차량으로 바꾸고 싶어요,차량번호 변경 후 주행 서비스 연결 방법을 문의드립니다.,차량,차량정보,S008,차량정보 변경,Y,Y,Y
VOC07705,접수한 사고는 어떻게 진행되고 있나요,사고 접수 이후 진행 상황 안내를 받지 못했습니다.,사고,처리현황,S012,사고 처리 진행 문의,Y,Y,Y
VOC05705,회원 탈퇴를 요청합니다,앱에서 탈퇴 메뉴를 찾을 수 없어 문의드립니다. 빠른 확인 요청드립니다. 앱을 다시 실행해도 같은 상태입니다.,회원,계정관리,S009,회원 탈퇴,Y,Y,Y
VOC07647,사건번호 처리 상태 확인,사건번호 [사건번호]와 관련해 현재 처리 단계를 확인하고 싶습니다. 앱에서 확인이 어려워 문의드립니다.,사고,처리현황,S012,사고 처리 진행 문의,Y,Y,Y
VOC06531,포인트가 갑자기 줄었습니다,결제를 취소했는데 차감된 포인트가 복구되지 않았습니다.,포인트,차감,S010,포인트 오차감,Y,Y,Y
VOC00464,주행 포인트가 적립되지 않았습니다,[날짜]에 주행을 완료했는데 포인트가 아직 적립되지 않았습니다. 확인 부탁드립니다.,포인트,적립,S001,주행 포인트 미적립,Y,Y,Y
VOC04286,주행점수 할인 확인 요청,앱에는 할인 대상이라고 나오는데 실제 보험료에 적용됐는지 알고 싶습니다.,보험,할인,S007,보험료 할인 적용 문의,Y,Y,Y
VOC00363,주행 포인트 미적립 문의,운전 기록은 정상적으로 보이지만 포인트가 들어오지 않았습니다. 앱을 다시 실행해도 같은 상태입니다.,포인트,적립,S001,주행 포인트 미적립,Y,Y,Y
VOC01968,보유 포인트 사용 방법,보험료 결제 외에도 포인트를 사용할 수 있는 곳이 있나요?,포인트,사용,S003,포인트 사용처 문의,Y,Y,Y
VOC04859,등록 차량 변경 요청,차량번호 변경 후 주행 서비스 연결 방법을 확인 요청드립니다. 앱에서 확인이 어려워 문의드립니다.,차량,차량정보,S008,차량정보 변경,Y,Y,Y
VOC03321,비밀번호를 재설정하고 싶습니다,비밀번호가 기억나지 않아 재설정하려고 합니다.,회원,계정관리,S005,비밀번호 재설정,Y,Y,Y
VOC05182,앱 차량정보 수정 문의,기존 차량을 삭제하고 새 차량을 등록하는 방법을 알려주세요. 처리 방법을 안내해주세요.,차량,차량정보,S008,차량정보 변경,Y,Y,Y
VOC09886,어떤 주행이 포인트 대상인가요,포인트를 받기 위한 최소 주행 조건이 궁금합니다.,포인트,적립기준,S015,포인트 적립 기준 문의,Y,Y,Y
VOC04834,차량을 변경했습니다,보험 계약 차량은 변경됐는데 앱에는 이전 차량이 표시됩니다.,차량,차량정보,S008,차량정보 변경,Y,Y,Y
VOC05624,서비스 계정을 삭제하고 싶어요,본인 인증 후 탈퇴가 완료되지 않아 확인 부탁드립니다.,회원,계정관리,S009,회원 탈퇴,Y,Y,Y
VOC02626,로그인 화면에서 넘어가지 않아요 확인 부탁드립니다.,아이디와 비밀번호를 입력해도 로그인 오류가 발생합니다. 확인 부탁드립니다.,회원,로그인,S004,로그인 오류,Y,Y,Y
VOC02178,앱 로그인이 되지 않습니다,아이디와 비밀번호를 입력해도 로그인 오류가 발생합니다.,회원,로그인,S004,로그인 오류,Y,Y,Y
VOC03564,앱에서 운전 기록 확인 불가,운전을 완료했지만 최근 주행 목록에 추가되지 않았습니다.,주행,주행기록,S006,주행기록 미반영,Y,Y,Y
VOC04152,보험료 할인 혜택이 궁금합니다,현재 운전점수 기준으로 받을 수 있는 보험료 할인율이 궁금합니다.,보험,할인,S007,보험료 할인 적용 문의,Y,Y,Y
VOC06634,포인트 차감 내역이 이상합니다,포인트 사용 이력과 실제 잔액이 맞지 않습니다. 이전에 정상적으로 이용한 적이 있습니다.,포인트,차감,S010,포인트 오차감,Y,Y,Y
VOC02682,비밀번호가 기억나지 않아요,비밀번호가 기억나지 않아 재설정하려고 합니다.,회원,계정관리,S005,비밀번호 재설정,Y,Y,Y
VOC07333,업데이트 후 앱이 열리지 않아요,업데이트 이후 첫 화면에서 멈추고 다음으로 넘어가지 않습니다.,앱,오류,S011,앱 실행 오류,Y,Y,Y
VOC01056,운전 후 포인트 반영 시간 문의 빠른 확인 요청드립니다.,[시간]에 주행을 종료했습니다. 포인트 반영 예정 시간을 알고 싶습니다. 앱에서 확인이 어려워 문의드립니다.,포인트,적립,S002,주행 포인트 적립 지연,Y,Y,Y
VOC03312,비밀번호 변경이 되지 않습니다,새 비밀번호를 입력했지만 변경이 완료되지 않습니다.,회원,계정관리,S005,비밀번호 재설정,Y,Y,Y
VOC07757,사고 접수 후 연락이 없습니다,[날짜]에 접수한 사고의 담당자 배정 여부가 안내받고 싶습니다.,사고,처리현황,S012,사고 처리 진행 문의,Y,Y,Y
VOC06551,사용하지 않은 포인트가 차감됐어요,사용한 적이 없는데 [금액] 포인트가 차감된 것으로 표시됩니다.,포인트,차감,S010,포인트 오차감,Y,Y,Y
VOC02949,비밀번호 변경이 되지 않습니다,비밀번호 변경 절차와 조건을 안내해주세요.,회원,계정관리,S005,비밀번호 재설정,Y,Y,Y
VOC04000,주행기록이 보이지 않습니다 확인 부탁드립니다.,운전을 완료했지만 최근 주행 목록에 추가되지 않았습니다.,주행,주행기록,S006,주행기록 미반영,Y,Y,Y
VOC09167,회원정보의 전화번호가 다릅니다 확인 부탁드립니다.,기존 번호 [전화번호]에서 새 번호 [새전화번호]로 변경하고 싶습니다.,회원,회원정보,S014,휴대전화 번호 변경,Y,Y,Y
VOC01919,적립 포인트는 어디서 쓰나요 앱에서 확인이 어려워 문의드립니다.,보험료 결제 외에도 포인트를 사용할 수 있는 곳이 있나요?,포인트,사용,S003,포인트 사용처 문의,Y,Y,Y
VOC02205,계속 로그인에 실패합니다,아이디와 비밀번호를 입력해도 로그인 오류가 발생합니다. 앱을 다시 실행해도 같은 상태입니다.,회원,로그인,S004,로그인 오류,Y,Y,Y
VOC02457,계속 로그인에 실패합니다,여러 번 시도했지만 인증 후 다시 로그인 화면으로 돌아옵니다.,회원,로그인,S004,로그인 오류,Y,Y,Y
VOC02704,비밀번호가 기억나지 않아요 앱에서 확인이 어려워 문의드립니다.,비밀번호 변경 절차와 조건을 안내해주세요. 앱을 다시 실행해도 같은 상태입니다.,회원,계정관리,S005,비밀번호 재설정,Y,Y,Y
VOC03554,운전한 내역이 앱에 없습니다,주행 종료 후에도 거리와 시간이 0으로 표시됩니다.,주행,주행기록,S006,주행기록 미반영,Y,Y,Y
VOC07164,앱 실행 중 오류가 발생합니다,앱을 열면 흰 화면만 보이고 아무 기능도 사용할 수 없습니다.,앱,오류,S011,앱 실행 오류,Y,Y,Y
VOC06239,포인트 잔액 오류 확인 부탁드립니다.,포인트 내역에 알 수 없는 차감 기록이 있습니다.,포인트,차감,S010,포인트 오차감,Y,Y,Y
VOC00392,포인트가 누락된 것 같습니다 빠른 확인 요청드립니다.,운전 기록은 정상적으로 보이지만 포인트가 들어오지 않았습니다. 동일 현상이 반복되고 있습니다.,포인트,적립,S001,주행 포인트 미적립,Y,Y,Y
VOC05389,회원 탈퇴를 요청합니다,더 이상 서비스를 이용하지 않아 회원 탈퇴를 진행하고 싶습니다.,회원,계정관리,S009,회원 탈퇴,Y,Y,Y
VOC02495,계정 접속이 불가능합니다,아이디와 비밀번호를 입력해도 로그인 오류가 발생합니다.,회원,로그인,S004,로그인 오류,Y,Y,Y
VOC01807,보유 포인트 사용 방법,보험료 결제 외에도 포인트를 사용할 수 있는 곳이 있나요? 확인 부탁드립니다.,포인트,사용,S003,포인트 사용처 문의,Y,Y,Y
VOC05654,가입 정보 삭제 요청 앱에서 확인이 어려워 문의드립니다.,계정과 저장된 개인정보를 삭제하는 절차를 안내 부탁드립니다.,회원,계정관리,S009,회원 탈퇴,Y,Y,Y
VOC00629,주행 후 포인트가 없습니다 빠른 확인 요청드립니다.,운전 기록은 정상적으로 보이지만 포인트가 들어오지 않았습니다.,포인트,적립,S001,주행 포인트 미적립,Y,Y,Y
VOC02549,앱 로그인이 되지 않습니다 처리 방법을 안내해주세요.,로그인 버튼을 눌러도 화면이 그대로입니다.,회원,로그인,S004,로그인 오류,Y,Y,Y
VOC03899,앱에서 운전 기록 확인 불가,차량은 정상적으로 운행했는데 주행 데이터가 수집되지 않은 것 같습니다. 필요한 확인 항목이 있다면 안내 부탁드립니다.,주행,주행기록,S006,주행기록 미반영,Y,Y,Y
VOC08763,휴대전화 번호를 변경하고 싶습니다 확인 부탁드립니다.,휴대전화 번호를 바꿨는데 앱 회원정보에는 이전 번호가 표시됩니다. 앱을 다시 실행해도 같은 상태입니다.,회원,회원정보,S014,휴대전화 번호 변경,Y,Y,Y
VOC06308,포인트 차감 내역이 이상합니다 빠른 확인 요청드립니다.,결제를 취소했는데 차감된 포인트가 복구되지 않았습니다.,포인트,차감,S010,포인트 오차감,Y,Y,Y
VOC08964,회원정보의 전화번호가 다릅니다,번호 변경 후 로그인 인증 문자가 이전 번호로 발송됩니다.,회원,회원정보,S014,휴대전화 번호 변경,Y,Y,Y
VOC08592,앱의 계약 내용이 맞지 않아요,증권번호 [증권번호]의 차량정보가 현재 차량과 일치하지 않습니다.,보험,계약정보,S013,계약정보 불일치,Y,Y,Y
VOC04119,보험료 할인이 반영됐나요,갱신 계약에 주행분석 할인 혜택이 반영되는지 문의드립니다.,보험,할인,S007,보험료 할인 적용 문의,Y,Y,Y
VOC05669,서비스 계정을 삭제하고 싶어요 관련 기준도 함께 알려주세요.,앱에서 탈퇴 메뉴를 찾을 수 없어 문의드립니다.,회원,계정관리,S009,회원 탈퇴,Y,Y,Y
VOC06161,포인트 차감 내역이 이상합니다,결제를 취소했는데 차감된 포인트가 복구되지 않았습니다.,포인트,차감,S010,포인트 오차감,Y,Y,Y
VOC06398,잘못 차감된 포인트 문의,사용한 적이 없는데 [포인트수량] 포인트가 차감된 것으로 표시됩니다. 앱에서 확인이 어려워 문의드립니다.,포인트,차감,S010,포인트 오차감,Y,Y,Y
VOC00139,주행 후 포인트가 없습니다,[접수일]에 주행을 완료했는데 포인트가 아직 적립되지 않았습니다. 빠른 확인 요청드립니다. 현재 화면에서 직접 수정할 수 없습니다.,포인트,적립,S001,주행 포인트 미적립,Y,Y,Y
VOC00369,운전했는데 포인트가 안 들어왔어요,[주행구간] 구간을 운전했는데 적립 내역이 확인되지 않습니다.,포인트,적립,S001,주행 포인트 미적립,Y,Y,Y
VOC01250,운전 후 포인트 반영 시간 문의,[접수시간]에 주행을 종료했습니다. 포인트 반영 예정 시간을 알고 싶습니다. 앱을 다시 실행해도 같은 상태입니다.,포인트,적립,S002,주행 포인트 적립 지연,Y,Y,Y
VOC07569,보상 처리 단계 문의,사건번호 [사고접수번호]와 관련해 현재 처리 단계를 확인하고 싶습니다.,사고,처리현황,S012,사고 처리 진행 문의,Y,Y,Y
VOC07691,보상 처리 단계 문의 처리 방법을 안내해주세요.,[주행일]에 접수한 사고의 담당자 배정 여부가 안내받고 싶습니다.,사고,처리현황,S012,사고 처리 진행 문의,Y,Y,Y
VOC07266,앱이 계속 종료됩니다 빠른 확인 요청드립니다.,앱을 열면 흰 화면만 보이고 아무 기능도 사용할 수 없습니다. 확인 부탁드립니다.,앱,오류,S011,앱 실행 오류,Y,Y,Y
VOC03823,주행 데이터가 반영되지 않았어요,해당 시간대의 운전 내역이 누락되어 확인 요청드립니다.,주행,주행기록,S006,주행기록 미반영,Y,Y,Y
VOC02825,비밀번호 변경이 되지 않습니다,비밀번호가 기억나지 않아 재설정하려고 합니다. 확인 부탁드립니다.,회원,계정관리,S005,비밀번호 재설정,Y,Y,Y
VOC05454,회원 탈퇴를 요청합니다,앱에서 탈퇴 메뉴를 찾을 수 없어 문의드립니다.,회원,계정관리,S009,회원 탈퇴,Y,Y,Y
VOC08782,회원정보의 전화번호가 다릅니다,번호 변경 후 로그인 인증 문자가 이전 번호로 발송됩니다.,회원,회원정보,S014,휴대전화 번호 변경,Y,Y,Y
VOC09274,등록 연락처 수정 요청,기존 번호 [기존전화번호]에서 새 번호 [새전화번호]로 변경하고 싶습니다.,회원,회원정보,S014,휴대전화 번호 변경,Y,Y,Y
VOC09160,등록 연락처 수정 요청 앱에서 확인이 어려워 문의드립니다.,번호 변경 후 로그인 인증 문자가 이전 번호로 발송됩니다.,회원,회원정보,S014,휴대전화 번호 변경,Y,Y,Y
VOC05491,회원 탈퇴를 요청합니다,본인 인증 후 탈퇴가 완료되지 않아 확인 부탁드립니다. 빠른 확인 요청드립니다.,회원,계정관리,S009,회원 탈퇴,Y,Y,Y
VOC04382,주행점수 할인 확인 요청,안전운전 점수와 보험료 할인 적용 기준을 안내해주세요.,보험,할인,S007,보험료 할인 적용 문의,Y,Y,Y
VOC02870,비밀번호를 재설정하고 싶습니다 앱에서 확인이 어려워 문의드립니다.,본인 인증 후 비밀번호 재설정 화면으로 이동하지 않습니다.,회원,계정관리,S005,비밀번호 재설정,Y,Y,Y
VOC06134,포인트 잔액 오류,사용한 적이 없는데 [포인트수량] 포인트가 차감된 것으로 표시됩니다. 빠른 확인 요청드립니다.,포인트,차감,S010,포인트 오차감,Y,Y,Y
VOC01485,적립 포인트는 어디서 쓰나요,보험료 결제 외에도 포인트를 사용할 수 있는 곳이 있나요?,포인트,사용,S003,포인트 사용처 문의,Y,Y,Y
VOC03251,비밀번호 찾기 인증 오류,비밀번호 찾기 과정에서 [전화번호]로 인증번호가 오지 않습니다.,회원,계정관리,S005,비밀번호 재설정,Y,Y,Y
VOC07403,사고 처리 진행 상황 문의,보상 심사가 어느 단계까지 진행됐는지 확인 부탁드립니다. 동일 현상이 반복되고 있습니다.,사고,처리현황,S012,사고 처리 진행 문의,Y,Y,Y
VOC03256,비밀번호가 기억나지 않아요,비밀번호 변경 절차와 조건을 안내해주세요.,회원,계정관리,S005,비밀번호 재설정,Y,Y,Y
VOC05687,가입 정보 삭제 요청,본인 인증 후 탈퇴가 완료되지 않아 확인 부탁드립니다.,회원,계정관리,S009,회원 탈퇴,Y,Y,Y
VOC01821,포인트를 사용할 수 있는 곳,적립된 포인트의 사용처와 사용 절차를 안내 부탁드립니다. 처리 방법을 안내해주세요. 이전에 정상적으로 이용한 적이 있습니다.,포인트,사용,S003,포인트 사용처 문의,Y,Y,Y
VOC07210,앱 화면이 멈춥니다,앱을 실행하면 [오류코드] 오류가 표시되고 바로 종료됩니다. 확인 부탁드립니다.,앱,오류,S011,앱 실행 오류,Y,Y,Y
VOC02610,아이디 입력 후 접속 오류,아이디와 비밀번호를 입력해도 로그인 오류가 발생합니다. 관련 기준도 함께 알려주세요.,회원,로그인,S004,로그인 오류,Y,Y,Y
VOC04881,기존 차량 삭제 후 신규 등록 앱에서 확인이 어려워 문의드립니다.,기존 차량을 삭제하고 새 차량을 등록하는 방법을 알려주세요.,차량,차량정보,S008,차량정보 변경,Y,Y,Y
VOC07263,앱이 계속 종료됩니다,앱을 실행하면 [오류코드] 오류가 표시되고 바로 종료됩니다. 관련 기준도 함께 알려주세요. 동일 현상이 반복되고 있습니다.,앱,오류,S011,앱 실행 오류,Y,Y,Y
VOC09454,포인트 적립 기준이 안내받고 싶습니다,포인트를 받기 위한 최소 주행 조건이 궁금합니다. 현재 화면에서 직접 수정할 수 없습니다.,포인트,적립기준,S015,포인트 적립 기준 문의,Y,Y,Y
VOC08508,계약정보가 다르게 표시됩니다 앱에서 확인이 어려워 문의드립니다.,증권번호 [계약번호]의 차량정보가 현재 차량과 일치하지 않습니다. 빠른 확인 요청드립니다. 현재 화면에서 직접 수정할 수 없습니다.,보험,계약정보,S013,계약정보 불일치,Y,Y,Y
VOC08083,앱의 계약 내용이 맞지 않아요,계약 기간과 보험료 정보가 가입 당시 안내와 다르게 표시됩니다. 관련 기준도 함께 알려주세요.,보험,계약정보,S013,계약정보 불일치,Y,Y,Y
VOC03344,운전한 내역이 앱에 없습니다,운전을 완료했지만 최근 주행 목록에 추가되지 않았습니다.,주행,주행기록,S006,주행기록 미반영,Y,Y,Y
VOC00872,포인트 반영이 늦어지고 있습니다,방금 운전한 기록은 보이는데 포인트는 처리 중으로 표시됩니다.,포인트,적립,S002,주행 포인트 적립 지연,Y,Y,Y
VOC02350,계속 로그인에 실패합니다,기존에 사용하던 계정으로 접속되지 않아 문의드립니다. 현재 화면에서 직접 수정할 수 없습니다.,회원,로그인,S004,로그인 오류,Y,Y,Y
VOC03207,비밀번호를 재설정하고 싶습니다,본인 인증 후 비밀번호 재설정 화면으로 이동하지 않습니다. 확인 부탁드립니다.,회원,계정관리,S005,비밀번호 재설정,Y,Y,Y
VOC00743,포인트 반영이 늦어지고 있습니다,"포인트가 바로 들어오는지, 일정 시간이 필요한지 문의합니다.",포인트,적립,S002,주행 포인트 적립 지연,Y,Y,Y
VOC07051,서비스 실행 불가 문의 처리 방법을 안내해주세요.,앱을 실행하면 [오류코드] 오류가 표시되고 바로 종료됩니다.,앱,오류,S011,앱 실행 오류,Y,Y,Y
VOC08701,기존 전화번호 변경 문의 앱에서 확인이 어려워 문의드립니다.,기존 번호 [기존전화번호]에서 새 번호 [새전화번호]로 변경하고 싶습니다. 확인 부탁드립니다.,회원,회원정보,S014,휴대전화 번호 변경,Y,Y,Y
VOC08077,보험 계약자 정보 오류 앱에서 확인이 어려워 문의드립니다.,계약 기간과 보험료 정보가 가입 당시 안내와 다르게 표시됩니다. 확인 부탁드립니다.,보험,계약정보,S013,계약정보 불일치,Y,Y,Y
VOC04561,보험료 할인 혜택이 궁금합니다,안전운전 점수와 보험료 할인 적용 기준을 안내해주세요. 현재 화면에서 직접 수정할 수 없습니다.,보험,할인,S007,보험료 할인 적용 문의,Y,Y,Y
VOC04478,계약 할인 적용 상태 문의,앱에는 할인 대상이라고 나오는데 실제 보험료에 적용됐는지 알고 싶습니다. 관련 기준도 함께 알려주세요.,보험,할인,S007,보험료 할인 적용 문의,Y,Y,Y
VOC01009,포인트 적립 처리 중 문의,[주행종료시간]에 주행을 종료했습니다. 포인트 반영 예정 시간을 알고 싶습니다.,포인트,적립,S002,주행 포인트 적립 지연,Y,Y,Y
VOC08458,증권 정보 수정 문의,증권번호 [증권번호]의 차량정보가 현재 차량과 일치하지 않습니다.,보험,계약정보,S013,계약정보 불일치,Y,Y,Y
VOC02899,새 비밀번호 등록 문의,본인 인증 후 비밀번호 재설정 화면으로 이동하지 않습니다. 관련 기준도 함께 알려주세요.,회원,계정관리,S005,비밀번호 재설정,Y,Y,Y
VOC03182,비밀번호가 기억나지 않아요,비밀번호 변경 절차와 조건을 안내해주세요.,회원,계정관리,S005,비밀번호 재설정,Y,Y,Y
VOC09389,포인트 적립 기준이 궁금합니다,짧은 거리 주행도 포인트 적립 대상인지 문의드립니다. 이전에 정상적으로 이용한 적이 있습니다.,포인트,적립기준,S015,포인트 적립 기준 문의,Y,Y,Y
VOC05610,회원 탈퇴를 요청합니다,계정과 저장된 개인정보를 삭제하는 절차를 확인 부탁드립니다.,회원,계정관리,S009,회원 탈퇴,Y,Y,Y
VOC02398,계속 로그인에 실패합니다,아이디와 비밀번호를 입력해도 로그인 오류가 발생합니다. 빠른 확인 요청드립니다.,회원,로그인,S004,로그인 오류,Y,Y,Y
VOC04971,차량을 변경했습니다,기존 차량을 삭제하고 새 차량을 등록하는 방법을 확인 부탁드립니다. 동일 현상이 반복되고 있습니다.,차량,차량정보,S008,차량정보 변경,Y,Y,Y
VOC07510,사고 접수 후 연락이 없습니다,사고 접수 이후 진행 상황 안내를 받지 못했습니다.,사고,처리현황,S012,사고 처리 진행 문의,Y,Y,Y
VOC01385,포인트를 사용할 수 있는 곳,적립된 포인트의 사용처와 사용 절차를 안내 부탁드립니다. 앱에서 확인이 어려워 문의드립니다.,포인트,사용,S003,포인트 사용처 문의,Y,Y,Y
VOC06386,포인트 잔액 오류,포인트 내역에 알 수 없는 차감 기록이 있습니다.,포인트,차감,S010,포인트 오차감,Y,Y,Y
VOC05299,기존 차량 삭제 후 신규 등록 앱에서 확인이 어려워 문의드립니다.,기존 차량 [차량번호]에서 새 차량 [변경차량번호]로 변경했습니다.,차량,차량정보,S008,차량정보 변경,Y,Y,Y
VOC01541,포인트 사용 가능 서비스 문의,앱에 [포인트수량] 포인트가 있는데 사용 가능한 항목을 확인하고 싶습니다. 빠른 확인 요청드립니다.,포인트,사용,S003,포인트 사용처 문의,Y,Y,Y
VOC04371,계약 할인 적용 상태 문의,안전운전 점수와 보험료 할인 적용 기준을 안내해주세요. 필요한 확인 항목이 있다면 안내 부탁드립니다.,보험,할인,S007,보험료 할인 적용 문의,Y,Y,Y
VOC00199,포인트가 누락된 것 같습니다,[출발지]에서 [도착지]까지 구간을 운전했는데 적립 내역이 확인되지 않습니다.,포인트,적립,S001,주행 포인트 미적립,Y,Y,Y
VOC01998,포인트 사용 가능 서비스 문의,포인트 사용 가능한 서비스와 제한 조건이 궁금합니다. 필요한 확인 항목이 있다면 안내 부탁드립니다.,포인트,사용,S003,포인트 사용처 문의,Y,Y,Y
VOC04302,보험료 할인이 반영됐나요,안전운전 점수와 보험료 할인 적용 기준을 안내해주세요. 이전에 정상적으로 이용한 적이 있습니다.,보험,할인,S007,보험료 할인 적용 문의,Y,Y,Y
VOC01007,포인트 적립 처리 중 문의,오늘 주행을 마쳤는데 포인트가 아직 반영되지 않았습니다. 보통 얼마나 걸리나요? 필요한 확인 항목이 있다면 안내 부탁드립니다.,포인트,적립,S002,주행 포인트 적립 지연,Y,Y,Y
VOC02340,로그인 화면에서 넘어가지 않아요,[에러코드] 메시지가 표시되면서 앱에 접속할 수 없습니다.,회원,로그인,S004,로그인 오류,Y,Y,Y
VOC07535,사건번호 처리 상태 확인 확인 부탁드립니다.,보상 심사가 어느 단계까지 진행됐는지 확인 부탁드립니다.,사고,처리현황,S012,사고 처리 진행 문의,Y,Y,Y
VOC03502,앱에서 운전 기록 확인 불가,차량은 정상적으로 운행했는데 주행 데이터가 수집되지 않은 것 같습니다.,주행,주행기록,S006,주행기록 미반영,Y,Y,Y
VOC06946,앱 실행 중 오류가 발생합니다 처리 방법을 안내해주세요.,앱을 실행하면 [에러코드] 오류가 표시되고 바로 종료됩니다.,앱,오류,S011,앱 실행 오류,Y,Y,Y
VOC09062,휴대전화 번호를 변경하고 싶습니다,새 번호로 본인 인증을 진행하는 방법을 알려주세요.,회원,회원정보,S014,휴대전화 번호 변경,Y,Y,Y
VOC05734,앱 회원 탈퇴 방법 문의 확인 부탁드립니다.,앱에서 탈퇴 메뉴를 찾을 수 없어 문의드립니다. 앱에서 확인이 어려워 문의드립니다.,회원,계정관리,S009,회원 탈퇴,Y,Y,Y
VOC05964,회원 탈퇴를 요청합니다,계정과 저장된 개인정보를 삭제하는 절차를 알려주세요.,회원,계정관리,S009,회원 탈퇴,Y,Y,Y
VOC08673,새 번호로 인증받고 싶어요,휴대전화 번호를 바꿨는데 앱 회원정보에는 이전 번호가 표시됩니다.,회원,회원정보,S014,휴대전화 번호 변경,Y,Y,Y
VOC05739,더 이상 서비스를 이용하지 않습니다,더 이상 서비스를 이용하지 않아 회원 탈퇴를 진행하고 싶습니다.,회원,계정관리,S009,회원 탈퇴,Y,Y,Y
VOC05815,더 이상 서비스를 이용하지 않습니다 처리 방법을 안내해주세요.,더 이상 서비스를 이용하지 않아 회원 탈퇴를 진행하고 싶습니다. 관련 기준도 함께 알려주세요.,회원,계정관리,S009,회원 탈퇴,Y,Y,Y
VOC08693,새 번호로 인증받고 싶어요,새 번호로 본인 인증을 진행하는 방법을 알려주세요. 빠른 확인 요청드립니다.,회원,회원정보,S014,휴대전화 번호 변경,Y,Y,Y
VOC05801,앱 회원 탈퇴 방법 문의,회원 탈퇴 시 남은 포인트와 주행기록이 어떻게 처리되는지 안내받고 싶습니다. 동일 현상이 반복되고 있습니다.,회원,계정관리,S009,회원 탈퇴,Y,Y,Y
VOC09055,휴대전화 번호를 변경하고 싶습니다,등록된 연락처가 실제 사용하는 번호와 달라 수정 요청드립니다.,회원,회원정보,S014,휴대전화 번호 변경,Y,Y,Y
VOC06252,사용하지 않은 포인트가 차감됐어요,포인트 사용 이력과 실제 잔액이 맞지 않습니다.,포인트,차감,S010,포인트 오차감,Y,Y,Y
VOC03943,최근 주행기록 누락 문의,운전을 완료했지만 최근 주행 목록에 추가되지 않았습니다.,주행,주행기록,S006,주행기록 미반영,Y,Y,Y
VOC01513,포인트를 사용할 수 있는 곳 관련 기준도 함께 알려주세요.,보험료 결제 외에도 포인트를 사용할 수 있는 곳이 있나요?,포인트,사용,S003,포인트 사용처 문의,Y,Y,Y
VOC05854,서비스 계정을 삭제하고 싶어요,더 이상 서비스를 이용하지 않아 회원 탈퇴를 진행하고 싶습니다.,회원,계정관리,S009,회원 탈퇴,Y,Y,Y
VOC06921,앱 실행 중 오류가 발생합니다,앱을 열면 흰 화면만 보이고 아무 기능도 사용할 수 없습니다. 관련 기준도 함께 알려주세요.,앱,오류,S011,앱 실행 오류,Y,Y,Y
VOC05804,앱 회원 탈퇴 방법 문의,계정과 저장된 개인정보를 삭제하는 절차를 알려주세요.,회원,계정관리,S009,회원 탈퇴,Y,Y,Y
VOC08050,계약정보가 다르게 표시됩니다,보험 계약 정보 중 일부 항목이 잘못되어 수정 요청드립니다. 앱에서 확인이 어려워 문의드립니다.,보험,계약정보,S013,계약정보 불일치,Y,Y,Y
VOC04683,새 차량으로 바꾸고 싶어요,보험 계약 차량은 변경됐는데 앱에는 이전 차량이 표시됩니다. 관련 기준도 함께 알려주세요.,차량,차량정보,S008,차량정보 변경,Y,Y,Y
VOC03999,주행 데이터가 반영되지 않았어요,차량은 정상적으로 운행했는데 주행 데이터가 수집되지 않은 것 같습니다.,주행,주행기록,S006,주행기록 미반영,Y,Y,Y
VOC02863,비밀번호가 기억나지 않아요 확인 부탁드립니다.,비밀번호 변경 절차와 조건을 안내해주세요.,회원,계정관리,S005,비밀번호 재설정,Y,Y,Y
VOC07443,보상 처리 단계 문의 빠른 확인 요청드립니다.,사건번호 [사고접수번호]와 관련해 현재 처리 단계를 확인하고 싶습니다. 동일 현상이 반복되고 있습니다.,사고,처리현황,S012,사고 처리 진행 문의,Y,Y,Y
VOC04321,주행점수 할인 확인 요청,갱신 계약에 주행분석 할인 혜택이 반영되는지 문의드립니다. 처리 방법을 안내해주세요.,보험,할인,S007,보험료 할인 적용 문의,Y,Y,Y
VOC02000,보유 포인트 사용 방법,포인트 사용 가능한 서비스와 제한 조건이 궁금합니다.,포인트,사용,S003,포인트 사용처 문의,Y,Y,Y
VOC00476,운전했는데 포인트가 안 들어왔어요 앱에서 확인이 어려워 문의드립니다.,[날짜]에 주행을 완료했는데 포인트가 아직 적립되지 않았습니다. 빠른 확인 요청드립니다.,포인트,적립,S001,주행 포인트 미적립,Y,Y,Y
VOC02441,계속 로그인에 실패합니다,[오류코드] 메시지가 표시되면서 앱에 접속할 수 없습니다. 현재 화면에서 직접 수정할 수 없습니다.,회원,로그인,S004,로그인 오류,Y,Y,Y
VOC08551,보험 계약자 정보 오류,갱신한 계약이 앱에서 이전 계약으로 보입니다. 확인 부탁드립니다.,보험,계약정보,S013,계약정보 불일치,Y,Y,Y
VOC07013,앱 화면이 멈춥니다,앱을 실행하면 [오류코드] 오류가 표시되고 바로 종료됩니다. 앱을 다시 실행해도 같은 상태입니다.,앱,오류,S011,앱 실행 오류,Y,Y,Y
VOC05832,가입 정보 삭제 요청,앱에서 탈퇴 메뉴를 찾을 수 없어 문의드립니다.,회원,계정관리,S009,회원 탈퇴,Y,Y,Y
VOC02274,계정 접속이 불가능합니다,여러 번 시도했지만 인증 후 다시 로그인 화면으로 돌아옵니다.,회원,로그인,S004,로그인 오류,Y,Y,Y
VOC06505,잘못 차감된 포인트 문의,포인트 내역에 알 수 없는 차감 기록이 있습니다. 빠른 확인 요청드립니다.,포인트,차감,S010,포인트 오차감,Y,Y,Y
VOC07291,앱이 계속 종료됩니다,특정 메뉴에 들어가면 화면이 멈추는 현상이 반복됩니다.,앱,오류,S011,앱 실행 오류,Y,Y,Y
VOC06704,서비스 실행 불가 문의 빠른 확인 요청드립니다.,업데이트 이후 첫 화면에서 멈추고 다음으로 넘어가지 않습니다. 앱을 다시 실행해도 같은 상태입니다.,앱,오류,S011,앱 실행 오류,Y,Y,Y
VOC04425,보험료 할인 혜택이 확인하고 싶습니다,갱신 계약에 주행분석 할인 혜택이 반영되는지 문의드립니다.,보험,할인,S007,보험료 할인 적용 문의,Y,Y,Y
VOC00206,주행 포인트 미적립 문의,주행 조건을 충족한 것으로 보이는데 포인트가 0으로 표시됩니다. 관련 기준도 함께 알려주세요.,포인트,적립,S001,주행 포인트 미적립,Y,Y,Y
VOC03230,비밀번호를 재설정하고 싶습니다,비밀번호 찾기 과정에서 [전화번호]로 인증번호가 오지 않습니다. 확인 부탁드립니다. 필요한 확인 항목이 있다면 안내 부탁드립니다.,회원,계정관리,S005,비밀번호 재설정,Y,Y,Y
VOC00218,주행 포인트 미적립 문의,주행 조건을 충족한 것으로 보이는데 포인트가 0으로 표시됩니다.,포인트,적립,S001,주행 포인트 미적립,Y,Y,Y
VOC03421,주행 데이터가 반영되지 않았어요,해당 시간대의 운전 내역이 누락되어 확인 요청드립니다. 처리 방법을 안내해주세요. 필요한 확인 항목이 있다면 안내 부탁드립니다.,주행,주행기록,S006,주행기록 미반영,Y,Y,Y
VOC08482,앱의 계약 내용이 맞지 않아요,보험 계약 정보 중 일부 항목이 잘못되어 수정 요청드립니다.,보험,계약정보,S013,계약정보 불일치,Y,Y,Y
VOC05550,앱 회원 탈퇴 방법 문의 처리 방법을 안내해주세요.,회원 탈퇴 시 남은 포인트와 주행기록이 어떻게 처리되는지 궁금합니다.,회원,계정관리,S009,회원 탈퇴,Y,Y,Y
VOC05430,서비스 계정을 삭제하고 싶어요,본인 인증 후 탈퇴가 완료되지 않아 확인 부탁드립니다.,회원,계정관리,S009,회원 탈퇴,Y,Y,Y
VOC02885,비밀번호를 재설정하고 싶습니다,비밀번호가 기억나지 않아 재설정하려고 합니다.,회원,계정관리,S005,비밀번호 재설정,Y,Y,Y
VOC06244,잘못 차감된 포인트 문의,결제를 취소했는데 차감된 포인트가 복구되지 않았습니다.,포인트,차감,S010,포인트 오차감,Y,Y,Y
VOC03365,최근 주행기록 누락 문의 확인 부탁드립니다.,운전을 완료했지만 최근 주행 목록에 추가되지 않았습니다.,주행,주행기록,S006,주행기록 미반영,Y,Y,Y
VOC04253,계약 할인 적용 상태 문의 앱에서 확인이 어려워 문의드립니다.,갱신 계약에 주행분석 할인 혜택이 반영되는지 문의드립니다.,보험,할인,S007,보험료 할인 적용 문의,Y,Y,Y
VOC00555,운전했는데 포인트가 안 들어왔어요,주행 조건을 충족한 것으로 보이는데 포인트가 0으로 표시됩니다.,포인트,적립,S001,주행 포인트 미적립,Y,Y,Y
VOC02940,비밀번호 찾기 인증 오류,비밀번호 변경 절차와 조건을 안내해주세요. 확인 부탁드립니다.,회원,계정관리,S005,비밀번호 재설정,Y,Y,Y
VOC04833,등록 차량 변경 요청 확인 부탁드립니다.,기존 차량을 삭제하고 새 차량을 등록하는 방법을 확인 부탁드립니다. 현재 화면에서 직접 수정할 수 없습니다.,차량,차량정보,S008,차량정보 변경,Y,Y,Y
VOC08842,회원정보의 전화번호가 다릅니다,휴대전화 번호를 바꿨는데 앱 회원정보에는 이전 번호가 표시됩니다.,회원,회원정보,S014,휴대전화 번호 변경,Y,Y,Y
VOC07045,앱 실행 중 오류가 발생합니다,앱을 실행하면 [에러코드] 오류가 표시되고 바로 종료됩니다. 확인 부탁드립니다.,앱,오류,S011,앱 실행 오류,Y,Y,Y
VOC08961,휴대전화 번호를 변경하고 싶습니다,등록된 연락처가 실제 사용하는 번호와 달라 수정 요청드립니다.,회원,회원정보,S014,휴대전화 번호 변경,Y,Y,Y
VOC01306,포인트 반영이 늦어지고 있습니다 관련 기준도 함께 알려주세요.,"포인트가 바로 들어오는지, 일정 시간이 필요한지 문의드립니다. 동일 현상이 반복되고 있습니다.",포인트,적립,S002,주행 포인트 적립 지연,Y,Y,Y
VOC00080,운전했는데 포인트가 안 들어왔어요,[날짜]에 주행을 완료했는데 포인트가 아직 적립되지 않았습니다. 앱에서 확인이 어려워 문의드립니다.,포인트,적립,S001,주행 포인트 미적립,Y,Y,Y
VOC02377,계속 로그인에 실패합니다 처리 방법을 안내해주세요.,[오류코드] 메시지가 표시되면서 앱에 접속할 수 없습니다.,회원,로그인,S004,로그인 오류,Y,Y,Y
VOC01537,포인트를 사용할 수 있는 곳 확인 부탁드립니다.,앱에 [금액] 포인트가 있는데 사용 가능한 항목을 확인하고 싶습니다. 확인 부탁드립니다.,포인트,사용,S003,포인트 사용처 문의,Y,Y,Y
VOC03881,앱에서 운전 기록 확인 불가,주행 종료 후에도 거리와 시간이 0으로 표시됩니다. 현재 화면에서 직접 수정할 수 없습니다.,주행,주행기록,S006,주행기록 미반영,Y,Y,Y
VOC03219,비밀번호가 기억나지 않아요,새 비밀번호를 입력했지만 변경이 완료정상적으로 처리되지 않습니다.,회원,계정관리,S005,비밀번호 재설정,Y,Y,Y
VOC07826,사건번호 처리 상태 확인,사건번호 [사건번호]와 관련해 현재 처리 단계를 확인하고 싶습니다.,사고,처리현황,S012,사고 처리 진행 문의,Y,Y,Y
VOC02897,비밀번호 변경이 되지 않습니다,새 비밀번호를 입력했지만 변경이 완료정상적으로 처리되지 않습니다. 빠른 확인 요청드립니다. 동일 현상이 반복되고 있습니다.,회원,계정관리,S005,비밀번호 재설정,Y,Y,Y
VOC02607,아이디 입력 후 접속 오류,아이디와 비밀번호를 입력해도 로그인 오류가 발생합니다. 처리 방법을 안내해주세요. 앱을 다시 실행해도 같은 상태입니다.,회원,로그인,S004,로그인 오류,Y,Y,Y
VOC06945,업데이트 후 앱이 열리지 않아요 관련 기준도 함께 알려주세요.,재설치 후에도 동일하게 앱이 강제 종료됩니다.,앱,오류,S011,앱 실행 오류,Y,Y,Y
VOC04555,보험료 할인 혜택이 궁금합니다,갱신 계약에 주행분석 할인 혜택이 반영되는지 문의드립니다.,보험,할인,S007,보험료 할인 적용 문의,Y,Y,Y
VOC00858,운전 후 포인트 반영 시간 문의,방금 운전한 기록은 보이는데 포인트는 처리 중으로 표시됩니다.,포인트,적립,S002,주행 포인트 적립 지연,Y,Y,Y
VOC03270,새 비밀번호 등록 문의,새 비밀번호를 입력했지만 변경이 완료되지 않습니다. 동일 현상이 반복되고 있습니다.,회원,계정관리,S005,비밀번호 재설정,Y,Y,Y
VOC02064,로그인 화면에서 넘어가지 않아요 처리 방법을 안내해주세요.,여러 번 시도했지만 인증 후 다시 로그인 화면으로 돌아옵니다.,회원,로그인,S004,로그인 오류,Y,Y,Y
VOC08076,보험 계약자 정보 오류,앱에 표시된 계약자명이 [계약자명]으로 되어 있는데 실제 정보와 다릅니다. 관련 기준도 함께 알려주세요.,보험,계약정보,S013,계약정보 불일치,Y,Y,Y
VOC04924,기존 차량 삭제 후 신규 등록,기존 차량을 삭제하고 새 차량을 등록하는 방법을 알려주세요. 앱에서 확인이 어려워 문의드립니다. 이전에 정상적으로 이용한 적이 있습니다.,차량,차량정보,S008,차량정보 변경,Y,Y,Y
VOC08293,보험 계약자 정보 오류,앱에 표시된 계약자명이 [계약자명]으로 되어 있는데 실제 정보와 다릅니다. 앱을 다시 실행해도 같은 상태입니다.,보험,계약정보,S013,계약정보 불일치,Y,Y,Y
VOC09204,등록 연락처 수정 요청,번호 변경 후 로그인 인증 문자가 이전 번호로 발송됩니다. 관련 기준도 함께 알려주세요. 이전에 정상적으로 이용한 적이 있습니다.,회원,회원정보,S014,휴대전화 번호 변경,Y,Y,Y
VOC07543,보상 처리 단계 문의,[날짜]에 접수한 사고의 담당자 배정 여부가 궁금합니다. 앱에서 확인이 어려워 문의드립니다. 이전에 정상적으로 이용한 적이 있습니다.,사고,처리현황,S012,사고 처리 진행 문의,Y,Y,Y
VOC08617,증권 정보 수정 문의,보험 계약 정보 중 일부 항목이 잘못되어 수정 요청드립니다. 관련 기준도 함께 알려주세요.,보험,계약정보,S013,계약정보 불일치,Y,Y,Y
VOC05831,서비스 계정을 삭제하고 싶어요 확인 부탁드립니다.,본인 인증 후 탈퇴가 완료되지 않아 확인 부탁드립니다.,회원,계정관리,S009,회원 탈퇴,Y,Y,Y
VOC09442,운전점수와 포인트 관계,짧은 거리 주행도 포인트 적립 대상인지 문의합니다.,포인트,적립기준,S015,포인트 적립 기준 문의,Y,Y,Y
VOC05319,앱 차량정보 수정 문의,기존 차량 [기존차량번호]에서 새 차량 [변경차량번호]로 변경했습니다.,차량,차량정보,S008,차량정보 변경,Y,Y,Y
VOC03355,주행 데이터가 반영되지 않았어요,해당 시간대의 운전 내역이 누락되어 확인 요청드립니다. 동일 현상이 반복되고 있습니다.,주행,주행기록,S006,주행기록 미반영,Y,Y,Y
VOC05869,가입 정보 삭제 요청,더 이상 서비스를 이용하지 않아 회원 탈퇴를 진행하고 싶습니다.,회원,계정관리,S009,회원 탈퇴,Y,Y,Y
VOC07293,업데이트 후 앱이 열리지 않아요,앱을 열면 흰 화면만 보이고 아무 기능도 사용할 수 없습니다.,앱,오류,S011,앱 실행 오류,Y,Y,Y
VOC00764,운전 후 포인트 반영 시간 문의 확인 부탁드립니다.,주행 후 몇 시간이 지났는데 아직 적립 대기 상태입니다.,포인트,적립,S002,주행 포인트 적립 지연,Y,Y,Y
VOC09539,운전점수와 포인트 관계,주행거리와 운전점수에 따라 포인트가 어떻게 산정되는지 알고 싶습니다. 관련 기준도 함께 알려주세요.,포인트,적립기준,S015,포인트 적립 기준 문의,Y,Y,Y
VOC05335,차량을 변경했습니다,차량번호 변경 후 주행 서비스 연결 방법을 문의드립니다. 필요한 확인 항목이 있다면 안내 부탁드립니다.,차량,차량정보,S008,차량정보 변경,Y,Y,Y
VOC09686,운전점수와 포인트 관계,짧은 거리 주행도 포인트 적립 대상인지 문의드립니다.,포인트,적립기준,S015,포인트 적립 기준 문의,Y,Y,Y
VOC02745,비밀번호가 기억나지 않아요,비밀번호가 기억나지 않아 재설정하려고 합니다.,회원,계정관리,S005,비밀번호 재설정,Y,Y,Y
VOC02183,앱 로그인이 정상적으로 처리되지 않습니다,여러 번 시도했지만 인증 후 다시 로그인 화면으로 돌아옵니다. 앱을 다시 실행해도 같은 상태입니다.,회원,로그인,S004,로그인 오류,Y,Y,Y
VOC00074,포인트가 누락된 것 같습니다 관련 기준도 함께 알려주세요.,지난 주행 건에 대한 포인트를 받지 못했습니다. 확인 부탁드립니다.,포인트,적립,S001,주행 포인트 미적립,Y,Y,Y
VOC00215,운전했는데 포인트가 안 들어왔어요,주행 조건을 충족한 것으로 보이는데 포인트가 0으로 표시됩니다. 관련 기준도 함께 알려주세요. 필요한 확인 항목이 있다면 안내 부탁드립니다.,포인트,적립,S001,주행 포인트 미적립,Y,Y,Y
VOC00175,주행 후 포인트가 없습니다 빠른 확인 요청드립니다.,지난 주행 건에 대한 포인트를 받지 못했습니다. 확인 부탁드립니다. 빠른 확인 요청드립니다.,포인트,적립,S001,주행 포인트 미적립,Y,Y,Y
VOC02904,비밀번호 변경이 되지 않습니다 빠른 확인 요청드립니다.,비밀번호 변경 절차와 조건을 안내해주세요.,회원,계정관리,S005,비밀번호 재설정,Y,Y,Y
VOC04072,계약 할인 적용 상태 문의,증권번호 [증권번호] 계약에 안전운전 할인이 적용됐는지 확인하고 싶습니다. 관련 기준도 함께 알려주세요.,보험,할인,S007,보험료 할인 적용 문의,Y,Y,Y
VOC08972,기존 전화번호 변경 문의,휴대전화 번호를 바꿨는데 앱 회원정보에는 이전 번호가 표시됩니다.,회원,회원정보,S014,휴대전화 번호 변경,Y,Y,Y
VOC08952,회원정보의 전화번호가 다릅니다,새 번호로 본인 인증을 진행하는 방법을 확인 부탁드립니다. 관련 기준도 함께 알려주세요.,회원,회원정보,S014,휴대전화 번호 변경,Y,Y,Y
VOC03334,비밀번호 찾기 인증 오류 확인 부탁드립니다.,비밀번호 변경 절차와 조건을 안내해주세요. 확인 부탁드립니다.,회원,계정관리,S005,비밀번호 재설정,Y,Y,Y
VOC00691,포인트 반영이 늦어지고 있습니다,[시간]에 주행을 종료했습니다. 포인트 반영 예정 시간을 알고 싶습니다.,포인트,적립,S002,주행 포인트 적립 지연,Y,Y,Y
VOC09432,포인트 적립 기준이 궁금합니다,주행거리와 운전점수에 따라 포인트가 어떻게 산정되는지 알고 싶습니다.,포인트,적립기준,S015,포인트 적립 기준 문의,Y,Y,Y
VOC00927,포인트가 아직 처리되지 않았어요,[시간]에 주행을 종료했습니다. 포인트 반영 예정 시간을 알고 싶습니다.,포인트,적립,S002,주행 포인트 적립 지연,Y,Y,Y
VOC03161,비밀번호 찾기 인증 오류,본인 인증 후 비밀번호 재설정 화면으로 이동하지 않습니다. 동일 현상이 반복되고 있습니다.,회원,계정관리,S005,비밀번호 재설정,Y,Y,Y
VOC05136,등록 차량 변경 요청,차량번호 변경 후 주행 서비스 연결 방법을 문의합니다.,차량,차량정보,S008,차량정보 변경,Y,Y,Y
VOC05649,회원 탈퇴를 요청합니다 관련 기준도 함께 알려주세요.,앱에서 탈퇴 메뉴를 찾을 수 없어 문의드립니다.,회원,계정관리,S009,회원 탈퇴,Y,Y,Y
VOC02022,계정 접속이 불가능합니다 빠른 확인 요청드립니다.,기존에 사용하던 계정으로 접속되지 않아 문의합니다. 처리 방법을 안내해주세요.,회원,로그인,S004,로그인 오류,Y,Y,Y
VOC07146,앱 실행 중 오류가 발생합니다,앱을 열면 흰 화면만 보이고 아무 기능도 사용할 수 없습니다. 관련 기준도 함께 알려주세요.,앱,오류,S011,앱 실행 오류,Y,Y,Y
VOC03664,운전한 내역이 앱에 없습니다,주행 종료 후에도 거리와 시간이 0으로 표시됩니다.,주행,주행기록,S006,주행기록 미반영,Y,Y,Y
VOC01778,포인트 사용 가능 서비스 문의 처리 방법을 안내해주세요.,적립된 포인트의 사용처와 사용 절차를 안내 부탁드립니다.,포인트,사용,S003,포인트 사용처 문의,Y,Y,Y
VOC03314,새 비밀번호 등록 문의,본인 인증 후 비밀번호 재설정 화면으로 이동하지 않습니다. 동일 현상이 반복되고 있습니다.,회원,계정관리,S005,비밀번호 재설정,Y,Y,Y
VOC03039,비밀번호 변경이 되지 않습니다,본인 인증 후 비밀번호 재설정 화면으로 이동하지 않습니다.,회원,계정관리,S005,비밀번호 재설정,Y,Y,Y
VOC09010,회원정보의 전화번호가 다릅니다,기존 번호 [기존전화번호]에서 새 번호 [변경전화번호]로 변경하고 싶습니다.,회원,회원정보,S014,휴대전화 번호 변경,Y,Y,Y
VOC03335,새 비밀번호 등록 문의,비밀번호가 기억나지 않아 재설정하려고 합니다.,회원,계정관리,S005,비밀번호 재설정,Y,Y,Y
VOC05812,앱 회원 탈퇴 방법 문의,회원 탈퇴 시 남은 포인트와 주행기록이 어떻게 처리되는지 궁금합니다.,회원,계정관리,S009,회원 탈퇴,Y,Y,Y
VOC03829,주행기록이 보이지 않습니다,주행 종료 후에도 거리와 시간이 0으로 표시됩니다.,주행,주행기록,S006,주행기록 미반영,Y,Y,Y
VOC02150,계속 로그인에 실패합니다 관련 기준도 함께 알려주세요.,아이디와 비밀번호를 입력해도 로그인 오류가 발생합니다. 필요한 확인 항목이 있다면 안내 부탁드립니다.,회원,로그인,S004,로그인 오류,Y,Y,Y
VOC06300,포인트가 갑자기 줄었습니다,어제 확인한 잔액과 오늘 잔액이 달라서 문의드립니다.,포인트,차감,S010,포인트 오차감,Y,Y,Y
VOC02111,계정 접속이 불가능합니다,[에러코드] 메시지가 표시되면서 앱에 접속할 수 없습니다. 처리 방법을 안내해주세요.,회원,로그인,S004,로그인 오류,Y,Y,Y
VOC01194,주행 포인트는 언제 들어오나요 처리 방법을 안내해주세요.,주행 후 몇 시간이 지났는데 아직 적립 대기 상태입니다.,포인트,적립,S002,주행 포인트 적립 지연,Y,Y,Y
VOC08890,등록 연락처 수정 요청,등록된 연락처가 실제 사용하는 번호와 달라 수정 요청드립니다. 관련 기준도 함께 알려주세요.,회원,회원정보,S014,휴대전화 번호 변경,Y,Y,Y
VOC00287,주행 포인트가 적립되지 않았습니다,[출발지]-[도착지] 구간을 운전했는데 적립 내역이 확인되지 않습니다.,포인트,적립,S001,주행 포인트 미적립,Y,Y,Y
VOC02348,계정 접속이 불가능합니다,아이디와 비밀번호를 입력해도 로그인 오류가 발생합니다.,회원,로그인,S004,로그인 오류,Y,Y,Y
VOC04945,새 차량으로 바꾸고 싶어요,보험 계약 차량은 변경됐는데 앱에는 이전 차량이 표시됩니다.,차량,차량정보,S008,차량정보 변경,Y,Y,Y
VOC09473,어떤 주행이 포인트 대상인가요,짧은 거리 주행도 포인트 적립 대상인지 문의드립니다.,포인트,적립기준,S015,포인트 적립 기준 문의,Y,Y,Y
VOC07275,서비스 실행 불가 문의 관련 기준도 함께 알려주세요.,업데이트 이후 첫 화면에서 멈추고 다음으로 넘어가지 않습니다.,앱,오류,S011,앱 실행 오류,Y,Y,Y
VOC02623,로그인 화면에서 넘어가지 않아요 관련 기준도 함께 알려주세요.,아이디와 비밀번호를 입력해도 로그인 오류가 발생합니다. 앱을 다시 실행해도 같은 상태입니다.,회원,로그인,S004,로그인 오류,Y,Y,Y
VOC00269,주행 포인트 미적립 문의,운전 기록은 정상적으로 보이지만 포인트가 들어오지 않았습니다. 빠른 확인 요청드립니다.,포인트,적립,S001,주행 포인트 미적립,Y,Y,Y
VOC05425,더 이상 서비스를 이용하지 않습니다 확인 부탁드립니다.,본인 인증 후 탈퇴가 완료되지 않아 확인 부탁드립니다. 앱에서 확인이 어려워 문의드립니다. 이전에 정상적으로 이용한 적이 있습니다.,회원,계정관리,S009,회원 탈퇴,Y,Y,Y
VOC07096,업데이트 후 앱이 열리지 않아요,앱을 열면 흰 화면만 보이고 아무 기능도 사용할 수 없습니다. 빠른 확인 요청드립니다.,앱,오류,S011,앱 실행 오류,Y,Y,Y
VOC06483,포인트 잔액 오류,포인트 내역에 알 수 없는 차감 기록이 있습니다.,포인트,차감,S010,포인트 오차감,Y,Y,Y
VOC08547,계약 차량 정보 불일치,증권번호 [증권번호]의 차량정보가 현재 차량과 일치하지 않습니다.,보험,계약정보,S013,계약정보 불일치,Y,Y,Y
VOC01236,주행 포인트는 언제 들어오나요,"포인트가 바로 들어오는지, 일정 시간이 필요한지 문의드립니다. 처리 방법을 안내해주세요.",포인트,적립,S002,주행 포인트 적립 지연,Y,Y,Y
VOC05648,더 이상 서비스를 이용하지 않습니다,계정과 저장된 개인정보를 삭제하는 절차를 알려주세요. 관련 기준도 함께 알려주세요.,회원,계정관리,S009,회원 탈퇴,Y,Y,Y
VOC09119,기존 전화번호 변경 문의 확인 부탁드립니다.,휴대전화 번호를 바꿨는데 앱 회원정보에는 이전 번호가 표시됩니다. 관련 기준도 함께 알려주세요.,회원,회원정보,S014,휴대전화 번호 변경,Y,Y,Y
VOC06021,잘못 차감된 포인트 문의,포인트 사용 이력과 실제 잔액이 맞지 않습니다. 관련 기준도 함께 알려주세요.,포인트,차감,S010,포인트 오차감,Y,Y,Y
VOC04810,새 차량으로 바꾸고 싶어요,차량을 교체해서 앱의 등록 정보를 수정하고 싶습니다.,차량,차량정보,S008,차량정보 변경,Y,Y,Y
VOC04761,등록 차량 변경 요청,차량번호 변경 후 주행 서비스 연결 방법을 문의합니다.,차량,차량정보,S008,차량정보 변경,Y,Y,Y
VOC06102,잘못 차감된 포인트 문의,포인트 사용 이력과 실제 잔액이 맞지 않습니다.,포인트,차감,S010,포인트 오차감,Y,Y,Y
VOC02319,로그인 화면에서 넘어가지 않아요 앱에서 확인이 어려워 문의드립니다.,여러 번 시도했지만 인증 후 다시 로그인 화면으로 돌아옵니다.,회원,로그인,S004,로그인 오류,Y,Y,Y
VOC02032,아이디 입력 후 접속 오류,아이디와 비밀번호를 입력해도 로그인 오류가 발생합니다. 처리 방법을 안내해주세요.,회원,로그인,S004,로그인 오류,Y,Y,Y
VOC08871,회원정보의 전화번호가 다릅니다,새 번호로 본인 인증을 진행하는 방법을 안내 부탁드립니다.,회원,회원정보,S014,휴대전화 번호 변경,Y,Y,Y
VOC06600,포인트가 갑자기 줄었습니다,포인트 사용 이력과 실제 잔액이 맞지 않습니다. 관련 기준도 함께 알려주세요.,포인트,차감,S010,포인트 오차감,Y,Y,Y
VOC04849,등록 차량 변경 요청,차량을 교체해서 앱의 등록 정보를 수정하고 싶습니다. 현재 화면에서 직접 수정할 수 없습니다.,차량,차량정보,S008,차량정보 변경,Y,Y,Y
VOC08598,증권 정보 수정 문의,증권번호 [계약번호]의 차량정보가 현재 차량과 일치하지 않습니다.,보험,계약정보,S013,계약정보 불일치,Y,Y,Y
VOC00151,주행 포인트 미적립 문의,[접수일]에 주행을 완료했는데 포인트가 아직 적립되지 않았습니다.,포인트,적립,S001,주행 포인트 미적립,Y,Y,Y
VOC04890,등록 차량 변경 요청,기존 차량을 삭제하고 새 차량을 등록하는 방법을 알려주세요. 필요한 확인 항목이 있다면 안내 부탁드립니다.,차량,차량정보,S008,차량정보 변경,Y,Y,Y
VOC05117,기존 차량 삭제 후 신규 등록 앱에서 확인이 어려워 문의드립니다.,차량을 교체해서 앱의 등록 정보를 수정하고 싶습니다. 현재 화면에서 직접 수정할 수 없습니다.,차량,차량정보,S008,차량정보 변경,Y,Y,Y
VOC01765,포인트를 사용할 수 있는 곳,앱에 [차감금액] 포인트가 있는데 사용 가능한 항목을 확인하고 싶습니다.,포인트,사용,S003,포인트 사용처 문의,Y,Y,Y
VOC09033,기존 전화번호 변경 문의 관련 기준도 함께 알려주세요.,휴대전화 번호를 바꿨는데 앱 회원정보에는 이전 번호가 표시됩니다.,회원,회원정보,S014,휴대전화 번호 변경,Y,Y,Y
VOC00247,포인트가 누락된 것 같습니다,주행 조건을 충족한 것으로 보이는데 포인트가 0으로 표시됩니다.,포인트,적립,S001,주행 포인트 미적립,Y,Y,Y
VOC07269,업데이트 후 앱이 열리지 않아요,재설치 후에도 동일하게 앱이 강제 종료됩니다.,앱,오류,S011,앱 실행 오류,Y,Y,Y
VOC01928,포인트 사용처가 궁금합니다,현재 보유한 포인트를 어디에서 사용할 수 있는지 확인 부탁드립니다. 앱에서 확인이 어려워 문의드립니다.,포인트,사용,S003,포인트 사용처 문의,Y,Y,Y
VOC09202,새 번호로 인증받고 싶어요,등록된 연락처가 실제 사용하는 번호와 달라 수정 요청드립니다. 이전에 정상적으로 이용한 적이 있습니다.,회원,회원정보,S014,휴대전화 번호 변경,Y,Y,Y
VOC08473,증권 정보 수정 문의,앱에 표시된 계약자명이 [계약자명]으로 되어 있는데 실제 정보와 다릅니다. 이전에 정상적으로 이용한 적이 있습니다.,보험,계약정보,S013,계약정보 불일치,Y,Y,Y
VOC00673,운전 후 포인트 반영 시간 문의,방금 운전한 기록은 보이는데 포인트는 처리 중으로 표시됩니다. 빠른 확인 요청드립니다.,포인트,적립,S002,주행 포인트 적립 지연,Y,Y,Y
VOC02227,아이디 입력 후 접속 오류,여러 번 시도했지만 인증 후 다시 로그인 화면으로 돌아옵니다.,회원,로그인,S004,로그인 오류,Y,Y,Y
VOC04056,안전운전 할인 적용 여부 문의,앱에는 할인 대상이라고 나오는데 실제 보험료에 적용됐는지 알고 싶습니다.,보험,할인,S007,보험료 할인 적용 문의,Y,Y,Y
VOC06837,앱이 계속 종료됩니다,업데이트 이후 첫 화면에서 멈추고 다음으로 넘어가지 않습니다. 앱을 다시 실행해도 같은 상태입니다.,앱,오류,S011,앱 실행 오류,Y,Y,Y
VOC08383,앱의 계약 내용이 맞지 않아요,앱에 표시된 계약자명이 [이름]으로 되어 있는데 실제 정보와 다릅니다.,보험,계약정보,S013,계약정보 불일치,Y,Y,Y
VOC06160,포인트 차감 내역이 이상합니다,포인트 내역에 알 수 없는 차감 기록이 있습니다.,포인트,차감,S010,포인트 오차감,Y,Y,Y
VOC07278,앱이 계속 종료됩니다,특정 메뉴에 들어가면 화면이 멈추는 현상이 반복됩니다.,앱,오류,S011,앱 실행 오류,Y,Y,Y
VOC01922,포인트 사용처가 궁금합니다,적립된 포인트의 사용처와 사용 절차를 안내 부탁드립니다. 빠른 확인 요청드립니다.,포인트,사용,S003,포인트 사용처 문의,Y,Y,Y
VOC03373,운전한 내역이 앱에 없습니다,주행 종료 후에도 거리와 시간이 0으로 표시됩니다.,주행,주행기록,S006,주행기록 미반영,Y,Y,Y
VOC09315,휴대전화 번호를 변경하고 싶습니다,등록된 연락처가 실제 사용하는 번호와 달라 수정 요청드립니다.,회원,회원정보,S014,휴대전화 번호 변경,Y,Y,Y
VOC01304,포인트 반영이 늦어지고 있습니다 관련 기준도 함께 알려주세요.,방금 운전한 기록은 보이는데 포인트는 처리 중으로 표시됩니다. 현재 화면에서 직접 수정할 수 없습니다.,포인트,적립,S002,주행 포인트 적립 지연,Y,Y,Y
VOC04276,보험료 할인 혜택이 궁금합니다 확인 부탁드립니다.,안전운전 점수와 보험료 할인 적용 기준을 안내해주세요. 앱에서 확인이 어려워 문의드립니다. 이전에 정상적으로 이용한 적이 있습니다.,보험,할인,S007,보험료 할인 적용 문의,Y,Y,Y
VOC07205,업데이트 후 앱이 열리지 않아요 확인 부탁드립니다.,재설치 후에도 동일하게 앱이 강제 종료됩니다.,앱,오류,S011,앱 실행 오류,Y,Y,Y
VOC06421,포인트가 갑자기 줄었습니다,포인트 사용 이력과 실제 잔액이 맞지 않습니다.,포인트,차감,S010,포인트 오차감,Y,Y,Y
VOC04262,안전운전 할인 적용 여부 문의 앱에서 확인이 어려워 문의드립니다.,현재 운전점수 기준으로 받을 수 있는 보험료 할인율이 궁금합니다.,보험,할인,S007,보험료 할인 적용 문의,Y,Y,Y
VOC02856,비밀번호를 재설정하고 싶습니다,본인 인증 후 비밀번호 재설정 화면으로 이동하지 않습니다.,회원,계정관리,S005,비밀번호 재설정,Y,Y,Y
VOC03773,앱에서 운전 기록 확인 불가,해당 시간대의 운전 내역이 누락되어 확인 요청드립니다.,주행,주행기록,S006,주행기록 미반영,Y,Y,Y
VOC07081,업데이트 후 앱이 열리지 않아요,업데이트 이후 첫 화면에서 멈추고 다음으로 넘어가지 않습니다. 동일 현상이 반복되고 있습니다.,앱,오류,S011,앱 실행 오류,Y,Y,Y
VOC00959,포인트 반영이 늦어지고 있습니다,방금 운전한 기록은 보이는데 포인트는 처리 중으로 표시됩니다. 앱에서 확인이 어려워 문의드립니다.,포인트,적립,S002,주행 포인트 적립 지연,Y,Y,Y
VOC08658,계약정보가 다르게 표시됩니다,보험 계약 정보 중 일부 항목이 잘못되어 수정 요청드립니다. 확인 부탁드립니다.,보험,계약정보,S013,계약정보 불일치,Y,Y,Y
VOC07956,사고 접수 후 연락이 없습니다,제출한 서류가 정상적으로 접수됐는지 알고 싶습니다. 확인 부탁드립니다.,사고,처리현황,S012,사고 처리 진행 문의,Y,Y,Y
VOC06271,포인트 차감 내역이 이상합니다,어제 확인한 잔액과 오늘 잔액이 달라서 문의드립니다.,포인트,차감,S010,포인트 오차감,Y,Y,Y
VOC02095,로그인 화면에서 넘어가지 않아요,여러 번 시도했지만 인증 후 다시 로그인 화면으로 돌아옵니다.,회원,로그인,S004,로그인 오류,Y,Y,Y
VOC05646,더 이상 서비스를 이용하지 않습니다,본인 인증 후 탈퇴가 완료되지 않아 확인 부탁드립니다. 빠른 확인 요청드립니다.,회원,계정관리,S009,회원 탈퇴,Y,Y,Y
VOC05168,기존 차량 삭제 후 신규 등록 앱에서 확인이 어려워 문의드립니다.,기존 차량을 삭제하고 새 차량을 등록하는 방법을 알려주세요. 필요한 확인 항목이 있다면 안내 부탁드립니다.,차량,차량정보,S008,차량정보 변경,Y,Y,Y
VOC08601,계약정보가 다르게 표시됩니다,갱신한 계약이 앱에서 이전 계약으로 보입니다.,보험,계약정보,S013,계약정보 불일치,Y,Y,Y
VOC06990,서비스 실행 불가 문의,앱을 열면 흰 화면만 보이고 아무 기능도 사용할 수 없습니다.,앱,오류,S011,앱 실행 오류,Y,Y,Y
VOC05405,더 이상 서비스를 이용하지 않습니다,앱에서 탈퇴 메뉴를 찾을 수 없어 문의합니다.,회원,계정관리,S009,회원 탈퇴,Y,Y,Y
VOC08020,증권 정보 수정 문의 확인 부탁드립니다.,계약 기간과 보험료 정보가 가입 당시 안내와 다르게 표시됩니다.,보험,계약정보,S013,계약정보 불일치,Y,Y,Y
VOC06427,포인트 잔액 오류 앱에서 확인이 어려워 문의드립니다.,어제 확인한 잔액과 오늘 잔액이 달라서 문의드립니다.,포인트,차감,S010,포인트 오차감,Y,Y,Y
VOC01399,포인트 사용처가 궁금합니다,보험료 결제 외에도 포인트를 사용할 수 있는 곳이 있나요?,포인트,사용,S003,포인트 사용처 문의,Y,Y,Y
VOC06766,앱 실행 중 오류가 발생합니다,앱을 실행하면 [오류코드] 오류가 표시되고 바로 종료됩니다. 확인 부탁드립니다.,앱,오류,S011,앱 실행 오류,Y,Y,Y
VOC06311,포인트 잔액 오류,어제 확인한 잔액과 오늘 잔액이 달라서 문의드립니다.,포인트,차감,S010,포인트 오차감,Y,Y,Y
VOC09439,주행 포인트 산정 방법 문의 관련 기준도 함께 알려주세요.,주행거리와 운전점수에 따라 포인트가 어떻게 산정되는지 알고 싶습니다.,포인트,적립기준,S015,포인트 적립 기준 문의,Y,Y,Y
VOC04061,보험료 할인 혜택이 궁금합니다,현재 운전점수 기준으로 받을 수 있는 보험료 할인율이 궁금합니다. 관련 기준도 함께 알려주세요. 필요한 확인 항목이 있다면 안내 부탁드립니다.,보험,할인,S007,보험료 할인 적용 문의,Y,Y,Y
VOC00613,포인트가 누락된 것 같습니다,주행 조건을 충족한 것으로 보이는데 포인트가 0으로 표시됩니다. 현재 화면에서 직접 수정할 수 없습니다.,포인트,적립,S001,주행 포인트 미적립,Y,Y,Y
VOC03030,비밀번호 변경이 안 됩니다,비밀번호가 기억나지 않아 재설정하려고 합니다.,회원,계정관리,S005,비밀번호 재설정,Y,Y,Y
VOC09524,어떤 주행이 포인트 대상인가요,주행거리와 운전점수에 따라 포인트가 어떻게 산정되는지 알고 싶습니다.,포인트,적립기준,S015,포인트 적립 기준 문의,Y,Y,Y
VOC00878,포인트 반영이 늦어지고 있습니다,오늘 주행을 마쳤는데 포인트가 아직 반영되지 않았습니다. 보통 얼마나 걸리나요?,포인트,적립,S002,주행 포인트 적립 지연,Y,Y,Y
VOC08496,보험 계약자 정보 오류,증권번호 [계약번호]의 차량정보가 현재 차량과 일치하지 않습니다.,보험,계약정보,S013,계약정보 불일치,Y,Y,Y
VOC04388,보험료 할인이 반영됐나요 빠른 확인 요청드립니다.,앱에는 할인 대상이라고 나오는데 실제 보험료에 적용됐는지 알고 싶습니다.,보험,할인,S007,보험료 할인 적용 문의,Y,Y,Y
VOC06557,잘못 차감된 포인트 문의,사용한 적이 없는데 [금액] 포인트가 차감된 것으로 표시됩니다. 앱을 다시 실행해도 같은 상태입니다.,포인트,차감,S010,포인트 오차감,Y,Y,Y
VOC02991,새 비밀번호 등록 문의,비밀번호 찾기 과정에서 [기존전화번호]로 인증번호가 오지 않습니다.,회원,계정관리,S005,비밀번호 재설정,Y,Y,Y
VOC07882,사건번호 처리 상태 확인,보상 심사가 어느 단계까지 진행됐는지 확인 부탁드립니다. 현재 화면에서 직접 수정할 수 없습니다.,사고,처리현황,S012,사고 처리 진행 문의,Y,Y,Y
VOC03191,비밀번호를 재설정하고 싶습니다,새 비밀번호를 입력했지만 변경이 완료안 됩니다. 관련 기준도 함께 알려주세요.,회원,계정관리,S005,비밀번호 재설정,Y,Y,Y
VOC03356,주행 데이터가 반영되지 않았어요 관련 기준도 함께 알려주세요.,차량은 정상적으로 운행했는데 주행 데이터가 수집되지 않은 것 같습니다. 이전에 정상적으로 이용한 적이 있습니다.,주행,주행기록,S006,주행기록 미반영,Y,Y,Y
VOC07219,업데이트 후 앱이 열리지 않아요,재설치 후에도 동일하게 앱이 강제 종료됩니다. 빠른 확인 요청드립니다.,앱,오류,S011,앱 실행 오류,Y,Y,Y
VOC08860,회원정보의 전화번호가 다릅니다,새 번호로 본인 인증을 진행하는 방법을 안내 부탁드립니다.,회원,회원정보,S014,휴대전화 번호 변경,Y,Y,Y
VOC02789,새 비밀번호 등록 문의,비밀번호 찾기 과정에서 [전화번호]로 인증번호가 오지 않습니다. 처리 방법을 안내해주세요.,회원,계정관리,S005,비밀번호 재설정,Y,Y,Y
VOC02126,계정 접속이 불가능합니다,로그인 버튼을 눌러도 화면이 그대로입니다. 앱에서 확인이 어려워 문의드립니다.,회원,로그인,S004,로그인 오류,Y,Y,Y
VOC07564,접수한 사고는 어떻게 진행되고 있나요 빠른 확인 요청드립니다.,[주행일]에 접수한 사고의 담당자 배정 여부가 궁금합니다.,사고,처리현황,S012,사고 처리 진행 문의,Y,Y,Y
VOC00001,포인트가 누락된 것 같습니다,[출발지]에서 [도착지]까지 구간을 운전했는데 적립 내역이 확인되지 않습니다. 빠른 확인 요청드립니다.,포인트,적립,S001,주행 포인트 미적립,Y,Y,Y
VOC06256,포인트 차감 내역이 이상합니다 확인 부탁드립니다.,결제를 취소했는데 차감된 포인트가 복구되지 않았습니다. 앱에서 확인이 어려워 문의드립니다.,포인트,차감,S010,포인트 오차감,Y,Y,Y
VOC03098,새 비밀번호 등록 문의,비밀번호 찾기 과정에서 [전화번호]로 인증번호가 오지 않습니다. 처리 방법을 안내해주세요.,회원,계정관리,S005,비밀번호 재설정,Y,Y,Y
VOC03654,최근 주행기록 누락 문의,[접수일]에 [주행구간] 구간을 운전했는데 앱에서 기록이 보이지 않습니다. 확인 부탁드립니다.,주행,주행기록,S006,주행기록 미반영,Y,Y,Y
VOC09950,운전점수와 포인트 관계 관련 기준도 함께 알려주세요.,포인트 지급 대상과 제외 조건을 자세히 안내해주세요.,포인트,적립기준,S015,포인트 적립 기준 문의,Y,Y,Y
VOC08590,증권 정보 수정 문의,계약 기간과 보험료 정보가 가입 당시 안내와 다르게 표시됩니다.,보험,계약정보,S013,계약정보 불일치,Y,Y,Y
VOC09144,회원정보의 전화번호가 다릅니다,기존 번호 [전화번호]에서 새 번호 [변경전화번호]로 변경하고 싶습니다. 확인 부탁드립니다.,회원,회원정보,S014,휴대전화 번호 변경,Y,Y,Y
VOC06723,업데이트 후 앱이 열리지 않아요,업데이트 이후 첫 화면에서 멈추고 다음으로 넘어가지 않습니다.,앱,오류,S011,앱 실행 오류,Y,Y,Y
VOC00294,주행 후 포인트가 없습니다,[주행일]에 주행을 완료했는데 포인트가 아직 적립되지 않았습니다.,포인트,적립,S001,주행 포인트 미적립,Y,Y,Y
VOC05197,새 차량으로 바꾸고 싶어요 처리 방법을 안내해주세요.,보험 계약 차량은 변경됐는데 앱에는 이전 차량이 표시됩니다.,차량,차량정보,S008,차량정보 변경,Y,Y,Y
VOC00957,포인트가 아직 처리되지 않았어요,주행 후 몇 시간이 지났는데 아직 적립 대기 상태입니다.,포인트,적립,S002,주행 포인트 적립 지연,Y,Y,Y
VOC08731,휴대전화 번호를 변경하고 싶습니다 빠른 확인 요청드립니다.,새 번호로 본인 인증을 진행하는 방법을 알려주세요.,회원,회원정보,S014,휴대전화 번호 변경,Y,Y,Y
VOC05622,더 이상 서비스를 이용하지 않습니다,회원 탈퇴 시 남은 포인트와 주행기록이 어떻게 처리되는지 궁금합니다.,회원,계정관리,S009,회원 탈퇴,Y,Y,Y
VOC09633,어떤 주행이 포인트 대상인가요,주행거리와 운전점수에 따라 포인트가 어떻게 산정되는지 알고 싶습니다.,포인트,적립기준,S015,포인트 적립 기준 문의,Y,Y,Y
VOC02496,계속 로그인에 실패합니다,로그인 버튼을 눌러도 화면이 그대로입니다.,회원,로그인,S004,로그인 오류,Y,Y,Y
VOC01884,포인트를 사용할 수 있는 곳,앱에 [차감금액] 포인트가 있는데 사용 가능한 항목을 확인하고 싶습니다. 빠른 확인 요청드립니다.,포인트,사용,S003,포인트 사용처 문의,Y,Y,Y
VOC05640,더 이상 서비스를 이용하지 않습니다,회원 탈퇴 시 남은 포인트와 주행기록이 어떻게 처리되는지 궁금합니다.,회원,계정관리,S009,회원 탈퇴,Y,Y,Y
VOC01558,포인트 사용 가능 서비스 문의,적립된 포인트의 사용처와 사용 절차를 안내 부탁드립니다.,포인트,사용,S003,포인트 사용처 문의,Y,Y,Y
VOC06573,포인트가 갑자기 줄었습니다,포인트 사용 이력과 실제 잔액이 맞지 않습니다.,포인트,차감,S010,포인트 오차감,Y,Y,Y
VOC04988,기존 차량 삭제 후 신규 등록,보험 계약 차량은 변경됐는데 앱에는 이전 차량이 표시됩니다.,차량,차량정보,S008,차량정보 변경,Y,Y,Y
VOC05069,새 차량으로 바꾸고 싶어요,기존 차량 [차량번호]에서 새 차량 [새차량번호]로 변경했습니다. 이전에 정상적으로 이용한 적이 있습니다.,차량,차량정보,S008,차량정보 변경,Y,Y,Y
VOC05625,가입 정보 삭제 요청 앱에서 확인이 어려워 문의드립니다.,계정과 저장된 개인정보를 삭제하는 절차를 알려주세요. 처리 방법을 안내해주세요. 앱을 다시 실행해도 같은 상태입니다.,회원,계정관리,S009,회원 탈퇴,Y,Y,Y
VOC06195,사용하지 않은 포인트가 차감됐어요,포인트 내역에 알 수 없는 차감 기록이 있습니다.,포인트,차감,S010,포인트 오차감,Y,Y,Y
VOC02561,앱 로그인이 안 됩니다 확인 부탁드립니다.,여러 번 시도했지만 인증 후 다시 로그인 화면으로 돌아옵니다.,회원,로그인,S004,로그인 오류,Y,Y,Y
VOC04724,차량을 변경했습니다,기존 차량을 삭제하고 새 차량을 등록하는 방법을 알려주세요. 필요한 확인 항목이 있다면 안내 부탁드립니다.,차량,차량정보,S008,차량정보 변경,Y,Y,Y
VOC08795,등록 연락처 수정 요청,새 번호로 본인 인증을 진행하는 방법을 확인 부탁드립니다.,회원,회원정보,S014,휴대전화 번호 변경,Y,Y,Y
VOC07224,앱이 계속 종료됩니다,업데이트 이후 첫 화면에서 멈추고 다음으로 넘어가지 않습니다.,앱,오류,S011,앱 실행 오류,Y,Y,Y
VOC00415,주행 후 포인트가 없습니다,지난 주행 건에 대한 포인트를 받지 못했습니다. 확인 부탁드립니다. 앱을 다시 실행해도 같은 상태입니다.,포인트,적립,S001,주행 포인트 미적립,Y,Y,Y
VOC09035,기존 전화번호 변경 문의,새 번호로 본인 인증을 진행하는 방법을 알려주세요.,회원,회원정보,S014,휴대전화 번호 변경,Y,Y,Y
VOC08528,계약 차량 정보 불일치,증권번호 [계약번호]의 차량정보가 현재 차량과 일치하지 않습니다.,보험,계약정보,S013,계약정보 불일치,Y,Y,Y
VOC05152,앱 차량정보 수정 문의,차량을 교체해서 앱의 등록 정보를 수정하고 싶습니다.,차량,차량정보,S008,차량정보 변경,Y,Y,Y
VOC03980,최근 주행기록 누락 문의 처리 방법을 안내해주세요.,운전을 완료했지만 최근 주행 목록에 추가되지 않았습니다.,주행,주행기록,S006,주행기록 미반영,Y,Y,Y
VOC00514,주행 후 포인트가 없습니다 확인 부탁드립니다.,지난 주행 건에 대한 포인트를 받지 못했습니다. 확인 부탁드립니다.,포인트,적립,S001,주행 포인트 미적립,Y,Y,Y
VOC00290,운전했는데 포인트가 안 들어왔어요,운전 기록은 정상적으로 보이지만 포인트가 들어오지 않았습니다.,포인트,적립,S001,주행 포인트 미적립,Y,Y,Y
VOC08241,계약정보가 다르게 표시됩니다,갱신한 계약이 앱에서 이전 계약으로 보입니다.,보험,계약정보,S013,계약정보 불일치,Y,Y,Y
VOC07332,앱 화면이 멈춥니다,앱을 열면 흰 화면만 보이고 아무 기능도 사용할 수 없습니다. 처리 방법을 안내해주세요.,앱,오류,S011,앱 실행 오류,Y,Y,Y
VOC05889,회원 탈퇴를 요청합니다,계정과 저장된 개인정보를 삭제하는 절차를 알려주세요. 동일 현상이 반복되고 있습니다.,회원,계정관리,S009,회원 탈퇴,Y,Y,Y
VOC07856,사고 접수 후 연락이 없습니다 관련 기준도 함께 알려주세요.,사고 접수 이후 진행 상황 안내를 받지 못했습니다.,사고,처리현황,S012,사고 처리 진행 문의,Y,Y,Y
VOC08017,보험 계약자 정보 오류,갱신한 계약이 앱에서 이전 계약으로 보입니다. 이전에 정상적으로 이용한 적이 있습니다.,보험,계약정보,S013,계약정보 불일치,Y,Y,Y
VOC01244,포인트가 아직 처리되지 않았어요,오늘 주행을 마쳤는데 포인트가 아직 반영되지 않았습니다. 보통 얼마나 걸리나요? 현재 화면에서 직접 수정할 수 없습니다.,포인트,적립,S002,주행 포인트 적립 지연,Y,Y,Y
VOC05972,서비스 계정을 삭제하고 싶어요,계정과 저장된 개인정보를 삭제하는 절차를 알려주세요. 앱에서 확인이 어려워 문의드립니다. 현재 화면에서 직접 수정할 수 없습니다.,회원,계정관리,S009,회원 탈퇴,Y,Y,Y
VOC09571,어떤 주행이 포인트 대상인가요,짧은 거리 주행도 포인트 적립 대상인지 문의드립니다.,포인트,적립기준,S015,포인트 적립 기준 문의,Y,Y,Y
VOC01540,보유 포인트 사용 방법,보험료 결제 외에도 포인트를 사용할 수 있는 곳이 있나요? 동일 현상이 반복되고 있습니다.,포인트,사용,S003,포인트 사용처 문의,Y,Y,Y
VOC02744,비밀번호 변경이 되지 않습니다,비밀번호 변경 절차와 조건을 안내해주세요. 필요한 확인 항목이 있다면 안내 부탁드립니다.,회원,계정관리,S005,비밀번호 재설정,Y,Y,Y
VOC02109,계속 로그인에 실패합니다 관련 기준도 함께 알려주세요.,여러 번 시도했지만 인증 후 다시 로그인 화면으로 돌아옵니다. 앱에서 확인이 어려워 문의드립니다.,회원,로그인,S004,로그인 오류,Y,Y,Y
VOC05681,서비스 계정을 삭제하고 싶어요,앱에서 탈퇴 메뉴를 찾을 수 없어 문의드립니다.,회원,계정관리,S009,회원 탈퇴,Y,Y,Y
VOC00747,포인트 반영이 늦어지고 있습니다,주행 후 몇 시간이 지났는데 아직 적립 대기 상태입니다.,포인트,적립,S002,주행 포인트 적립 지연,Y,Y,Y
VOC09929,운전점수와 포인트 관계,주행거리와 운전점수에 따라 포인트가 어떻게 산정되는지 알고 싶습니다.,포인트,적립기준,S015,포인트 적립 기준 문의,Y,Y,Y
VOC04266,주행점수 할인 확인 요청,갱신 계약에 주행분석 할인 혜택이 반영되는지 확인 요청드립니다. 관련 기준도 함께 알려주세요.,보험,할인,S007,보험료 할인 적용 문의,Y,Y,Y
VOC03884,앱에서 운전 기록 확인 불가,[접수일]에 [주행구간] 구간을 운전했는데 앱에서 기록이 보이지 않습니다.,주행,주행기록,S006,주행기록 미반영,Y,Y,Y
VOC09219,휴대전화 번호를 변경하고 싶습니다,등록된 연락처가 실제 사용하는 번호와 달라 수정 요청드립니다. 현재 화면에서 직접 수정할 수 없습니다.,회원,회원정보,S014,휴대전화 번호 변경,Y,Y,Y
VOC01918,적립 포인트는 어디서 쓰나요 확인 부탁드립니다.,현재 보유한 포인트를 어디에서 사용할 수 있는지 알려주세요.,포인트,사용,S003,포인트 사용처 문의,Y,Y,Y
VOC02997,새 비밀번호 등록 문의,비밀번호 변경 절차와 조건을 안내해주세요. 확인 부탁드립니다. 동일 현상이 반복되고 있습니다.,회원,계정관리,S005,비밀번호 재설정,Y,Y,Y
VOC04754,새 차량으로 바꾸고 싶어요,차량번호 변경 후 주행 서비스 연결 방법을 문의드립니다. 빠른 확인 요청드립니다.,차량,차량정보,S008,차량정보 변경,Y,Y,Y
VOC05761,가입 정보 삭제 요청,더 이상 서비스를 이용하지 않아 회원 탈퇴를 진행하고 싶습니다.,회원,계정관리,S009,회원 탈퇴,Y,Y,Y
VOC02500,로그인 화면에서 넘어가지 않아요,여러 번 시도했지만 인증 후 다시 로그인 화면으로 돌아옵니다. 빠른 확인 요청드립니다.,회원,로그인,S004,로그인 오류,Y,Y,Y
VOC09287,회원정보의 전화번호가 다릅니다 빠른 확인 요청드립니다.,기존 번호 [기존전화번호]에서 새 번호 [새전화번호]로 변경하고 싶습니다.,회원,회원정보,S014,휴대전화 번호 변경,Y,Y,Y
VOC07652,사고 접수 후 연락이 없습니다 빠른 확인 요청드립니다.,사고 접수 이후 진행 상황 안내를 받지 못했습니다.,사고,처리현황,S012,사고 처리 진행 문의,Y,Y,Y
VOC06895,앱 화면이 멈춥니다,업데이트 이후 첫 화면에서 멈추고 다음으로 넘어가지 않습니다. 앱을 다시 실행해도 같은 상태입니다.,앱,오류,S011,앱 실행 오류,Y,Y,Y
VOC04739,새 차량으로 바꾸고 싶어요 처리 방법을 안내해주세요.,차량을 교체해서 앱의 등록 정보를 수정하고 싶습니다.,차량,차량정보,S008,차량정보 변경,Y,Y,Y
VOC04631,안전운전 할인 적용 여부 문의,앱에는 할인 대상이라고 나오는데 실제 보험료에 적용됐는지 알고 싶습니다.,보험,할인,S007,보험료 할인 적용 문의,Y,Y,Y
VOC04653,주행점수 할인 확인 요청 관련 기준도 함께 알려주세요.,갱신 계약에 주행분석 할인 혜택이 반영되는지 문의드립니다.,보험,할인,S007,보험료 할인 적용 문의,Y,Y,Y
VOC08772,등록 연락처 수정 요청,새 번호로 본인 인증을 진행하는 방법을 알려주세요.,회원,회원정보,S014,휴대전화 번호 변경,Y,Y,Y
VOC09526,어떤 주행이 포인트 대상인가요,짧은 거리 주행도 포인트 적립 대상인지 문의드립니다. 필요한 확인 항목이 있다면 안내 부탁드립니다.,포인트,적립기준,S015,포인트 적립 기준 문의,Y,Y,Y
VOC00394,운전했는데 포인트가 안 들어왔어요,[출발지]-[도착지] 구간을 운전했는데 적립 내역이 확인되지 않습니다. 확인 부탁드립니다.,포인트,적립,S001,주행 포인트 미적립,Y,Y,Y
VOC04931,새 차량으로 바꾸고 싶어요,차량을 교체해서 앱의 등록 정보를 수정하고 싶습니다.,차량,차량정보,S008,차량정보 변경,Y,Y,Y
VOC06719,앱 실행 중 오류가 발생합니다,재설치 후에도 동일하게 앱이 강제 종료됩니다. 동일 현상이 반복되고 있습니다.,앱,오류,S011,앱 실행 오류,Y,Y,Y
VOC02110,계정 접속이 불가능합니다,로그인 버튼을 눌러도 화면이 그대로입니다.,회원,로그인,S004,로그인 오류,Y,Y,Y
VOC02315,앱 로그인이 되지 않습니다 앱에서 확인이 어려워 문의드립니다.,기존에 사용하던 계정으로 접속되지 않아 문의드립니다.,회원,로그인,S004,로그인 오류,Y,Y,Y
VOC00525,운전했는데 포인트가 안 들어왔어요,[접수일]에 주행을 완료했는데 포인트가 아직 적립되지 않았습니다.,포인트,적립,S001,주행 포인트 미적립,Y,Y,Y
VOC02887,비밀번호가 기억나지 않아요 확인 부탁드립니다.,새 비밀번호를 입력했지만 변경이 완료되지 않습니다. 빠른 확인 요청드립니다.,회원,계정관리,S005,비밀번호 재설정,Y,Y,Y
VOC01659,포인트 사용 가능 서비스 문의,포인트 사용 가능한 서비스와 제한 조건이 안내받고 싶습니다. 필요한 확인 항목이 있다면 안내 부탁드립니다.,포인트,사용,S003,포인트 사용처 문의,Y,Y,Y
VOC03956,운전한 내역이 앱에 없습니다 관련 기준도 함께 알려주세요.,운전을 완료했지만 최근 주행 목록에 추가되지 않았습니다. 필요한 확인 항목이 있다면 안내 부탁드립니다.,주행,주행기록,S006,주행기록 미반영,Y,Y,Y
VOC03600,주행 데이터가 반영되지 않았어요 앱에서 확인이 어려워 문의드립니다.,차량은 정상적으로 운행했는데 주행 데이터가 수집되지 않은 것 같습니다. 필요한 확인 항목이 있다면 안내 부탁드립니다.,주행,주행기록,S006,주행기록 미반영,Y,Y,Y
VOC04990,앱 차량정보 수정 문의,기존 차량을 삭제하고 새 차량을 등록하는 방법을 확인 부탁드립니다.,차량,차량정보,S008,차량정보 변경,Y,Y,Y
VOC02321,아이디 입력 후 접속 오류,아이디와 비밀번호를 입력해도 로그인 오류가 발생합니다.,회원,로그인,S004,로그인 오류,Y,Y,Y
VOC04186,보험료 할인이 반영됐나요,증권번호 [계약번호] 계약에 안전운전 할인이 적용됐는지 확인하고 싶습니다. 확인 부탁드립니다. 앱을 다시 실행해도 같은 상태입니다.,보험,할인,S007,보험료 할인 적용 문의,Y,Y,Y
VOC04656,보험료 할인 혜택이 궁금합니다,갱신 계약에 주행분석 할인 혜택이 반영되는지 문의드립니다.,보험,할인,S007,보험료 할인 적용 문의,Y,Y,Y
VOC03625,주행 데이터가 반영되지 않았어요,운전을 완료했지만 최근 주행 목록에 추가되지 않았습니다. 빠른 확인 요청드립니다. 동일 현상이 반복되고 있습니다.,주행,주행기록,S006,주행기록 미반영,Y,Y,Y
VOC07036,앱 실행 중 오류가 발생합니다,특정 메뉴에 들어가면 화면이 멈추는 현상이 반복됩니다.,앱,오류,S011,앱 실행 오류,Y,Y,Y
VOC08141,증권 정보 수정 문의,앱에 표시된 계약자명이 [이름]으로 되어 있는데 실제 정보와 다릅니다. 빠른 확인 요청드립니다. 현재 화면에서 직접 수정할 수 없습니다.,보험,계약정보,S013,계약정보 불일치,Y,Y,Y
VOC04557,보험료 할인이 반영됐나요,증권번호 [증권번호] 계약에 안전운전 할인이 적용됐는지 확인하고 싶습니다.,보험,할인,S007,보험료 할인 적용 문의,Y,Y,Y
VOC00731,포인트 적립 처리 중 문의,주행 후 몇 시간이 지났는데 아직 적립 대기 상태입니다.,포인트,적립,S002,주행 포인트 적립 지연,Y,Y,Y
VOC01264,포인트가 아직 처리되지 않았어요,"포인트가 바로 들어오는지, 일정 시간이 필요한지 문의합니다. 앱에서 확인이 어려워 문의드립니다.",포인트,적립,S002,주행 포인트 적립 지연,Y,Y,Y
VOC04654,계약 할인 적용 상태 문의,증권번호 [증권번호] 계약에 안전운전 할인이 적용됐는지 확인하고 싶습니다.,보험,할인,S007,보험료 할인 적용 문의,Y,Y,Y
VOC04028,보험료 할인이 반영됐나요,현재 운전점수 기준으로 받을 수 있는 보험료 할인율이 궁금합니다.,보험,할인,S007,보험료 할인 적용 문의,Y,Y,Y
VOC03818,운전한 내역이 앱에 없습니다 앱에서 확인이 어려워 문의드립니다.,[접수일]에 [출발지]-[도착지] 구간을 운전했는데 앱에서 기록이 보이지 않습니다. 필요한 확인 항목이 있다면 안내 부탁드립니다.,주행,주행기록,S006,주행기록 미반영,Y,Y,Y
VOC07549,사고 접수 후 연락이 없습니다,[주행일]에 접수한 사고의 담당자 배정 여부가 궁금합니다.,사고,처리현황,S012,사고 처리 진행 문의,Y,Y,Y
VOC00700,포인트 반영이 늦어지고 있습니다,오늘 주행을 마쳤는데 포인트가 아직 반영되지 않았습니다. 보통 얼마나 걸리나요?,포인트,적립,S002,주행 포인트 적립 지연,Y,Y,Y
VOC04445,주행점수 할인 확인 요청,안전운전 점수와 보험료 할인 적용 기준을 안내해주세요.,보험,할인,S007,보험료 할인 적용 문의,Y,Y,Y
VOC03653,최근 주행기록 누락 문의,[날짜]에 [출발지]에서 [도착지]까지 구간을 운전했는데 앱에서 기록이 보이지 않습니다.,주행,주행기록,S006,주행기록 미반영,Y,Y,Y
VOC03700,운전한 내역이 앱에 없습니다,주행 종료 후에도 거리와 시간이 0으로 표시됩니다.,주행,주행기록,S006,주행기록 미반영,Y,Y,Y
VOC04006,계약 할인 적용 상태 문의 앱에서 확인이 어려워 문의드립니다.,현재 운전점수 기준으로 받을 수 있는 보험료 할인율이 궁금합니다. 확인 부탁드립니다.,보험,할인,S007,보험료 할인 적용 문의,Y,Y,Y
VOC05563,회원 탈퇴를 요청합니다,본인 인증 후 탈퇴가 완료되지 않아 확인 부탁드립니다.,회원,계정관리,S009,회원 탈퇴,Y,Y,Y
VOC05296,등록 차량 변경 요청 처리 방법을 안내해주세요.,기존 차량 [기존차량번호]에서 새 차량 [변경차량번호]로 변경했습니다.,차량,차량정보,S008,차량정보 변경,Y,Y,Y
VOC02550,계정 접속이 불가능합니다 빠른 확인 요청드립니다.,로그인 버튼을 눌러도 화면이 그대로입니다.,회원,로그인,S004,로그인 오류,Y,Y,Y
VOC06346,포인트 차감 내역이 이상합니다,사용한 적이 없는데 [포인트수량] 포인트가 차감된 것으로 표시됩니다. 앱에서 확인이 어려워 문의드립니다.,포인트,차감,S010,포인트 오차감,Y,Y,Y
VOC05585,앱 회원 탈퇴 방법 문의,더 이상 서비스를 이용하지 않아 회원 탈퇴를 진행하고 싶습니다.,회원,계정관리,S009,회원 탈퇴,Y,Y,Y
VOC01247,운전 후 포인트 반영 시간 문의,오늘 주행을 마쳤는데 포인트가 아직 반영되지 않았습니다. 보통 얼마나 걸리나요?,포인트,적립,S002,주행 포인트 적립 지연,Y,Y,Y
VOC03897,주행 데이터가 반영되지 않았어요 확인 부탁드립니다.,주행 종료 후에도 거리와 시간이 0으로 표시됩니다.,주행,주행기록,S006,주행기록 미반영,Y,Y,Y
VOC06886,업데이트 후 앱이 열리지 않아요,앱을 열면 흰 화면만 보이고 아무 기능도 사용할 수 없습니다.,앱,오류,S011,앱 실행 오류,Y,Y,Y
VOC08645,앱의 계약 내용이 맞지 않아요 빠른 확인 요청드립니다.,증권번호 [증권번호]의 차량정보가 현재 차량과 일치하지 않습니다.,보험,계약정보,S013,계약정보 불일치,Y,Y,Y
VOC07947,접수한 사고는 어떻게 진행되고 있나요,[접수일]에 접수한 사고의 담당자 배정 여부가 궁금합니다.,사고,처리현황,S012,사고 처리 진행 문의,Y,Y,Y
VOC00112,운전했는데 포인트가 안 들어왔어요,지난 주행 건에 대한 포인트를 받지 못했습니다. 확인 부탁드립니다.,포인트,적립,S001,주행 포인트 미적립,Y,Y,Y
VOC04522,보험료 할인 혜택이 궁금합니다,안전운전 점수와 보험료 할인 적용 기준을 안내해주세요. 동일 현상이 반복되고 있습니다.,보험,할인,S007,보험료 할인 적용 문의,Y,Y,Y
VOC05597,앱 회원 탈퇴 방법 문의 확인 부탁드립니다.,계정과 저장된 개인정보를 삭제하는 절차를 알려주세요.,회원,계정관리,S009,회원 탈퇴,Y,Y,Y
VOC08606,앱의 계약 내용이 맞지 않아요,갱신한 계약이 앱에서 이전 계약으로 보입니다.,보험,계약정보,S013,계약정보 불일치,Y,Y,Y
VOC04490,안전운전 할인 적용 여부 문의 앱에서 확인이 어려워 문의드립니다.,안전운전 점수와 보험료 할인 적용 기준을 안내해주세요.,보험,할인,S007,보험료 할인 적용 문의,Y,Y,Y
VOC00824,포인트 반영이 늦어지고 있습니다 앱에서 확인이 어려워 문의드립니다.,방금 운전한 기록은 보이는데 포인트는 처리 중으로 표시됩니다.,포인트,적립,S002,주행 포인트 적립 지연,Y,Y,Y
VOC08166,보험 계약자 정보 오류 확인 부탁드립니다.,앱에 표시된 계약자명이 [이름]으로 되어 있는데 실제 정보와 다릅니다.,보험,계약정보,S013,계약정보 불일치,Y,Y,Y
VOC08884,새 번호로 인증받고 싶어요,기존 번호 [기존전화번호]에서 새 번호 [변경전화번호]로 변경하고 싶습니다.,회원,회원정보,S014,휴대전화 번호 변경,Y,Y,Y
VOC05857,더 이상 서비스를 이용하지 않습니다 확인 부탁드립니다.,회원 탈퇴 시 남은 포인트와 주행기록이 어떻게 처리되는지 안내받고 싶습니다.,회원,계정관리,S009,회원 탈퇴,Y,Y,Y
VOC06816,앱 화면이 멈춥니다,앱을 열면 흰 화면만 보이고 아무 기능도 사용할 수 없습니다. 관련 기준도 함께 알려주세요.,앱,오류,S011,앱 실행 오류,Y,Y,Y
VOC00903,운전 후 포인트 반영 시간 문의 확인 부탁드립니다.,오늘 주행을 마쳤는데 포인트가 아직 반영되지 않았습니다. 보통 얼마나 걸리나요? 처리 방법을 안내해주세요.,포인트,적립,S002,주행 포인트 적립 지연,Y,Y,Y
VOC01640,포인트 사용 가능 서비스 문의,포인트 사용 가능한 서비스와 제한 조건이 궁금합니다.,포인트,사용,S003,포인트 사용처 문의,Y,Y,Y
VOC07244,업데이트 후 앱이 열리지 않아요,앱을 실행하면 [에러코드] 오류가 표시되고 바로 종료됩니다.,앱,오류,S011,앱 실행 오류,Y,Y,Y
VOC00375,주행 후 포인트가 없습니다,[날짜]에 주행을 완료했는데 포인트가 아직 적립되지 않았습니다.,포인트,적립,S001,주행 포인트 미적립,Y,Y,Y
VOC05169,등록 차량 변경 요청 빠른 확인 요청드립니다.,기존 차량을 삭제하고 새 차량을 등록하는 방법을 알려주세요.,차량,차량정보,S008,차량정보 변경,Y,Y,Y
VOC02143,로그인 화면에서 넘어가지 않아요,기존에 사용하던 계정으로 접속되지 않아 문의드립니다. 관련 기준도 함께 알려주세요.,회원,로그인,S004,로그인 오류,Y,Y,Y
VOC09363,운전점수와 포인트 관계,짧은 거리 주행도 포인트 적립 대상인지 문의드립니다. 관련 기준도 함께 알려주세요.,포인트,적립기준,S015,포인트 적립 기준 문의,Y,Y,Y
VOC06148,잘못 차감된 포인트 문의,포인트 사용 이력과 실제 잔액이 맞지 않습니다.,포인트,차감,S010,포인트 오차감,Y,Y,Y
VOC04771,차량을 변경했습니다,보험 계약 차량은 변경됐는데 앱에는 이전 차량이 표시됩니다.,차량,차량정보,S008,차량정보 변경,Y,Y,Y
VOC03277,비밀번호를 재설정하고 싶습니다 처리 방법을 안내해주세요.,새 비밀번호를 입력했지만 변경이 완료되지 않습니다.,회원,계정관리,S005,비밀번호 재설정,Y,Y,Y
VOC03249,비밀번호를 재설정하고 싶습니다,본인 인증 후 비밀번호 재설정 화면으로 이동하지 않습니다.,회원,계정관리,S005,비밀번호 재설정,Y,Y,Y
VOC08304,보험 계약자 정보 오류,보험 계약 정보 중 일부 항목이 잘못되어 수정 요청드립니다.,보험,계약정보,S013,계약정보 불일치,Y,Y,Y
VOC03452,주행기록이 보이지 않습니다,해당 시간대의 운전 내역이 누락되어 확인 요청드립니다.,주행,주행기록,S006,주행기록 미반영,Y,Y,Y
VOC05427,가입 정보 삭제 요청 처리 방법을 안내해주세요.,본인 인증 후 탈퇴가 완료되지 않아 확인 부탁드립니다.,회원,계정관리,S009,회원 탈퇴,Y,Y,Y
VOC08882,회원정보의 전화번호가 다릅니다 확인 부탁드립니다.,휴대전화 번호를 바꿨는데 앱 회원정보에는 이전 번호가 표시됩니다.,회원,회원정보,S014,휴대전화 번호 변경,Y,Y,Y
VOC09777,어떤 주행이 포인트 대상인가요,주행거리와 운전점수에 따라 포인트가 어떻게 산정되는지 알고 싶습니다.,포인트,적립기준,S015,포인트 적립 기준 문의,Y,Y,Y
VOC09973,주행 포인트 산정 방법 문의,급가속이나 급감속 기록이 포인트 적립에 영향을 주나요?,포인트,적립기준,S015,포인트 적립 기준 문의,Y,Y,Y
VOC04009,주행점수 할인 확인 요청,증권번호 [계약번호] 계약에 안전운전 할인이 적용됐는지 확인하고 싶습니다.,보험,할인,S007,보험료 할인 적용 문의,Y,Y,Y
VOC02260,로그인 화면에서 넘어가지 않아요 확인 부탁드립니다.,여러 번 시도했지만 인증 후 다시 로그인 화면으로 돌아옵니다. 동일 현상이 반복되고 있습니다.,회원,로그인,S004,로그인 오류,Y,Y,Y
VOC00312,주행 후 포인트가 없습니다 처리 방법을 안내해주세요.,[날짜]에 주행을 완료했는데 포인트가 아직 적립되지 않았습니다. 관련 기준도 함께 알려주세요. 현재 화면에서 직접 수정할 수 없습니다.,포인트,적립,S001,주행 포인트 미적립,Y,Y,Y
VOC02053,앱 로그인이 안 됩니다,여러 번 시도했지만 인증 후 다시 로그인 화면으로 돌아옵니다.,회원,로그인,S004,로그인 오류,Y,Y,Y
VOC02811,새 비밀번호 등록 문의 처리 방법을 안내해주세요.,새 비밀번호를 입력했지만 변경이 완료되지 않습니다.,회원,계정관리,S005,비밀번호 재설정,Y,Y,Y
VOC04495,주행점수 할인 확인 요청,증권번호 [계약번호] 계약에 안전운전 할인이 적용됐는지 확인하고 싶습니다.,보험,할인,S007,보험료 할인 적용 문의,Y,Y,Y
VOC07711,사고 처리 진행 상황 문의,사고 접수 이후 진행 상황 안내를 받지 못했습니다.,사고,처리현황,S012,사고 처리 진행 문의,Y,Y,Y
VOC08669,휴대전화 번호를 변경하고 싶습니다 확인 부탁드립니다.,번호 변경 후 로그인 인증 문자가 이전 번호로 발송됩니다. 확인 부탁드립니다.,회원,회원정보,S014,휴대전화 번호 변경,Y,Y,Y
VOC06247,잘못 차감된 포인트 문의,포인트 내역에 알 수 없는 차감 기록이 있습니다.,포인트,차감,S010,포인트 오차감,Y,Y,Y
VOC06359,사용하지 않은 포인트가 차감됐어요,사용한 적이 없는데 [금액] 포인트가 차감된 것으로 표시됩니다.,포인트,차감,S010,포인트 오차감,Y,Y,Y
VOC08912,기존 전화번호 변경 문의 빠른 확인 요청드립니다.,등록된 연락처가 실제 사용하는 번호와 달라 수정 요청드립니다. 앱을 다시 실행해도 같은 상태입니다.,회원,회원정보,S014,휴대전화 번호 변경,Y,Y,Y
VOC09926,포인트 지급 조건 안내 요청,짧은 거리 주행도 포인트 적립 대상인지 문의드립니다.,포인트,적립기준,S015,포인트 적립 기준 문의,Y,Y,Y
VOC07176,업데이트 후 앱이 열리지 않아요 빠른 확인 요청드립니다.,앱을 열면 흰 화면만 보이고 아무 기능도 사용할 수 없습니다.,앱,오류,S011,앱 실행 오류,Y,Y,Y
VOC04782,새 차량으로 바꾸고 싶어요 처리 방법을 안내해주세요.,기존 차량 [차량번호]에서 새 차량 [새차량번호]로 변경했습니다.,차량,차량정보,S008,차량정보 변경,Y,Y,Y
VOC09725,주행 포인트 산정 방법 문의,짧은 거리 주행도 포인트 적립 대상인지 문의드립니다.,포인트,적립기준,S015,포인트 적립 기준 문의,Y,Y,Y
VOC08037,계약정보가 다르게 표시됩니다,보험 계약 정보 중 일부 항목이 잘못되어 수정 요청드립니다.,보험,계약정보,S013,계약정보 불일치,Y,Y,Y
VOC05561,서비스 계정을 삭제하고 싶어요,앱에서 탈퇴 메뉴를 찾을 수 없어 문의드립니다.,회원,계정관리,S009,회원 탈퇴,Y,Y,Y
VOC09948,어떤 주행이 포인트 대상인가요,급가속이나 급감속 기록이 포인트 적립에 영향을 주나요? 빠른 확인 요청드립니다.,포인트,적립기준,S015,포인트 적립 기준 문의,Y,Y,Y
VOC00002,주행 포인트 미적립 문의,[주행일]에 주행을 완료했는데 포인트가 아직 적립되지 않았습니다.,포인트,적립,S001,주행 포인트 미적립,Y,Y,Y
VOC00193,주행 후 포인트가 없습니다,운전 기록은 정상적으로 보이지만 포인트가 들어오지 않았습니다.,포인트,적립,S001,주행 포인트 미적립,Y,Y,Y
VOC00778,포인트가 아직 처리되지 않았어요,[주행종료시간]에 주행을 종료했습니다. 포인트 반영 예정 시간을 알고 싶습니다. 확인 부탁드립니다.,포인트,적립,S002,주행 포인트 적립 지연,Y,Y,Y
VOC06989,앱 실행 중 오류가 발생합니다,앱을 실행하면 [에러코드] 오류가 표시되고 바로 종료됩니다.,앱,오류,S011,앱 실행 오류,Y,Y,Y
VOC05846,서비스 계정을 삭제하고 싶어요,회원 탈퇴 시 남은 포인트와 주행기록이 어떻게 처리되는지 궁금합니다.,회원,계정관리,S009,회원 탈퇴,Y,Y,Y
VOC02431,계정 접속이 불가능합니다,여러 번 시도했지만 인증 후 다시 로그인 화면으로 돌아옵니다. 관련 기준도 함께 알려주세요.,회원,로그인,S004,로그인 오류,Y,Y,Y
VOC06093,포인트 잔액 오류 빠른 확인 요청드립니다.,포인트 사용 이력과 실제 잔액이 맞지 않습니다. 필요한 확인 항목이 있다면 안내 부탁드립니다.,포인트,차감,S010,포인트 오차감,Y,Y,Y
VOC05421,앱 회원 탈퇴 방법 문의 관련 기준도 함께 알려주세요.,앱에서 탈퇴 메뉴를 찾을 수 없어 확인 요청드립니다.,회원,계정관리,S009,회원 탈퇴,Y,Y,Y
VOC04379,보험료 할인 혜택이 확인하고 싶습니다,갱신 계약에 주행분석 할인 혜택이 반영되는지 문의합니다.,보험,할인,S007,보험료 할인 적용 문의,Y,Y,Y
VOC04517,안전운전 할인 적용 여부 문의,앱에는 할인 대상이라고 나오는데 실제 보험료에 적용됐는지 알고 싶습니다.,보험,할인,S007,보험료 할인 적용 문의,Y,Y,Y
VOC04111,보험료 할인이 반영됐나요,현재 운전점수 기준으로 받을 수 있는 보험료 할인율이 궁금합니다.,보험,할인,S007,보험료 할인 적용 문의,Y,Y,Y
VOC01211,포인트 적립 처리 중 문의,주행 후 몇 시간이 지났는데 아직 적립 대기 상태입니다.,포인트,적립,S002,주행 포인트 적립 지연,Y,Y,Y
VOC01849,포인트 사용처가 궁금합니다,적립된 포인트의 사용처와 사용 절차를 안내 부탁드립니다. 빠른 확인 요청드립니다.,포인트,사용,S003,포인트 사용처 문의,Y,Y,Y
VOC09205,기존 전화번호 변경 문의,새 번호로 본인 인증을 진행하는 방법을 확인 부탁드립니다.,회원,회원정보,S014,휴대전화 번호 변경,Y,Y,Y
VOC04225,보험료 할인이 반영됐나요,앱에는 할인 대상이라고 나오는데 실제 보험료에 적용됐는지 알고 싶습니다.,보험,할인,S007,보험료 할인 적용 문의,Y,Y,Y
VOC09289,새 번호로 인증받고 싶어요,새 번호로 본인 인증을 진행하는 방법을 안내 부탁드립니다.,회원,회원정보,S014,휴대전화 번호 변경,Y,Y,Y
VOC09857,운전점수와 포인트 관계,포인트를 받기 위한 최소 주행 조건이 확인하고 싶습니다. 이전에 정상적으로 이용한 적이 있습니다.,포인트,적립기준,S015,포인트 적립 기준 문의,Y,Y,Y
VOC01686,포인트 사용 가능 서비스 문의,현재 보유한 포인트를 어디에서 사용할 수 있는지 알려주세요.,포인트,사용,S003,포인트 사용처 문의,Y,Y,Y
VOC08554,계약정보가 다르게 표시됩니다 관련 기준도 함께 알려주세요.,보험 계약 정보 중 일부 항목이 잘못되어 수정 요청드립니다.,보험,계약정보,S013,계약정보 불일치,Y,Y,Y
VOC02829,새 비밀번호 등록 문의 관련 기준도 함께 알려주세요.,비밀번호 변경 절차와 조건을 안내해주세요.,회원,계정관리,S005,비밀번호 재설정,Y,Y,Y
VOC05752,회원 탈퇴를 요청합니다 처리 방법을 안내해주세요.,더 이상 서비스를 이용하지 않아 회원 탈퇴를 진행하고 싶습니다. 확인 부탁드립니다.,회원,계정관리,S009,회원 탈퇴,Y,Y,Y
VOC06443,잘못 차감된 포인트 문의,포인트 내역에 알 수 없는 차감 기록이 있습니다.,포인트,차감,S010,포인트 오차감,Y,Y,Y
VOC07539,사고 접수 후 연락이 없습니다,사고 접수 이후 진행 상황 안내를 받지 못했습니다. 앱에서 확인이 어려워 문의드립니다.,사고,처리현황,S012,사고 처리 진행 문의,Y,Y,Y
VOC08294,계약 차량 정보 불일치 빠른 확인 요청드립니다.,계약 기간과 보험료 정보가 가입 당시 안내와 다르게 표시됩니다. 확인 부탁드립니다.,보험,계약정보,S013,계약정보 불일치,Y,Y,Y
VOC01197,주행 포인트는 언제 들어오나요,"포인트가 바로 들어오는지, 일정 시간이 필요한지 문의드립니다.",포인트,적립,S002,주행 포인트 적립 지연,Y,Y,Y
VOC01164,포인트가 아직 처리되지 않았어요,[접수시간]에 주행을 종료했습니다. 포인트 반영 예정 시간을 알고 싶습니다. 관련 기준도 함께 알려주세요.,포인트,적립,S002,주행 포인트 적립 지연,Y,Y,Y
VOC04032,주행점수 할인 확인 요청 관련 기준도 함께 알려주세요.,앱에는 할인 대상이라고 나오는데 실제 보험료에 적용됐는지 알고 싶습니다.,보험,할인,S007,보험료 할인 적용 문의,Y,Y,Y
VOC06309,사용하지 않은 포인트가 차감됐어요,포인트 사용 이력과 실제 잔액이 맞지 않습니다.,포인트,차감,S010,포인트 오차감,Y,Y,Y
VOC07751,사고 처리 진행 상황 문의,[접수일]에 접수한 사고의 담당자 배정 여부가 궁금합니다. 확인 부탁드립니다.,사고,처리현황,S012,사고 처리 진행 문의,Y,Y,Y
VOC01175,운전 후 포인트 반영 시간 문의,[시간]에 주행을 종료했습니다. 포인트 반영 예정 시간을 알고 싶습니다.,포인트,적립,S002,주행 포인트 적립 지연,Y,Y,Y
VOC07629,접수한 사고는 어떻게 진행되고 있나요,[날짜]에 접수한 사고의 담당자 배정 여부가 궁금합니다.,사고,처리현황,S012,사고 처리 진행 문의,Y,Y,Y
VOC01859,적립 포인트는 어디서 쓰나요,앱에 [포인트수량] 포인트가 있는데 사용 가능한 항목을 확인하고 싶습니다. 확인 부탁드립니다.,포인트,사용,S003,포인트 사용처 문의,Y,Y,Y
VOC05818,회원 탈퇴를 요청합니다,회원 탈퇴 시 남은 포인트와 주행기록이 어떻게 처리되는지 궁금합니다.,회원,계정관리,S009,회원 탈퇴,Y,Y,Y
VOC06728,서비스 실행 불가 문의,앱을 열면 흰 화면만 보이고 아무 기능도 사용할 수 없습니다.,앱,오류,S011,앱 실행 오류,Y,Y,Y
VOC02861,새 비밀번호 등록 문의,비밀번호 찾기 과정에서 [기존전화번호]로 인증번호가 오지 않습니다.,회원,계정관리,S005,비밀번호 재설정,Y,Y,Y
VOC04982,앱 차량정보 수정 문의,차량을 교체해서 앱의 등록 정보를 수정하고 싶습니다. 확인 부탁드립니다.,차량,차량정보,S008,차량정보 변경,Y,Y,Y
VOC02733,새 비밀번호 등록 문의 관련 기준도 함께 알려주세요.,비밀번호가 기억나지 않아 재설정하려고 합니다.,회원,계정관리,S005,비밀번호 재설정,Y,Y,Y
VOC04648,보험료 할인 혜택이 궁금합니다,안전운전 점수와 보험료 할인 적용 기준을 안내해주세요.,보험,할인,S007,보험료 할인 적용 문의,Y,Y,Y
VOC01583,포인트 사용 가능 서비스 문의,현재 보유한 포인트를 어디에서 사용할 수 있는지 알려주세요.,포인트,사용,S003,포인트 사용처 문의,Y,Y,Y
VOC01706,보유 포인트 사용 방법,앱에 [차감금액] 포인트가 있는데 사용 가능한 항목을 확인하고 싶습니다. 앱을 다시 실행해도 같은 상태입니다.,포인트,사용,S003,포인트 사용처 문의,Y,Y,Y
VOC06815,업데이트 후 앱이 열리지 않아요,특정 메뉴에 들어가면 화면이 멈추는 현상이 반복됩니다.,앱,오류,S011,앱 실행 오류,Y,Y,Y
VOC06203,포인트 잔액 오류 관련 기준도 함께 알려주세요.,포인트 내역에 알 수 없는 차감 기록이 있습니다.,포인트,차감,S010,포인트 오차감,Y,Y,Y
VOC08033,계약 차량 정보 불일치,보험 계약 정보 중 일부 항목이 잘못되어 수정 요청드립니다. 동일 현상이 반복되고 있습니다.,보험,계약정보,S013,계약정보 불일치,Y,Y,Y
VOC06197,잘못 차감된 포인트 문의 앱에서 확인이 어려워 문의드립니다.,포인트 사용 이력과 실제 잔액이 맞지 않습니다. 동일 현상이 반복되고 있습니다.,포인트,차감,S010,포인트 오차감,Y,Y,Y
VOC07511,사건번호 처리 상태 확인,보상 심사가 어느 단계까지 진행됐는지 확인 부탁드립니다. 현재 화면에서 직접 수정할 수 없습니다.,사고,처리현황,S012,사고 처리 진행 문의,Y,Y,Y
VOC03186,비밀번호 찾기 인증 오류,비밀번호가 기억나지 않아 재설정하려고 합니다.,회원,계정관리,S005,비밀번호 재설정,Y,Y,Y
VOC05243,새 차량으로 바꾸고 싶어요,기존 차량을 삭제하고 새 차량을 등록하는 방법을 알려주세요. 관련 기준도 함께 알려주세요.,차량,차량정보,S008,차량정보 변경,Y,Y,Y
VOC02220,앱 로그인이 안 됩니다,로그인 버튼을 눌러도 화면이 그대로입니다.,회원,로그인,S004,로그인 오류,Y,Y,Y
VOC00836,포인트 적립 처리 중 문의,방금 운전한 기록은 보이는데 포인트는 처리 중으로 표시됩니다.,포인트,적립,S002,주행 포인트 적립 지연,Y,Y,Y
VOC07145,앱 화면이 멈춥니다 앱에서 확인이 어려워 문의드립니다.,특정 메뉴에 들어가면 화면이 멈추는 현상이 반복됩니다.,앱,오류,S011,앱 실행 오류,Y,Y,Y
VOC07011,앱 화면이 멈춥니다,특정 메뉴에 들어가면 화면이 멈추는 현상이 반복됩니다.,앱,오류,S011,앱 실행 오류,Y,Y,Y
VOC07903,사고 접수 후 연락이 없습니다 빠른 확인 요청드립니다.,사고 접수 이후 진행 상황 안내를 받지 못했습니다.,사고,처리현황,S012,사고 처리 진행 문의,Y,Y,Y
VOC00719,주행 포인트는 언제 들어오나요,"포인트가 바로 들어오는지, 일정 시간이 필요한지 문의합니다.",포인트,적립,S002,주행 포인트 적립 지연,Y,Y,Y
VOC02083,계정 접속이 불가능합니다,로그인 버튼을 눌러도 화면이 그대로입니다.,회원,로그인,S004,로그인 오류,Y,Y,Y
VOC09453,포인트 적립 기준이 궁금합니다,포인트 지급 대상과 제외 조건을 자세히 안내해주세요.,포인트,적립기준,S015,포인트 적립 기준 문의,Y,Y,Y
VOC04352,주행점수 할인 확인 요청 빠른 확인 요청드립니다.,증권번호 [계약번호] 계약에 안전운전 할인이 적용됐는지 확인하고 싶습니다. 앱에서 확인이 어려워 문의드립니다.,보험,할인,S007,보험료 할인 적용 문의,Y,Y,Y
VOC09755,포인트 적립 기준이 확인하고 싶습니다 확인 부탁드립니다.,주행거리와 운전점수에 따라 포인트가 어떻게 산정되는지 알고 싶습니다. 확인 부탁드립니다.,포인트,적립기준,S015,포인트 적립 기준 문의,Y,Y,Y
VOC08264,보험 계약자 정보 오류,앱에 표시된 계약자명이 [계약자명]으로 되어 있는데 실제 정보와 다릅니다. 동일 현상이 반복되고 있습니다.,보험,계약정보,S013,계약정보 불일치,Y,Y,Y
VOC07391,사고 처리 진행 상황 문의 처리 방법을 안내해주세요.,제출한 서류가 정상적으로 접수됐는지 알고 싶습니다.,사고,처리현황,S012,사고 처리 진행 문의,Y,Y,Y
VOC07252,앱 실행 중 오류가 발생합니다,앱을 실행하면 [오류코드] 오류가 표시되고 바로 종료됩니다.,앱,오류,S011,앱 실행 오류,Y,Y,Y
VOC05291,차량을 변경했습니다 관련 기준도 함께 알려주세요.,차량번호 변경 후 주행 서비스 연결 방법을 문의드립니다. 처리 방법을 안내해주세요.,차량,차량정보,S008,차량정보 변경,Y,Y,Y
VOC06654,사용하지 않은 포인트가 차감됐어요,어제 확인한 잔액과 오늘 잔액이 달라서 문의합니다.,포인트,차감,S010,포인트 오차감,Y,Y,Y
VOC09817,운전점수와 포인트 관계,짧은 거리 주행도 포인트 적립 대상인지 문의드립니다.,포인트,적립기준,S015,포인트 적립 기준 문의,Y,Y,Y
VOC02929,비밀번호 찾기 인증 오류,비밀번호 찾기 과정에서 [기존전화번호]로 인증번호가 오지 않습니다. 현재 화면에서 직접 수정할 수 없습니다.,회원,계정관리,S005,비밀번호 재설정,Y,Y,Y
VOC04024,안전운전 할인 적용 여부 문의 관련 기준도 함께 알려주세요.,갱신 계약에 주행분석 할인 혜택이 반영되는지 문의드립니다.,보험,할인,S007,보험료 할인 적용 문의,Y,Y,Y
VOC03299,새 비밀번호 등록 문의,비밀번호 찾기 과정에서 [기존전화번호]로 인증번호가 오지 않습니다.,회원,계정관리,S005,비밀번호 재설정,Y,Y,Y
VOC07094,서비스 실행 불가 문의,앱을 실행하면 [오류코드] 오류가 표시되고 바로 종료됩니다.,앱,오류,S011,앱 실행 오류,Y,Y,Y
VOC06042,포인트 차감 내역이 이상합니다 앱에서 확인이 어려워 문의드립니다.,어제 확인한 잔액과 오늘 잔액이 달라서 문의합니다.,포인트,차감,S010,포인트 오차감,Y,Y,Y
VOC04503,주행점수 할인 확인 요청 확인 부탁드립니다.,안전운전 점수와 보험료 할인 적용 기준을 안내해주세요.,보험,할인,S007,보험료 할인 적용 문의,Y,Y,Y
VOC08632,보험 계약자 정보 오류,앱에 표시된 계약자명이 [이름]으로 되어 있는데 실제 정보와 다릅니다. 확인 부탁드립니다. 동일 현상이 반복되고 있습니다.,보험,계약정보,S013,계약정보 불일치,Y,Y,Y
VOC03131,비밀번호 변경이 되지 않습니다,새 비밀번호를 입력했지만 변경이 완료되지 않습니다. 앱을 다시 실행해도 같은 상태입니다.,회원,계정관리,S005,비밀번호 재설정,Y,Y,Y
VOC01725,보유 포인트 사용 방법,보험료 결제 외에도 포인트를 사용할 수 있는 곳이 있나요? 필요한 확인 항목이 있다면 안내 부탁드립니다.,포인트,사용,S003,포인트 사용처 문의,Y,Y,Y
VOC03453,주행기록이 보이지 않습니다,운전을 완료했지만 최근 주행 목록에 추가되지 않았습니다.,주행,주행기록,S006,주행기록 미반영,Y,Y,Y
VOC05753,서비스 계정을 삭제하고 싶어요,계정과 저장된 개인정보를 삭제하는 절차를 알려주세요.,회원,계정관리,S009,회원 탈퇴,Y,Y,Y
VOC03093,비밀번호 변경이 되지 않습니다,비밀번호 변경 절차와 조건을 안내해주세요. 앱에서 확인이 어려워 문의드립니다.,회원,계정관리,S005,비밀번호 재설정,Y,Y,Y
VOC08403,계약 차량 정보 불일치,앱에 표시된 계약자명이 [이름]으로 되어 있는데 실제 정보와 다릅니다. 빠른 확인 요청드립니다.,보험,계약정보,S013,계약정보 불일치,Y,Y,Y
VOC05983,가입 정보 삭제 요청,회원 탈퇴 시 남은 포인트와 주행기록이 어떻게 처리되는지 확인하고 싶습니다. 동일 현상이 반복되고 있습니다.,회원,계정관리,S009,회원 탈퇴,Y,Y,Y
VOC08297,계약정보가 다르게 표시됩니다 확인 부탁드립니다.,계약 기간과 보험료 정보가 가입 당시 안내와 다르게 표시됩니다.,보험,계약정보,S013,계약정보 불일치,Y,Y,Y
VOC04789,기존 차량 삭제 후 신규 등록,차량번호 변경 후 주행 서비스 연결 방법을 문의드립니다.,차량,차량정보,S008,차량정보 변경,Y,Y,Y
VOC02433,계속 로그인에 실패합니다,여러 번 시도했지만 인증 후 다시 로그인 화면으로 돌아옵니다. 관련 기준도 함께 알려주세요.,회원,로그인,S004,로그인 오류,Y,Y,Y
VOC07796,사고 접수 후 연락이 없습니다,[주행일]에 접수한 사고의 담당자 배정 여부가 궁금합니다.,사고,처리현황,S012,사고 처리 진행 문의,Y,Y,Y
VOC08967,회원정보의 전화번호가 다릅니다,번호 변경 후 로그인 인증 문자가 이전 번호로 발송됩니다.,회원,회원정보,S014,휴대전화 번호 변경,Y,Y,Y
VOC01881,포인트 사용처가 궁금합니다,앱에 [차감금액] 포인트가 있는데 사용 가능한 항목을 확인하고 싶습니다.,포인트,사용,S003,포인트 사용처 문의,Y,Y,Y
VOC07061,업데이트 후 앱이 열리지 않아요,앱을 실행하면 [에러코드] 오류가 표시되고 바로 종료됩니다.,앱,오류,S011,앱 실행 오류,Y,Y,Y
VOC09254,등록 연락처 수정 요청,등록된 연락처가 실제 사용하는 번호와 달라 수정 요청드립니다.,회원,회원정보,S014,휴대전화 번호 변경,Y,Y,Y
VOC09555,운전점수와 포인트 관계,주행거리와 운전점수에 따라 포인트가 어떻게 산정되는지 알고 싶습니다.,포인트,적립기준,S015,포인트 적립 기준 문의,Y,Y,Y
VOC03409,운전한 내역이 앱에 없습니다,차량은 정상적으로 운행했는데 주행 데이터가 수집되지 않은 것 같습니다.,주행,주행기록,S006,주행기록 미반영,Y,Y,Y
VOC07838,사건번호 처리 상태 확인,제출한 서류가 정상적으로 접수됐는지 알고 싶습니다.,사고,처리현황,S012,사고 처리 진행 문의,Y,Y,Y
VOC09518,어떤 주행이 포인트 대상인가요 처리 방법을 안내해주세요.,포인트를 받기 위한 최소 주행 조건이 확인하고 싶습니다.,포인트,적립기준,S015,포인트 적립 기준 문의,Y,Y,Y
VOC08392,증권 정보 수정 문의,갱신한 계약이 앱에서 이전 계약으로 보입니다. 현재 화면에서 직접 수정할 수 없습니다.,보험,계약정보,S013,계약정보 불일치,Y,Y,Y
VOC04117,주행점수 할인 확인 요청,갱신 계약에 주행분석 할인 혜택이 반영되는지 문의합니다. 처리 방법을 안내해주세요.,보험,할인,S007,보험료 할인 적용 문의,Y,Y,Y
VOC07560,접수한 사고는 어떻게 진행되고 있나요,사건번호 [사건번호]와 관련해 현재 처리 단계를 확인하고 싶습니다.,사고,처리현황,S012,사고 처리 진행 문의,Y,Y,Y
VOC06779,앱이 계속 종료됩니다 확인 부탁드립니다.,특정 메뉴에 들어가면 화면이 멈추는 현상이 반복됩니다.,앱,오류,S011,앱 실행 오류,Y,Y,Y
VOC00617,운전했는데 포인트가 안 들어왔어요,운전 기록은 정상적으로 보이지만 포인트가 들어오지 않았습니다.,포인트,적립,S001,주행 포인트 미적립,Y,Y,Y
VOC07129,서비스 실행 불가 문의,특정 메뉴에 들어가면 화면이 멈추는 현상이 반복됩니다.,앱,오류,S011,앱 실행 오류,Y,Y,Y
VOC01374,포인트 사용 가능 서비스 문의 빠른 확인 요청드립니다.,보험료 결제 외에도 포인트를 사용할 수 있는 곳이 있나요?,포인트,사용,S003,포인트 사용처 문의,Y,Y,Y
VOC03837,주행 데이터가 반영되지 않았어요,운전을 완료했지만 최근 주행 목록에 추가되지 않았습니다.,주행,주행기록,S006,주행기록 미반영,Y,Y,Y
VOC05077,차량을 변경했습니다,보험 계약 차량은 변경됐는데 앱에는 이전 차량이 표시됩니다.,차량,차량정보,S008,차량정보 변경,Y,Y,Y
VOC05016,새 차량으로 바꾸고 싶어요,보험 계약 차량은 변경됐는데 앱에는 이전 차량이 표시됩니다. 필요한 확인 항목이 있다면 안내 부탁드립니다.,차량,차량정보,S008,차량정보 변경,Y,Y,Y
VOC00059,주행 포인트 미적립 문의,[날짜]에 주행을 완료했는데 포인트가 아직 적립되지 않았습니다.,포인트,적립,S001,주행 포인트 미적립,Y,Y,Y
VOC05876,회원 탈퇴를 요청합니다,더 이상 서비스를 이용하지 않아 회원 탈퇴를 진행하고 싶습니다. 확인 부탁드립니다.,회원,계정관리,S009,회원 탈퇴,Y,Y,Y
VOC05053,등록 차량 변경 요청,차량번호 변경 후 주행 서비스 연결 방법을 문의드립니다. 확인 부탁드립니다.,차량,차량정보,S008,차량정보 변경,Y,Y,Y
VOC03104,비밀번호를 재설정하고 싶습니다,비밀번호가 기억나지 않아 재설정하려고 합니다. 관련 기준도 함께 알려주세요.,회원,계정관리,S005,비밀번호 재설정,Y,Y,Y
VOC04815,차량을 변경했습니다 앱에서 확인이 어려워 문의드립니다.,차량번호 변경 후 주행 서비스 연결 방법을 문의드립니다.,차량,차량정보,S008,차량정보 변경,Y,Y,Y
VOC09361,주행 포인트 산정 방법 문의,포인트 지급 대상과 제외 조건을 자세히 안내해주세요.,포인트,적립기준,S015,포인트 적립 기준 문의,Y,Y,Y
VOC09088,등록 연락처 수정 요청,휴대전화 번호를 바꿨는데 앱 회원정보에는 이전 번호가 표시됩니다.,회원,회원정보,S014,휴대전화 번호 변경,Y,Y,Y
VOC00055,포인트가 누락된 것 같습니다,지난 주행 건에 대한 포인트를 받지 못했습니다. 확인 부탁드립니다. 빠른 확인 요청드립니다. 이전에 정상적으로 이용한 적이 있습니다.,포인트,적립,S001,주행 포인트 미적립,Y,Y,Y
VOC05558,서비스 계정을 삭제하고 싶어요,계정과 저장된 개인정보를 삭제하는 절차를 알려주세요.,회원,계정관리,S009,회원 탈퇴,Y,Y,Y
VOC08685,새 번호로 인증받고 싶어요,번호 변경 후 로그인 인증 문자가 이전 번호로 발송됩니다. 관련 기준도 함께 알려주세요.,회원,회원정보,S014,휴대전화 번호 변경,Y,Y,Y
VOC02287,앱 로그인이 되지 않습니다 관련 기준도 함께 알려주세요.,로그인 버튼을 눌러도 화면이 그대로입니다.,회원,로그인,S004,로그인 오류,Y,Y,Y
VOC04446,보험료 할인이 반영됐나요,현재 운전점수 기준으로 받을 수 있는 보험료 할인율이 궁금합니다.,보험,할인,S007,보험료 할인 적용 문의,Y,Y,Y
VOC01673,보유 포인트 사용 방법,현재 보유한 포인트를 어디에서 사용할 수 있는지 알려주세요. 관련 기준도 함께 알려주세요.,포인트,사용,S003,포인트 사용처 문의,Y,Y,Y
VOC07681,사고 접수 후 연락이 없습니다,사건번호 [사고접수번호]와 관련해 현재 처리 단계를 확인하고 싶습니다.,사고,처리현황,S012,사고 처리 진행 문의,Y,Y,Y
VOC02630,아이디 입력 후 접속 오류,[에러코드] 메시지가 표시되면서 앱에 접속할 수 없습니다.,회원,로그인,S004,로그인 오류,Y,Y,Y
VOC05114,기존 차량 삭제 후 신규 등록,보험 계약 차량은 변경됐는데 앱에는 이전 차량이 표시됩니다. 빠른 확인 요청드립니다.,차량,차량정보,S008,차량정보 변경,Y,Y,Y
VOC04184,계약 할인 적용 상태 문의,갱신 계약에 주행분석 할인 혜택이 반영되는지 문의드립니다. 관련 기준도 함께 알려주세요. 이전에 정상적으로 이용한 적이 있습니다.,보험,할인,S007,보험료 할인 적용 문의,Y,Y,Y
VOC08519,앱의 계약 내용이 맞지 않아요,증권번호 [계약번호]의 차량정보가 현재 차량과 일치하지 않습니다.,보험,계약정보,S013,계약정보 불일치,Y,Y,Y
VOC06831,업데이트 후 앱이 열리지 않아요,재설치 후에도 동일하게 앱이 강제 종료됩니다.,앱,오류,S011,앱 실행 오류,Y,Y,Y
VOC06555,사용하지 않은 포인트가 차감됐어요,포인트 사용 이력과 실제 잔액이 맞지 않습니다.,포인트,차감,S010,포인트 오차감,Y,Y,Y
VOC09279,기존 전화번호 변경 문의,새 번호로 본인 인증을 진행하는 방법을 알려주세요. 처리 방법을 안내해주세요.,회원,회원정보,S014,휴대전화 번호 변경,Y,Y,Y
VOC03788,앱에서 운전 기록 확인 불가 앱에서 확인이 어려워 문의드립니다.,주행 종료 후에도 거리와 시간이 0으로 표시됩니다. 앱을 다시 실행해도 같은 상태입니다.,주행,주행기록,S006,주행기록 미반영,Y,Y,Y
VOC04393,보험료 할인 혜택이 확인하고 싶습니다,앱에는 할인 대상이라고 나오는데 실제 보험료에 적용됐는지 알고 싶습니다.,보험,할인,S007,보험료 할인 적용 문의,Y,Y,Y
VOC04935,새 차량으로 바꾸고 싶어요,차량을 교체해서 앱의 등록 정보를 수정하고 싶습니다.,차량,차량정보,S008,차량정보 변경,Y,Y,Y
VOC01425,보유 포인트 사용 방법,앱에 [포인트수량] 포인트가 있는데 사용 가능한 항목을 확인하고 싶습니다.,포인트,사용,S003,포인트 사용처 문의,Y,Y,Y
VOC00598,주행 후 포인트가 없습니다,운전 기록은 정상적으로 보이지만 포인트가 들어오지 않았습니다. 처리 방법을 안내해주세요. 이전에 정상적으로 이용한 적이 있습니다.,포인트,적립,S001,주행 포인트 미적립,Y,Y,Y
VOC01071,운전 후 포인트 반영 시간 문의,방금 운전한 기록은 보이는데 포인트는 처리 중으로 표시됩니다.,포인트,적립,S002,주행 포인트 적립 지연,Y,Y,Y
VOC03657,주행기록이 보이지 않습니다,차량은 정상적으로 운행했는데 주행 데이터가 수집되지 않은 것 같습니다. 확인 부탁드립니다.,주행,주행기록,S006,주행기록 미반영,Y,Y,Y
VOC06976,서비스 실행 불가 문의,특정 메뉴에 들어가면 화면이 멈추는 현상이 반복됩니다.,앱,오류,S011,앱 실행 오류,Y,Y,Y
VOC09258,새 번호로 인증받고 싶어요 관련 기준도 함께 알려주세요.,새 번호로 본인 인증을 진행하는 방법을 알려주세요. 동일 현상이 반복되고 있습니다.,회원,회원정보,S014,휴대전화 번호 변경,Y,Y,Y
VOC09116,기존 전화번호 변경 문의,등록된 연락처가 실제 사용하는 번호와 달라 수정 요청드립니다.,회원,회원정보,S014,휴대전화 번호 변경,Y,Y,Y
VOC02834,비밀번호가 기억나지 않아요,비밀번호 찾기 과정에서 [기존전화번호]로 인증번호가 오지 않습니다. 현재 화면에서 직접 수정할 수 없습니다.,회원,계정관리,S005,비밀번호 재설정,Y,Y,Y
VOC08651,증권 정보 수정 문의,증권번호 [계약번호]의 차량정보가 현재 차량과 일치하지 않습니다. 앱에서 확인이 어려워 문의드립니다. 필요한 확인 항목이 있다면 안내 부탁드립니다.,보험,계약정보,S013,계약정보 불일치,Y,Y,Y
VOC00730,포인트 적립 처리 중 문의 빠른 확인 요청드립니다.,[접수시간]에 주행을 종료했습니다. 포인트 반영 예정 시간을 알고 싶습니다.,포인트,적립,S002,주행 포인트 적립 지연,Y,Y,Y
VOC00637,주행 후 포인트가 없습니다,주행 조건을 충족한 것으로 보이는데 포인트가 0으로 표시됩니다. 빠른 확인 요청드립니다.,포인트,적립,S001,주행 포인트 미적립,Y,Y,Y
VOC00235,주행 포인트가 적립되지 않았습니다,운전 기록은 정상적으로 보이지만 포인트가 들어오지 않았습니다. 앱을 다시 실행해도 같은 상태입니다.,포인트,적립,S001,주행 포인트 미적립,Y,Y,Y
VOC04081,안전운전 할인 적용 여부 문의 확인 부탁드립니다.,증권번호 [증권번호] 계약에 안전운전 할인이 적용됐는지 확인하고 싶습니다.,보험,할인,S007,보험료 할인 적용 문의,Y,Y,Y
VOC04460,보험료 할인 혜택이 궁금합니다 빠른 확인 요청드립니다.,갱신 계약에 주행분석 할인 혜택이 반영되는지 문의드립니다. 관련 기준도 함께 알려주세요.,보험,할인,S007,보험료 할인 적용 문의,Y,Y,Y
VOC05659,회원 탈퇴를 요청합니다,더 이상 서비스를 이용하지 않아 회원 탈퇴를 진행하고 싶습니다.,회원,계정관리,S009,회원 탈퇴,Y,Y,Y
VOC01483,포인트 사용처가 궁금합니다,보험료 결제 외에도 포인트를 사용할 수 있는 곳이 있나요?,포인트,사용,S003,포인트 사용처 문의,Y,Y,Y
VOC05724,회원 탈퇴를 요청합니다,회원 탈퇴 시 남은 포인트와 주행기록이 어떻게 처리되는지 안내받고 싶습니다. 현재 화면에서 직접 수정할 수 없습니다.,회원,계정관리,S009,회원 탈퇴,Y,Y,Y
VOC07781,보상 처리 단계 문의,[접수일]에 접수한 사고의 담당자 배정 여부가 안내받고 싶습니다.,사고,처리현황,S012,사고 처리 진행 문의,Y,Y,Y
VOC07067,서비스 실행 불가 문의,재설치 후에도 동일하게 앱이 강제 종료됩니다.,앱,오류,S011,앱 실행 오류,Y,Y,Y
VOC05253,새 차량으로 바꾸고 싶어요,기존 차량 [기존차량번호]에서 새 차량 [새차량번호]로 변경했습니다.,차량,차량정보,S008,차량정보 변경,Y,Y,Y
VOC05771,회원 탈퇴를 요청합니다,계정과 저장된 개인정보를 삭제하는 절차를 알려주세요. 동일 현상이 반복되고 있습니다.,회원,계정관리,S009,회원 탈퇴,Y,Y,Y
VOC00095,주행 후 포인트가 없습니다 앱에서 확인이 어려워 문의드립니다.,[날짜]에 주행을 완료했는데 포인트가 아직 적립되지 않았습니다.,포인트,적립,S001,주행 포인트 미적립,Y,Y,Y
VOC00353,운전했는데 포인트가 안 들어왔어요,지난 주행 건에 대한 포인트를 받지 못했습니다. 확인 부탁드립니다.,포인트,적립,S001,주행 포인트 미적립,Y,Y,Y
VOC01687,적립 포인트는 어디서 쓰나요,보험료 결제 외에도 포인트를 사용할 수 있는 곳이 있나요? 관련 기준도 함께 알려주세요.,포인트,사용,S003,포인트 사용처 문의,Y,Y,Y
VOC09437,포인트 적립 기준이 궁금합니다,포인트 지급 대상과 제외 조건을 자세히 안내해주세요.,포인트,적립기준,S015,포인트 적립 기준 문의,Y,Y,Y
VOC08447,보험 계약자 정보 오류,계약 기간과 보험료 정보가 가입 당시 안내와 다르게 표시됩니다.,보험,계약정보,S013,계약정보 불일치,Y,Y,Y
VOC05274,등록 차량 변경 요청,기존 차량을 삭제하고 새 차량을 등록하는 방법을 알려주세요.,차량,차량정보,S008,차량정보 변경,Y,Y,Y
VOC03723,주행기록이 보이지 않습니다,주행 종료 후에도 거리와 시간이 0으로 표시됩니다.,주행,주행기록,S006,주행기록 미반영,Y,Y,Y
VOC09192,휴대전화 번호를 변경하고 싶습니다 확인 부탁드립니다.,등록된 연락처가 실제 사용하는 번호와 달라 수정 요청드립니다.,회원,회원정보,S014,휴대전화 번호 변경,Y,Y,Y
VOC08650,계약정보가 다르게 표시됩니다,앱에 표시된 계약자명이 [이름]으로 되어 있는데 실제 정보와 다릅니다.,보험,계약정보,S013,계약정보 불일치,Y,Y,Y
VOC01780,포인트 사용 가능 서비스 문의,현재 보유한 포인트를 어디에서 사용할 수 있는지 안내 부탁드립니다.,포인트,사용,S003,포인트 사용처 문의,Y,Y,Y
VOC02603,앱 로그인이 되지 않습니다,아이디와 비밀번호를 입력해도 로그인 오류가 발생합니다. 동일 현상이 반복되고 있습니다.,회원,로그인,S004,로그인 오류,Y,Y,Y
VOC08412,앱의 계약 내용이 맞지 않아요,증권번호 [계약번호]의 차량정보가 현재 차량과 일치하지 않습니다. 현재 화면에서 직접 수정할 수 없습니다.,보험,계약정보,S013,계약정보 불일치,Y,Y,Y
VOC03634,최근 주행기록 누락 문의 처리 방법을 안내해주세요.,[주행일]에 [주행구간] 구간을 운전했는데 앱에서 기록이 보이지 않습니다.,주행,주행기록,S006,주행기록 미반영,Y,Y,Y
VOC01309,포인트가 아직 처리되지 않았어요,주행 후 몇 시간이 지났는데 아직 적립 대기 상태입니다.,포인트,적립,S002,주행 포인트 적립 지연,Y,Y,Y
VOC04468,안전운전 할인 적용 여부 문의,증권번호 [증권번호] 계약에 안전운전 할인이 적용됐는지 확인하고 싶습니다.,보험,할인,S007,보험료 할인 적용 문의,Y,Y,Y
VOC06034,잘못 차감된 포인트 문의 관련 기준도 함께 알려주세요.,포인트 사용 이력과 실제 잔액이 맞지 않습니다. 앱을 다시 실행해도 같은 상태입니다.,포인트,차감,S010,포인트 오차감,Y,Y,Y
VOC07069,앱 화면이 멈춥니다,재설치 후에도 동일하게 앱이 강제 종료됩니다. 확인 부탁드립니다. 동일 현상이 반복되고 있습니다.,앱,오류,S011,앱 실행 오류,Y,Y,Y
VOC07643,보상 처리 단계 문의,사고 접수 이후 진행 상황 안내를 받지 못했습니다.,사고,처리현황,S012,사고 처리 진행 문의,Y,Y,Y
VOC09749,포인트 적립 기준이 확인하고 싶습니다 관련 기준도 함께 알려주세요.,포인트 지급 대상과 제외 조건을 자세히 안내해주세요.,포인트,적립기준,S015,포인트 적립 기준 문의,Y,Y,Y
VOC08789,새 번호로 인증받고 싶어요,기존 번호 [기존전화번호]에서 새 번호 [새전화번호]로 변경하고 싶습니다.,회원,회원정보,S014,휴대전화 번호 변경,Y,Y,Y
VOC04419,주행점수 할인 확인 요청,앱에는 할인 대상이라고 나오는데 실제 보험료에 적용됐는지 알고 싶습니다.,보험,할인,S007,보험료 할인 적용 문의,Y,Y,Y
VOC08463,보험 계약자 정보 오류,앱에 표시된 계약자명이 [계약자명]으로 되어 있는데 실제 정보와 다릅니다.,보험,계약정보,S013,계약정보 불일치,Y,Y,Y
VOC07548,사고 접수 후 연락이 없습니다,사건번호 [사건번호]와 관련해 현재 처리 단계를 확인하고 싶습니다. 처리 방법을 안내해주세요.,사고,처리현황,S012,사고 처리 진행 문의,Y,Y,Y
VOC08069,앱의 계약 내용이 맞지 않아요,갱신한 계약이 앱에서 이전 계약으로 보입니다. 처리 방법을 안내해주세요.,보험,계약정보,S013,계약정보 불일치,Y,Y,Y
VOC07806,사고 접수 후 연락이 없습니다,[주행일]에 접수한 사고의 담당자 배정 여부가 궁금합니다.,사고,처리현황,S012,사고 처리 진행 문의,Y,Y,Y
VOC09238,등록 연락처 수정 요청,휴대전화 번호를 바꿨는데 앱 회원정보에는 이전 번호가 표시됩니다.,회원,회원정보,S014,휴대전화 번호 변경,Y,Y,Y
VOC01109,주행 포인트는 언제 들어오나요,방금 운전한 기록은 보이는데 포인트는 처리 중으로 표시됩니다. 빠른 확인 요청드립니다. 현재 화면에서 직접 수정할 수 없습니다.,포인트,적립,S002,주행 포인트 적립 지연,Y,Y,Y
VOC00805,주행 포인트는 언제 들어오나요,오늘 주행을 마쳤는데 포인트가 아직 반영되지 않았습니다. 보통 얼마나 걸리나요? 앱에서 확인이 어려워 문의드립니다.,포인트,적립,S002,주행 포인트 적립 지연,Y,Y,Y
VOC02705,새 비밀번호 등록 문의,비밀번호 찾기 과정에서 [기존전화번호]로 인증번호가 오지 않습니다.,회원,계정관리,S005,비밀번호 재설정,Y,Y,Y
VOC05652,더 이상 서비스를 이용하지 않습니다,계정과 저장된 개인정보를 삭제하는 절차를 알려주세요. 확인 부탁드립니다.,회원,계정관리,S009,회원 탈퇴,Y,Y,Y
VOC00655,주행 포인트 미적립 문의,[출발지]에서 [도착지]까지 구간을 운전했는데 적립 내역이 확인되지 않습니다.,포인트,적립,S001,주행 포인트 미적립,Y,Y,Y
VOC03084,비밀번호를 재설정하고 싶습니다,비밀번호가 기억나지 않아 재설정하려고 합니다.,회원,계정관리,S005,비밀번호 재설정,Y,Y,Y
VOC04900,등록 차량 변경 요청,차량번호 변경 후 주행 서비스 연결 방법을 문의드립니다.,차량,차량정보,S008,차량정보 변경,Y,Y,Y
VOC00063,주행 포인트가 적립되지 않았습니다 앱에서 확인이 어려워 문의드립니다.,[출발지]에서 [도착지]까지 구간을 운전했는데 적립 내역이 확인되지 않습니다.,포인트,적립,S001,주행 포인트 미적립,Y,Y,Y
VOC01153,포인트 반영이 늦어지고 있습니다,주행 후 몇 시간이 지났는데 아직 적립 대기 상태입니다.,포인트,적립,S002,주행 포인트 적립 지연,Y,Y,Y
VOC04775,앱 차량정보 수정 문의,차량번호 변경 후 주행 서비스 연결 방법을 문의드립니다. 빠른 확인 요청드립니다.,차량,차량정보,S008,차량정보 변경,Y,Y,Y
VOC03246,비밀번호가 기억나지 않아요 확인 부탁드립니다.,비밀번호가 기억나지 않아 재설정하려고 합니다. 이전에 정상적으로 이용한 적이 있습니다.,회원,계정관리,S005,비밀번호 재설정,Y,Y,Y
VOC05412,서비스 계정을 삭제하고 싶어요 확인 부탁드립니다.,계정과 저장된 개인정보를 삭제하는 절차를 알려주세요.,회원,계정관리,S009,회원 탈퇴,Y,Y,Y
VOC03578,앱에서 운전 기록 확인 불가,차량은 정상적으로 운행했는데 주행 데이터가 수집되지 않은 것 같습니다.,주행,주행기록,S006,주행기록 미반영,Y,Y,Y
VOC00504,주행 포인트가 적립되지 않았습니다,운전 기록은 정상적으로 보이지만 포인트가 들어오지 않았습니다.,포인트,적립,S001,주행 포인트 미적립,Y,Y,Y
VOC00511,포인트가 누락된 것 같습니다,운전 기록은 정상적으로 보이지만 포인트가 들어오지 않았습니다. 확인 부탁드립니다.,포인트,적립,S001,주행 포인트 미적립,Y,Y,Y
VOC02822,비밀번호 찾기 인증 오류 빠른 확인 요청드립니다.,본인 인증 후 비밀번호 재설정 화면으로 이동하지 않습니다.,회원,계정관리,S005,비밀번호 재설정,Y,Y,Y
VOC07529,보상 처리 단계 문의,사고 접수 이후 진행 상황 안내를 받지 못했습니다.,사고,처리현황,S012,사고 처리 진행 문의,Y,Y,Y
VOC04381,보험료 할인 혜택이 궁금합니다,앱에는 할인 대상이라고 나오는데 실제 보험료에 적용됐는지 알고 싶습니다.,보험,할인,S007,보험료 할인 적용 문의,Y,Y,Y
VOC00715,포인트가 아직 처리되지 않았어요,방금 운전한 기록은 보이는데 포인트는 처리 중으로 표시됩니다. 앱에서 확인이 어려워 문의드립니다.,포인트,적립,S002,주행 포인트 적립 지연,Y,Y,Y
VOC00533,주행 포인트가 적립되지 않았습니다 처리 방법을 안내해주세요.,주행 조건을 충족한 것으로 보이는데 포인트가 0으로 표시됩니다. 관련 기준도 함께 알려주세요.,포인트,적립,S001,주행 포인트 미적립,Y,Y,Y
VOC09988,주행 포인트 산정 방법 문의,급가속이나 급감속 기록이 포인트 적립에 영향을 주나요? 관련 기준도 함께 알려주세요.,포인트,적립기준,S015,포인트 적립 기준 문의,Y,Y,Y
VOC01106,포인트 적립 처리 중 문의,"포인트가 바로 들어오는지, 일정 시간이 필요한지 문의드립니다. 처리 방법을 안내해주세요.",포인트,적립,S002,주행 포인트 적립 지연,Y,Y,Y
VOC04751,새 차량으로 바꾸고 싶어요,보험 계약 차량은 변경됐는데 앱에는 이전 차량이 표시됩니다.,차량,차량정보,S008,차량정보 변경,Y,Y,Y
VOC02314,계속 로그인에 실패합니다,[오류코드] 메시지가 표시되면서 앱에 접속할 수 없습니다.,회원,로그인,S004,로그인 오류,Y,Y,Y
VOC00556,포인트가 누락된 것 같습니다,운전 기록은 정상적으로 보이지만 포인트가 들어오지 않았습니다. 앱을 다시 실행해도 같은 상태입니다.,포인트,적립,S001,주행 포인트 미적립,Y,Y,Y
VOC05485,더 이상 서비스를 이용하지 않습니다 관련 기준도 함께 알려주세요.,앱에서 탈퇴 메뉴를 찾을 수 없어 문의드립니다.,회원,계정관리,S009,회원 탈퇴,Y,Y,Y
VOC01990,포인트 사용처가 궁금합니다 확인 부탁드립니다.,적립된 포인트의 사용처와 사용 절차를 안내 부탁드립니다.,포인트,사용,S003,포인트 사용처 문의,Y,Y,Y
VOC07137,앱 화면이 멈춥니다,재설치 후에도 동일하게 앱이 강제 종료됩니다. 빠른 확인 요청드립니다. 현재 화면에서 직접 수정할 수 없습니다.,앱,오류,S011,앱 실행 오류,Y,Y,Y
VOC08986,회원정보의 전화번호가 다릅니다,기존 번호 [기존전화번호]에서 새 번호 [변경전화번호]로 변경하고 싶습니다.,회원,회원정보,S014,휴대전화 번호 변경,Y,Y,Y
VOC05062,새 차량으로 바꾸고 싶어요,차량을 교체해서 앱의 등록 정보를 수정하고 싶습니다.,차량,차량정보,S008,차량정보 변경,Y,Y,Y
VOC05607,앱 회원 탈퇴 방법 문의,계정과 저장된 개인정보를 삭제하는 절차를 확인 부탁드립니다.,회원,계정관리,S009,회원 탈퇴,Y,Y,Y
VOC08664,증권 정보 수정 문의,앱에 표시된 계약자명이 [계약자명]으로 되어 있는데 실제 정보와 다릅니다.,보험,계약정보,S013,계약정보 불일치,Y,Y,Y
VOC04327,안전운전 할인 적용 여부 문의 관련 기준도 함께 알려주세요.,갱신 계약에 주행분석 할인 혜택이 반영되는지 문의드립니다. 관련 기준도 함께 알려주세요.,보험,할인,S007,보험료 할인 적용 문의,Y,Y,Y
VOC05895,가입 정보 삭제 요청,더 이상 서비스를 이용하지 않아 회원 탈퇴를 진행하고 싶습니다. 관련 기준도 함께 알려주세요.,회원,계정관리,S009,회원 탈퇴,Y,Y,Y
VOC00988,포인트 반영이 늦어지고 있습니다,주행 후 몇 시간이 지났는데 아직 적립 대기 상태입니다.,포인트,적립,S002,주행 포인트 적립 지연,Y,Y,Y
VOC02112,로그인 화면에서 넘어가지 않아요,로그인 버튼을 눌러도 화면이 그대로입니다. 필요한 확인 항목이 있다면 안내 부탁드립니다.,회원,로그인,S004,로그인 오류,Y,Y,Y
VOC03326,비밀번호를 재설정하고 싶습니다,새 비밀번호를 입력했지만 변경이 완료되지 않습니다. 앱에서 확인이 어려워 문의드립니다.,회원,계정관리,S005,비밀번호 재설정,Y,Y,Y
VOC01201,포인트 반영이 늦어지고 있습니다,"포인트가 바로 들어오는지, 일정 시간이 필요한지 문의드립니다.",포인트,적립,S002,주행 포인트 적립 지연,Y,Y,Y
VOC00950,운전 후 포인트 반영 시간 문의,"포인트가 바로 들어오는지, 일정 시간이 필요한지 확인 요청드립니다.",포인트,적립,S002,주행 포인트 적립 지연,Y,Y,Y
VOC08594,앱의 계약 내용이 맞지 않아요 앱에서 확인이 어려워 문의드립니다.,갱신한 계약이 앱에서 이전 계약으로 보입니다.,보험,계약정보,S013,계약정보 불일치,Y,Y,Y
VOC08277,계약 차량 정보 불일치,갱신한 계약이 앱에서 이전 계약으로 보입니다.,보험,계약정보,S013,계약정보 불일치,Y,Y,Y
VOC00697,포인트 적립 처리 중 문의 처리 방법을 안내해주세요.,주행 후 몇 시간이 지났는데 아직 적립 대기 상태입니다.,포인트,적립,S002,주행 포인트 적립 지연,Y,Y,Y
VOC03359,주행기록이 보이지 않습니다,해당 시간대의 운전 내역이 누락되어 확인 요청드립니다.,주행,주행기록,S006,주행기록 미반영,Y,Y,Y
VOC02133,로그인 화면에서 넘어가지 않아요,[오류코드] 메시지가 표시되면서 앱에 접속할 수 없습니다. 앱에서 확인이 어려워 문의드립니다.,회원,로그인,S004,로그인 오류,Y,Y,Y
VOC08256,보험 계약자 정보 오류,보험 계약 정보 중 일부 항목이 잘못되어 수정 요청드립니다.,보험,계약정보,S013,계약정보 불일치,Y,Y,Y
VOC01798,포인트 사용 가능 서비스 문의,현재 보유한 포인트를 어디에서 사용할 수 있는지 확인 부탁드립니다.,포인트,사용,S003,포인트 사용처 문의,Y,Y,Y
VOC09123,회원정보의 전화번호가 다릅니다,휴대전화 번호를 바꿨는데 앱 회원정보에는 이전 번호가 표시됩니다. 확인 부탁드립니다.,회원,회원정보,S014,휴대전화 번호 변경,Y,Y,Y
VOC01003,포인트가 아직 처리되지 않았어요,방금 운전한 기록은 보이는데 포인트는 처리 중으로 표시됩니다.,포인트,적립,S002,주행 포인트 적립 지연,Y,Y,Y
VOC00339,주행 포인트 미적립 문의,지난 주행 건에 대한 포인트를 받지 못했습니다. 확인 부탁드립니다.,포인트,적립,S001,주행 포인트 미적립,Y,Y,Y
VOC03111,새 비밀번호 등록 문의,비밀번호가 기억나지 않아 재설정하려고 합니다.,회원,계정관리,S005,비밀번호 재설정,Y,Y,Y
VOC01166,포인트가 아직 처리되지 않았어요,[시간]에 주행을 종료했습니다. 포인트 반영 예정 시간을 알고 싶습니다. 확인 부탁드립니다.,포인트,적립,S002,주행 포인트 적립 지연,Y,Y,Y
VOC04092,계약 할인 적용 상태 문의,앱에는 할인 대상이라고 나오는데 실제 보험료에 적용됐는지 알고 싶습니다. 처리 방법을 안내해주세요. 이전에 정상적으로 이용한 적이 있습니다.,보험,할인,S007,보험료 할인 적용 문의,Y,Y,Y
VOC09806,운전점수와 포인트 관계,급가속이나 급감속 기록이 포인트 적립에 영향을 주나요?,포인트,적립기준,S015,포인트 적립 기준 문의,Y,Y,Y
VOC04706,기존 차량 삭제 후 신규 등록,기존 차량을 삭제하고 새 차량을 등록하는 방법을 알려주세요.,차량,차량정보,S008,차량정보 변경,Y,Y,Y
VOC00120,운전했는데 포인트가 안 들어왔어요 앱에서 확인이 어려워 문의드립니다.,[출발지]에서 [도착지]까지 구간을 운전했는데 적립 내역이 확인되지 않습니다.,포인트,적립,S001,주행 포인트 미적립,Y,Y,Y
VOC05773,서비스 계정을 삭제하고 싶어요,앱에서 탈퇴 메뉴를 찾을 수 없어 문의드립니다.,회원,계정관리,S009,회원 탈퇴,Y,Y,Y
VOC03366,주행 데이터가 반영되지 않았어요,운전을 완료했지만 최근 주행 목록에 추가되지 않았습니다.,주행,주행기록,S006,주행기록 미반영,Y,Y,Y
VOC02351,계정 접속이 불가능합니다,아이디와 비밀번호를 입력해도 로그인 오류가 발생합니다.,회원,로그인,S004,로그인 오류,Y,Y,Y
VOC02486,계속 로그인에 실패합니다,[오류코드] 메시지가 표시되면서 앱에 접속할 수 없습니다. 앱을 다시 실행해도 같은 상태입니다.,회원,로그인,S004,로그인 오류,Y,Y,Y
VOC08455,증권 정보 수정 문의 빠른 확인 요청드립니다.,보험 계약 정보 중 일부 항목이 잘못되어 수정 요청드립니다.,보험,계약정보,S013,계약정보 불일치,Y,Y,Y
VOC09687,포인트 적립 기준이 궁금합니다,급가속이나 급감속 기록이 포인트 적립에 영향을 주나요?,포인트,적립기준,S015,포인트 적립 기준 문의,Y,Y,Y
VOC02569,로그인 화면에서 넘어가지 않아요 빠른 확인 요청드립니다.,여러 번 시도했지만 인증 후 다시 로그인 화면으로 돌아옵니다. 앱에서 확인이 어려워 문의드립니다.,회원,로그인,S004,로그인 오류,Y,Y,Y
VOC09320,회원정보의 전화번호가 다릅니다 처리 방법을 안내해주세요.,기존 번호 [기존전화번호]에서 새 번호 [변경전화번호]로 변경하고 싶습니다.,회원,회원정보,S014,휴대전화 번호 변경,Y,Y,Y
VOC08318,계약 차량 정보 불일치 확인 부탁드립니다.,계약 기간과 보험료 정보가 가입 당시 안내와 다르게 표시됩니다. 빠른 확인 요청드립니다.,보험,계약정보,S013,계약정보 불일치,Y,Y,Y
VOC08098,계약정보가 다르게 표시됩니다,보험 계약 정보 중 일부 항목이 잘못되어 수정 요청드립니다.,보험,계약정보,S013,계약정보 불일치,Y,Y,Y
VOC00276,주행 후 포인트가 없습니다,운전 기록은 정상적으로 보이지만 포인트가 들어오지 않았습니다.,포인트,적립,S001,주행 포인트 미적립,Y,Y,Y
VOC06439,잘못 차감된 포인트 문의,어제 확인한 잔액과 오늘 잔액이 달라서 문의드립니다.,포인트,차감,S010,포인트 오차감,Y,Y,Y
VOC06029,잘못 차감된 포인트 문의,포인트 내역에 알 수 없는 차감 기록이 있습니다.,포인트,차감,S010,포인트 오차감,Y,Y,Y
VOC00506,운전했는데 포인트가 안 들어왔어요 처리 방법을 안내해주세요.,[접수일]에 주행을 완료했는데 포인트가 아직 적립되지 않았습니다. 확인 부탁드립니다.,포인트,적립,S001,주행 포인트 미적립,Y,Y,Y
VOC05893,회원 탈퇴를 요청합니다,계정과 저장된 개인정보를 삭제하는 절차를 안내 부탁드립니다. 빠른 확인 요청드립니다.,회원,계정관리,S009,회원 탈퇴,Y,Y,Y
VOC08503,증권 정보 수정 문의,갱신한 계약이 앱에서 이전 계약으로 보입니다. 확인 부탁드립니다.,보험,계약정보,S013,계약정보 불일치,Y,Y,Y
VOC06456,포인트 잔액 오류,사용한 적이 없는데 [차감금액] 포인트가 차감된 것으로 표시됩니다.,포인트,차감,S010,포인트 오차감,Y,Y,Y
VOC00383,주행 후 포인트가 없습니다 관련 기준도 함께 알려주세요.,지난 주행 건에 대한 포인트를 받지 못했습니다. 확인 부탁드립니다. 앱에서 확인이 어려워 문의드립니다. 동일 현상이 반복되고 있습니다.,포인트,적립,S001,주행 포인트 미적립,Y,Y,Y
VOC03185,비밀번호 변경이 안 됩니다,비밀번호 변경 절차와 조건을 안내해주세요. 앱에서 확인이 어려워 문의드립니다.,회원,계정관리,S005,비밀번호 재설정,Y,Y,Y
VOC05608,서비스 계정을 삭제하고 싶어요 확인 부탁드립니다.,본인 인증 후 탈퇴가 완료되지 않아 확인 부탁드립니다.,회원,계정관리,S009,회원 탈퇴,Y,Y,Y
VOC00949,포인트가 아직 처리되지 않았어요,오늘 주행을 마쳤는데 포인트가 아직 반영되지 않았습니다. 보통 얼마나 걸리나요?,포인트,적립,S002,주행 포인트 적립 지연,Y,Y,Y
VOC02800,비밀번호가 기억나지 않아요,새 비밀번호를 입력했지만 변경이 완료안 됩니다.,회원,계정관리,S005,비밀번호 재설정,Y,Y,Y
VOC08317,보험 계약자 정보 오류,보험 계약 정보 중 일부 항목이 잘못되어 수정 요청드립니다. 빠른 확인 요청드립니다.,보험,계약정보,S013,계약정보 불일치,Y,Y,Y
VOC06982,업데이트 후 앱이 열리지 않아요,업데이트 이후 첫 화면에서 멈추고 다음으로 넘어가지 않습니다.,앱,오류,S011,앱 실행 오류,Y,Y,Y
VOC04851,차량을 변경했습니다,차량을 교체해서 앱의 등록 정보를 수정하고 싶습니다. 빠른 확인 요청드립니다.,차량,차량정보,S008,차량정보 변경,Y,Y,Y
VOC02993,비밀번호 찾기 인증 오류 앱에서 확인이 어려워 문의드립니다.,비밀번호가 기억나지 않아 재설정하려고 합니다.,회원,계정관리,S005,비밀번호 재설정,Y,Y,Y
VOC04074,보험료 할인 혜택이 궁금합니다,현재 운전점수 기준으로 받을 수 있는 보험료 할인율이 궁금합니다. 확인 부탁드립니다.,보험,할인,S007,보험료 할인 적용 문의,Y,Y,Y
VOC00465,운전했는데 포인트가 안 들어왔어요,[주행구간] 구간을 운전했는데 적립 내역이 확인되지 않습니다. 필요한 확인 항목이 있다면 안내 부탁드립니다.,포인트,적립,S001,주행 포인트 미적립,Y,Y,Y
VOC06615,포인트가 갑자기 줄었습니다,결제를 취소했는데 차감된 포인트가 복구되지 않았습니다.,포인트,차감,S010,포인트 오차감,Y,Y,Y
VOC08357,계약정보가 다르게 표시됩니다,앱에 표시된 계약자명이 [이름]으로 되어 있는데 실제 정보와 다릅니다.,보험,계약정보,S013,계약정보 불일치,Y,Y,Y
VOC05089,등록 차량 변경 요청 처리 방법을 안내해주세요.,기존 차량을 삭제하고 새 차량을 등록하는 방법을 알려주세요.,차량,차량정보,S008,차량정보 변경,Y,Y,Y
VOC07541,사고 접수 후 연락이 없습니다 관련 기준도 함께 알려주세요.,보상 심사가 어느 단계까지 진행됐는지 확인 부탁드립니다. 앱을 다시 실행해도 같은 상태입니다.,사고,처리현황,S012,사고 처리 진행 문의,Y,Y,Y
VOC03645,주행기록이 보이지 않습니다 앱에서 확인이 어려워 문의드립니다.,차량은 정상적으로 운행했는데 주행 데이터가 수집되지 않은 것 같습니다. 현재 화면에서 직접 수정할 수 없습니다.,주행,주행기록,S006,주행기록 미반영,Y,Y,Y
VOC00228,주행 포인트가 적립되지 않았습니다,주행 조건을 충족한 것으로 보이는데 포인트가 0으로 표시됩니다.,포인트,적립,S001,주행 포인트 미적립,Y,Y,Y
VOC01305,주행 포인트는 언제 들어오나요,오늘 주행을 마쳤는데 포인트가 아직 반영되지 않았습니다. 보통 얼마나 걸리나요?,포인트,적립,S002,주행 포인트 적립 지연,Y,Y,Y
VOC03824,운전한 내역이 앱에 없습니다,차량은 정상적으로 운행했는데 주행 데이터가 수집되지 않은 것 같습니다. 빠른 확인 요청드립니다.,주행,주행기록,S006,주행기록 미반영,Y,Y,Y
VOC04760,새 차량으로 바꾸고 싶어요,차량을 교체해서 앱의 등록 정보를 수정하고 싶습니다. 필요한 확인 항목이 있다면 안내 부탁드립니다.,차량,차량정보,S008,차량정보 변경,Y,Y,Y
VOC06061,사용하지 않은 포인트가 차감됐어요,어제 확인한 잔액과 오늘 잔액이 달라서 문의드립니다. 빠른 확인 요청드립니다.,포인트,차감,S010,포인트 오차감,Y,Y,Y
VOC00857,포인트가 아직 처리되지 않았어요,오늘 주행을 마쳤는데 포인트가 아직 반영되지 않았습니다. 보통 얼마나 걸리나요? 빠른 확인 요청드립니다.,포인트,적립,S002,주행 포인트 적립 지연,Y,Y,Y
VOC03584,앱에서 운전 기록 확인 불가,해당 시간대의 운전 내역이 누락되어 확인 요청드립니다. 현재 화면에서 직접 수정할 수 없습니다.,주행,주행기록,S006,주행기록 미반영,Y,Y,Y
VOC02916,비밀번호 변경이 되지 않습니다 빠른 확인 요청드립니다.,비밀번호 찾기 과정에서 [전화번호]로 인증번호가 오지 않습니다.,회원,계정관리,S005,비밀번호 재설정,Y,Y,Y
VOC02256,아이디 입력 후 접속 오류,아이디와 비밀번호를 입력해도 로그인 오류가 발생합니다.,회원,로그인,S004,로그인 오류,Y,Y,Y
VOC09498,어떤 주행이 포인트 대상인가요,포인트 지급 대상과 제외 조건을 자세히 안내해주세요.,포인트,적립기준,S015,포인트 적립 기준 문의,Y,Y,Y
VOC01146,포인트가 아직 처리되지 않았어요,[접수시간]에 주행을 종료했습니다. 포인트 반영 예정 시간을 알고 싶습니다.,포인트,적립,S002,주행 포인트 적립 지연,Y,Y,Y
VOC02520,로그인 화면에서 넘어가지 않아요,로그인 버튼을 눌러도 화면이 그대로입니다.,회원,로그인,S004,로그인 오류,Y,Y,Y
VOC08089,증권 정보 수정 문의,앱에 표시된 계약자명이 [계약자명]으로 되어 있는데 실제 정보와 다릅니다. 처리 방법을 안내해주세요.,보험,계약정보,S013,계약정보 불일치,Y,Y,Y
VOC02026,계속 로그인에 실패합니다 확인 부탁드립니다.,여러 번 시도했지만 인증 후 다시 로그인 화면으로 돌아옵니다.,회원,로그인,S004,로그인 오류,Y,Y,Y
VOC01795,포인트 사용처가 궁금합니다 앱에서 확인이 어려워 문의드립니다.,현재 보유한 포인트를 어디에서 사용할 수 있는지 확인 부탁드립니다.,포인트,사용,S003,포인트 사용처 문의,Y,Y,Y
VOC00777,포인트 적립 처리 중 문의,주행 후 몇 시간이 지났는데 아직 적립 대기 상태입니다. 관련 기준도 함께 알려주세요.,포인트,적립,S002,주행 포인트 적립 지연,Y,Y,Y
VOC03058,비밀번호 변경이 되지 않습니다 처리 방법을 안내해주세요.,비밀번호 찾기 과정에서 [전화번호]로 인증번호가 오지 않습니다.,회원,계정관리,S005,비밀번호 재설정,Y,Y,Y
VOC07562,접수한 사고는 어떻게 진행되고 있나요,[접수일]에 접수한 사고의 담당자 배정 여부가 궁금합니다.,사고,처리현황,S012,사고 처리 진행 문의,Y,Y,Y
VOC01297,주행 포인트는 언제 들어오나요,주행 후 몇 시간이 지났는데 아직 적립 대기 상태입니다. 동일 현상이 반복되고 있습니다.,포인트,적립,S002,주행 포인트 적립 지연,Y,Y,Y
VOC09070,휴대전화 번호를 변경하고 싶습니다,새 번호로 본인 인증을 진행하는 방법을 알려주세요. 확인 부탁드립니다. 이전에 정상적으로 이용한 적이 있습니다.,회원,회원정보,S014,휴대전화 번호 변경,Y,Y,Y
VOC02309,계속 로그인에 실패합니다 앱에서 확인이 어려워 문의드립니다.,기존에 사용하던 계정으로 접속되지 않아 문의드립니다.,회원,로그인,S004,로그인 오류,Y,Y,Y
VOC09421,주행 포인트 산정 방법 문의,짧은 거리 주행도 포인트 적립 대상인지 문의드립니다.,포인트,적립기준,S015,포인트 적립 기준 문의,Y,Y,Y
VOC03640,주행기록이 보이지 않습니다,[주행일]에 [주행구간] 구간을 운전했는데 앱에서 기록이 보이지 않습니다. 동일 현상이 반복되고 있습니다.,주행,주행기록,S006,주행기록 미반영,Y,Y,Y
VOC03107,비밀번호 변경이 안 됩니다 관련 기준도 함께 알려주세요.,새 비밀번호를 입력했지만 변경이 완료되지 않습니다. 처리 방법을 안내해주세요. 앱을 다시 실행해도 같은 상태입니다.,회원,계정관리,S005,비밀번호 재설정,Y,Y,Y
VOC04934,차량을 변경했습니다,기존 차량을 삭제하고 새 차량을 등록하는 방법을 알려주세요.,차량,차량정보,S008,차량정보 변경,Y,Y,Y
VOC06790,앱이 계속 종료됩니다,앱을 실행하면 [에러코드] 오류가 표시되고 바로 종료됩니다.,앱,오류,S011,앱 실행 오류,Y,Y,Y
VOC04735,기존 차량 삭제 후 신규 등록,차량번호 변경 후 주행 서비스 연결 방법을 확인 요청드립니다. 빠른 확인 요청드립니다. 현재 화면에서 직접 수정할 수 없습니다.,차량,차량정보,S008,차량정보 변경,Y,Y,Y
VOC05555,회원 탈퇴를 요청합니다 관련 기준도 함께 알려주세요.,계정과 저장된 개인정보를 삭제하는 절차를 안내 부탁드립니다.,회원,계정관리,S009,회원 탈퇴,Y,Y,Y
VOC06776,서비스 실행 불가 문의,앱을 실행하면 [에러코드] 오류가 표시되고 바로 종료됩니다. 빠른 확인 요청드립니다.,앱,오류,S011,앱 실행 오류,Y,Y,Y
VOC08550,계약정보가 다르게 표시됩니다,계약 기간과 보험료 정보가 가입 당시 안내와 다르게 표시됩니다.,보험,계약정보,S013,계약정보 불일치,Y,Y,Y
VOC08393,보험 계약자 정보 오류,보험 계약 정보 중 일부 항목이 잘못되어 수정 요청드립니다.,보험,계약정보,S013,계약정보 불일치,Y,Y,Y
VOC00677,포인트가 아직 처리되지 않았어요,"포인트가 바로 들어오는지, 일정 시간이 필요한지 문의드립니다.",포인트,적립,S002,주행 포인트 적립 지연,Y,Y,Y
VOC07926,사고 처리 진행 상황 문의,제출한 서류가 정상적으로 접수됐는지 알고 싶습니다.,사고,처리현황,S012,사고 처리 진행 문의,Y,Y,Y
VOC00942,포인트 반영이 늦어지고 있습니다,주행 후 몇 시간이 지났는데 아직 적립 대기 상태입니다.,포인트,적립,S002,주행 포인트 적립 지연,Y,Y,Y
VOC07042,앱이 계속 종료됩니다 확인 부탁드립니다.,앱을 실행하면 [오류코드] 오류가 표시되고 바로 종료됩니다.,앱,오류,S011,앱 실행 오류,Y,Y,Y
VOC03444,운전한 내역이 앱에 없습니다,주행 종료 후에도 거리와 시간이 0으로 표시됩니다.,주행,주행기록,S006,주행기록 미반영,Y,Y,Y
VOC07212,업데이트 후 앱이 열리지 않아요,업데이트 이후 첫 화면에서 멈추고 다음으로 넘어가지 않습니다.,앱,오류,S011,앱 실행 오류,Y,Y,Y
VOC02574,계속 로그인에 실패합니다,기존에 사용하던 계정으로 접속되지 않아 문의드립니다. 빠른 확인 요청드립니다.,회원,로그인,S004,로그인 오류,Y,Y,Y
VOC01490,포인트를 사용할 수 있는 곳,포인트 사용 가능한 서비스와 제한 조건이 궁금합니다.,포인트,사용,S003,포인트 사용처 문의,Y,Y,Y
VOC01931,포인트를 사용할 수 있는 곳 앱에서 확인이 어려워 문의드립니다.,포인트 사용 가능한 서비스와 제한 조건이 확인하고 싶습니다.,포인트,사용,S003,포인트 사용처 문의,Y,Y,Y
VOC07105,업데이트 후 앱이 열리지 않아요,업데이트 이후 첫 화면에서 멈추고 다음으로 넘어가지 않습니다.,앱,오류,S011,앱 실행 오류,Y,Y,Y
VOC00672,운전 후 포인트 반영 시간 문의,[접수시간]에 주행을 종료했습니다. 포인트 반영 예정 시간을 알고 싶습니다.,포인트,적립,S002,주행 포인트 적립 지연,Y,Y,Y
VOC09052,휴대전화 번호를 변경하고 싶습니다,등록된 연락처가 실제 사용하는 번호와 달라 수정 요청드립니다.,회원,회원정보,S014,휴대전화 번호 변경,Y,Y,Y
VOC07787,사고 접수 후 연락이 없습니다 빠른 확인 요청드립니다.,사건번호 [사고접수번호]와 관련해 현재 처리 단계를 확인하고 싶습니다. 빠른 확인 요청드립니다. 이전에 정상적으로 이용한 적이 있습니다.,사고,처리현황,S012,사고 처리 진행 문의,Y,Y,Y
VOC06209,포인트 잔액 오류,포인트 내역에 알 수 없는 차감 기록이 있습니다.,포인트,차감,S010,포인트 오차감,Y,Y,Y
VOC08749,휴대전화 번호를 변경하고 싶습니다,등록된 연락처가 실제 사용하는 번호와 달라 수정 요청드립니다.,회원,회원정보,S014,휴대전화 번호 변경,Y,Y,Y
VOC09136,휴대전화 번호를 변경하고 싶습니다,새 번호로 본인 인증을 진행하는 방법을 알려주세요.,회원,회원정보,S014,휴대전화 번호 변경,Y,Y,Y
VOC08741,회원정보의 전화번호가 다릅니다,기존 번호 [전화번호]에서 새 번호 [변경전화번호]로 변경하고 싶습니다.,회원,회원정보,S014,휴대전화 번호 변경,Y,Y,Y
VOC03247,비밀번호가 기억나지 않아요,비밀번호 찾기 과정에서 [전화번호]로 인증번호가 오지 않습니다.,회원,계정관리,S005,비밀번호 재설정,Y,Y,Y
VOC07861,접수한 사고는 어떻게 진행되고 있나요,사고 접수 이후 진행 상황 안내를 받지 못했습니다.,사고,처리현황,S012,사고 처리 진행 문의,Y,Y,Y
VOC09340,운전점수와 포인트 관계,포인트 지급 대상과 제외 조건을 자세히 안내해주세요. 빠른 확인 요청드립니다. 앱을 다시 실행해도 같은 상태입니다.,포인트,적립기준,S015,포인트 적립 기준 문의,Y,Y,Y
VOC02845,새 비밀번호 등록 문의,비밀번호 변경 절차와 조건을 안내해주세요.,회원,계정관리,S005,비밀번호 재설정,Y,Y,Y
VOC08737,기존 전화번호 변경 문의,기존 번호 [전화번호]에서 새 번호 [변경전화번호]로 변경하고 싶습니다.,회원,회원정보,S014,휴대전화 번호 변경,Y,Y,Y
VOC01694,포인트 사용처가 궁금합니다,포인트 사용 가능한 서비스와 제한 조건이 확인하고 싶습니다.,포인트,사용,S003,포인트 사용처 문의,Y,Y,Y
VOC01662,적립 포인트는 어디서 쓰나요,포인트 사용 가능한 서비스와 제한 조건이 궁금합니다. 앱을 다시 실행해도 같은 상태입니다.,포인트,사용,S003,포인트 사용처 문의,Y,Y,Y
VOC06167,포인트 차감 내역이 이상합니다,포인트 사용 이력과 실제 잔액이 맞지 않습니다.,포인트,차감,S010,포인트 오차감,Y,Y,Y
VOC01282,포인트 반영이 늦어지고 있습니다 빠른 확인 요청드립니다.,[주행종료시간]에 주행을 종료했습니다. 포인트 반영 예정 시간을 알고 싶습니다.,포인트,적립,S002,주행 포인트 적립 지연,Y,Y,Y
VOC01715,보유 포인트 사용 방법 앱에서 확인이 어려워 문의드립니다.,포인트 사용 가능한 서비스와 제한 조건이 궁금합니다.,포인트,사용,S003,포인트 사용처 문의,Y,Y,Y
VOC02502,앱 로그인이 되지 않습니다,아이디와 비밀번호를 입력해도 로그인 오류가 발생합니다.,회원,로그인,S004,로그인 오류,Y,Y,Y
VOC09908,어떤 주행이 포인트 대상인가요,포인트를 받기 위한 최소 주행 조건이 안내받고 싶습니다.,포인트,적립기준,S015,포인트 적립 기준 문의,Y,Y,Y
VOC05027,등록 차량 변경 요청,기존 차량 [차량번호]에서 새 차량 [변경차량번호]로 변경했습니다.,차량,차량정보,S008,차량정보 변경,Y,Y,Y
VOC03157,비밀번호 변경이 안 됩니다,비밀번호 변경 절차와 조건을 안내해주세요. 관련 기준도 함께 알려주세요.,회원,계정관리,S005,비밀번호 재설정,Y,Y,Y
VOC02125,아이디 입력 후 접속 오류,[에러코드] 메시지가 표시되면서 앱에 접속할 수 없습니다. 빠른 확인 요청드립니다.,회원,로그인,S004,로그인 오류,Y,Y,Y
VOC02327,계속 로그인에 실패합니다 처리 방법을 안내해주세요.,아이디와 비밀번호를 입력해도 로그인 오류가 발생합니다.,회원,로그인,S004,로그인 오류,Y,Y,Y
VOC06281,포인트가 갑자기 줄었습니다 처리 방법을 안내해주세요.,어제 확인한 잔액과 오늘 잔액이 달라서 문의드립니다. 관련 기준도 함께 알려주세요.,포인트,차감,S010,포인트 오차감,Y,Y,Y
VOC05143,새 차량으로 바꾸고 싶어요,차량번호 변경 후 주행 서비스 연결 방법을 문의드립니다.,차량,차량정보,S008,차량정보 변경,Y,Y,Y
VOC05969,더 이상 서비스를 이용하지 않습니다,회원 탈퇴 시 남은 포인트와 주행기록이 어떻게 처리되는지 궁금합니다.,회원,계정관리,S009,회원 탈퇴,Y,Y,Y
VOC08783,등록 연락처 수정 요청,새 번호로 본인 인증을 진행하는 방법을 알려주세요.,회원,회원정보,S014,휴대전화 번호 변경,Y,Y,Y
VOC01253,운전 후 포인트 반영 시간 문의,방금 운전한 기록은 보이는데 포인트는 처리 중으로 표시됩니다. 앱을 다시 실행해도 같은 상태입니다.,포인트,적립,S002,주행 포인트 적립 지연,Y,Y,Y
VOC07977,접수한 사고는 어떻게 진행되고 있나요,사고 접수 이후 진행 상황 안내를 받지 못했습니다.,사고,처리현황,S012,사고 처리 진행 문의,Y,Y,Y
VOC00592,주행 포인트 미적립 문의 앱에서 확인이 어려워 문의드립니다.,운전 기록은 정상적으로 보이지만 포인트가 들어오지 않았습니다. 빠른 확인 요청드립니다.,포인트,적립,S001,주행 포인트 미적립,Y,Y,Y
VOC01683,보유 포인트 사용 방법,현재 보유한 포인트를 어디에서 사용할 수 있는지 알려주세요. 이전에 정상적으로 이용한 적이 있습니다.,포인트,사용,S003,포인트 사용처 문의,Y,Y,Y
VOC08643,계약정보가 다르게 표시됩니다,증권번호 [증권번호]의 차량정보가 현재 차량과 일치하지 않습니다. 현재 화면에서 직접 수정할 수 없습니다.,보험,계약정보,S013,계약정보 불일치,Y,Y,Y
VOC07515,사고 접수 후 연락이 없습니다,사고 접수 이후 진행 상황 안내를 받지 못했습니다.,사고,처리현황,S012,사고 처리 진행 문의,Y,Y,Y
VOC03263,비밀번호 변경이 되지 않습니다 관련 기준도 함께 알려주세요.,본인 인증 후 비밀번호 재설정 화면으로 이동하지 않습니다. 동일 현상이 반복되고 있습니다.,회원,계정관리,S005,비밀번호 재설정,Y,Y,Y
VOC08179,계약정보가 다르게 표시됩니다,보험 계약 정보 중 일부 항목이 잘못되어 수정 요청드립니다.,보험,계약정보,S013,계약정보 불일치,Y,Y,Y
VOC07343,보상 처리 단계 문의,사건번호 [사건번호]와 관련해 현재 처리 단계를 확인하고 싶습니다.,사고,처리현황,S012,사고 처리 진행 문의,Y,Y,Y
VOC05609,서비스 계정을 삭제하고 싶어요 처리 방법을 안내해주세요.,회원 탈퇴 시 남은 포인트와 주행기록이 어떻게 처리되는지 안내받고 싶습니다.,회원,계정관리,S009,회원 탈퇴,Y,Y,Y
VOC04398,보험료 할인이 반영됐나요,안전운전 점수와 보험료 할인 적용 기준을 안내해주세요.,보험,할인,S007,보험료 할인 적용 문의,Y,Y,Y
VOC03867,운전한 내역이 앱에 없습니다,주행 종료 후에도 거리와 시간이 0으로 표시됩니다.,주행,주행기록,S006,주행기록 미반영,Y,Y,Y
VOC02955,새 비밀번호 등록 문의,새 비밀번호를 입력했지만 변경이 완료되지 않습니다.,회원,계정관리,S005,비밀번호 재설정,Y,Y,Y
VOC03173,비밀번호 변경이 되지 않습니다,본인 인증 후 비밀번호 재설정 화면으로 이동하지 않습니다.,회원,계정관리,S005,비밀번호 재설정,Y,Y,Y
VOC05404,서비스 계정을 삭제하고 싶어요,앱에서 탈퇴 메뉴를 찾을 수 없어 문의드립니다. 현재 화면에서 직접 수정할 수 없습니다.,회원,계정관리,S009,회원 탈퇴,Y,Y,Y
VOC05444,더 이상 서비스를 이용하지 않습니다,더 이상 서비스를 이용하지 않아 회원 탈퇴를 진행하고 싶습니다.,회원,계정관리,S009,회원 탈퇴,Y,Y,Y
VOC04329,보험료 할인이 반영됐나요,앱에는 할인 대상이라고 나오는데 실제 보험료에 적용됐는지 알고 싶습니다. 필요한 확인 항목이 있다면 안내 부탁드립니다.,보험,할인,S007,보험료 할인 적용 문의,Y,Y,Y
VOC01119,포인트가 아직 처리되지 않았어요,[주행종료시간]에 주행을 종료했습니다. 포인트 반영 예정 시간을 알고 싶습니다.,포인트,적립,S002,주행 포인트 적립 지연,Y,Y,Y
VOC09207,등록 연락처 수정 요청 앱에서 확인이 어려워 문의드립니다.,기존 번호 [기존전화번호]에서 새 번호 [변경전화번호]로 변경하고 싶습니다.,회원,회원정보,S014,휴대전화 번호 변경,Y,Y,Y
VOC06202,포인트 차감 내역이 이상합니다,어제 확인한 잔액과 오늘 잔액이 달라서 확인 요청드립니다. 앱을 다시 실행해도 같은 상태입니다.,포인트,차감,S010,포인트 오차감,Y,Y,Y
VOC02540,로그인 화면에서 넘어가지 않아요,로그인 버튼을 눌러도 화면이 그대로입니다.,회원,로그인,S004,로그인 오류,Y,Y,Y
VOC08978,기존 전화번호 변경 문의,기존 번호 [기존전화번호]에서 새 번호 [변경전화번호]로 변경하고 싶습니다. 이전에 정상적으로 이용한 적이 있습니다.,회원,회원정보,S014,휴대전화 번호 변경,Y,Y,Y
VOC02499,아이디 입력 후 접속 오류,기존에 사용하던 계정으로 접속되지 않아 문의드립니다. 현재 화면에서 직접 수정할 수 없습니다.,회원,로그인,S004,로그인 오류,Y,Y,Y
VOC02212,계정 접속이 불가능합니다,기존에 사용하던 계정으로 접속되지 않아 문의드립니다.,회원,로그인,S004,로그인 오류,Y,Y,Y
VOC04085,보험료 할인 혜택이 궁금합니다,안전운전 점수와 보험료 할인 적용 기준을 안내해주세요.,보험,할인,S007,보험료 할인 적용 문의,Y,Y,Y
VOC07790,접수한 사고는 어떻게 진행되고 있나요,사고 접수 이후 진행 상황 안내를 받지 못했습니다.,사고,처리현황,S012,사고 처리 진행 문의,Y,Y,Y
VOC06939,앱 실행 중 오류가 발생합니다 빠른 확인 요청드립니다.,특정 메뉴에 들어가면 화면이 멈추는 현상이 반복됩니다. 앱을 다시 실행해도 같은 상태입니다.,앱,오류,S011,앱 실행 오류,Y,Y,Y
VOC00083,포인트가 누락된 것 같습니다 빠른 확인 요청드립니다.,지난 주행 건에 대한 포인트를 받지 못했습니다. 확인 부탁드립니다.,포인트,적립,S001,주행 포인트 미적립,Y,Y,Y
VOC02933,새 비밀번호 등록 문의,본인 인증 후 비밀번호 재설정 화면으로 이동하지 않습니다. 동일 현상이 반복되고 있습니다.,회원,계정관리,S005,비밀번호 재설정,Y,Y,Y
VOC09485,포인트 적립 기준이 궁금합니다 빠른 확인 요청드립니다.,급가속이나 급감속 기록이 포인트 적립에 영향을 주나요? 동일 현상이 반복되고 있습니다.,포인트,적립기준,S015,포인트 적립 기준 문의,Y,Y,Y
VOC07108,업데이트 후 앱이 열리지 않아요 관련 기준도 함께 알려주세요.,재설치 후에도 동일하게 앱이 강제 종료됩니다. 앱에서 확인이 어려워 문의드립니다.,앱,오류,S011,앱 실행 오류,Y,Y,Y
VOC04582,안전운전 할인 적용 여부 문의,안전운전 점수와 보험료 할인 적용 기준을 안내해주세요.,보험,할인,S007,보험료 할인 적용 문의,Y,Y,Y
VOC09522,포인트 지급 조건 안내 요청,포인트 지급 대상과 제외 조건을 자세히 안내해주세요. 필요한 확인 항목이 있다면 안내 부탁드립니다.,포인트,적립기준,S015,포인트 적립 기준 문의,Y,Y,Y
VOC05584,더 이상 서비스를 이용하지 않습니다,본인 인증 후 탈퇴가 완료되지 않아 확인 부탁드립니다.,회원,계정관리,S009,회원 탈퇴,Y,Y,Y
VOC01360,포인트 사용처가 확인하고 싶습니다,보험료 결제 외에도 포인트를 사용할 수 있는 곳이 있나요?,포인트,사용,S003,포인트 사용처 문의,Y,Y,Y
VOC04802,기존 차량 삭제 후 신규 등록,보험 계약 차량은 변경됐는데 앱에는 이전 차량이 표시됩니다.,차량,차량정보,S008,차량정보 변경,Y,Y,Y
VOC01749,포인트 사용처가 궁금합니다,앱에 [금액] 포인트가 있는데 사용 가능한 항목을 확인하고 싶습니다.,포인트,사용,S003,포인트 사용처 문의,Y,Y,Y
VOC02590,계정 접속이 불가능합니다,기존에 사용하던 계정으로 접속되지 않아 문의드립니다. 동일 현상이 반복되고 있습니다.,회원,로그인,S004,로그인 오류,Y,Y,Y
VOC09436,포인트 지급 조건 안내 요청,짧은 거리 주행도 포인트 적립 대상인지 문의드립니다.,포인트,적립기준,S015,포인트 적립 기준 문의,Y,Y,Y
VOC06218,포인트가 갑자기 줄었습니다,포인트 사용 이력과 실제 잔액이 맞지 않습니다.,포인트,차감,S010,포인트 오차감,Y,Y,Y
VOC00961,포인트 적립 처리 중 문의,주행 후 몇 시간이 지났는데 아직 적립 대기 상태입니다. 이전에 정상적으로 이용한 적이 있습니다.,포인트,적립,S002,주행 포인트 적립 지연,Y,Y,Y
VOC06617,사용하지 않은 포인트가 차감됐어요,포인트 사용 이력과 실제 잔액이 맞지 않습니다.,포인트,차감,S010,포인트 오차감,Y,Y,Y
VOC09843,주행 포인트 산정 방법 문의,주행거리와 운전점수에 따라 포인트가 어떻게 산정되는지 알고 싶습니다. 빠른 확인 요청드립니다.,포인트,적립기준,S015,포인트 적립 기준 문의,Y,Y,Y
VOC04492,보험료 할인 혜택이 확인하고 싶습니다 관련 기준도 함께 알려주세요.,증권번호 [증권번호] 계약에 안전운전 할인이 적용됐는지 확인하고 싶습니다.,보험,할인,S007,보험료 할인 적용 문의,Y,Y,Y
VOC01818,포인트 사용처가 안내받고 싶습니다,포인트 사용 가능한 서비스와 제한 조건이 궁금합니다.,포인트,사용,S003,포인트 사용처 문의,Y,Y,Y
VOC09604,주행 포인트 산정 방법 문의,급가속이나 급감속 기록이 포인트 적립에 영향을 주나요?,포인트,적립기준,S015,포인트 적립 기준 문의,Y,Y,Y
VOC02977,새 비밀번호 등록 문의 확인 부탁드립니다.,본인 인증 후 비밀번호 재설정 화면으로 이동하지 않습니다. 빠른 확인 요청드립니다. 동일 현상이 반복되고 있습니다.,회원,계정관리,S005,비밀번호 재설정,Y,Y,Y
VOC05145,새 차량으로 바꾸고 싶어요,기존 차량을 삭제하고 새 차량을 등록하는 방법을 알려주세요.,차량,차량정보,S008,차량정보 변경,Y,Y,Y
VOC05273,앱 차량정보 수정 문의,기존 차량 [기존차량번호]에서 새 차량 [변경차량번호]로 변경했습니다. 빠른 확인 요청드립니다.,차량,차량정보,S008,차량정보 변경,Y,Y,Y
VOC00152,주행 포인트 미적립 문의,지난 주행 건에 대한 포인트를 받지 못했습니다. 확인 부탁드립니다.,포인트,적립,S001,주행 포인트 미적립,Y,Y,Y
VOC07561,사건번호 처리 상태 확인,보상 심사가 어느 단계까지 진행됐는지 확인 부탁드립니다. 관련 기준도 함께 알려주세요.,사고,처리현황,S012,사고 처리 진행 문의,Y,Y,Y
VOC00061,포인트가 누락된 것 같습니다 앱에서 확인이 어려워 문의드립니다.,[접수일]에 주행을 완료했는데 포인트가 아직 적립되지 않았습니다. 앱에서 확인이 어려워 문의드립니다.,포인트,적립,S001,주행 포인트 미적립,Y,Y,Y
VOC07669,사고 처리 진행 상황 문의 처리 방법을 안내해주세요.,보상 심사가 어느 단계까지 진행됐는지 확인 부탁드립니다.,사고,처리현황,S012,사고 처리 진행 문의,Y,Y,Y
VOC04403,안전운전 할인 적용 여부 문의 앱에서 확인이 어려워 문의드립니다.,증권번호 [증권번호] 계약에 안전운전 할인이 적용됐는지 확인하고 싶습니다.,보험,할인,S007,보험료 할인 적용 문의,Y,Y,Y
VOC00322,주행 포인트가 적립되지 않았습니다,[출발지]-[도착지] 구간을 운전했는데 적립 내역이 확인되지 않습니다. 앱을 다시 실행해도 같은 상태입니다.,포인트,적립,S001,주행 포인트 미적립,Y,Y,Y
VOC07797,사건번호 처리 상태 확인 관련 기준도 함께 알려주세요.,보상 심사가 어느 단계까지 진행됐는지 확인 부탁드립니다.,사고,처리현황,S012,사고 처리 진행 문의,Y,Y,Y
VOC06514,포인트 잔액 오류,포인트 내역에 알 수 없는 차감 기록이 있습니다.,포인트,차감,S010,포인트 오차감,Y,Y,Y
VOC08904,새 번호로 인증받고 싶어요,번호 변경 후 로그인 인증 문자가 이전 번호로 발송됩니다. 앱에서 확인이 어려워 문의드립니다.,회원,회원정보,S014,휴대전화 번호 변경,Y,Y,Y
VOC05953,앱 회원 탈퇴 방법 문의,계정과 저장된 개인정보를 삭제하는 절차를 알려주세요.,회원,계정관리,S009,회원 탈퇴,Y,Y,Y
VOC05267,차량을 변경했습니다 확인 부탁드립니다.,기존 차량 [기존차량번호]에서 새 차량 [새차량번호]로 변경했습니다.,차량,차량정보,S008,차량정보 변경,Y,Y,Y
VOC09659,어떤 주행이 포인트 대상인가요,급가속이나 급감속 기록이 포인트 적립에 영향을 주나요?,포인트,적립기준,S015,포인트 적립 기준 문의,Y,Y,Y
VOC02037,아이디 입력 후 접속 오류,아이디와 비밀번호를 입력해도 로그인 오류가 발생합니다.,회원,로그인,S004,로그인 오류,Y,Y,Y
VOC04946,새 차량으로 바꾸고 싶어요,기존 차량을 삭제하고 새 차량을 등록하는 방법을 알려주세요. 처리 방법을 안내해주세요.,차량,차량정보,S008,차량정보 변경,Y,Y,Y
VOC03976,앱에서 운전 기록 확인 불가,[접수일]에 [주행구간] 구간을 운전했는데 앱에서 기록이 보이지 않습니다.,주행,주행기록,S006,주행기록 미반영,Y,Y,Y
VOC04925,앱 차량정보 수정 문의,기존 차량을 삭제하고 새 차량을 등록하는 방법을 알려주세요.,차량,차량정보,S008,차량정보 변경,Y,Y,Y
VOC01793,적립 포인트는 어디서 쓰나요,적립된 포인트의 사용처와 사용 절차를 안내 부탁드립니다.,포인트,사용,S003,포인트 사용처 문의,Y,Y,Y
VOC05101,차량을 변경했습니다,기존 차량을 삭제하고 새 차량을 등록하는 방법을 알려주세요.,차량,차량정보,S008,차량정보 변경,Y,Y,Y
VOC04893,차량을 변경했습니다,차량번호 변경 후 주행 서비스 연결 방법을 문의드립니다.,차량,차량정보,S008,차량정보 변경,Y,Y,Y
VOC07461,사고 접수 후 연락이 없습니다 관련 기준도 함께 알려주세요.,제출한 서류가 정상적으로 접수됐는지 알고 싶습니다.,사고,처리현황,S012,사고 처리 진행 문의,Y,Y,Y
VOC03106,비밀번호가 기억나지 않아요 확인 부탁드립니다.,본인 인증 후 비밀번호 재설정 화면으로 이동하지 않습니다. 필요한 확인 항목이 있다면 안내 부탁드립니다.,회원,계정관리,S005,비밀번호 재설정,Y,Y,Y
VOC07847,접수한 사고는 어떻게 진행되고 있나요,사건번호 [사고접수번호]와 관련해 현재 처리 단계를 확인하고 싶습니다.,사고,처리현황,S012,사고 처리 진행 문의,Y,Y,Y
VOC05614,앱 회원 탈퇴 방법 문의,계정과 저장된 개인정보를 삭제하는 절차를 알려주세요. 동일 현상이 반복되고 있습니다.,회원,계정관리,S009,회원 탈퇴,Y,Y,Y
VOC02848,비밀번호가 기억나지 않아요,비밀번호가 기억나지 않아 재설정하려고 합니다. 빠른 확인 요청드립니다.,회원,계정관리,S005,비밀번호 재설정,Y,Y,Y
VOC02778,비밀번호를 재설정하고 싶습니다,비밀번호 찾기 과정에서 [전화번호]로 인증번호가 오지 않습니다. 빠른 확인 요청드립니다.,회원,계정관리,S005,비밀번호 재설정,Y,Y,Y
VOC01067,포인트 적립 처리 중 문의,주행 후 몇 시간이 지났는데 아직 적립 대기 상태입니다. 처리 방법을 안내해주세요.,포인트,적립,S002,주행 포인트 적립 지연,Y,Y,Y
VOC09771,포인트 지급 조건 안내 요청,주행거리와 운전점수에 따라 포인트가 어떻게 산정되는지 알고 싶습니다.,포인트,적립기준,S015,포인트 적립 기준 문의,Y,Y,Y
VOC09850,어떤 주행이 포인트 대상인가요,짧은 거리 주행도 포인트 적립 대상인지 문의드립니다. 앱을 다시 실행해도 같은 상태입니다.,포인트,적립기준,S015,포인트 적립 기준 문의,Y,Y,Y
VOC07162,업데이트 후 앱이 열리지 않아요 빠른 확인 요청드립니다.,재설치 후에도 동일하게 앱이 강제 종료됩니다.,앱,오류,S011,앱 실행 오류,Y,Y,Y
VOC05333,기존 차량 삭제 후 신규 등록,기존 차량 [기존차량번호]에서 새 차량 [새차량번호]로 변경했습니다.,차량,차량정보,S008,차량정보 변경,Y,Y,Y
VOC08303,보험 계약자 정보 오류,계약 기간과 보험료 정보가 가입 당시 안내와 다르게 표시됩니다. 동일 현상이 반복되고 있습니다.,보험,계약정보,S013,계약정보 불일치,Y,Y,Y
VOC06339,포인트 차감 내역이 이상합니다 관련 기준도 함께 알려주세요.,포인트 내역에 알 수 없는 차감 기록이 있습니다. 관련 기준도 함께 알려주세요. 동일 현상이 반복되고 있습니다.,포인트,차감,S010,포인트 오차감,Y,Y,Y
VOC06243,포인트 잔액 오류 확인 부탁드립니다.,포인트 내역에 알 수 없는 차감 기록이 있습니다. 확인 부탁드립니다. 앱을 다시 실행해도 같은 상태입니다.,포인트,차감,S010,포인트 오차감,Y,Y,Y
VOC07530,접수한 사고는 어떻게 진행되고 있나요,보상 심사가 어느 단계까지 진행됐는지 확인 부탁드립니다.,사고,처리현황,S012,사고 처리 진행 문의,Y,Y,Y
VOC01987,포인트 사용 가능 서비스 문의 앱에서 확인이 어려워 문의드립니다.,앱에 [차감금액] 포인트가 있는데 사용 가능한 항목을 확인하고 싶습니다.,포인트,사용,S003,포인트 사용처 문의,Y,Y,Y
VOC09142,기존 전화번호 변경 문의 확인 부탁드립니다.,등록된 연락처가 실제 사용하는 번호와 달라 수정 요청드립니다. 처리 방법을 안내해주세요.,회원,회원정보,S014,휴대전화 번호 변경,Y,Y,Y
VOC08615,증권 정보 수정 문의 확인 부탁드립니다.,앱에 표시된 계약자명이 [계약자명]으로 되어 있는데 실제 정보와 다릅니다. 필요한 확인 항목이 있다면 안내 부탁드립니다.,보험,계약정보,S013,계약정보 불일치,Y,Y,Y
VOC00863,운전 후 포인트 반영 시간 문의,방금 운전한 기록은 보이는데 포인트는 처리 중으로 표시됩니다. 처리 방법을 안내해주세요.,포인트,적립,S002,주행 포인트 적립 지연,Y,Y,Y
VOC02980,비밀번호 찾기 인증 오류,본인 인증 후 비밀번호 재설정 화면으로 이동하지 않습니다. 동일 현상이 반복되고 있습니다.,회원,계정관리,S005,비밀번호 재설정,Y,Y,Y
VOC08865,새 번호로 인증받고 싶어요,등록된 연락처가 실제 사용하는 번호와 달라 수정 요청드립니다.,회원,회원정보,S014,휴대전화 번호 변경,Y,Y,Y
VOC00376,주행 포인트가 적립되지 않았습니다,주행 조건을 충족한 것으로 보이는데 포인트가 0으로 표시됩니다. 확인 부탁드립니다.,포인트,적립,S001,주행 포인트 미적립,Y,Y,Y
VOC03665,운전한 내역이 앱에 없습니다,주행 종료 후에도 거리와 시간이 0으로 표시됩니다. 확인 부탁드립니다.,주행,주행기록,S006,주행기록 미반영,Y,Y,Y
VOC09719,포인트 지급 조건 안내 요청,급가속이나 급감속 기록이 포인트 적립에 영향을 주나요? 이전에 정상적으로 이용한 적이 있습니다.,포인트,적립기준,S015,포인트 적립 기준 문의,Y,Y,Y
VOC02373,아이디 입력 후 접속 오류,[오류코드] 메시지가 표시되면서 앱에 접속할 수 없습니다. 현재 화면에서 직접 수정할 수 없습니다.,회원,로그인,S004,로그인 오류,Y,Y,Y
VOC08575,계약 차량 정보 불일치,갱신한 계약이 앱에서 이전 계약으로 보입니다.,보험,계약정보,S013,계약정보 불일치,Y,Y,Y
VOC02141,계속 로그인에 실패합니다 처리 방법을 안내해주세요.,로그인 버튼을 눌러도 화면이 그대로입니다. 필요한 확인 항목이 있다면 안내 부탁드립니다.,회원,로그인,S004,로그인 오류,Y,Y,Y
VOC07686,사건번호 처리 상태 확인,[접수일]에 접수한 사고의 담당자 배정 여부가 궁금합니다.,사고,처리현황,S012,사고 처리 진행 문의,Y,Y,Y
VOC01677,보유 포인트 사용 방법,앱에 [금액] 포인트가 있는데 사용 가능한 항목을 확인하고 싶습니다.,포인트,사용,S003,포인트 사용처 문의,Y,Y,Y
VOC00774,운전 후 포인트 반영 시간 문의 관련 기준도 함께 알려주세요.,오늘 주행을 마쳤는데 포인트가 아직 반영되지 않았습니다. 보통 얼마나 걸리나요?,포인트,적립,S002,주행 포인트 적립 지연,Y,Y,Y
VOC03463,운전한 내역이 앱에 없습니다,주행 종료 후에도 거리와 시간이 0으로 표시됩니다. 현재 화면에서 직접 수정할 수 없습니다.,주행,주행기록,S006,주행기록 미반영,Y,Y,Y
VOC08270,보험 계약자 정보 오류,갱신한 계약이 앱에서 이전 계약으로 보입니다.,보험,계약정보,S013,계약정보 불일치,Y,Y,Y
VOC08733,새 번호로 인증받고 싶어요,기존 번호 [기존전화번호]에서 새 번호 [변경전화번호]로 변경하고 싶습니다. 빠른 확인 요청드립니다.,회원,회원정보,S014,휴대전화 번호 변경,Y,Y,Y
VOC00358,주행 포인트가 적립되지 않았습니다,운전 기록은 정상적으로 보이지만 포인트가 들어오지 않았습니다.,포인트,적립,S001,주행 포인트 미적립,Y,Y,Y
VOC07888,사건번호 처리 상태 확인,제출한 서류가 정상적으로 접수됐는지 알고 싶습니다. 필요한 확인 항목이 있다면 안내 부탁드립니다.,사고,처리현황,S012,사고 처리 진행 문의,Y,Y,Y
VOC00441,주행 후 포인트가 없습니다 확인 부탁드립니다.,[날짜]에 주행을 완료했는데 포인트가 아직 적립되지 않았습니다.,포인트,적립,S001,주행 포인트 미적립,Y,Y,Y
VOC04776,등록 차량 변경 요청,보험 계약 차량은 변경됐는데 앱에는 이전 차량이 표시됩니다.,차량,차량정보,S008,차량정보 변경,Y,Y,Y
VOC06646,잘못 차감된 포인트 문의,포인트 내역에 알 수 없는 차감 기록이 있습니다.,포인트,차감,S010,포인트 오차감,Y,Y,Y
VOC04254,보험료 할인이 반영됐나요,증권번호 [증권번호] 계약에 안전운전 할인이 적용됐는지 확인하고 싶습니다.,보험,할인,S007,보험료 할인 적용 문의,Y,Y,Y
VOC01214,주행 포인트는 언제 들어오나요,방금 운전한 기록은 보이는데 포인트는 처리 중으로 표시됩니다. 관련 기준도 함께 알려주세요.,포인트,적립,S002,주행 포인트 적립 지연,Y,Y,Y
VOC04392,보험료 할인 혜택이 궁금합니다,앱에는 할인 대상이라고 나오는데 실제 보험료에 적용됐는지 알고 싶습니다.,보험,할인,S007,보험료 할인 적용 문의,Y,Y,Y
VOC05911,회원 탈퇴를 요청합니다,앱에서 탈퇴 메뉴를 찾을 수 없어 확인 요청드립니다.,회원,계정관리,S009,회원 탈퇴,Y,Y,Y
VOC00874,운전 후 포인트 반영 시간 문의,방금 운전한 기록은 보이는데 포인트는 처리 중으로 표시됩니다. 처리 방법을 안내해주세요. 이전에 정상적으로 이용한 적이 있습니다.,포인트,적립,S002,주행 포인트 적립 지연,Y,Y,Y
VOC08660,증권 정보 수정 문의,앱에 표시된 계약자명이 [이름]으로 되어 있는데 실제 정보와 다릅니다.,보험,계약정보,S013,계약정보 불일치,Y,Y,Y
VOC07148,업데이트 후 앱이 열리지 않아요,업데이트 이후 첫 화면에서 멈추고 다음으로 넘어가지 않습니다.,앱,오류,S011,앱 실행 오류,Y,Y,Y
VOC03934,주행기록이 보이지 않습니다,차량은 정상적으로 운행했는데 주행 데이터가 수집되지 않은 것 같습니다.,주행,주행기록,S006,주행기록 미반영,Y,Y,Y
VOC09497,운전점수와 포인트 관계,짧은 거리 주행도 포인트 적립 대상인지 문의드립니다.,포인트,적립기준,S015,포인트 적립 기준 문의,Y,Y,Y
VOC03027,비밀번호 변경이 되지 않습니다,본인 인증 후 비밀번호 재설정 화면으로 이동하지 않습니다.,회원,계정관리,S005,비밀번호 재설정,Y,Y,Y
VOC01319,포인트 반영이 늦어지고 있습니다,"포인트가 바로 들어오는지, 일정 시간이 필요한지 문의드립니다.",포인트,적립,S002,주행 포인트 적립 지연,Y,Y,Y
VOC02803,비밀번호가 기억나지 않아요,본인 인증 후 비밀번호 재설정 화면으로 이동하지 않습니다.,회원,계정관리,S005,비밀번호 재설정,Y,Y,Y
VOC08258,증권 정보 수정 문의,앱에 표시된 계약자명이 [이름]으로 되어 있는데 실제 정보와 다릅니다.,보험,계약정보,S013,계약정보 불일치,Y,Y,Y
VOC02157,로그인 화면에서 넘어가지 않아요 빠른 확인 요청드립니다.,기존에 사용하던 계정으로 접속되지 않아 문의드립니다.,회원,로그인,S004,로그인 오류,Y,Y,Y
VOC07106,서비스 실행 불가 문의,업데이트 이후 첫 화면에서 멈추고 다음으로 넘어가지 않습니다.,앱,오류,S011,앱 실행 오류,Y,Y,Y
VOC08679,등록 연락처 수정 요청,기존 번호 [기존전화번호]에서 새 번호 [변경전화번호]로 변경하고 싶습니다.,회원,회원정보,S014,휴대전화 번호 변경,Y,Y,Y
VOC09693,포인트 지급 조건 안내 요청 처리 방법을 안내해주세요.,주행거리와 운전점수에 따라 포인트가 어떻게 산정되는지 알고 싶습니다. 이전에 정상적으로 이용한 적이 있습니다.,포인트,적립기준,S015,포인트 적립 기준 문의,Y,Y,Y
VOC03329,비밀번호 찾기 인증 오류,비밀번호 찾기 과정에서 [전화번호]로 인증번호가 오지 않습니다.,회원,계정관리,S005,비밀번호 재설정,Y,Y,Y
VOC05816,회원 탈퇴를 요청합니다 앱에서 확인이 어려워 문의드립니다.,계정과 저장된 개인정보를 삭제하는 절차를 알려주세요.,회원,계정관리,S009,회원 탈퇴,Y,Y,Y
VOC07867,사고 접수 후 연락이 없습니다,[접수일]에 접수한 사고의 담당자 배정 여부가 궁금합니다.,사고,처리현황,S012,사고 처리 진행 문의,Y,Y,Y
VOC07917,보상 처리 단계 문의 앱에서 확인이 어려워 문의드립니다.,사건번호 [사건번호]와 관련해 현재 처리 단계를 확인하고 싶습니다. 앱에서 확인이 어려워 문의드립니다.,사고,처리현황,S012,사고 처리 진행 문의,Y,Y,Y
VOC00855,포인트가 아직 처리되지 않았어요,오늘 주행을 마쳤는데 포인트가 아직 반영되지 않았습니다. 보통 얼마나 걸리나요?,포인트,적립,S002,주행 포인트 적립 지연,Y,Y,Y
VOC06908,앱 화면이 멈춥니다,앱을 실행하면 [에러코드] 오류가 표시되고 바로 종료됩니다.,앱,오류,S011,앱 실행 오류,Y,Y,Y
VOC07260,서비스 실행 불가 문의,앱을 열면 흰 화면만 보이고 아무 기능도 사용할 수 없습니다. 빠른 확인 요청드립니다.,앱,오류,S011,앱 실행 오류,Y,Y,Y
VOC09217,기존 전화번호 변경 문의,등록된 연락처가 실제 사용하는 번호와 달라 수정 요청드립니다.,회원,회원정보,S014,휴대전화 번호 변경,Y,Y,Y
VOC08375,증권 정보 수정 문의,증권번호 [계약번호]의 차량정보가 현재 차량과 일치하지 않습니다. 관련 기준도 함께 알려주세요.,보험,계약정보,S013,계약정보 불일치,Y,Y,Y
VOC03375,앱에서 운전 기록 확인 불가,해당 시간대의 운전 내역이 누락되어 확인 요청드립니다.,주행,주행기록,S006,주행기록 미반영,Y,Y,Y
VOC02134,로그인 화면에서 넘어가지 않아요,[오류코드] 메시지가 표시되면서 앱에 접속할 수 없습니다.,회원,로그인,S004,로그인 오류,Y,Y,Y
VOC05547,더 이상 서비스를 이용하지 않습니다,본인 인증 후 탈퇴가 완료되지 않아 확인 부탁드립니다.,회원,계정관리,S009,회원 탈퇴,Y,Y,Y
VOC02843,비밀번호를 재설정하고 싶습니다,비밀번호 찾기 과정에서 [기존전화번호]로 인증번호가 오지 않습니다. 앱에서 확인이 어려워 문의드립니다.,회원,계정관리,S005,비밀번호 재설정,Y,Y,Y
VOC00366,운전했는데 포인트가 안 들어왔어요,운전 기록은 정상적으로 보이지만 포인트가 들어오지 않았습니다.,포인트,적립,S001,주행 포인트 미적립,Y,Y,Y
VOC06626,사용하지 않은 포인트가 차감됐어요,포인트 사용 이력과 실제 잔액이 맞지 않습니다.,포인트,차감,S010,포인트 오차감,Y,Y,Y
VOC08786,등록 연락처 수정 요청,기존 번호 [기존전화번호]에서 새 번호 [변경전화번호]로 변경하고 싶습니다. 현재 화면에서 직접 수정할 수 없습니다.,회원,회원정보,S014,휴대전화 번호 변경,Y,Y,Y
VOC04715,차량을 변경했습니다,차량번호 변경 후 주행 서비스 연결 방법을 문의드립니다. 필요한 확인 항목이 있다면 안내 부탁드립니다.,차량,차량정보,S008,차량정보 변경,Y,Y,Y
VOC05796,회원 탈퇴를 요청합니다,앱에서 탈퇴 메뉴를 찾을 수 없어 문의드립니다. 확인 부탁드립니다.,회원,계정관리,S009,회원 탈퇴,Y,Y,Y
VOC04279,보험료 할인이 반영됐나요,앱에는 할인 대상이라고 나오는데 실제 보험료에 적용됐는지 알고 싶습니다. 이전에 정상적으로 이용한 적이 있습니다.,보험,할인,S007,보험료 할인 적용 문의,Y,Y,Y
VOC00081,주행 후 포인트가 없습니다,주행 조건을 충족한 것으로 보이는데 포인트가 0으로 표시됩니다.,포인트,적립,S001,주행 포인트 미적립,Y,Y,Y
VOC09768,어떤 주행이 포인트 대상인가요,포인트를 받기 위한 최소 주행 조건이 궁금합니다. 처리 방법을 안내해주세요.,포인트,적립기준,S015,포인트 적립 기준 문의,Y,Y,Y
VOC01663,포인트를 사용할 수 있는 곳,포인트 사용 가능한 서비스와 제한 조건이 궁금합니다.,포인트,사용,S003,포인트 사용처 문의,Y,Y,Y
VOC05223,차량을 변경했습니다,기존 차량 [차량번호]에서 새 차량 [새차량번호]로 변경했습니다.,차량,차량정보,S008,차량정보 변경,Y,Y,Y
VOC08925,등록 연락처 수정 요청,기존 번호 [기존전화번호]에서 새 번호 [변경전화번호]로 변경하고 싶습니다. 빠른 확인 요청드립니다.,회원,회원정보,S014,휴대전화 번호 변경,Y,Y,Y
VOC06231,포인트가 갑자기 줄었습니다,포인트 내역에 알 수 없는 차감 기록이 있습니다.,포인트,차감,S010,포인트 오차감,Y,Y,Y
VOC05518,서비스 계정을 삭제하고 싶어요,회원 탈퇴 시 남은 포인트와 주행기록이 어떻게 처리되는지 확인하고 싶습니다. 앱에서 확인이 어려워 문의드립니다.,회원,계정관리,S009,회원 탈퇴,Y,Y,Y
VOC08770,휴대전화 번호를 변경하고 싶습니다 관련 기준도 함께 알려주세요.,새 번호로 본인 인증을 진행하는 방법을 알려주세요. 확인 부탁드립니다.,회원,회원정보,S014,휴대전화 번호 변경,Y,Y,Y
VOC06821,업데이트 후 앱이 열리지 않아요,앱을 열면 흰 화면만 보이고 아무 기능도 사용할 수 없습니다.,앱,오류,S011,앱 실행 오류,Y,Y,Y
VOC02279,로그인 화면에서 넘어가지 않아요 앱에서 확인이 어려워 문의드립니다.,로그인 버튼을 눌러도 화면이 그대로입니다.,회원,로그인,S004,로그인 오류,Y,Y,Y
VOC01323,포인트가 아직 처리되지 않았어요,주행 후 몇 시간이 지났는데 아직 적립 대기 상태입니다.,포인트,적립,S002,주행 포인트 적립 지연,Y,Y,Y
VOC09504,운전점수와 포인트 관계,주행거리와 운전점수에 따라 포인트가 어떻게 산정되는지 알고 싶습니다.,포인트,적립기준,S015,포인트 적립 기준 문의,Y,Y,Y
VOC09118,기존 전화번호 변경 문의,휴대전화 번호를 바꿨는데 앱 회원정보에는 이전 번호가 표시됩니다. 빠른 확인 요청드립니다. 동일 현상이 반복되고 있습니다.,회원,회원정보,S014,휴대전화 번호 변경,Y,Y,Y
VOC05772,앱 회원 탈퇴 방법 문의 확인 부탁드립니다.,앱에서 탈퇴 메뉴를 찾을 수 없어 문의드립니다.,회원,계정관리,S009,회원 탈퇴,Y,Y,Y
VOC01554,포인트 사용처가 궁금합니다,포인트 사용 가능한 서비스와 제한 조건이 확인하고 싶습니다.,포인트,사용,S003,포인트 사용처 문의,Y,Y,Y
VOC07773,보상 처리 단계 문의,[날짜]에 접수한 사고의 담당자 배정 여부가 궁금합니다.,사고,처리현황,S012,사고 처리 진행 문의,Y,Y,Y
VOC06266,포인트 잔액 오류,어제 확인한 잔액과 오늘 잔액이 달라서 문의드립니다. 앱을 다시 실행해도 같은 상태입니다.,포인트,차감,S010,포인트 오차감,Y,Y,Y
VOC05205,기존 차량 삭제 후 신규 등록 확인 부탁드립니다.,보험 계약 차량은 변경됐는데 앱에는 이전 차량이 표시됩니다.,차량,차량정보,S008,차량정보 변경,Y,Y,Y
VOC02036,계속 로그인에 실패합니다,아이디와 비밀번호를 입력해도 로그인 오류가 발생합니다.,회원,로그인,S004,로그인 오류,Y,Y,Y
VOC07506,보상 처리 단계 문의 처리 방법을 안내해주세요.,[접수일]에 접수한 사고의 담당자 배정 여부가 확인하고 싶습니다.,사고,처리현황,S012,사고 처리 진행 문의,Y,Y,Y
VOC03604,주행기록이 보이지 않습니다 빠른 확인 요청드립니다.,해당 시간대의 운전 내역이 누락되어 확인 요청드립니다. 앱에서 확인이 어려워 문의드립니다. 앱을 다시 실행해도 같은 상태입니다.,주행,주행기록,S006,주행기록 미반영,Y,Y,Y
VOC02122,계정 접속이 불가능합니다 처리 방법을 안내해주세요.,로그인 버튼을 눌러도 화면이 그대로입니다. 빠른 확인 요청드립니다.,회원,로그인,S004,로그인 오류,Y,Y,Y
VOC01090,운전 후 포인트 반영 시간 문의,방금 운전한 기록은 보이는데 포인트는 처리 중으로 표시됩니다.,포인트,적립,S002,주행 포인트 적립 지연,Y,Y,Y
VOC09955,주행 포인트 산정 방법 문의,포인트 지급 대상과 제외 조건을 자세히 안내해주세요. 이전에 정상적으로 이용한 적이 있습니다.,포인트,적립기준,S015,포인트 적립 기준 문의,Y,Y,Y
VOC03311,새 비밀번호 등록 문의,비밀번호 변경 절차와 조건을 안내해주세요. 빠른 확인 요청드립니다.,회원,계정관리,S005,비밀번호 재설정,Y,Y,Y
VOC03704,최근 주행기록 누락 문의,[날짜]에 [출발지]-[도착지] 구간을 운전했는데 앱에서 기록이 보이지 않습니다. 동일 현상이 반복되고 있습니다.,주행,주행기록,S006,주행기록 미반영,Y,Y,Y
VOC06583,포인트가 갑자기 줄었습니다,어제 확인한 잔액과 오늘 잔액이 달라서 문의드립니다.,포인트,차감,S010,포인트 오차감,Y,Y,Y
VOC00756,포인트가 아직 처리되지 않았어요,"포인트가 바로 들어오는지, 일정 시간이 필요한지 확인 요청드립니다.",포인트,적립,S002,주행 포인트 적립 지연,Y,Y,Y
VOC08346,계약 차량 정보 불일치 빠른 확인 요청드립니다.,갱신한 계약이 앱에서 이전 계약으로 보입니다.,보험,계약정보,S013,계약정보 불일치,Y,Y,Y
VOC02570,계정 접속이 불가능합니다,로그인 버튼을 눌러도 화면이 그대로입니다.,회원,로그인,S004,로그인 오류,Y,Y,Y
VOC09125,새 번호로 인증받고 싶어요 관련 기준도 함께 알려주세요.,등록된 연락처가 실제 사용하는 번호와 달라 수정 요청드립니다. 빠른 확인 요청드립니다.,회원,회원정보,S014,휴대전화 번호 변경,Y,Y,Y
VOC04758,앱 차량정보 수정 문의 앱에서 확인이 어려워 문의드립니다.,차량번호 변경 후 주행 서비스 연결 방법을 문의드립니다. 빠른 확인 요청드립니다.,차량,차량정보,S008,차량정보 변경,Y,Y,Y
VOC02023,계정 접속이 불가능합니다,[오류코드] 메시지가 표시되면서 앱에 접속할 수 없습니다.,회원,로그인,S004,로그인 오류,Y,Y,Y
VOC00528,주행 후 포인트가 없습니다 처리 방법을 안내해주세요.,[주행일]에 주행을 완료했는데 포인트가 아직 적립되지 않았습니다.,포인트,적립,S001,주행 포인트 미적립,Y,Y,Y
VOC03043,새 비밀번호 등록 문의,비밀번호 찾기 과정에서 [전화번호]로 인증번호가 오지 않습니다.,회원,계정관리,S005,비밀번호 재설정,Y,Y,Y
VOC08181,계약정보가 다르게 표시됩니다,앱에 표시된 계약자명이 [이름]으로 되어 있는데 실제 정보와 다릅니다. 필요한 확인 항목이 있다면 안내 부탁드립니다.,보험,계약정보,S013,계약정보 불일치,Y,Y,Y
VOC00313,주행 포인트가 적립되지 않았습니다,운전 기록은 정상적으로 보이지만 포인트가 들어오지 않았습니다. 필요한 확인 항목이 있다면 안내 부탁드립니다.,포인트,적립,S001,주행 포인트 미적립,Y,Y,Y
VOC05303,새 차량으로 바꾸고 싶어요,기존 차량 [차량번호]에서 새 차량 [새차량번호]로 변경했습니다. 현재 화면에서 직접 수정할 수 없습니다.,차량,차량정보,S008,차량정보 변경,Y,Y,Y
VOC05805,회원 탈퇴를 요청합니다,계정과 저장된 개인정보를 삭제하는 절차를 알려주세요.,회원,계정관리,S009,회원 탈퇴,Y,Y,Y
VOC06998,앱 화면이 멈춥니다,특정 메뉴에 들어가면 화면이 멈추는 현상이 반복됩니다.,앱,오류,S011,앱 실행 오류,Y,Y,Y
VOC03473,주행기록이 보이지 않습니다,주행 종료 후에도 거리와 시간이 0으로 표시됩니다. 앱에서 확인이 어려워 문의드립니다.,주행,주행기록,S006,주행기록 미반영,Y,Y,Y
VOC09545,포인트 지급 조건 안내 요청,포인트 지급 대상과 제외 조건을 자세히 안내해주세요. 현재 화면에서 직접 수정할 수 없습니다.,포인트,적립기준,S015,포인트 적립 기준 문의,Y,Y,Y
VOC09625,포인트 적립 기준이 궁금합니다,포인트를 받기 위한 최소 주행 조건이 궁금합니다. 빠른 확인 요청드립니다.,포인트,적립기준,S015,포인트 적립 기준 문의,Y,Y,Y
VOC03941,최근 주행기록 누락 문의 앱에서 확인이 어려워 문의드립니다.,해당 시간대의 운전 내역이 누락되어 확인 요청드립니다. 확인 부탁드립니다.,주행,주행기록,S006,주행기록 미반영,Y,Y,Y
VOC09337,포인트 지급 조건 안내 요청,급가속이나 급감속 기록이 포인트 적립에 영향을 주나요? 확인 부탁드립니다.,포인트,적립기준,S015,포인트 적립 기준 문의,Y,Y,Y
VOC08973,회원정보의 전화번호가 다릅니다,휴대전화 번호를 바꿨는데 앱 회원정보에는 이전 번호가 표시됩니다.,회원,회원정보,S014,휴대전화 번호 변경,Y,Y,Y
VOC03071,비밀번호 변경이 되지 않습니다,비밀번호 변경 절차와 조건을 안내해주세요.,회원,계정관리,S005,비밀번호 재설정,Y,Y,Y
VOC06075,잘못 차감된 포인트 문의 빠른 확인 요청드립니다.,어제 확인한 잔액과 오늘 잔액이 달라서 문의드립니다.,포인트,차감,S010,포인트 오차감,Y,Y,Y
VOC08313,보험 계약자 정보 오류,갱신한 계약이 앱에서 이전 계약으로 보입니다. 앱에서 확인이 어려워 문의드립니다.,보험,계약정보,S013,계약정보 불일치,Y,Y,Y
VOC08956,새 번호로 인증받고 싶어요,등록된 연락처가 실제 사용하는 번호와 달라 수정 요청드립니다.,회원,회원정보,S014,휴대전화 번호 변경,Y,Y,Y
VOC05266,기존 차량 삭제 후 신규 등록,차량을 교체해서 앱의 등록 정보를 수정하고 싶습니다.,차량,차량정보,S008,차량정보 변경,Y,Y,Y
VOC06702,앱이 계속 종료됩니다,앱을 실행하면 [오류코드] 오류가 표시되고 바로 종료됩니다.,앱,오류,S011,앱 실행 오류,Y,Y,Y
VOC02749,비밀번호가 기억나지 않아요 처리 방법을 안내해주세요.,본인 인증 후 비밀번호 재설정 화면으로 이동하지 않습니다. 빠른 확인 요청드립니다. 앱을 다시 실행해도 같은 상태입니다.,회원,계정관리,S005,비밀번호 재설정,Y,Y,Y
VOC01032,포인트 반영이 늦어지고 있습니다,주행 후 몇 시간이 지났는데 아직 적립 대기 상태입니다. 관련 기준도 함께 알려주세요.,포인트,적립,S002,주행 포인트 적립 지연,Y,Y,Y
VOC09808,포인트 지급 조건 안내 요청,짧은 거리 주행도 포인트 적립 대상인지 문의드립니다.,포인트,적립기준,S015,포인트 적립 기준 문의,Y,Y,Y
VOC07825,보상 처리 단계 문의,사고 접수 이후 진행 상황 안내를 받지 못했습니다.,사고,처리현황,S012,사고 처리 진행 문의,Y,Y,Y
VOC04416,안전운전 할인 적용 여부 문의,갱신 계약에 주행분석 할인 혜택이 반영되는지 문의드립니다.,보험,할인,S007,보험료 할인 적용 문의,Y,Y,Y
VOC06084,포인트 잔액 오류,결제를 취소했는데 차감된 포인트가 복구되지 않았습니다.,포인트,차감,S010,포인트 오차감,Y,Y,Y
VOC02821,비밀번호 찾기 인증 오류 앱에서 확인이 어려워 문의드립니다.,새 비밀번호를 입력했지만 변경이 완료되지 않습니다.,회원,계정관리,S005,비밀번호 재설정,Y,Y,Y
VOC00085,운전했는데 포인트가 안 들어왔어요,지난 주행 건에 대한 포인트를 받지 못했습니다. 확인 부탁드립니다.,포인트,적립,S001,주행 포인트 미적립,Y,Y,Y
VOC03289,비밀번호를 재설정하고 싶습니다,새 비밀번호를 입력했지만 변경이 완료되지 않습니다. 앱을 다시 실행해도 같은 상태입니다.,회원,계정관리,S005,비밀번호 재설정,Y,Y,Y
VOC07233,서비스 실행 불가 문의,업데이트 이후 첫 화면에서 멈추고 다음으로 넘어가지 않습니다.,앱,오류,S011,앱 실행 오류,Y,Y,Y
VOC07625,사고 처리 진행 상황 문의,사건번호 [사고접수번호]와 관련해 현재 처리 단계를 확인하고 싶습니다.,사고,처리현황,S012,사고 처리 진행 문의,Y,Y,Y
VOC09405,어떤 주행이 포인트 대상인가요,포인트를 받기 위한 최소 주행 조건이 궁금합니다.,포인트,적립기준,S015,포인트 적립 기준 문의,Y,Y,Y
VOC09104,휴대전화 번호를 변경하고 싶습니다 확인 부탁드립니다.,휴대전화 번호를 바꿨는데 앱 회원정보에는 이전 번호가 표시됩니다.,회원,회원정보,S014,휴대전화 번호 변경,Y,Y,Y
VOC01522,보유 포인트 사용 방법 처리 방법을 안내해주세요.,보험료 결제 외에도 포인트를 사용할 수 있는 곳이 있나요? 빠른 확인 요청드립니다. 현재 화면에서 직접 수정할 수 없습니다.,포인트,사용,S003,포인트 사용처 문의,Y,Y,Y
VOC08308,계약정보가 다르게 표시됩니다,보험 계약 정보 중 일부 항목이 잘못되어 수정 요청드립니다.,보험,계약정보,S013,계약정보 불일치,Y,Y,Y
VOC02913,새 비밀번호 등록 문의,비밀번호가 기억나지 않아 재설정하려고 합니다.,회원,계정관리,S005,비밀번호 재설정,Y,Y,Y
VOC07646,접수한 사고는 어떻게 진행되고 있나요,제출한 서류가 정상적으로 접수됐는지 알고 싶습니다. 처리 방법을 안내해주세요.,사고,처리현황,S012,사고 처리 진행 문의,Y,Y,Y
VOC08041,증권 정보 수정 문의 확인 부탁드립니다.,앱에 표시된 계약자명이 [이름]으로 되어 있는데 실제 정보와 다릅니다.,보험,계약정보,S013,계약정보 불일치,Y,Y,Y
VOC07427,사고 접수 후 연락이 없습니다 확인 부탁드립니다.,제출한 서류가 정상적으로 접수됐는지 알고 싶습니다.,사고,처리현황,S012,사고 처리 진행 문의,Y,Y,Y
VOC03563,앱에서 운전 기록 확인 불가,차량은 정상적으로 운행했는데 주행 데이터가 수집되지 않은 것 같습니다.,주행,주행기록,S006,주행기록 미반영,Y,Y,Y
VOC09474,포인트 적립 기준이 궁금합니다,포인트를 받기 위한 최소 주행 조건이 궁금합니다.,포인트,적립기준,S015,포인트 적립 기준 문의,Y,Y,Y
VOC09734,포인트 적립 기준이 궁금합니다,포인트를 받기 위한 최소 주행 조건이 궁금합니다. 앱을 다시 실행해도 같은 상태입니다.,포인트,적립기준,S015,포인트 적립 기준 문의,Y,Y,Y
VOC04430,보험료 할인이 반영됐나요,앱에는 할인 대상이라고 나오는데 실제 보험료에 적용됐는지 알고 싶습니다.,보험,할인,S007,보험료 할인 적용 문의,Y,Y,Y
VOC07612,접수한 사고는 어떻게 진행되고 있나요,보상 심사가 어느 단계까지 진행됐는지 확인 부탁드립니다. 앱에서 확인이 어려워 문의드립니다.,사고,처리현황,S012,사고 처리 진행 문의,Y,Y,Y
VOC08869,휴대전화 번호를 변경하고 싶습니다,휴대전화 번호를 바꿨는데 앱 회원정보에는 이전 번호가 표시됩니다.,회원,회원정보,S014,휴대전화 번호 변경,Y,Y,Y
VOC01362,보유 포인트 사용 방법,보험료 결제 외에도 포인트를 사용할 수 있는 곳이 있나요?,포인트,사용,S003,포인트 사용처 문의,Y,Y,Y
VOC06722,앱 화면이 멈춥니다 처리 방법을 안내해주세요.,특정 메뉴에 들어가면 화면이 멈추는 현상이 반복됩니다.,앱,오류,S011,앱 실행 오류,Y,Y,Y
VOC07687,접수한 사고는 어떻게 진행되고 있나요,[접수일]에 접수한 사고의 담당자 배정 여부가 궁금합니다.,사고,처리현황,S012,사고 처리 진행 문의,Y,Y,Y
VOC04932,기존 차량 삭제 후 신규 등록 확인 부탁드립니다.,차량번호 변경 후 주행 서비스 연결 방법을 문의드립니다.,차량,차량정보,S008,차량정보 변경,Y,Y,Y
VOC06295,포인트 잔액 오류,사용한 적이 없는데 [포인트수량] 포인트가 차감된 것으로 표시됩니다.,포인트,차감,S010,포인트 오차감,Y,Y,Y
VOC06567,잘못 차감된 포인트 문의,결제를 취소했는데 차감된 포인트가 복구되지 않았습니다. 확인 부탁드립니다.,포인트,차감,S010,포인트 오차감,Y,Y,Y
VOC04562,보험료 할인이 반영됐나요,증권번호 [증권번호] 계약에 안전운전 할인이 적용됐는지 확인하고 싶습니다.,보험,할인,S007,보험료 할인 적용 문의,Y,Y,Y
VOC02820,비밀번호 변경이 되지 않습니다 처리 방법을 안내해주세요.,본인 인증 후 비밀번호 재설정 화면으로 이동하지 않습니다. 동일 현상이 반복되고 있습니다.,회원,계정관리,S005,비밀번호 재설정,Y,Y,Y
VOC05015,차량을 변경했습니다,차량을 교체해서 앱의 등록 정보를 수정하고 싶습니다.,차량,차량정보,S008,차량정보 변경,Y,Y,Y
VOC08960,회원정보의 전화번호가 다릅니다,기존 번호 [기존전화번호]에서 새 번호 [변경전화번호]로 변경하고 싶습니다. 처리 방법을 안내해주세요.,회원,회원정보,S014,휴대전화 번호 변경,Y,Y,Y
VOC00664,주행 포인트가 적립되지 않았습니다,운전 기록은 정상적으로 보이지만 포인트가 들어오지 않았습니다.,포인트,적립,S001,주행 포인트 미적립,Y,Y,Y
VOC03935,앱에서 운전 기록 확인 불가,[날짜]에 [출발지]에서 [도착지]까지 구간을 운전했는데 앱에서 기록이 보이지 않습니다.,주행,주행기록,S006,주행기록 미반영,Y,Y,Y
VOC04187,보험료 할인 혜택이 확인하고 싶습니다 관련 기준도 함께 알려주세요.,갱신 계약에 주행분석 할인 혜택이 반영되는지 문의드립니다.,보험,할인,S007,보험료 할인 적용 문의,Y,Y,Y
VOC01846,포인트 사용 가능 서비스 문의,보험료 결제 외에도 포인트를 사용할 수 있는 곳이 있나요? 동일 현상이 반복되고 있습니다.,포인트,사용,S003,포인트 사용처 문의,Y,Y,Y
VOC06389,포인트 잔액 오류,어제 확인한 잔액과 오늘 잔액이 달라서 문의드립니다.,포인트,차감,S010,포인트 오차감,Y,Y,Y
VOC04148,보험료 할인 혜택이 궁금합니다,안전운전 점수와 보험료 할인 적용 기준을 안내해주세요.,보험,할인,S007,보험료 할인 적용 문의,Y,Y,Y
VOC08117,계약 차량 정보 불일치,증권번호 [계약번호]의 차량정보가 현재 차량과 일치하지 않습니다.,보험,계약정보,S013,계약정보 불일치,Y,Y,Y
VOC00007,주행 후 포인트가 없습니다,지난 주행 건에 대한 포인트를 받지 못했습니다. 확인 부탁드립니다.,포인트,적립,S001,주행 포인트 미적립,Y,Y,Y
VOC08549,보험 계약자 정보 오류 처리 방법을 안내해주세요.,증권번호 [증권번호]의 차량정보가 현재 차량과 일치하지 않습니다. 관련 기준도 함께 알려주세요.,보험,계약정보,S013,계약정보 불일치,Y,Y,Y
VOC06987,앱 화면이 멈춥니다,앱을 실행하면 [에러코드] 오류가 표시되고 바로 종료됩니다. 확인 부탁드립니다.,앱,오류,S011,앱 실행 오류,Y,Y,Y
VOC03560,앱에서 운전 기록 확인 불가,차량은 정상적으로 운행했는데 주행 데이터가 수집되지 않은 것 같습니다. 현재 화면에서 직접 수정할 수 없습니다.,주행,주행기록,S006,주행기록 미반영,Y,Y,Y
VOC09799,포인트 적립 기준이 궁금합니다,짧은 거리 주행도 포인트 적립 대상인지 문의드립니다. 빠른 확인 요청드립니다. 현재 화면에서 직접 수정할 수 없습니다.,포인트,적립기준,S015,포인트 적립 기준 문의,Y,Y,Y
VOC01771,포인트를 사용할 수 있는 곳,현재 보유한 포인트를 어디에서 사용할 수 있는지 알려주세요.,포인트,사용,S003,포인트 사용처 문의,Y,Y,Y
VOC09021,등록 연락처 수정 요청,번호 변경 후 로그인 인증 문자가 이전 번호로 발송됩니다.,회원,회원정보,S014,휴대전화 번호 변경,Y,Y,Y
VOC07362,사고 처리 진행 상황 문의 확인 부탁드립니다.,[주행일]에 접수한 사고의 담당자 배정 여부가 궁금합니다.,사고,처리현황,S012,사고 처리 진행 문의,Y,Y,Y
VOC03074,새 비밀번호 등록 문의,비밀번호 변경 절차와 조건을 안내해주세요.,회원,계정관리,S005,비밀번호 재설정,Y,Y,Y
VOC00799,주행 포인트는 언제 들어오나요,주행 후 몇 시간이 지났는데 아직 적립 대기 상태입니다.,포인트,적립,S002,주행 포인트 적립 지연,Y,Y,Y
VOC08296,계약 차량 정보 불일치 처리 방법을 안내해주세요.,앱에 표시된 계약자명이 [계약자명]으로 되어 있는데 실제 정보와 다릅니다. 관련 기준도 함께 알려주세요.,보험,계약정보,S013,계약정보 불일치,Y,Y,Y
VOC04571,계약 할인 적용 상태 문의,증권번호 [계약번호] 계약에 안전운전 할인이 적용됐는지 확인하고 싶습니다.,보험,할인,S007,보험료 할인 적용 문의,Y,Y,Y
VOC09840,포인트 지급 조건 안내 요청 앱에서 확인이 어려워 문의드립니다.,포인트 지급 대상과 제외 조건을 자세히 안내해주세요.,포인트,적립기준,S015,포인트 적립 기준 문의,Y,Y,Y
VOC00494,운전했는데 포인트가 안 들어왔어요,[주행구간] 구간을 운전했는데 적립 내역이 확인되지 않습니다. 처리 방법을 안내해주세요. 동일 현상이 반복되고 있습니다.,포인트,적립,S001,주행 포인트 미적립,Y,Y,Y
VOC06305,포인트가 갑자기 줄었습니다 앱에서 확인이 어려워 문의드립니다.,사용한 적이 없는데 [차감금액] 포인트가 차감된 것으로 표시됩니다. 이전에 정상적으로 이용한 적이 있습니다.,포인트,차감,S010,포인트 오차감,Y,Y,Y
VOC03276,비밀번호가 기억나지 않아요,비밀번호가 기억나지 않아 재설정하려고 합니다.,회원,계정관리,S005,비밀번호 재설정,Y,Y,Y
VOC00501,포인트가 누락된 것 같습니다,[출발지]에서 [도착지]까지 구간을 운전했는데 적립 내역이 확인되지 않습니다. 관련 기준도 함께 알려주세요.,포인트,적립,S001,주행 포인트 미적립,Y,Y,Y
VOC07076,업데이트 후 앱이 열리지 않아요,재설치 후에도 동일하게 앱이 강제 종료됩니다. 앱을 다시 실행해도 같은 상태입니다.,앱,오류,S011,앱 실행 오류,Y,Y,Y
VOC01189,운전 후 포인트 반영 시간 문의,방금 운전한 기록은 보이는데 포인트는 처리 중으로 표시됩니다.,포인트,적립,S002,주행 포인트 적립 지연,Y,Y,Y
VOC03474,주행기록이 보이지 않습니다,주행 종료 후에도 거리와 시간이 0으로 표시됩니다.,주행,주행기록,S006,주행기록 미반영,Y,Y,Y
VOC08832,회원정보의 전화번호가 다릅니다,기존 번호 [기존전화번호]에서 새 번호 [새전화번호]로 변경하고 싶습니다. 관련 기준도 함께 알려주세요.,회원,회원정보,S014,휴대전화 번호 변경,Y,Y,Y
VOC01602,보유 포인트 사용 방법,적립된 포인트의 사용처와 사용 절차를 안내 부탁드립니다.,포인트,사용,S003,포인트 사용처 문의,Y,Y,Y
VOC04698,새 차량으로 바꾸고 싶어요,기존 차량을 삭제하고 새 차량을 등록하는 방법을 알려주세요.,차량,차량정보,S008,차량정보 변경,Y,Y,Y
VOC08732,기존 전화번호 변경 문의 관련 기준도 함께 알려주세요.,휴대전화 번호를 바꿨는데 앱 회원정보에는 이전 번호가 표시됩니다. 처리 방법을 안내해주세요.,회원,회원정보,S014,휴대전화 번호 변경,Y,Y,Y
VOC00027,주행 포인트가 적립되지 않았습니다 처리 방법을 안내해주세요.,[주행일]에 주행을 완료했는데 포인트가 아직 적립되지 않았습니다. 관련 기준도 함께 알려주세요.,포인트,적립,S001,주행 포인트 미적립,Y,Y,Y
VOC05268,앱 차량정보 수정 문의,차량을 교체해서 앱의 등록 정보를 수정하고 싶습니다.,차량,차량정보,S008,차량정보 변경,Y,Y,Y
VOC02285,계정 접속이 불가능합니다,로그인 버튼을 눌러도 화면이 그대로입니다. 관련 기준도 함께 알려주세요.,회원,로그인,S004,로그인 오류,Y,Y,Y
VOC00977,운전 후 포인트 반영 시간 문의 빠른 확인 요청드립니다.,오늘 주행을 마쳤는데 포인트가 아직 반영되지 않았습니다. 보통 얼마나 걸리나요?,포인트,적립,S002,주행 포인트 적립 지연,Y,Y,Y
VOC06916,업데이트 후 앱이 열리지 않아요,앱을 열면 흰 화면만 보이고 아무 기능도 사용할 수 없습니다. 관련 기준도 함께 알려주세요.,앱,오류,S011,앱 실행 오류,Y,Y,Y
VOC00238,운전했는데 포인트가 안 들어왔어요,지난 주행 건에 대한 포인트를 받지 못했습니다. 확인 부탁드립니다.,포인트,적립,S001,주행 포인트 미적립,Y,Y,Y
VOC06827,서비스 실행 불가 문의,업데이트 이후 첫 화면에서 멈추고 다음으로 넘어가지 않습니다.,앱,오류,S011,앱 실행 오류,Y,Y,Y
VOC09395,운전점수와 포인트 관계,포인트를 받기 위한 최소 주행 조건이 궁금합니다.,포인트,적립기준,S015,포인트 적립 기준 문의,Y,Y,Y
VOC01458,적립 포인트는 어디서 쓰나요 처리 방법을 안내해주세요.,현재 보유한 포인트를 어디에서 사용할 수 있는지 알려주세요.,포인트,사용,S003,포인트 사용처 문의,Y,Y,Y
VOC02278,로그인 화면에서 넘어가지 않아요,[오류코드] 메시지가 표시되면서 앱에 접속할 수 없습니다.,회원,로그인,S004,로그인 오류,Y,Y,Y
VOC08261,보험 계약자 정보 오류,증권번호 [증권번호]의 차량정보가 현재 차량과 일치하지 않습니다. 이전에 정상적으로 이용한 적이 있습니다.,보험,계약정보,S013,계약정보 불일치,Y,Y,Y
VOC04805,차량을 변경했습니다,기존 차량 [차량번호]에서 새 차량 [변경차량번호]로 변경했습니다.,차량,차량정보,S008,차량정보 변경,Y,Y,Y
VOC05984,앱 회원 탈퇴 방법 문의,더 이상 서비스를 이용하지 않아 회원 탈퇴를 진행하고 싶습니다.,회원,계정관리,S009,회원 탈퇴,Y,Y,Y
VOC06446,포인트 잔액 오류,어제 확인한 잔액과 오늘 잔액이 달라서 문의드립니다.,포인트,차감,S010,포인트 오차감,Y,Y,Y
VOC03325,비밀번호를 재설정하고 싶습니다 확인 부탁드립니다.,본인 인증 후 비밀번호 재설정 화면으로 이동하지 않습니다. 처리 방법을 안내해주세요. 현재 화면에서 직접 수정할 수 없습니다.,회원,계정관리,S005,비밀번호 재설정,Y,Y,Y
VOC03425,주행 데이터가 반영되지 않았어요,주행 종료 후에도 거리와 시간이 0으로 표시됩니다.,주행,주행기록,S006,주행기록 미반영,Y,Y,Y
VOC06932,앱이 계속 종료됩니다 확인 부탁드립니다.,앱을 열면 흰 화면만 보이고 아무 기능도 사용할 수 없습니다. 이전에 정상적으로 이용한 적이 있습니다.,앱,오류,S011,앱 실행 오류,Y,Y,Y
VOC02719,비밀번호 찾기 인증 오류,비밀번호가 기억나지 않아 재설정하려고 합니다.,회원,계정관리,S005,비밀번호 재설정,Y,Y,Y
VOC08715,새 번호로 인증받고 싶어요 확인 부탁드립니다.,번호 변경 후 로그인 인증 문자가 이전 번호로 발송됩니다.,회원,회원정보,S014,휴대전화 번호 변경,Y,Y,Y
VOC07960,사고 처리 진행 상황 문의,사고 접수 이후 진행 상황 안내를 받지 못했습니다.,사고,처리현황,S012,사고 처리 진행 문의,Y,Y,Y
VOC08885,휴대전화 번호를 변경하고 싶습니다,등록된 연락처가 실제 사용하는 번호와 달라 수정 요청드립니다. 필요한 확인 항목이 있다면 안내 부탁드립니다.,회원,회원정보,S014,휴대전화 번호 변경,Y,Y,Y
VOC07599,사고 처리 진행 상황 문의,[날짜]에 접수한 사고의 담당자 배정 여부가 궁금합니다.,사고,처리현황,S012,사고 처리 진행 문의,Y,Y,Y
VOC04289,계약 할인 적용 상태 문의 처리 방법을 안내해주세요.,안전운전 점수와 보험료 할인 적용 기준을 안내해주세요. 확인 부탁드립니다.,보험,할인,S007,보험료 할인 적용 문의,Y,Y,Y
VOC06773,서비스 실행 불가 문의 관련 기준도 함께 알려주세요.,업데이트 이후 첫 화면에서 멈추고 다음으로 넘어가지 않습니다. 앱에서 확인이 어려워 문의드립니다.,앱,오류,S011,앱 실행 오류,Y,Y,Y
VOC05128,등록 차량 변경 요청 빠른 확인 요청드립니다.,차량번호 변경 후 주행 서비스 연결 방법을 문의드립니다. 현재 화면에서 직접 수정할 수 없습니다.,차량,차량정보,S008,차량정보 변경,Y,Y,Y
VOC05147,차량을 변경했습니다,기존 차량을 삭제하고 새 차량을 등록하는 방법을 알려주세요.,차량,차량정보,S008,차량정보 변경,Y,Y,Y
VOC07151,앱 실행 중 오류가 발생합니다,앱을 열면 흰 화면만 보이고 아무 기능도 사용할 수 없습니다. 필요한 확인 항목이 있다면 안내 부탁드립니다.,앱,오류,S011,앱 실행 오류,Y,Y,Y
VOC06635,포인트 차감 내역이 이상합니다,사용한 적이 없는데 [차감금액] 포인트가 차감된 것으로 표시됩니다.,포인트,차감,S010,포인트 오차감,Y,Y,Y
VOC02010,로그인 화면에서 넘어가지 않아요,로그인 버튼을 눌러도 화면이 그대로입니다.,회원,로그인,S004,로그인 오류,Y,Y,Y
VOC05401,회원 탈퇴를 요청합니다,앱에서 탈퇴 메뉴를 찾을 수 없어 문의드립니다.,회원,계정관리,S009,회원 탈퇴,Y,Y,Y
VOC03509,주행기록이 보이지 않습니다 빠른 확인 요청드립니다.,운전을 완료했지만 최근 주행 목록에 추가되지 않았습니다. 빠른 확인 요청드립니다.,주행,주행기록,S006,주행기록 미반영,Y,Y,Y
VOC05674,서비스 계정을 삭제하고 싶어요,본인 인증 후 탈퇴가 완료되지 않아 확인 부탁드립니다. 확인 부탁드립니다.,회원,계정관리,S009,회원 탈퇴,Y,Y,Y
VOC07943,사고 처리 진행 상황 문의,사건번호 [사고접수번호]와 관련해 현재 처리 단계를 확인하고 싶습니다. 필요한 확인 항목이 있다면 안내 부탁드립니다.,사고,처리현황,S012,사고 처리 진행 문의,Y,Y,Y
VOC07815,접수한 사고는 어떻게 진행되고 있나요,보상 심사가 어느 단계까지 진행됐는지 확인 부탁드립니다.,사고,처리현황,S012,사고 처리 진행 문의,Y,Y,Y
VOC07854,보상 처리 단계 문의,보상 심사가 어느 단계까지 진행됐는지 확인 부탁드립니다.,사고,처리현황,S012,사고 처리 진행 문의,Y,Y,Y
VOC00798,주행 포인트는 언제 들어오나요,오늘 주행을 마쳤는데 포인트가 아직 반영되지 않았습니다. 보통 얼마나 걸리나요?,포인트,적립,S002,주행 포인트 적립 지연,Y,Y,Y
VOC03429,주행 데이터가 반영되지 않았어요,해당 시간대의 운전 내역이 누락되어 확인 요청드립니다. 앱에서 확인이 어려워 문의드립니다.,주행,주행기록,S006,주행기록 미반영,Y,Y,Y
VOC03949,운전한 내역이 앱에 없습니다 관련 기준도 함께 알려주세요.,주행 종료 후에도 거리와 시간이 0으로 표시됩니다.,주행,주행기록,S006,주행기록 미반영,Y,Y,Y
VOC06529,포인트 잔액 오류 앱에서 확인이 어려워 문의드립니다.,포인트 내역에 알 수 없는 차감 기록이 있습니다.,포인트,차감,S010,포인트 오차감,Y,Y,Y
VOC04194,주행점수 할인 확인 요청,안전운전 점수와 보험료 할인 적용 기준을 안내해주세요.,보험,할인,S007,보험료 할인 적용 문의,Y,Y,Y
VOC07130,앱이 계속 종료됩니다 관련 기준도 함께 알려주세요.,재설치 후에도 동일하게 앱이 강제 종료됩니다. 이전에 정상적으로 이용한 적이 있습니다.,앱,오류,S011,앱 실행 오류,Y,Y,Y
VOC09082,등록 연락처 수정 요청,휴대전화 번호를 바꿨는데 앱 회원정보에는 이전 번호가 표시됩니다. 앱에서 확인이 어려워 문의드립니다.,회원,회원정보,S014,휴대전화 번호 변경,Y,Y,Y
VOC01758,포인트 사용처가 궁금합니다,보험료 결제 외에도 포인트를 사용할 수 있는 곳이 있나요?,포인트,사용,S003,포인트 사용처 문의,Y,Y,Y
VOC05580,더 이상 서비스를 이용하지 않습니다 관련 기준도 함께 알려주세요.,앱에서 탈퇴 메뉴를 찾을 수 없어 문의드립니다.,회원,계정관리,S009,회원 탈퇴,Y,Y,Y
VOC01967,포인트를 사용할 수 있는 곳,포인트 사용 가능한 서비스와 제한 조건이 궁금합니다.,포인트,사용,S003,포인트 사용처 문의,Y,Y,Y
VOC04434,보험료 할인이 반영됐나요,증권번호 [계약번호] 계약에 안전운전 할인이 적용됐는지 확인하고 싶습니다. 앱을 다시 실행해도 같은 상태입니다.,보험,할인,S007,보험료 할인 적용 문의,Y,Y,Y
VOC07153,서비스 실행 불가 문의,앱을 열면 흰 화면만 보이고 아무 기능도 사용할 수 없습니다.,앱,오류,S011,앱 실행 오류,Y,Y,Y
VOC02919,비밀번호를 재설정하고 싶습니다,비밀번호 찾기 과정에서 [전화번호]로 인증번호가 오지 않습니다.,회원,계정관리,S005,비밀번호 재설정,Y,Y,Y
VOC03693,주행 데이터가 반영되지 않았어요,[주행일]에 [출발지]에서 [도착지]까지 구간을 운전했는데 앱에서 기록이 보이지 않습니다.,주행,주행기록,S006,주행기록 미반영,Y,Y,Y
VOC08995,기존 전화번호 변경 문의,휴대전화 번호를 바꿨는데 앱 회원정보에는 이전 번호가 표시됩니다. 필요한 확인 항목이 있다면 안내 부탁드립니다.,회원,회원정보,S014,휴대전화 번호 변경,Y,Y,Y
VOC05874,가입 정보 삭제 요청 앱에서 확인이 어려워 문의드립니다.,계정과 저장된 개인정보를 삭제하는 절차를 확인 부탁드립니다.,회원,계정관리,S009,회원 탈퇴,Y,Y,Y
VOC09046,새 번호로 인증받고 싶어요,기존 번호 [전화번호]에서 새 번호 [변경전화번호]로 변경하고 싶습니다.,회원,회원정보,S014,휴대전화 번호 변경,Y,Y,Y
VOC01283,포인트 반영이 늦어지고 있습니다,방금 운전한 기록은 보이는데 포인트는 처리 중으로 표시됩니다. 이전에 정상적으로 이용한 적이 있습니다.,포인트,적립,S002,주행 포인트 적립 지연,Y,Y,Y
VOC03332,비밀번호를 재설정하고 싶습니다 빠른 확인 요청드립니다.,비밀번호 변경 절차와 조건을 안내해주세요.,회원,계정관리,S005,비밀번호 재설정,Y,Y,Y
VOC05548,더 이상 서비스를 이용하지 않습니다,앱에서 탈퇴 메뉴를 찾을 수 없어 문의드립니다.,회원,계정관리,S009,회원 탈퇴,Y,Y,Y
VOC02650,로그인 화면에서 넘어가지 않아요,아이디와 비밀번호를 입력해도 로그인 오류가 발생합니다.,회원,로그인,S004,로그인 오류,Y,Y,Y
VOC06672,앱이 계속 종료됩니다 처리 방법을 안내해주세요.,업데이트 이후 첫 화면에서 멈추고 다음으로 넘어가지 않습니다.,앱,오류,S011,앱 실행 오류,Y,Y,Y
VOC03272,새 비밀번호 등록 문의,비밀번호 변경 절차와 조건을 안내해주세요.,회원,계정관리,S005,비밀번호 재설정,Y,Y,Y
VOC09280,새 번호로 인증받고 싶어요,기존 번호 [전화번호]에서 새 번호 [새전화번호]로 변경하고 싶습니다. 처리 방법을 안내해주세요. 이전에 정상적으로 이용한 적이 있습니다.,회원,회원정보,S014,휴대전화 번호 변경,Y,Y,Y
VOC00823,포인트가 아직 처리되지 않았어요 처리 방법을 안내해주세요.,방금 운전한 기록은 보이는데 포인트는 처리 중으로 표시됩니다. 현재 화면에서 직접 수정할 수 없습니다.,포인트,적립,S002,주행 포인트 적립 지연,Y,Y,Y
VOC08751,기존 전화번호 변경 문의,휴대전화 번호를 바꿨는데 앱 회원정보에는 이전 번호가 표시됩니다. 앱을 다시 실행해도 같은 상태입니다.,회원,회원정보,S014,휴대전화 번호 변경,Y,Y,Y
VOC03820,주행기록이 보이지 않습니다,해당 시간대의 운전 내역이 누락되어 확인 요청드립니다.,주행,주행기록,S006,주행기록 미반영,Y,Y,Y
VOC00130,운전했는데 포인트가 안 들어왔어요,[출발지]-[도착지] 구간을 운전했는데 적립 내역이 확인되지 않습니다. 현재 화면에서 직접 수정할 수 없습니다.,포인트,적립,S001,주행 포인트 미적립,Y,Y,Y
VOC09624,포인트 지급 조건 안내 요청,포인트를 받기 위한 최소 주행 조건이 안내받고 싶습니다.,포인트,적립기준,S015,포인트 적립 기준 문의,Y,Y,Y
VOC08778,휴대전화 번호를 변경하고 싶습니다,기존 번호 [기존전화번호]에서 새 번호 [새전화번호]로 변경하고 싶습니다.,회원,회원정보,S014,휴대전화 번호 변경,Y,Y,Y
VOC04338,보험료 할인 혜택이 안내받고 싶습니다,갱신 계약에 주행분석 할인 혜택이 반영되는지 문의합니다.,보험,할인,S007,보험료 할인 적용 문의,Y,Y,Y
VOC05853,가입 정보 삭제 요청 앱에서 확인이 어려워 문의드립니다.,본인 인증 후 탈퇴가 완료되지 않아 확인 부탁드립니다. 필요한 확인 항목이 있다면 안내 부탁드립니다.,회원,계정관리,S009,회원 탈퇴,Y,Y,Y
VOC04345,주행점수 할인 확인 요청 앱에서 확인이 어려워 문의드립니다.,갱신 계약에 주행분석 할인 혜택이 반영되는지 문의합니다.,보험,할인,S007,보험료 할인 적용 문의,Y,Y,Y
VOC04267,보험료 할인 혜택이 궁금합니다 처리 방법을 안내해주세요.,갱신 계약에 주행분석 할인 혜택이 반영되는지 문의드립니다.,보험,할인,S007,보험료 할인 적용 문의,Y,Y,Y
VOC00910,포인트가 아직 처리되지 않았어요,[주행종료시간]에 주행을 종료했습니다. 포인트 반영 예정 시간을 알고 싶습니다.,포인트,적립,S002,주행 포인트 적립 지연,Y,Y,Y
VOC04605,보험료 할인이 반영됐나요 처리 방법을 안내해주세요.,갱신 계약에 주행분석 할인 혜택이 반영되는지 문의드립니다.,보험,할인,S007,보험료 할인 적용 문의,Y,Y,Y
VOC00325,주행 포인트가 적립되지 않았습니다,지난 주행 건에 대한 포인트를 받지 못했습니다. 확인 부탁드립니다.,포인트,적립,S001,주행 포인트 미적립,Y,Y,Y
VOC08542,보험 계약자 정보 오류,앱에 표시된 계약자명이 [이름]으로 되어 있는데 실제 정보와 다릅니다. 앱에서 확인이 어려워 문의드립니다.,보험,계약정보,S013,계약정보 불일치,Y,Y,Y
VOC01616,포인트를 사용할 수 있는 곳,현재 보유한 포인트를 어디에서 사용할 수 있는지 알려주세요. 이전에 정상적으로 이용한 적이 있습니다.,포인트,사용,S003,포인트 사용처 문의,Y,Y,Y
VOC02386,아이디 입력 후 접속 오류,로그인 버튼을 눌러도 화면이 그대로입니다. 관련 기준도 함께 알려주세요.,회원,로그인,S004,로그인 오류,Y,Y,Y
VOC06868,서비스 실행 불가 문의,앱을 열면 흰 화면만 보이고 아무 기능도 사용할 수 없습니다.,앱,오류,S011,앱 실행 오류,Y,Y,Y
VOC06903,앱 화면이 멈춥니다,특정 메뉴에 들어가면 화면이 멈추는 현상이 반복됩니다.,앱,오류,S011,앱 실행 오류,Y,Y,Y
VOC08452,계약정보가 다르게 표시됩니다,앱에 표시된 계약자명이 [계약자명]으로 되어 있는데 실제 정보와 다릅니다. 이전에 정상적으로 이용한 적이 있습니다.,보험,계약정보,S013,계약정보 불일치,Y,Y,Y
VOC06016,사용하지 않은 포인트가 차감됐어요,포인트 내역에 알 수 없는 차감 기록이 있습니다.,포인트,차감,S010,포인트 오차감,Y,Y,Y
VOC02782,비밀번호 변경이 되지 않습니다,새 비밀번호를 입력했지만 변경이 완료되지 않습니다.,회원,계정관리,S005,비밀번호 재설정,Y,Y,Y
VOC05163,차량을 변경했습니다,기존 차량을 삭제하고 새 차량을 등록하는 방법을 알려주세요. 확인 부탁드립니다.,차량,차량정보,S008,차량정보 변경,Y,Y,Y
VOC00034,주행 후 포인트가 없습니다 관련 기준도 함께 알려주세요.,주행 조건을 충족한 것으로 보이는데 포인트가 0으로 표시됩니다. 처리 방법을 안내해주세요.,포인트,적립,S001,주행 포인트 미적립,Y,Y,Y
VOC02837,비밀번호 변경이 되지 않습니다,비밀번호가 기억나지 않아 재설정하려고 합니다.,회원,계정관리,S005,비밀번호 재설정,Y,Y,Y
VOC07748,사건번호 처리 상태 확인,제출한 서류가 정상적으로 접수됐는지 알고 싶습니다. 이전에 정상적으로 이용한 적이 있습니다.,사고,처리현황,S012,사고 처리 진행 문의,Y,Y,Y
VOC01002,포인트 적립 처리 중 문의,주행 후 몇 시간이 지났는데 아직 적립 대기 상태입니다. 앱에서 확인이 어려워 문의드립니다.,포인트,적립,S002,주행 포인트 적립 지연,Y,Y,Y
VOC00419,운전했는데 포인트가 안 들어왔어요,[출발지]에서 [도착지]까지 구간을 운전했는데 적립 내역이 확인안 됩니다. 확인 부탁드립니다. 필요한 확인 항목이 있다면 안내 부탁드립니다.,포인트,적립,S001,주행 포인트 미적립,Y,Y,Y
VOC01543,포인트 사용처가 확인하고 싶습니다,앱에 [포인트수량] 포인트가 있는데 사용 가능한 항목을 확인하고 싶습니다.,포인트,사용,S003,포인트 사용처 문의,Y,Y,Y
VOC05715,더 이상 서비스를 이용하지 않습니다,앱에서 탈퇴 메뉴를 찾을 수 없어 문의드립니다.,회원,계정관리,S009,회원 탈퇴,Y,Y,Y
VOC04058,보험료 할인이 반영됐나요,갱신 계약에 주행분석 할인 혜택이 반영되는지 문의드립니다.,보험,할인,S007,보험료 할인 적용 문의,Y,Y,Y
VOC05146,새 차량으로 바꾸고 싶어요 관련 기준도 함께 알려주세요.,기존 차량을 삭제하고 새 차량을 등록하는 방법을 알려주세요.,차량,차량정보,S008,차량정보 변경,Y,Y,Y
VOC06814,앱 실행 중 오류가 발생합니다 확인 부탁드립니다.,특정 메뉴에 들어가면 화면이 멈추는 현상이 반복됩니다. 관련 기준도 함께 알려주세요.,앱,오류,S011,앱 실행 오류,Y,Y,Y
VOC02247,앱 로그인이 되지 않습니다,[에러코드] 메시지가 표시되면서 앱에 접속할 수 없습니다. 앱에서 확인이 어려워 문의드립니다.,회원,로그인,S004,로그인 오류,Y,Y,Y
VOC08097,계약 차량 정보 불일치,증권번호 [계약번호]의 차량정보가 현재 차량과 일치하지 않습니다. 관련 기준도 함께 알려주세요.,보험,계약정보,S013,계약정보 불일치,Y,Y,Y
VOC06338,포인트 차감 내역이 이상합니다,사용한 적이 없는데 [금액] 포인트가 차감된 것으로 표시됩니다. 빠른 확인 요청드립니다.,포인트,차감,S010,포인트 오차감,Y,Y,Y
VOC03261,비밀번호 변경이 되지 않습니다,본인 인증 후 비밀번호 재설정 화면으로 이동하지 않습니다.,회원,계정관리,S005,비밀번호 재설정,Y,Y,Y
VOC01496,포인트 사용처가 궁금합니다,현재 보유한 포인트를 어디에서 사용할 수 있는지 알려주세요. 관련 기준도 함께 알려주세요. 현재 화면에서 직접 수정할 수 없습니다.,포인트,사용,S003,포인트 사용처 문의,Y,Y,Y
VOC05173,기존 차량 삭제 후 신규 등록,기존 차량 [차량번호]에서 새 차량 [새차량번호]로 변경했습니다. 필요한 확인 항목이 있다면 안내 부탁드립니다.,차량,차량정보,S008,차량정보 변경,Y,Y,Y
VOC02426,로그인 화면에서 넘어가지 않아요,아이디와 비밀번호를 입력해도 로그인 오류가 발생합니다.,회원,로그인,S004,로그인 오류,Y,Y,Y
VOC06035,사용하지 않은 포인트가 차감됐어요,결제를 취소했는데 차감된 포인트가 복구되지 않았습니다.,포인트,차감,S010,포인트 오차감,Y,Y,Y
VOC03306,비밀번호를 재설정하고 싶습니다,비밀번호 찾기 과정에서 [전화번호]로 인증번호가 오지 않습니다. 앱에서 확인이 어려워 문의드립니다.,회원,계정관리,S005,비밀번호 재설정,Y,Y,Y
VOC03893,주행기록이 보이지 않습니다,차량은 정상적으로 운행했는데 주행 데이터가 수집되지 않은 것 같습니다. 현재 화면에서 직접 수정할 수 없습니다.,주행,주행기록,S006,주행기록 미반영,Y,Y,Y
VOC03777,주행기록이 보이지 않습니다 관련 기준도 함께 알려주세요.,해당 시간대의 운전 내역이 누락되어 확인 요청드립니다. 처리 방법을 안내해주세요.,주행,주행기록,S006,주행기록 미반영,Y,Y,Y
VOC05536,더 이상 서비스를 이용하지 않습니다 빠른 확인 요청드립니다.,더 이상 서비스를 이용하지 않아 회원 탈퇴를 진행하고 싶습니다.,회원,계정관리,S009,회원 탈퇴,Y,Y,Y
VOC08300,보험 계약자 정보 오류,증권번호 [증권번호]의 차량정보가 현재 차량과 일치하지 않습니다.,보험,계약정보,S013,계약정보 불일치,Y,Y,Y
VOC06848,앱이 계속 종료됩니다,앱을 실행하면 [오류코드] 오류가 표시되고 바로 종료됩니다.,앱,오류,S011,앱 실행 오류,Y,Y,Y
VOC08596,계약정보가 다르게 표시됩니다,갱신한 계약이 앱에서 이전 계약으로 보입니다. 확인 부탁드립니다.,보험,계약정보,S013,계약정보 불일치,Y,Y,Y
VOC01803,포인트를 사용할 수 있는 곳 관련 기준도 함께 알려주세요.,보험료 결제 외에도 포인트를 사용할 수 있는 곳이 있나요?,포인트,사용,S003,포인트 사용처 문의,Y,Y,Y
VOC05809,앱 회원 탈퇴 방법 문의,회원 탈퇴 시 남은 포인트와 주행기록이 어떻게 처리되는지 궁금합니다. 관련 기준도 함께 알려주세요.,회원,계정관리,S009,회원 탈퇴,Y,Y,Y
VOC03907,주행 데이터가 반영되지 않았어요,주행 종료 후에도 거리와 시간이 0으로 표시됩니다.,주행,주행기록,S006,주행기록 미반영,Y,Y,Y
VOC03347,앱에서 운전 기록 확인 불가,운전을 완료했지만 최근 주행 목록에 추가되지 않았습니다.,주행,주행기록,S006,주행기록 미반영,Y,Y,Y
VOC02331,로그인 화면에서 넘어가지 않아요,로그인 버튼을 눌러도 화면이 그대로입니다.,회원,로그인,S004,로그인 오류,Y,Y,Y
VOC09930,주행 포인트 산정 방법 문의,포인트 지급 대상과 제외 조건을 자세히 안내해주세요. 이전에 정상적으로 이용한 적이 있습니다.,포인트,적립기준,S015,포인트 적립 기준 문의,Y,Y,Y
VOC03850,최근 주행기록 누락 문의 빠른 확인 요청드립니다.,주행 종료 후에도 거리와 시간이 0으로 표시됩니다. 처리 방법을 안내해주세요.,주행,주행기록,S006,주행기록 미반영,Y,Y,Y
VOC00171,운전했는데 포인트가 안 들어왔어요 빠른 확인 요청드립니다.,지난 주행 건에 대한 포인트를 받지 못했습니다. 확인 부탁드립니다.,포인트,적립,S001,주행 포인트 미적립,Y,Y,Y
VOC09476,포인트 적립 기준이 궁금합니다 빠른 확인 요청드립니다.,포인트 지급 대상과 제외 조건을 자세히 안내해주세요.,포인트,적립기준,S015,포인트 적립 기준 문의,Y,Y,Y
VOC02984,비밀번호가 기억나지 않아요,새 비밀번호를 입력했지만 변경이 완료되지 않습니다.,회원,계정관리,S005,비밀번호 재설정,Y,Y,Y
VOC04887,앱 차량정보 수정 문의 처리 방법을 안내해주세요.,보험 계약 차량은 변경됐는데 앱에는 이전 차량이 표시됩니다.,차량,차량정보,S008,차량정보 변경,Y,Y,Y
VOC09360,포인트 지급 조건 안내 요청,포인트 지급 대상과 제외 조건을 자세히 안내해주세요. 확인 부탁드립니다.,포인트,적립기준,S015,포인트 적립 기준 문의,Y,Y,Y
VOC02200,아이디 입력 후 접속 오류,기존에 사용하던 계정으로 접속되지 않아 문의합니다.,회원,로그인,S004,로그인 오류,Y,Y,Y
VOC05554,회원 탈퇴를 요청합니다,더 이상 서비스를 이용하지 않아 회원 탈퇴를 진행하고 싶습니다. 현재 화면에서 직접 수정할 수 없습니다.,회원,계정관리,S009,회원 탈퇴,Y,Y,Y
VOC04923,등록 차량 변경 요청,차량번호 변경 후 주행 서비스 연결 방법을 문의드립니다.,차량,차량정보,S008,차량정보 변경,Y,Y,Y
VOC05948,가입 정보 삭제 요청 앱에서 확인이 어려워 문의드립니다.,더 이상 서비스를 이용하지 않아 회원 탈퇴를 진행하고 싶습니다.,회원,계정관리,S009,회원 탈퇴,Y,Y,Y
VOC08023,계약정보가 다르게 표시됩니다,앱에 표시된 계약자명이 [이름]으로 되어 있는데 실제 정보와 다릅니다. 빠른 확인 요청드립니다.,보험,계약정보,S013,계약정보 불일치,Y,Y,Y
VOC07596,보상 처리 단계 문의,[접수일]에 접수한 사고의 담당자 배정 여부가 궁금합니다. 확인 부탁드립니다.,사고,처리현황,S012,사고 처리 진행 문의,Y,Y,Y
VOC04827,등록 차량 변경 요청,기존 차량을 삭제하고 새 차량을 등록하는 방법을 알려주세요.,차량,차량정보,S008,차량정보 변경,Y,Y,Y
VOC03566,운전한 내역이 앱에 없습니다,[날짜]에 [출발지]에서 [도착지]까지 구간을 운전했는데 앱에서 기록이 보이지 않습니다. 관련 기준도 함께 알려주세요. 앱을 다시 실행해도 같은 상태입니다.,주행,주행기록,S006,주행기록 미반영,Y,Y,Y
VOC04702,차량을 변경했습니다,기존 차량 [차량번호]에서 새 차량 [새차량번호]로 변경했습니다.,차량,차량정보,S008,차량정보 변경,Y,Y,Y
VOC08074,보험 계약자 정보 오류,갱신한 계약이 앱에서 이전 계약으로 보입니다. 관련 기준도 함께 알려주세요. 필요한 확인 항목이 있다면 안내 부탁드립니다.,보험,계약정보,S013,계약정보 불일치,Y,Y,Y
VOC06660,포인트가 갑자기 줄었습니다 처리 방법을 안내해주세요.,어제 확인한 잔액과 오늘 잔액이 달라서 문의드립니다.,포인트,차감,S010,포인트 오차감,Y,Y,Y
VOC02078,앱 로그인이 안 됩니다,로그인 버튼을 눌러도 화면이 그대로입니다. 앱에서 확인이 어려워 문의드립니다.,회원,로그인,S004,로그인 오류,Y,Y,Y
VOC03501,주행기록이 보이지 않습니다 관련 기준도 함께 알려주세요.,[날짜]에 [출발지]-[도착지] 구간을 운전했는데 앱에서 기록이 보이지 않습니다.,주행,주행기록,S006,주행기록 미반영,Y,Y,Y
VOC09977,어떤 주행이 포인트 대상인가요,급가속이나 급감속 기록이 포인트 적립에 영향을 주나요? 앱에서 확인이 어려워 문의드립니다.,포인트,적립기준,S015,포인트 적립 기준 문의,Y,Y,Y
VOC01524,보유 포인트 사용 방법,현재 보유한 포인트를 어디에서 사용할 수 있는지 확인 부탁드립니다. 동일 현상이 반복되고 있습니다.,포인트,사용,S003,포인트 사용처 문의,Y,Y,Y
VOC08019,앱의 계약 내용이 맞지 않아요,앱에 표시된 계약자명이 [계약자명]으로 되어 있는데 실제 정보와 다릅니다. 이전에 정상적으로 이용한 적이 있습니다.,보험,계약정보,S013,계약정보 불일치,Y,Y,Y
VOC02809,비밀번호를 재설정하고 싶습니다,본인 인증 후 비밀번호 재설정 화면으로 이동하지 않습니다. 현재 화면에서 직접 수정할 수 없습니다.,회원,계정관리,S005,비밀번호 재설정,Y,Y,Y
VOC07827,보상 처리 단계 문의 확인 부탁드립니다.,제출한 서류가 정상적으로 접수됐는지 알고 싶습니다. 앱에서 확인이 어려워 문의드립니다.,사고,처리현황,S012,사고 처리 진행 문의,Y,Y,Y
VOC01017,주행 포인트는 언제 들어오나요,오늘 주행을 마쳤는데 포인트가 아직 반영되지 않았습니다. 보통 얼마나 걸리나요?,포인트,적립,S002,주행 포인트 적립 지연,Y,Y,Y
VOC06952,앱 화면이 멈춥니다,앱을 실행하면 [에러코드] 오류가 표시되고 바로 종료됩니다.,앱,오류,S011,앱 실행 오류,Y,Y,Y
VOC01356,적립 포인트는 어디서 쓰나요,적립된 포인트의 사용처와 사용 절차를 안내 부탁드립니다. 앱에서 확인이 어려워 문의드립니다.,포인트,사용,S003,포인트 사용처 문의,Y,Y,Y
VOC09991,포인트 지급 조건 안내 요청,포인트를 받기 위한 최소 주행 조건이 궁금합니다.,포인트,적립기준,S015,포인트 적립 기준 문의,Y,Y,Y
VOC00776,주행 포인트는 언제 들어오나요 확인 부탁드립니다.,[시간]에 주행을 종료했습니다. 포인트 반영 예정 시간을 알고 싶습니다.,포인트,적립,S002,주행 포인트 적립 지연,Y,Y,Y
VOC01645,적립 포인트는 어디서 쓰나요,앱에 [차감금액] 포인트가 있는데 사용 가능한 항목을 확인하고 싶습니다. 앱을 다시 실행해도 같은 상태입니다.,포인트,사용,S003,포인트 사용처 문의,Y,Y,Y
VOC05219,새 차량으로 바꾸고 싶어요,차량을 교체해서 앱의 등록 정보를 수정하고 싶습니다. 앱에서 확인이 어려워 문의드립니다.,차량,차량정보,S008,차량정보 변경,Y,Y,Y
VOC09598,어떤 주행이 포인트 대상인가요,짧은 거리 주행도 포인트 적립 대상인지 문의드립니다.,포인트,적립기준,S015,포인트 적립 기준 문의,Y,Y,Y
VOC02908,비밀번호 변경이 되지 않습니다,새 비밀번호를 입력했지만 변경이 완료되지 않습니다. 확인 부탁드립니다. 현재 화면에서 직접 수정할 수 없습니다.,회원,계정관리,S005,비밀번호 재설정,Y,Y,Y
VOC07468,사고 처리 진행 상황 문의,[날짜]에 접수한 사고의 담당자 배정 여부가 궁금합니다.,사고,처리현황,S012,사고 처리 진행 문의,Y,Y,Y
VOC00607,운전했는데 포인트가 안 들어왔어요,운전 기록은 정상적으로 보이지만 포인트가 들어오지 않았습니다. 확인 부탁드립니다. 앱을 다시 실행해도 같은 상태입니다.,포인트,적립,S001,주행 포인트 미적립,Y,Y,Y
VOC05778,서비스 계정을 삭제하고 싶어요,앱에서 탈퇴 메뉴를 찾을 수 없어 문의드립니다.,회원,계정관리,S009,회원 탈퇴,Y,Y,Y
VOC02142,아이디 입력 후 접속 오류,로그인 버튼을 눌러도 화면이 그대로입니다. 동일 현상이 반복되고 있습니다.,회원,로그인,S004,로그인 오류,Y,Y,Y
VOC00360,운전했는데 포인트가 안 들어왔어요,지난 주행 건에 대한 포인트를 받지 못했습니다. 확인 부탁드립니다. 빠른 확인 요청드립니다.,포인트,적립,S001,주행 포인트 미적립,Y,Y,Y
VOC06107,잘못 차감된 포인트 문의,포인트 내역에 알 수 없는 차감 기록이 있습니다.,포인트,차감,S010,포인트 오차감,Y,Y,Y
VOC03550,주행기록이 보이지 않습니다,차량은 정상적으로 운행했는데 주행 데이터가 수집되지 않은 것 같습니다. 처리 방법을 안내해주세요.,주행,주행기록,S006,주행기록 미반영,Y,Y,Y
VOC08144,앱의 계약 내용이 맞지 않아요,보험 계약 정보 중 일부 항목이 잘못되어 수정 요청드립니다. 처리 방법을 안내해주세요.,보험,계약정보,S013,계약정보 불일치,Y,Y,Y
VOC00723,포인트 적립 처리 중 문의,오늘 주행을 마쳤는데 포인트가 아직 반영되지 않았습니다. 보통 얼마나 걸리나요?,포인트,적립,S002,주행 포인트 적립 지연,Y,Y,Y
VOC08178,앱의 계약 내용이 맞지 않아요,갱신한 계약이 앱에서 이전 계약으로 보입니다. 이전에 정상적으로 이용한 적이 있습니다.,보험,계약정보,S013,계약정보 불일치,Y,Y,Y
VOC08444,보험 계약자 정보 오류,갱신한 계약이 앱에서 이전 계약으로 보입니다.,보험,계약정보,S013,계약정보 불일치,Y,Y,Y
VOC05029,새 차량으로 바꾸고 싶어요,기존 차량 [차량번호]에서 새 차량 [새차량번호]로 변경했습니다.,차량,차량정보,S008,차량정보 변경,Y,Y,Y
VOC04678,앱 차량정보 수정 문의 처리 방법을 안내해주세요.,기존 차량 [기존차량번호]에서 새 차량 [변경차량번호]로 변경했습니다.,차량,차량정보,S008,차량정보 변경,Y,Y,Y
VOC09956,포인트 지급 조건 안내 요청,짧은 거리 주행도 포인트 적립 대상인지 문의드립니다. 관련 기준도 함께 알려주세요. 이전에 정상적으로 이용한 적이 있습니다.,포인트,적립기준,S015,포인트 적립 기준 문의,Y,Y,Y
VOC05797,더 이상 서비스를 이용하지 않습니다,더 이상 서비스를 이용하지 않아 회원 탈퇴를 진행하고 싶습니다.,회원,계정관리,S009,회원 탈퇴,Y,Y,Y
VOC08071,증권 정보 수정 문의,갱신한 계약이 앱에서 이전 계약으로 보입니다.,보험,계약정보,S013,계약정보 불일치,Y,Y,Y
VOC01584,포인트 사용처가 궁금합니다,보험료 결제 외에도 포인트를 사용할 수 있는 곳이 있나요? 확인 부탁드립니다.,포인트,사용,S003,포인트 사용처 문의,Y,Y,Y
VOC05836,더 이상 서비스를 이용하지 않습니다,계정과 저장된 개인정보를 삭제하는 절차를 확인 부탁드립니다.,회원,계정관리,S009,회원 탈퇴,Y,Y,Y
VOC09242,휴대전화 번호를 변경하고 싶습니다,기존 번호 [전화번호]에서 새 번호 [새전화번호]로 변경하고 싶습니다.,회원,회원정보,S014,휴대전화 번호 변경,Y,Y,Y
VOC06258,포인트 차감 내역이 이상합니다 처리 방법을 안내해주세요.,결제를 취소했는데 차감된 포인트가 복구되지 않았습니다.,포인트,차감,S010,포인트 오차감,Y,Y,Y
VOC00268,주행 포인트가 적립되지 않았습니다 확인 부탁드립니다.,운전 기록은 정상적으로 보이지만 포인트가 들어오지 않았습니다.,포인트,적립,S001,주행 포인트 미적립,Y,Y,Y
VOC09866,주행 포인트 산정 방법 문의,급가속이나 급감속 기록이 포인트 적립에 영향을 주나요?,포인트,적립기준,S015,포인트 적립 기준 문의,Y,Y,Y
VOC03756,최근 주행기록 누락 문의,해당 시간대의 운전 내역이 누락되어 확인 요청드립니다. 앱에서 확인이 어려워 문의드립니다.,주행,주행기록,S006,주행기록 미반영,Y,Y,Y
VOC04188,보험료 할인 혜택이 궁금합니다 확인 부탁드립니다.,증권번호 [계약번호] 계약에 안전운전 할인이 적용됐는지 확인하고 싶습니다.,보험,할인,S007,보험료 할인 적용 문의,Y,Y,Y
VOC09552,어떤 주행이 포인트 대상인가요 빠른 확인 요청드립니다.,포인트를 받기 위한 최소 주행 조건이 궁금합니다.,포인트,적립기준,S015,포인트 적립 기준 문의,Y,Y,Y
VOC00462,주행 포인트 미적립 문의,지난 주행 건에 대한 포인트를 받지 못했습니다. 확인 부탁드립니다.,포인트,적립,S001,주행 포인트 미적립,Y,Y,Y
VOC00274,운전했는데 포인트가 안 들어왔어요,지난 주행 건에 대한 포인트를 받지 못했습니다. 확인 부탁드립니다.,포인트,적립,S001,주행 포인트 미적립,Y,Y,Y
VOC01434,포인트를 사용할 수 있는 곳,포인트 사용 가능한 서비스와 제한 조건이 안내받고 싶습니다.,포인트,사용,S003,포인트 사용처 문의,Y,Y,Y
VOC01880,포인트 사용 가능 서비스 문의,앱에 [차감금액] 포인트가 있는데 사용 가능한 항목을 확인하고 싶습니다. 필요한 확인 항목이 있다면 안내 부탁드립니다.,포인트,사용,S003,포인트 사용처 문의,Y,Y,Y
VOC01854,보유 포인트 사용 방법,적립된 포인트의 사용처와 사용 절차를 안내 부탁드립니다.,포인트,사용,S003,포인트 사용처 문의,Y,Y,Y
VOC09496,운전점수와 포인트 관계,주행거리와 운전점수에 따라 포인트가 어떻게 산정되는지 알고 싶습니다.,포인트,적립기준,S015,포인트 적립 기준 문의,Y,Y,Y
VOC00340,주행 포인트가 적립되지 않았습니다,지난 주행 건에 대한 포인트를 받지 못했습니다. 확인 부탁드립니다.,포인트,적립,S001,주행 포인트 미적립,Y,Y,Y
VOC07187,앱 실행 중 오류가 발생합니다,재설치 후에도 동일하게 앱이 강제 종료됩니다. 관련 기준도 함께 알려주세요.,앱,오류,S011,앱 실행 오류,Y,Y,Y
VOC04741,앱 차량정보 수정 문의,기존 차량 [차량번호]에서 새 차량 [변경차량번호]로 변경했습니다.,차량,차량정보,S008,차량정보 변경,Y,Y,Y
VOC07467,보상 처리 단계 문의 앱에서 확인이 어려워 문의드립니다.,[주행일]에 접수한 사고의 담당자 배정 여부가 궁금합니다.,사고,처리현황,S012,사고 처리 진행 문의,Y,Y,Y
VOC09790,포인트 지급 조건 안내 요청,주행거리와 운전점수에 따라 포인트가 어떻게 산정되는지 알고 싶습니다. 현재 화면에서 직접 수정할 수 없습니다.,포인트,적립기준,S015,포인트 적립 기준 문의,Y,Y,Y
VOC07274,앱 실행 중 오류가 발생합니다,재설치 후에도 동일하게 앱이 강제 종료됩니다. 앱을 다시 실행해도 같은 상태입니다.,앱,오류,S011,앱 실행 오류,Y,Y,Y
VOC05526,더 이상 서비스를 이용하지 않습니다,계정과 저장된 개인정보를 삭제하는 절차를 알려주세요. 확인 부탁드립니다.,회원,계정관리,S009,회원 탈퇴,Y,Y,Y
VOC06404,포인트 차감 내역이 이상합니다 빠른 확인 요청드립니다.,포인트 내역에 알 수 없는 차감 기록이 있습니다.,포인트,차감,S010,포인트 오차감,Y,Y,Y
VOC07885,접수한 사고는 어떻게 진행되고 있나요,사건번호 [사건번호]와 관련해 현재 처리 단계를 확인하고 싶습니다.,사고,처리현황,S012,사고 처리 진행 문의,Y,Y,Y
VOC05338,회원 탈퇴를 요청합니다,계정과 저장된 개인정보를 삭제하는 절차를 알려주세요.,회원,계정관리,S009,회원 탈퇴,Y,Y,Y
VOC08164,계약정보가 다르게 표시됩니다 앱에서 확인이 어려워 문의드립니다.,앱에 표시된 계약자명이 [이름]으로 되어 있는데 실제 정보와 다릅니다. 처리 방법을 안내해주세요.,보험,계약정보,S013,계약정보 불일치,Y,Y,Y
VOC08242,증권 정보 수정 문의 앱에서 확인이 어려워 문의드립니다.,계약 기간과 보험료 정보가 가입 당시 안내와 다르게 표시됩니다.,보험,계약정보,S013,계약정보 불일치,Y,Y,Y
VOC06269,사용하지 않은 포인트가 차감됐어요,결제를 취소했는데 차감된 포인트가 복구되지 않았습니다. 처리 방법을 안내해주세요.,포인트,차감,S010,포인트 오차감,Y,Y,Y
VOC09098,기존 전화번호 변경 문의,휴대전화 번호를 바꿨는데 앱 회원정보에는 이전 번호가 표시됩니다. 확인 부탁드립니다.,회원,회원정보,S014,휴대전화 번호 변경,Y,Y,Y
VOC02114,로그인 화면에서 넘어가지 않아요 관련 기준도 함께 알려주세요.,[오류코드] 메시지가 표시되면서 앱에 접속할 수 없습니다.,회원,로그인,S004,로그인 오류,Y,Y,Y
VOC02987,새 비밀번호 등록 문의 앱에서 확인이 어려워 문의드립니다.,비밀번호 변경 절차와 조건을 안내해주세요.,회원,계정관리,S005,비밀번호 재설정,Y,Y,Y
VOC03024,비밀번호를 재설정하고 싶습니다,비밀번호 변경 절차와 조건을 안내해주세요. 처리 방법을 안내해주세요. 필요한 확인 항목이 있다면 안내 부탁드립니다.,회원,계정관리,S005,비밀번호 재설정,Y,Y,Y
VOC04524,보험료 할인이 반영됐나요 처리 방법을 안내해주세요.,현재 운전점수 기준으로 받을 수 있는 보험료 할인율이 궁금합니다.,보험,할인,S007,보험료 할인 적용 문의,Y,Y,Y
VOC00065,주행 후 포인트가 없습니다,[출발지]-[도착지] 구간을 운전했는데 적립 내역이 확인되지 않습니다.,포인트,적립,S001,주행 포인트 미적립,Y,Y,Y
VOC06168,포인트 잔액 오류,포인트 내역에 알 수 없는 차감 기록이 있습니다. 확인 부탁드립니다.,포인트,차감,S010,포인트 오차감,Y,Y,Y
VOC08005,앱의 계약 내용이 맞지 않아요,보험 계약 정보 중 일부 항목이 잘못되어 수정 요청드립니다.,보험,계약정보,S013,계약정보 불일치,Y,Y,Y
VOC04856,등록 차량 변경 요청,차량을 교체해서 앱의 등록 정보를 수정하고 싶습니다. 앱에서 확인이 어려워 문의드립니다. 앱을 다시 실행해도 같은 상태입니다.,차량,차량정보,S008,차량정보 변경,Y,Y,Y
VOC03530,앱에서 운전 기록 확인 불가,[날짜]에 [출발지]에서 [도착지]까지 구간을 운전했는데 앱에서 기록이 보이지 않습니다.,주행,주행기록,S006,주행기록 미반영,Y,Y,Y
VOC09243,기존 전화번호 변경 문의 빠른 확인 요청드립니다.,등록된 연락처가 실제 사용하는 번호와 달라 수정 요청드립니다. 관련 기준도 함께 알려주세요.,회원,회원정보,S014,휴대전화 번호 변경,Y,Y,Y
VOC06314,포인트 차감 내역이 이상합니다,포인트 사용 이력과 실제 잔액이 맞지 않습니다.,포인트,차감,S010,포인트 오차감,Y,Y,Y
VOC05979,앱 회원 탈퇴 방법 문의,회원 탈퇴 시 남은 포인트와 주행기록이 어떻게 처리되는지 궁금합니다.,회원,계정관리,S009,회원 탈퇴,Y,Y,Y
VOC00933,포인트가 아직 처리되지 않았어요,"포인트가 바로 들어오는지, 일정 시간이 필요한지 문의드립니다.",포인트,적립,S002,주행 포인트 적립 지연,Y,Y,Y
VOC04668,주행점수 할인 확인 요청 앱에서 확인이 어려워 문의드립니다.,앱에는 할인 대상이라고 나오는데 실제 보험료에 적용됐는지 알고 싶습니다.,보험,할인,S007,보험료 할인 적용 문의,Y,Y,Y
VOC03141,비밀번호 변경이 되지 않습니다,비밀번호가 기억나지 않아 재설정하려고 합니다. 앱을 다시 실행해도 같은 상태입니다.,회원,계정관리,S005,비밀번호 재설정,Y,Y,Y
VOC02964,비밀번호 변경이 되지 않습니다,새 비밀번호를 입력했지만 변경이 완료안 됩니다. 이전에 정상적으로 이용한 적이 있습니다.,회원,계정관리,S005,비밀번호 재설정,Y,Y,Y
VOC00440,주행 포인트가 적립되지 않았습니다,[주행구간] 구간을 운전했는데 적립 내역이 확인되지 않습니다.,포인트,적립,S001,주행 포인트 미적립,Y,Y,Y
VOC08366,앱의 계약 내용이 맞지 않아요 빠른 확인 요청드립니다.,앱에 표시된 계약자명이 [계약자명]으로 되어 있는데 실제 정보와 다릅니다. 현재 화면에서 직접 수정할 수 없습니다.,보험,계약정보,S013,계약정보 불일치,Y,Y,Y
VOC05576,서비스 계정을 삭제하고 싶어요,더 이상 서비스를 이용하지 않아 회원 탈퇴를 진행하고 싶습니다.,회원,계정관리,S009,회원 탈퇴,Y,Y,Y
VOC01203,주행 포인트는 언제 들어오나요,오늘 주행을 마쳤는데 포인트가 아직 반영되지 않았습니다. 보통 얼마나 걸리나요? 빠른 확인 요청드립니다.,포인트,적립,S002,주행 포인트 적립 지연,Y,Y,Y
VOC07776,사건번호 처리 상태 확인,제출한 서류가 정상적으로 접수됐는지 알고 싶습니다.,사고,처리현황,S012,사고 처리 진행 문의,Y,Y,Y
VOC00017,주행 포인트 미적립 문의,[주행구간] 구간을 운전했는데 적립 내역이 확인되지 않습니다.,포인트,적립,S001,주행 포인트 미적립,Y,Y,Y
VOC01994,포인트 사용처가 궁금합니다,포인트 사용 가능한 서비스와 제한 조건이 궁금합니다.,포인트,사용,S003,포인트 사용처 문의,Y,Y,Y
VOC00837,포인트 적립 처리 중 문의,"포인트가 바로 들어오는지, 일정 시간이 필요한지 문의드립니다.",포인트,적립,S002,주행 포인트 적립 지연,Y,Y,Y
VOC00767,포인트 반영이 늦어지고 있습니다,주행 후 몇 시간이 지났는데 아직 적립 대기 상태입니다. 처리 방법을 안내해주세요.,포인트,적립,S002,주행 포인트 적립 지연,Y,Y,Y
VOC01254,포인트 적립 처리 중 문의,[주행종료시간]에 주행을 종료했습니다. 포인트 반영 예정 시간을 알고 싶습니다. 확인 부탁드립니다.,포인트,적립,S002,주행 포인트 적립 지연,Y,Y,Y
VOC08201,계약 차량 정보 불일치,갱신한 계약이 앱에서 이전 계약으로 보입니다. 관련 기준도 함께 알려주세요.,보험,계약정보,S013,계약정보 불일치,Y,Y,Y
VOC01824,적립 포인트는 어디서 쓰나요 관련 기준도 함께 알려주세요.,적립된 포인트의 사용처와 사용 절차를 안내 부탁드립니다. 앱을 다시 실행해도 같은 상태입니다.,포인트,사용,S003,포인트 사용처 문의,Y,Y,Y
VOC09087,새 번호로 인증받고 싶어요,등록된 연락처가 실제 사용하는 번호와 달라 수정 요청드립니다.,회원,회원정보,S014,휴대전화 번호 변경,Y,Y,Y
VOC09611,포인트 적립 기준이 궁금합니다,포인트 지급 대상과 제외 조건을 자세히 안내해주세요.,포인트,적립기준,S015,포인트 적립 기준 문의,Y,Y,Y
VOC00943,운전 후 포인트 반영 시간 문의,"포인트가 바로 들어오는지, 일정 시간이 필요한지 문의합니다. 현재 화면에서 직접 수정할 수 없습니다.",포인트,적립,S002,주행 포인트 적립 지연,Y,Y,Y
VOC03572,앱에서 운전 기록 확인 불가,주행 종료 후에도 거리와 시간이 0으로 표시됩니다. 필요한 확인 항목이 있다면 안내 부탁드립니다.,주행,주행기록,S006,주행기록 미반영,Y,Y,Y
VOC09563,어떤 주행이 포인트 대상인가요,급가속이나 급감속 기록이 포인트 적립에 영향을 주나요? 앱에서 확인이 어려워 문의드립니다.,포인트,적립기준,S015,포인트 적립 기준 문의,Y,Y,Y
VOC03785,운전한 내역이 앱에 없습니다 관련 기준도 함께 알려주세요.,운전을 완료했지만 최근 주행 목록에 추가되지 않았습니다. 앱에서 확인이 어려워 문의드립니다.,주행,주행기록,S006,주행기록 미반영,Y,Y,Y
VOC09261,휴대전화 번호를 변경하고 싶습니다,새 번호로 본인 인증을 진행하는 방법을 알려주세요.,회원,회원정보,S014,휴대전화 번호 변경,Y,Y,Y
VOC02120,계속 로그인에 실패합니다,여러 번 시도했지만 인증 후 다시 로그인 화면으로 돌아옵니다. 빠른 확인 요청드립니다.,회원,로그인,S004,로그인 오류,Y,Y,Y
VOC09587,어떤 주행이 포인트 대상인가요,포인트 지급 대상과 제외 조건을 자세히 안내해주세요. 이전에 정상적으로 이용한 적이 있습니다.,포인트,적립기준,S015,포인트 적립 기준 문의,Y,Y,Y
VOC06074,포인트 차감 내역이 이상합니다 관련 기준도 함께 알려주세요.,어제 확인한 잔액과 오늘 잔액이 달라서 확인 요청드립니다.,포인트,차감,S010,포인트 오차감,Y,Y,Y
VOC04488,계약 할인 적용 상태 문의 빠른 확인 요청드립니다.,앱에는 할인 대상이라고 나오는데 실제 보험료에 적용됐는지 알고 싶습니다.,보험,할인,S007,보험료 할인 적용 문의,Y,Y,Y
VOC07792,보상 처리 단계 문의 처리 방법을 안내해주세요.,보상 심사가 어느 단계까지 진행됐는지 확인 부탁드립니다. 빠른 확인 요청드립니다.,사고,처리현황,S012,사고 처리 진행 문의,Y,Y,Y
VOC05803,회원 탈퇴를 요청합니다,더 이상 서비스를 이용하지 않아 회원 탈퇴를 진행하고 싶습니다.,회원,계정관리,S009,회원 탈퇴,Y,Y,Y
VOC06858,앱 실행 중 오류가 발생합니다,특정 메뉴에 들어가면 화면이 멈추는 현상이 반복됩니다.,앱,오류,S011,앱 실행 오류,Y,Y,Y
VOC07352,사고 처리 진행 상황 문의 빠른 확인 요청드립니다.,[주행일]에 접수한 사고의 담당자 배정 여부가 궁금합니다. 확인 부탁드립니다.,사고,처리현황,S012,사고 처리 진행 문의,Y,Y,Y
VOC06089,잘못 차감된 포인트 문의 관련 기준도 함께 알려주세요.,결제를 취소했는데 차감된 포인트가 복구되지 않았습니다.,포인트,차감,S010,포인트 오차감,Y,Y,Y
VOC07632,사고 접수 후 연락이 없습니다,사건번호 [사건번호]와 관련해 현재 처리 단계를 확인하고 싶습니다.,사고,처리현황,S012,사고 처리 진행 문의,Y,Y,Y
VOC01364,포인트 사용 가능 서비스 문의,적립된 포인트의 사용처와 사용 절차를 안내 부탁드립니다.,포인트,사용,S003,포인트 사용처 문의,Y,Y,Y
VOC00390,주행 포인트가 적립되지 않았습니다,운전 기록은 정상적으로 보이지만 포인트가 들어오지 않았습니다.,포인트,적립,S001,주행 포인트 미적립,Y,Y,Y
VOC04962,앱 차량정보 수정 문의,기존 차량 [기존차량번호]에서 새 차량 [새차량번호]로 변경했습니다.,차량,차량정보,S008,차량정보 변경,Y,Y,Y
VOC04659,주행점수 할인 확인 요청,안전운전 점수와 보험료 할인 적용 기준을 안내해주세요.,보험,할인,S007,보험료 할인 적용 문의,Y,Y,Y
VOC08826,기존 전화번호 변경 문의,휴대전화 번호를 바꿨는데 앱 회원정보에는 이전 번호가 표시됩니다.,회원,회원정보,S014,휴대전화 번호 변경,Y,Y,Y
VOC00013,주행 포인트가 적립되지 않았습니다 처리 방법을 안내해주세요.,지난 주행 건에 대한 포인트를 받지 못했습니다. 확인 부탁드립니다. 현재 화면에서 직접 수정할 수 없습니다.,포인트,적립,S001,주행 포인트 미적립,Y,Y,Y
VOC03633,운전한 내역이 앱에 없습니다,주행 종료 후에도 거리와 시간이 0으로 표시됩니다.,주행,주행기록,S006,주행기록 미반영,Y,Y,Y
VOC09009,등록 연락처 수정 요청,기존 번호 [기존전화번호]에서 새 번호 [새전화번호]로 변경하고 싶습니다.,회원,회원정보,S014,휴대전화 번호 변경,Y,Y,Y
VOC00531,주행 포인트 미적립 문의 처리 방법을 안내해주세요.,[출발지]-[도착지] 구간을 운전했는데 적립 내역이 확인되지 않습니다. 처리 방법을 안내해주세요.,포인트,적립,S001,주행 포인트 미적립,Y,Y,Y
VOC01161,포인트 반영이 늦어지고 있습니다,주행 후 몇 시간이 지났는데 아직 적립 대기 상태입니다.,포인트,적립,S002,주행 포인트 적립 지연,Y,Y,Y
VOC03959,최근 주행기록 누락 문의,차량은 정상적으로 운행했는데 주행 데이터가 수집되지 않은 것 같습니다. 동일 현상이 반복되고 있습니다.,주행,주행기록,S006,주행기록 미반영,Y,Y,Y
VOC09726,운전점수와 포인트 관계 확인 부탁드립니다.,급가속이나 급감속 기록이 포인트 적립에 영향을 주나요? 현재 화면에서 직접 수정할 수 없습니다.,포인트,적립기준,S015,포인트 적립 기준 문의,Y,Y,Y
VOC00971,포인트가 아직 처리되지 않았어요,주행 후 몇 시간이 지났는데 아직 적립 대기 상태입니다. 처리 방법을 안내해주세요. 필요한 확인 항목이 있다면 안내 부탁드립니다.,포인트,적립,S002,주행 포인트 적립 지연,Y,Y,Y
VOC09557,포인트 지급 조건 안내 요청,주행거리와 운전점수에 따라 포인트가 어떻게 산정되는지 알고 싶습니다. 처리 방법을 안내해주세요.,포인트,적립기준,S015,포인트 적립 기준 문의,Y,Y,Y
VOC06552,사용하지 않은 포인트가 차감됐어요,사용한 적이 없는데 [포인트수량] 포인트가 차감된 것으로 표시됩니다. 이전에 정상적으로 이용한 적이 있습니다.,포인트,차감,S010,포인트 오차감,Y,Y,Y
VOC02934,비밀번호를 재설정하고 싶습니다,새 비밀번호를 입력했지만 변경이 완료되지 않습니다. 앱에서 확인이 어려워 문의드립니다.,회원,계정관리,S005,비밀번호 재설정,Y,Y,Y
VOC07478,사건번호 처리 상태 확인,[접수일]에 접수한 사고의 담당자 배정 여부가 확인하고 싶습니다.,사고,처리현황,S012,사고 처리 진행 문의,Y,Y,Y
VOC05480,더 이상 서비스를 이용하지 않습니다,회원 탈퇴 시 남은 포인트와 주행기록이 어떻게 처리되는지 안내받고 싶습니다. 처리 방법을 안내해주세요.,회원,계정관리,S009,회원 탈퇴,Y,Y,Y
VOC04174,보험료 할인 혜택이 확인하고 싶습니다,갱신 계약에 주행분석 할인 혜택이 반영되는지 문의드립니다.,보험,할인,S007,보험료 할인 적용 문의,Y,Y,Y
VOC00873,포인트 반영이 늦어지고 있습니다,오늘 주행을 마쳤는데 포인트가 아직 반영되지 않았습니다. 보통 얼마나 걸리나요?,포인트,적립,S002,주행 포인트 적립 지연,Y,Y,Y
VOC04959,새 차량으로 바꾸고 싶어요,기존 차량을 삭제하고 새 차량을 등록하는 방법을 알려주세요.,차량,차량정보,S008,차량정보 변경,Y,Y,Y
VOC08426,보험 계약자 정보 오류,증권번호 [계약번호]의 차량정보가 현재 차량과 일치하지 않습니다.,보험,계약정보,S013,계약정보 불일치,Y,Y,Y
VOC09653,주행 포인트 산정 방법 문의,포인트를 받기 위한 최소 주행 조건이 안내받고 싶습니다.,포인트,적립기준,S015,포인트 적립 기준 문의,Y,Y,Y
VOC01555,보유 포인트 사용 방법,적립된 포인트의 사용처와 사용 절차를 안내 부탁드립니다.,포인트,사용,S003,포인트 사용처 문의,Y,Y,Y
VOC03643,최근 주행기록 누락 문의,[날짜]에 [출발지]-[도착지] 구간을 운전했는데 앱에서 기록이 보이지 않습니다. 필요한 확인 항목이 있다면 안내 부탁드립니다.,주행,주행기록,S006,주행기록 미반영,Y,Y,Y
VOC07491,사고 처리 진행 상황 문의,[날짜]에 접수한 사고의 담당자 배정 여부가 확인하고 싶습니다.,사고,처리현황,S012,사고 처리 진행 문의,Y,Y,Y
VOC07536,사고 접수 후 연락이 없습니다 확인 부탁드립니다.,제출한 서류가 정상적으로 접수됐는지 알고 싶습니다. 관련 기준도 함께 알려주세요.,사고,처리현황,S012,사고 처리 진행 문의,Y,Y,Y
VOC09622,포인트 지급 조건 안내 요청,급가속이나 급감속 기록이 포인트 적립에 영향을 주나요? 앱을 다시 실행해도 같은 상태입니다.,포인트,적립기준,S015,포인트 적립 기준 문의,Y,Y,Y
VOC03408,앱에서 운전 기록 확인 불가 앱에서 확인이 어려워 문의드립니다.,차량은 정상적으로 운행했는데 주행 데이터가 수집되지 않은 것 같습니다. 관련 기준도 함께 알려주세요.,주행,주행기록,S006,주행기록 미반영,Y,Y,Y
VOC01202,포인트가 아직 처리되지 않았어요,주행 후 몇 시간이 지났는데 아직 적립 대기 상태입니다. 앱에서 확인이 어려워 문의드립니다.,포인트,적립,S002,주행 포인트 적립 지연,Y,Y,Y
VOC04953,등록 차량 변경 요청,차량번호 변경 후 주행 서비스 연결 방법을 확인 요청드립니다. 현재 화면에서 직접 수정할 수 없습니다.,차량,차량정보,S008,차량정보 변경,Y,Y,Y
VOC08123,계약정보가 다르게 표시됩니다,증권번호 [증권번호]의 차량정보가 현재 차량과 일치하지 않습니다.,보험,계약정보,S013,계약정보 불일치,Y,Y,Y
VOC01473,포인트 사용처가 궁금합니다,현재 보유한 포인트를 어디에서 사용할 수 있는지 알려주세요. 처리 방법을 안내해주세요.,포인트,사용,S003,포인트 사용처 문의,Y,Y,Y
VOC09159,회원정보의 전화번호가 다릅니다,번호 변경 후 로그인 인증 문자가 이전 번호로 발송됩니다.,회원,회원정보,S014,휴대전화 번호 변경,Y,Y,Y
VOC07159,업데이트 후 앱이 열리지 않아요,재설치 후에도 동일하게 앱이 강제 종료됩니다.,앱,오류,S011,앱 실행 오류,Y,Y,Y
VOC09314,회원정보의 전화번호가 다릅니다,번호 변경 후 로그인 인증 문자가 이전 번호로 발송됩니다.,회원,회원정보,S014,휴대전화 번호 변경,Y,Y,Y
VOC01232,운전 후 포인트 반영 시간 문의,방금 운전한 기록은 보이는데 포인트는 처리 중으로 표시됩니다.,포인트,적립,S002,주행 포인트 적립 지연,Y,Y,Y
VOC04784,등록 차량 변경 요청 앱에서 확인이 어려워 문의드립니다.,차량번호 변경 후 주행 서비스 연결 방법을 문의합니다.,차량,차량정보,S008,차량정보 변경,Y,Y,Y
VOC04963,기존 차량 삭제 후 신규 등록,기존 차량을 삭제하고 새 차량을 등록하는 방법을 알려주세요.,차량,차량정보,S008,차량정보 변경,Y,Y,Y
VOC01448,포인트를 사용할 수 있는 곳,앱에 [포인트수량] 포인트가 있는데 사용 가능한 항목을 확인하고 싶습니다.,포인트,사용,S003,포인트 사용처 문의,Y,Y,Y
VOC07563,사고 처리 진행 상황 문의,사고 접수 이후 진행 상황 안내를 받지 못했습니다. 현재 화면에서 직접 수정할 수 없습니다.,사고,처리현황,S012,사고 처리 진행 문의,Y,Y,Y
VOC07821,사고 접수 후 연락이 없습니다 앱에서 확인이 어려워 문의드립니다.,[접수일]에 접수한 사고의 담당자 배정 여부가 궁금합니다.,사고,처리현황,S012,사고 처리 진행 문의,Y,Y,Y
VOC02292,계속 로그인에 실패합니다 확인 부탁드립니다.,[오류코드] 메시지가 표시되면서 앱에 접속할 수 없습니다. 앱을 다시 실행해도 같은 상태입니다.,회원,로그인,S004,로그인 오류,Y,Y,Y
VOC02259,앱 로그인이 안 됩니다 빠른 확인 요청드립니다.,[오류코드] 메시지가 표시되면서 앱에 접속할 수 없습니다.,회원,로그인,S004,로그인 오류,Y,Y,Y
VOC03447,주행 데이터가 반영되지 않았어요,운전을 완료했지만 최근 주행 목록에 추가되지 않았습니다.,주행,주행기록,S006,주행기록 미반영,Y,Y,Y
VOC07400,접수한 사고는 어떻게 진행되고 있나요,[날짜]에 접수한 사고의 담당자 배정 여부가 확인하고 싶습니다.,사고,처리현황,S012,사고 처리 진행 문의,Y,Y,Y
VOC07449,사고 처리 진행 상황 문의,[주행일]에 접수한 사고의 담당자 배정 여부가 확인하고 싶습니다. 확인 부탁드립니다. 앱을 다시 실행해도 같은 상태입니다.,사고,처리현황,S012,사고 처리 진행 문의,Y,Y,Y
VOC02654,아이디 입력 후 접속 오류,기존에 사용하던 계정으로 접속되지 않아 문의드립니다.,회원,로그인,S004,로그인 오류,Y,Y,Y
VOC08873,휴대전화 번호를 변경하고 싶습니다 처리 방법을 안내해주세요.,휴대전화 번호를 바꿨는데 앱 회원정보에는 이전 번호가 표시됩니다.,회원,회원정보,S014,휴대전화 번호 변경,Y,Y,Y
VOC05033,차량을 변경했습니다 처리 방법을 안내해주세요.,차량번호 변경 후 주행 서비스 연결 방법을 문의드립니다. 앱을 다시 실행해도 같은 상태입니다.,차량,차량정보,S008,차량정보 변경,Y,Y,Y
VOC01908,포인트 사용 가능 서비스 문의,앱에 [금액] 포인트가 있는데 사용 가능한 항목을 확인하고 싶습니다.,포인트,사용,S003,포인트 사용처 문의,Y,Y,Y
VOC00420,포인트가 누락된 것 같습니다,지난 주행 건에 대한 포인트를 받지 못했습니다. 확인 부탁드립니다.,포인트,적립,S001,주행 포인트 미적립,Y,Y,Y
VOC09447,주행 포인트 산정 방법 문의,포인트를 받기 위한 최소 주행 조건이 궁금합니다.,포인트,적립기준,S015,포인트 적립 기준 문의,Y,Y,Y
VOC03673,최근 주행기록 누락 문의 앱에서 확인이 어려워 문의드립니다.,해당 시간대의 운전 내역이 누락되어 확인 요청드립니다.,주행,주행기록,S006,주행기록 미반영,Y,Y,Y
VOC09224,회원정보의 전화번호가 다릅니다 앱에서 확인이 어려워 문의드립니다.,등록된 연락처가 실제 사용하는 번호와 달라 수정 요청드립니다.,회원,회원정보,S014,휴대전화 번호 변경,Y,Y,Y
VOC02791,새 비밀번호 등록 문의,새 비밀번호를 입력했지만 변경이 완료되지 않습니다.,회원,계정관리,S005,비밀번호 재설정,Y,Y,Y
VOC05447,서비스 계정을 삭제하고 싶어요,더 이상 서비스를 이용하지 않아 회원 탈퇴를 진행하고 싶습니다.,회원,계정관리,S009,회원 탈퇴,Y,Y,Y
VOC05890,앱 회원 탈퇴 방법 문의,계정과 저장된 개인정보를 삭제하는 절차를 알려주세요.,회원,계정관리,S009,회원 탈퇴,Y,Y,Y
VOC09763,주행 포인트 산정 방법 문의,포인트 지급 대상과 제외 조건을 자세히 안내해주세요. 확인 부탁드립니다.,포인트,적립기준,S015,포인트 적립 기준 문의,Y,Y,Y
VOC05026,차량을 변경했습니다,기존 차량 [차량번호]에서 새 차량 [변경차량번호]로 변경했습니다.,차량,차량정보,S008,차량정보 변경,Y,Y,Y
VOC02731,비밀번호를 재설정하고 싶습니다,비밀번호 변경 절차와 조건을 안내해주세요.,회원,계정관리,S005,비밀번호 재설정,Y,Y,Y
VOC08105,계약정보가 다르게 표시됩니다,갱신한 계약이 앱에서 이전 계약으로 보입니다. 현재 화면에서 직접 수정할 수 없습니다.,보험,계약정보,S013,계약정보 불일치,Y,Y,Y
VOC03873,최근 주행기록 누락 문의,[주행일]에 [주행구간] 구간을 운전했는데 앱에서 기록이 보이지 않습니다.,주행,주행기록,S006,주행기록 미반영,Y,Y,Y
VOC02545,아이디 입력 후 접속 오류,[에러코드] 메시지가 표시되면서 앱에 접속할 수 없습니다.,회원,로그인,S004,로그인 오류,Y,Y,Y
VOC09356,주행 포인트 산정 방법 문의,급가속이나 급감속 기록이 포인트 적립에 영향을 주나요? 확인 부탁드립니다.,포인트,적립기준,S015,포인트 적립 기준 문의,Y,Y,Y
VOC09502,주행 포인트 산정 방법 문의,급가속이나 급감속 기록이 포인트 적립에 영향을 주나요?,포인트,적립기준,S015,포인트 적립 기준 문의,Y,Y,Y
VOC07732,사고 접수 후 연락이 없습니다 앱에서 확인이 어려워 문의드립니다.,제출한 서류가 정상적으로 접수됐는지 알고 싶습니다. 빠른 확인 요청드립니다.,사고,처리현황,S012,사고 처리 진행 문의,Y,Y,Y
VOC02262,계속 로그인에 실패합니다,아이디와 비밀번호를 입력해도 로그인 오류가 발생합니다.,회원,로그인,S004,로그인 오류,Y,Y,Y
VOC04553,안전운전 할인 적용 여부 문의,증권번호 [증권번호] 계약에 안전운전 할인이 적용됐는지 확인하고 싶습니다. 처리 방법을 안내해주세요.,보험,할인,S007,보험료 할인 적용 문의,Y,Y,Y
VOC09401,어떤 주행이 포인트 대상인가요,포인트를 받기 위한 최소 주행 조건이 궁금합니다. 처리 방법을 안내해주세요. 이전에 정상적으로 이용한 적이 있습니다.,포인트,적립기준,S015,포인트 적립 기준 문의,Y,Y,Y
VOC02585,계정 접속이 불가능합니다,[오류코드] 메시지가 표시되면서 앱에 접속할 수 없습니다.,회원,로그인,S004,로그인 오류,Y,Y,Y
VOC05966,서비스 계정을 삭제하고 싶어요 관련 기준도 함께 알려주세요.,본인 인증 후 탈퇴가 완료되지 않아 확인 부탁드립니다.,회원,계정관리,S009,회원 탈퇴,Y,Y,Y
VOC00057,주행 후 포인트가 없습니다,[주행일]에 주행을 완료했는데 포인트가 아직 적립되지 않았습니다. 앱에서 확인이 어려워 문의드립니다.,포인트,적립,S001,주행 포인트 미적립,Y,Y,Y
VOC06712,업데이트 후 앱이 열리지 않아요 확인 부탁드립니다.,업데이트 이후 첫 화면에서 멈추고 다음으로 넘어가지 않습니다.,앱,오류,S011,앱 실행 오류,Y,Y,Y
VOC06103,포인트 차감 내역이 이상합니다,포인트 내역에 알 수 없는 차감 기록이 있습니다.,포인트,차감,S010,포인트 오차감,Y,Y,Y
VOC04574,보험료 할인 혜택이 안내받고 싶습니다 앱에서 확인이 어려워 문의드립니다.,갱신 계약에 주행분석 할인 혜택이 반영되는지 문의드립니다.,보험,할인,S007,보험료 할인 적용 문의,Y,Y,Y
VOC05577,더 이상 서비스를 이용하지 않습니다,회원 탈퇴 시 남은 포인트와 주행기록이 어떻게 처리되는지 궁금합니다.,회원,계정관리,S009,회원 탈퇴,Y,Y,Y
VOC01792,보유 포인트 사용 방법,앱에 [금액] 포인트가 있는데 사용 가능한 항목을 확인하고 싶습니다.,포인트,사용,S003,포인트 사용처 문의,Y,Y,Y
VOC00905,포인트 적립 처리 중 문의,[시간]에 주행을 종료했습니다. 포인트 반영 예정 시간을 알고 싶습니다.,포인트,적립,S002,주행 포인트 적립 지연,Y,Y,Y
VOC08045,증권 정보 수정 문의,앱에 표시된 계약자명이 [이름]으로 되어 있는데 실제 정보와 다릅니다.,보험,계약정보,S013,계약정보 불일치,Y,Y,Y
VOC00105,주행 포인트 미적립 문의,[주행일]에 주행을 완료했는데 포인트가 아직 적립되지 않았습니다. 현재 화면에서 직접 수정할 수 없습니다.,포인트,적립,S001,주행 포인트 미적립,Y,Y,Y
VOC02517,계속 로그인에 실패합니다,로그인 버튼을 눌러도 화면이 그대로입니다.,회원,로그인,S004,로그인 오류,Y,Y,Y
VOC04554,주행점수 할인 확인 요청,현재 운전점수 기준으로 받을 수 있는 보험료 할인율이 확인하고 싶습니다.,보험,할인,S007,보험료 할인 적용 문의,Y,Y,Y
VOC06279,사용하지 않은 포인트가 차감됐어요 빠른 확인 요청드립니다.,포인트 사용 이력과 실제 잔액이 맞지 않습니다. 관련 기준도 함께 알려주세요.,포인트,차감,S010,포인트 오차감,Y,Y,Y
VOC06523,포인트 잔액 오류,포인트 사용 이력과 실제 잔액이 맞지 않습니다.,포인트,차감,S010,포인트 오차감,Y,Y,Y
VOC09403,어떤 주행이 포인트 대상인가요,짧은 거리 주행도 포인트 적립 대상인지 확인 요청드립니다.,포인트,적립기준,S015,포인트 적립 기준 문의,Y,Y,Y
VOC05289,등록 차량 변경 요청,기존 차량을 삭제하고 새 차량을 등록하는 방법을 안내 부탁드립니다. 이전에 정상적으로 이용한 적이 있습니다.,차량,차량정보,S008,차량정보 변경,Y,Y,Y
VOC00168,주행 후 포인트가 없습니다,[출발지]에서 [도착지]까지 구간을 운전했는데 적립 내역이 확인안 됩니다.,포인트,적립,S001,주행 포인트 미적립,Y,Y,Y
VOC06753,앱 화면이 멈춥니다,앱을 열면 흰 화면만 보이고 아무 기능도 사용할 수 없습니다. 확인 부탁드립니다.,앱,오류,S011,앱 실행 오류,Y,Y,Y
VOC04747,새 차량으로 바꾸고 싶어요,기존 차량 [차량번호]에서 새 차량 [새차량번호]로 변경했습니다.,차량,차량정보,S008,차량정보 변경,Y,Y,Y
VOC01242,포인트가 아직 처리되지 않았어요 앱에서 확인이 어려워 문의드립니다.,"포인트가 바로 들어오는지, 일정 시간이 필요한지 문의드립니다.",포인트,적립,S002,주행 포인트 적립 지연,Y,Y,Y
VOC06366,포인트 차감 내역이 이상합니다 확인 부탁드립니다.,결제를 취소했는데 차감된 포인트가 복구되지 않았습니다. 빠른 확인 요청드립니다.,포인트,차감,S010,포인트 오차감,Y,Y,Y
VOC09483,포인트 지급 조건 안내 요청,포인트를 받기 위한 최소 주행 조건이 궁금합니다.,포인트,적립기준,S015,포인트 적립 기준 문의,Y,Y,Y
VOC03364,주행 데이터가 반영되지 않았어요 빠른 확인 요청드립니다.,해당 시간대의 운전 내역이 누락되어 확인 요청드립니다.,주행,주행기록,S006,주행기록 미반영,Y,Y,Y
VOC00131,포인트가 누락된 것 같습니다 앱에서 확인이 어려워 문의드립니다.,[출발지]에서 [도착지]까지 구간을 운전했는데 적립 내역이 확인되지 않습니다.,포인트,적립,S001,주행 포인트 미적립,Y,Y,Y
VOC06379,포인트 차감 내역이 이상합니다,포인트 사용 이력과 실제 잔액이 맞지 않습니다. 동일 현상이 반복되고 있습니다.,포인트,차감,S010,포인트 오차감,Y,Y,Y
VOC05455,회원 탈퇴를 요청합니다,계정과 저장된 개인정보를 삭제하는 절차를 알려주세요.,회원,계정관리,S009,회원 탈퇴,Y,Y,Y
VOC00019,주행 포인트가 적립되지 않았습니다,[날짜]에 주행을 완료했는데 포인트가 아직 적립되지 않았습니다. 앱을 다시 실행해도 같은 상태입니다.,포인트,적립,S001,주행 포인트 미적립,Y,Y,Y
VOC07215,서비스 실행 불가 문의,앱을 실행하면 [오류코드] 오류가 표시되고 바로 종료됩니다. 처리 방법을 안내해주세요. 필요한 확인 항목이 있다면 안내 부탁드립니다.,앱,오류,S011,앱 실행 오류,Y,Y,Y
VOC08188,앱의 계약 내용이 맞지 않아요,보험 계약 정보 중 일부 항목이 잘못되어 수정 요청드립니다. 동일 현상이 반복되고 있습니다.,보험,계약정보,S013,계약정보 불일치,Y,Y,Y
VOC02764,비밀번호 변경이 되지 않습니다,새 비밀번호를 입력했지만 변경이 완료안 됩니다. 관련 기준도 함께 알려주세요.,회원,계정관리,S005,비밀번호 재설정,Y,Y,Y
VOC09495,운전점수와 포인트 관계,포인트를 받기 위한 최소 주행 조건이 궁금합니다.,포인트,적립기준,S015,포인트 적립 기준 문의,Y,Y,Y
VOC08108,증권 정보 수정 문의,증권번호 [계약번호]의 차량정보가 현재 차량과 일치하지 않습니다. 관련 기준도 함께 알려주세요. 이전에 정상적으로 이용한 적이 있습니다.,보험,계약정보,S013,계약정보 불일치,Y,Y,Y
VOC05284,등록 차량 변경 요청 빠른 확인 요청드립니다.,기존 차량을 삭제하고 새 차량을 등록하는 방법을 확인 부탁드립니다.,차량,차량정보,S008,차량정보 변경,Y,Y,Y
VOC02866,비밀번호를 재설정하고 싶습니다,본인 인증 후 비밀번호 재설정 화면으로 이동하지 않습니다.,회원,계정관리,S005,비밀번호 재설정,Y,Y,Y
VOC04137,주행점수 할인 확인 요청,갱신 계약에 주행분석 할인 혜택이 반영되는지 문의드립니다.,보험,할인,S007,보험료 할인 적용 문의,Y,Y,Y
VOC08159,증권 정보 수정 문의,앱에 표시된 계약자명이 [이름]으로 되어 있는데 실제 정보와 다릅니다.,보험,계약정보,S013,계약정보 불일치,Y,Y,Y
VOC03078,새 비밀번호 등록 문의,비밀번호가 기억나지 않아 재설정하려고 합니다.,회원,계정관리,S005,비밀번호 재설정,Y,Y,Y
VOC01045,포인트 반영이 늦어지고 있습니다,[시간]에 주행을 종료했습니다. 포인트 반영 예정 시간을 알고 싶습니다.,포인트,적립,S002,주행 포인트 적립 지연,Y,Y,Y
VOC04355,보험료 할인이 반영됐나요 앱에서 확인이 어려워 문의드립니다.,앱에는 할인 대상이라고 나오는데 실제 보험료에 적용됐는지 알고 싶습니다.,보험,할인,S007,보험료 할인 적용 문의,Y,Y,Y
VOC07661,접수한 사고는 어떻게 진행되고 있나요,사건번호 [사건번호]와 관련해 현재 처리 단계를 확인하고 싶습니다.,사고,처리현황,S012,사고 처리 진행 문의,Y,Y,Y
VOC00472,운전했는데 포인트가 안 들어왔어요,주행 조건을 충족한 것으로 보이는데 포인트가 0으로 표시됩니다. 처리 방법을 안내해주세요.,포인트,적립,S001,주행 포인트 미적립,Y,Y,Y
VOC01549,보유 포인트 사용 방법,적립된 포인트의 사용처와 사용 절차를 안내 부탁드립니다. 앱을 다시 실행해도 같은 상태입니다.,포인트,사용,S003,포인트 사용처 문의,Y,Y,Y
VOC08451,계약정보가 다르게 표시됩니다,갱신한 계약이 앱에서 이전 계약으로 보입니다.,보험,계약정보,S013,계약정보 불일치,Y,Y,Y
VOC04666,보험료 할인 혜택이 궁금합니다 확인 부탁드립니다.,현재 운전점수 기준으로 받을 수 있는 보험료 할인율이 확인하고 싶습니다.,보험,할인,S007,보험료 할인 적용 문의,Y,Y,Y
VOC00871,포인트가 아직 처리되지 않았어요,"포인트가 바로 들어오는지, 일정 시간이 필요한지 문의드립니다. 확인 부탁드립니다.",포인트,적립,S002,주행 포인트 적립 지연,Y,Y,Y
VOC07498,접수한 사고는 어떻게 진행되고 있나요,사고 접수 이후 진행 상황 안내를 받지 못했습니다.,사고,처리현황,S012,사고 처리 진행 문의,Y,Y,Y
VOC09040,회원정보의 전화번호가 다릅니다,등록된 연락처가 실제 사용하는 번호와 달라 수정 요청드립니다.,회원,회원정보,S014,휴대전화 번호 변경,Y,Y,Y
VOC07754,사고 처리 진행 상황 문의,보상 심사가 어느 단계까지 진행됐는지 확인 부탁드립니다.,사고,처리현황,S012,사고 처리 진행 문의,Y,Y,Y
VOC08997,휴대전화 번호를 변경하고 싶습니다,번호 변경 후 로그인 인증 문자가 이전 번호로 발송됩니다.,회원,회원정보,S014,휴대전화 번호 변경,Y,Y,Y
VOC09648,운전점수와 포인트 관계,포인트를 받기 위한 최소 주행 조건이 궁금합니다.,포인트,적립기준,S015,포인트 적립 기준 문의,Y,Y,Y
VOC07186,앱이 계속 종료됩니다,재설치 후에도 동일하게 앱이 강제 종료됩니다.,앱,오류,S011,앱 실행 오류,Y,Y,Y
VOC09530,운전점수와 포인트 관계 빠른 확인 요청드립니다.,포인트를 받기 위한 최소 주행 조건이 궁금합니다.,포인트,적립기준,S015,포인트 적립 기준 문의,Y,Y,Y
VOC01439,적립 포인트는 어디서 쓰나요,적립된 포인트의 사용처와 사용 절차를 안내 부탁드립니다.,포인트,사용,S003,포인트 사용처 문의,Y,Y,Y
VOC03100,비밀번호가 기억나지 않아요,비밀번호 변경 절차와 조건을 안내해주세요.,회원,계정관리,S005,비밀번호 재설정,Y,Y,Y
VOC08562,보험 계약자 정보 오류,보험 계약 정보 중 일부 항목이 잘못되어 수정 요청드립니다. 관련 기준도 함께 알려주세요.,보험,계약정보,S013,계약정보 불일치,Y,Y,Y
VOC03969,최근 주행기록 누락 문의 앱에서 확인이 어려워 문의드립니다.,차량은 정상적으로 운행했는데 주행 데이터가 수집되지 않은 것 같습니다.,주행,주행기록,S006,주행기록 미반영,Y,Y,Y
VOC01023,주행 포인트는 언제 들어오나요 앱에서 확인이 어려워 문의드립니다.,주행 후 몇 시간이 지났는데 아직 적립 대기 상태입니다.,포인트,적립,S002,주행 포인트 적립 지연,Y,Y,Y
VOC03768,주행 데이터가 반영되지 않았어요 처리 방법을 안내해주세요.,해당 시간대의 운전 내역이 누락되어 확인 요청드립니다.,주행,주행기록,S006,주행기록 미반영,Y,Y,Y
VOC08132,보험 계약자 정보 오류 앱에서 확인이 어려워 문의드립니다.,갱신한 계약이 앱에서 이전 계약으로 보입니다.,보험,계약정보,S013,계약정보 불일치,Y,Y,Y
VOC06685,앱 화면이 멈춥니다 앱에서 확인이 어려워 문의드립니다.,재설치 후에도 동일하게 앱이 강제 종료됩니다.,앱,오류,S011,앱 실행 오류,Y,Y,Y
VOC04838,새 차량으로 바꾸고 싶어요 관련 기준도 함께 알려주세요.,차량을 교체해서 앱의 등록 정보를 수정하고 싶습니다. 관련 기준도 함께 알려주세요. 앱을 다시 실행해도 같은 상태입니다.,차량,차량정보,S008,차량정보 변경,Y,Y,Y
VOC03202,비밀번호 변경이 되지 않습니다,본인 인증 후 비밀번호 재설정 화면으로 이동하지 않습니다.,회원,계정관리,S005,비밀번호 재설정,Y,Y,Y
VOC09250,새 번호로 인증받고 싶어요,새 번호로 본인 인증을 진행하는 방법을 안내 부탁드립니다. 동일 현상이 반복되고 있습니다.,회원,회원정보,S014,휴대전화 번호 변경,Y,Y,Y
VOC04685,등록 차량 변경 요청,보험 계약 차량은 변경됐는데 앱에는 이전 차량이 표시됩니다.,차량,차량정보,S008,차량정보 변경,Y,Y,Y
VOC06972,앱 실행 중 오류가 발생합니다 앱에서 확인이 어려워 문의드립니다.,재설치 후에도 동일하게 앱이 강제 종료됩니다. 확인 부탁드립니다.,앱,오류,S011,앱 실행 오류,Y,Y,Y
VOC05261,앱 차량정보 수정 문의,차량을 교체해서 앱의 등록 정보를 수정하고 싶습니다.,차량,차량정보,S008,차량정보 변경,Y,Y,Y
VOC08245,보험 계약자 정보 오류,계약 기간과 보험료 정보가 가입 당시 안내와 다르게 표시됩니다.,보험,계약정보,S013,계약정보 불일치,Y,Y,Y
VOC03342,운전한 내역이 앱에 없습니다 처리 방법을 안내해주세요.,주행 종료 후에도 거리와 시간이 0으로 표시됩니다. 빠른 확인 요청드립니다.,주행,주행기록,S006,주행기록 미반영,Y,Y,Y
VOC02855,비밀번호를 재설정하고 싶습니다,본인 인증 후 비밀번호 재설정 화면으로 이동하지 않습니다.,회원,계정관리,S005,비밀번호 재설정,Y,Y,Y
VOC04766,차량을 변경했습니다,차량을 교체해서 앱의 등록 정보를 수정하고 싶습니다. 동일 현상이 반복되고 있습니다.,차량,차량정보,S008,차량정보 변경,Y,Y,Y
VOC03651,운전한 내역이 앱에 없습니다,차량은 정상적으로 운행했는데 주행 데이터가 수집되지 않은 것 같습니다. 이전에 정상적으로 이용한 적이 있습니다.,주행,주행기록,S006,주행기록 미반영,Y,Y,Y
VOC08570,증권 정보 수정 문의,갱신한 계약이 앱에서 이전 계약으로 보입니다.,보험,계약정보,S013,계약정보 불일치,Y,Y,Y
VOC01548,포인트를 사용할 수 있는 곳,앱에 [금액] 포인트가 있는데 사용 가능한 항목을 확인하고 싶습니다. 필요한 확인 항목이 있다면 안내 부탁드립니다.,포인트,사용,S003,포인트 사용처 문의,Y,Y,Y
VOC00929,주행 포인트는 언제 들어오나요,"포인트가 바로 들어오는지, 일정 시간이 필요한지 문의드립니다. 앱에서 확인이 어려워 문의드립니다. 현재 화면에서 직접 수정할 수 없습니다.",포인트,적립,S002,주행 포인트 적립 지연,Y,Y,Y
VOC04269,주행점수 할인 확인 요청 처리 방법을 안내해주세요.,증권번호 [증권번호] 계약에 안전운전 할인이 적용됐는지 확인하고 싶습니다. 앱을 다시 실행해도 같은 상태입니다.,보험,할인,S007,보험료 할인 적용 문의,Y,Y,Y
VOC07730,사고 접수 후 연락이 없습니다,사건번호 [사고접수번호]와 관련해 현재 처리 단계를 확인하고 싶습니다. 처리 방법을 안내해주세요.,사고,처리현황,S012,사고 처리 진행 문의,Y,Y,Y
VOC03384,주행기록이 보이지 않습니다,해당 시간대의 운전 내역이 누락되어 확인 요청드립니다.,주행,주행기록,S006,주행기록 미반영,Y,Y,Y
VOC00219,운전했는데 포인트가 안 들어왔어요,운전 기록은 정상적으로 보이지만 포인트가 들어오지 않았습니다. 처리 방법을 안내해주세요.,포인트,적립,S001,주행 포인트 미적립,Y,Y,Y
VOC02131,아이디 입력 후 접속 오류,아이디와 비밀번호를 입력해도 로그인 오류가 발생합니다. 빠른 확인 요청드립니다.,회원,로그인,S004,로그인 오류,Y,Y,Y
VOC00586,운전했는데 포인트가 안 들어왔어요,[주행구간] 구간을 운전했는데 적립 내역이 확인되지 않습니다. 이전에 정상적으로 이용한 적이 있습니다.,포인트,적립,S001,주행 포인트 미적립,Y,Y,Y
VOC05132,새 차량으로 바꾸고 싶어요 빠른 확인 요청드립니다.,보험 계약 차량은 변경됐는데 앱에는 이전 차량이 표시됩니다. 처리 방법을 안내해주세요.,차량,차량정보,S008,차량정보 변경,Y,Y,Y
VOC07359,사고 접수 후 연락이 없습니다,[날짜]에 접수한 사고의 담당자 배정 여부가 궁금합니다.,사고,처리현황,S012,사고 처리 진행 문의,Y,Y,Y
VOC02542,계정 접속이 불가능합니다,로그인 버튼을 눌러도 화면이 그대로입니다. 앱에서 확인이 어려워 문의드립니다. 앱을 다시 실행해도 같은 상태입니다.,회원,로그인,S004,로그인 오류,Y,Y,Y
VOC06879,앱이 계속 종료됩니다 빠른 확인 요청드립니다.,특정 메뉴에 들어가면 화면이 멈추는 현상이 반복됩니다.,앱,오류,S011,앱 실행 오류,Y,Y,Y
VOC00182,주행 포인트가 적립되지 않았습니다,주행 조건을 충족한 것으로 보이는데 포인트가 0으로 표시됩니다.,포인트,적립,S001,주행 포인트 미적립,Y,Y,Y
VOC06149,잘못 차감된 포인트 문의 관련 기준도 함께 알려주세요.,포인트 내역에 알 수 없는 차감 기록이 있습니다.,포인트,차감,S010,포인트 오차감,Y,Y,Y
VOC08043,증권 정보 수정 문의,보험 계약 정보 중 일부 항목이 잘못되어 수정 요청드립니다. 현재 화면에서 직접 수정할 수 없습니다.,보험,계약정보,S013,계약정보 불일치,Y,Y,Y
VOC00093,주행 후 포인트가 없습니다 앱에서 확인이 어려워 문의드립니다.,주행 조건을 충족한 것으로 보이는데 포인트가 0으로 표시됩니다.,포인트,적립,S001,주행 포인트 미적립,Y,Y,Y
VOC02508,로그인 화면에서 넘어가지 않아요,여러 번 시도했지만 인증 후 다시 로그인 화면으로 돌아옵니다. 관련 기준도 함께 알려주세요.,회원,로그인,S004,로그인 오류,Y,Y,Y
VOC01312,운전 후 포인트 반영 시간 문의,[주행종료시간]에 주행을 종료했습니다. 포인트 반영 예정 시간을 알고 싶습니다.,포인트,적립,S002,주행 포인트 적립 지연,Y,Y,Y
VOC02717,비밀번호 찾기 인증 오류 관련 기준도 함께 알려주세요.,본인 인증 후 비밀번호 재설정 화면으로 이동하지 않습니다. 앱을 다시 실행해도 같은 상태입니다.,회원,계정관리,S005,비밀번호 재설정,Y,Y,Y
VOC08340,계약 차량 정보 불일치,앱에 표시된 계약자명이 [계약자명]으로 되어 있는데 실제 정보와 다릅니다. 앱을 다시 실행해도 같은 상태입니다.,보험,계약정보,S013,계약정보 불일치,Y,Y,Y
VOC04737,등록 차량 변경 요청 빠른 확인 요청드립니다.,보험 계약 차량은 변경됐는데 앱에는 이전 차량이 표시됩니다.,차량,차량정보,S008,차량정보 변경,Y,Y,Y
VOC04098,보험료 할인이 반영됐나요,앱에는 할인 대상이라고 나오는데 실제 보험료에 적용됐는지 알고 싶습니다. 확인 부탁드립니다.,보험,할인,S007,보험료 할인 적용 문의,Y,Y,Y
VOC02792,비밀번호 찾기 인증 오류,비밀번호 변경 절차와 조건을 안내해주세요.,회원,계정관리,S005,비밀번호 재설정,Y,Y,Y
VOC02349,로그인 화면에서 넘어가지 않아요 처리 방법을 안내해주세요.,여러 번 시도했지만 인증 후 다시 로그인 화면으로 돌아옵니다.,회원,로그인,S004,로그인 오류,Y,Y,Y
VOC00790,운전 후 포인트 반영 시간 문의 관련 기준도 함께 알려주세요.,주행 후 몇 시간이 지났는데 아직 적립 대기 상태입니다. 확인 부탁드립니다.,포인트,적립,S002,주행 포인트 적립 지연,Y,Y,Y
VOC06128,사용하지 않은 포인트가 차감됐어요,포인트 사용 이력과 실제 잔액이 맞지 않습니다.,포인트,차감,S010,포인트 오차감,Y,Y,Y
VOC02684,비밀번호를 재설정하고 싶습니다,비밀번호 찾기 과정에서 [전화번호]로 인증번호가 오지 않습니다.,회원,계정관리,S005,비밀번호 재설정,Y,Y,Y
VOC09225,회원정보의 전화번호가 다릅니다 확인 부탁드립니다.,번호 변경 후 로그인 인증 문자가 이전 번호로 발송됩니다.,회원,회원정보,S014,휴대전화 번호 변경,Y,Y,Y
VOC00535,주행 포인트가 적립되지 않았습니다,지난 주행 건에 대한 포인트를 받지 못했습니다. 확인 부탁드립니다.,포인트,적립,S001,주행 포인트 미적립,Y,Y,Y
VOC09381,어떤 주행이 포인트 대상인가요,급가속이나 급감속 기록이 포인트 적립에 영향을 주나요? 동일 현상이 반복되고 있습니다.,포인트,적립기준,S015,포인트 적립 기준 문의,Y,Y,Y
VOC06801,업데이트 후 앱이 열리지 않아요 앱에서 확인이 어려워 문의드립니다.,앱을 열면 흰 화면만 보이고 아무 기능도 사용할 수 없습니다.,앱,오류,S011,앱 실행 오류,Y,Y,Y
VOC03503,앱에서 운전 기록 확인 불가,차량은 정상적으로 운행했는데 주행 데이터가 수집되지 않은 것 같습니다.,주행,주행기록,S006,주행기록 미반영,Y,Y,Y
VOC07894,사고 처리 진행 상황 문의 빠른 확인 요청드립니다.,제출한 서류가 정상적으로 접수됐는지 알고 싶습니다.,사고,처리현황,S012,사고 처리 진행 문의,Y,Y,Y
VOC03839,최근 주행기록 누락 문의,주행 종료 후에도 거리와 시간이 0으로 표시됩니다. 처리 방법을 안내해주세요. 이전에 정상적으로 이용한 적이 있습니다.,주행,주행기록,S006,주행기록 미반영,Y,Y,Y
VOC05293,등록 차량 변경 요청,보험 계약 차량은 변경됐는데 앱에는 이전 차량이 표시됩니다. 앱에서 확인이 어려워 문의드립니다.,차량,차량정보,S008,차량정보 변경,Y,Y,Y
VOC04550,보험료 할인 혜택이 궁금합니다,증권번호 [증권번호] 계약에 안전운전 할인이 적용됐는지 확인하고 싶습니다.,보험,할인,S007,보험료 할인 적용 문의,Y,Y,Y
VOC09186,기존 전화번호 변경 문의 확인 부탁드립니다.,새 번호로 본인 인증을 진행하는 방법을 알려주세요. 빠른 확인 요청드립니다.,회원,회원정보,S014,휴대전화 번호 변경,Y,Y,Y
VOC02920,새 비밀번호 등록 문의 확인 부탁드립니다.,비밀번호가 기억나지 않아 재설정하려고 합니다. 처리 방법을 안내해주세요.,회원,계정관리,S005,비밀번호 재설정,Y,Y,Y
VOC01484,포인트 사용 가능 서비스 문의 처리 방법을 안내해주세요.,적립된 포인트의 사용처와 사용 절차를 안내 부탁드립니다.,포인트,사용,S003,포인트 사용처 문의,Y,Y,Y
VOC01796,보유 포인트 사용 방법,보험료 결제 외에도 포인트를 사용할 수 있는 곳이 있나요? 동일 현상이 반복되고 있습니다.,포인트,사용,S003,포인트 사용처 문의,Y,Y,Y
VOC00280,운전했는데 포인트가 안 들어왔어요 빠른 확인 요청드립니다.,지난 주행 건에 대한 포인트를 받지 못했습니다. 확인 부탁드립니다. 앱에서 확인이 어려워 문의드립니다.,포인트,적립,S001,주행 포인트 미적립,Y,Y,Y
VOC07432,접수한 사고는 어떻게 진행되고 있나요,[접수일]에 접수한 사고의 담당자 배정 여부가 궁금합니다.,사고,처리현황,S012,사고 처리 진행 문의,Y,Y,Y
VOC06897,앱 화면이 멈춥니다,특정 메뉴에 들어가면 화면이 멈추는 현상이 반복됩니다. 앱을 다시 실행해도 같은 상태입니다.,앱,오류,S011,앱 실행 오류,Y,Y,Y
VOC08046,증권 정보 수정 문의,계약 기간과 보험료 정보가 가입 당시 안내와 다르게 표시됩니다. 확인 부탁드립니다.,보험,계약정보,S013,계약정보 불일치,Y,Y,Y
VOC00146,주행 후 포인트가 없습니다,운전 기록은 정상적으로 보이지만 포인트가 들어오지 않았습니다. 처리 방법을 안내해주세요. 동일 현상이 반복되고 있습니다.,포인트,적립,S001,주행 포인트 미적립,Y,Y,Y
VOC02409,로그인 화면에서 넘어가지 않아요,로그인 버튼을 눌러도 화면이 그대로입니다. 앱을 다시 실행해도 같은 상태입니다.,회원,로그인,S004,로그인 오류,Y,Y,Y
VOC05039,새 차량으로 바꾸고 싶어요 앱에서 확인이 어려워 문의드립니다.,기존 차량 [기존차량번호]에서 새 차량 [새차량번호]로 변경했습니다. 앱에서 확인이 어려워 문의드립니다.,차량,차량정보,S008,차량정보 변경,Y,Y,Y
VOC02814,비밀번호 변경이 되지 않습니다 빠른 확인 요청드립니다.,비밀번호 변경 절차와 조건을 안내해주세요. 확인 부탁드립니다.,회원,계정관리,S005,비밀번호 재설정,Y,Y,Y
VOC05851,가입 정보 삭제 요청,본인 인증 후 탈퇴가 완료되지 않아 확인 부탁드립니다.,회원,계정관리,S009,회원 탈퇴,Y,Y,Y
VOC02986,비밀번호 변경이 정상적으로 처리되지 않습니다,새 비밀번호를 입력했지만 변경이 완료되지 않습니다.,회원,계정관리,S005,비밀번호 재설정,Y,Y,Y
VOC02878,비밀번호 변경이 안 됩니다,본인 인증 후 비밀번호 재설정 화면으로 이동하지 않습니다.,회원,계정관리,S005,비밀번호 재설정,Y,Y,Y
VOC06320,잘못 차감된 포인트 문의,포인트 내역에 알 수 없는 차감 기록이 있습니다.,포인트,차감,S010,포인트 오차감,Y,Y,Y
VOC03592,주행기록이 보이지 않습니다 처리 방법을 안내해주세요.,차량은 정상적으로 운행했는데 주행 데이터가 수집되지 않은 것 같습니다. 앱에서 확인이 어려워 문의드립니다.,주행,주행기록,S006,주행기록 미반영,Y,Y,Y
VOC09039,새 번호로 인증받고 싶어요,번호 변경 후 로그인 인증 문자가 이전 번호로 발송됩니다. 확인 부탁드립니다.,회원,회원정보,S014,휴대전화 번호 변경,Y,Y,Y
VOC07980,접수한 사고는 어떻게 진행되고 있나요,사고 접수 이후 진행 상황 안내를 받지 못했습니다.,사고,처리현황,S012,사고 처리 진행 문의,Y,Y,Y
VOC02052,아이디 입력 후 접속 오류 관련 기준도 함께 알려주세요.,[에러코드] 메시지가 표시되면서 앱에 접속할 수 없습니다.,회원,로그인,S004,로그인 오류,Y,Y,Y
VOC04200,계약 할인 적용 상태 문의,증권번호 [증권번호] 계약에 안전운전 할인이 적용됐는지 확인하고 싶습니다. 처리 방법을 안내해주세요.,보험,할인,S007,보험료 할인 적용 문의,Y,Y,Y
VOC05862,서비스 계정을 삭제하고 싶어요,계정과 저장된 개인정보를 삭제하는 절차를 알려주세요. 관련 기준도 함께 알려주세요.,회원,계정관리,S009,회원 탈퇴,Y,Y,Y
VOC06285,포인트 차감 내역이 이상합니다,포인트 내역에 알 수 없는 차감 기록이 있습니다. 확인 부탁드립니다.,포인트,차감,S010,포인트 오차감,Y,Y,Y
VOC01742,보유 포인트 사용 방법,앱에 [차감금액] 포인트가 있는데 사용 가능한 항목을 확인하고 싶습니다. 관련 기준도 함께 알려주세요.,포인트,사용,S003,포인트 사용처 문의,Y,Y,Y
VOC01407,포인트를 사용할 수 있는 곳,현재 보유한 포인트를 어디에서 사용할 수 있는지 알려주세요.,포인트,사용,S003,포인트 사용처 문의,Y,Y,Y
VOC00640,포인트가 누락된 것 같습니다,[출발지]에서 [도착지]까지 구간을 운전했는데 적립 내역이 확인되지 않습니다. 처리 방법을 안내해주세요.,포인트,적립,S001,주행 포인트 미적립,Y,Y,Y
VOC07654,사고 처리 진행 상황 문의,[접수일]에 접수한 사고의 담당자 배정 여부가 궁금합니다. 처리 방법을 안내해주세요.,사고,처리현황,S012,사고 처리 진행 문의,Y,Y,Y
VOC04332,안전운전 할인 적용 여부 문의,안전운전 점수와 보험료 할인 적용 기준을 안내해주세요.,보험,할인,S007,보험료 할인 적용 문의,Y,Y,Y
VOC03218,비밀번호를 재설정하고 싶습니다,새 비밀번호를 입력했지만 변경이 완료되지 않습니다.,회원,계정관리,S005,비밀번호 재설정,Y,Y,Y
VOC05097,차량을 변경했습니다,차량번호 변경 후 주행 서비스 연결 방법을 문의드립니다.,차량,차량정보,S008,차량정보 변경,Y,Y,Y
VOC04752,새 차량으로 바꾸고 싶어요,보험 계약 차량은 변경됐는데 앱에는 이전 차량이 표시됩니다.,차량,차량정보,S008,차량정보 변경,Y,Y,Y
VOC04451,보험료 할인 혜택이 궁금합니다,앱에는 할인 대상이라고 나오는데 실제 보험료에 적용됐는지 알고 싶습니다.,보험,할인,S007,보험료 할인 적용 문의,Y,Y,Y
VOC01169,포인트가 아직 처리되지 않았어요,주행 후 몇 시간이 지났는데 아직 적립 대기 상태입니다.,포인트,적립,S002,주행 포인트 적립 지연,Y,Y,Y
VOC09210,휴대전화 번호를 변경하고 싶습니다,기존 번호 [전화번호]에서 새 번호 [변경전화번호]로 변경하고 싶습니다. 확인 부탁드립니다.,회원,회원정보,S014,휴대전화 번호 변경,Y,Y,Y
VOC03506,운전한 내역이 앱에 없습니다,차량은 정상적으로 운행했는데 주행 데이터가 수집되지 않은 것 같습니다.,주행,주행기록,S006,주행기록 미반영,Y,Y,Y
VOC01629,적립 포인트는 어디서 쓰나요,포인트 사용 가능한 서비스와 제한 조건이 궁금합니다.,포인트,사용,S003,포인트 사용처 문의,Y,Y,Y
VOC06418,사용하지 않은 포인트가 차감됐어요,포인트 내역에 알 수 없는 차감 기록이 있습니다. 앱을 다시 실행해도 같은 상태입니다.,포인트,차감,S010,포인트 오차감,Y,Y,Y
VOC08334,계약정보가 다르게 표시됩니다 확인 부탁드립니다.,앱에 표시된 계약자명이 [이름]으로 되어 있는데 실제 정보와 다릅니다. 현재 화면에서 직접 수정할 수 없습니다.,보험,계약정보,S013,계약정보 불일치,Y,Y,Y
VOC02253,로그인 화면에서 넘어가지 않아요,아이디와 비밀번호를 입력해도 로그인 오류가 발생합니다.,회원,로그인,S004,로그인 오류,Y,Y,Y
VOC09189,회원정보의 전화번호가 다릅니다,번호 변경 후 로그인 인증 문자가 이전 번호로 발송됩니다. 빠른 확인 요청드립니다.,회원,회원정보,S014,휴대전화 번호 변경,Y,Y,Y
VOC05458,앱 회원 탈퇴 방법 문의,회원 탈퇴 시 남은 포인트와 주행기록이 어떻게 처리되는지 확인하고 싶습니다. 현재 화면에서 직접 수정할 수 없습니다.,회원,계정관리,S009,회원 탈퇴,Y,Y,Y
VOC07758,사고 처리 진행 상황 문의 앱에서 확인이 어려워 문의드립니다.,[접수일]에 접수한 사고의 담당자 배정 여부가 궁금합니다.,사고,처리현황,S012,사고 처리 진행 문의,Y,Y,Y
VOC00809,포인트 반영이 늦어지고 있습니다,주행 후 몇 시간이 지났는데 아직 적립 대기 상태입니다. 확인 부탁드립니다.,포인트,적립,S002,주행 포인트 적립 지연,Y,Y,Y
VOC02333,아이디 입력 후 접속 오류,아이디와 비밀번호를 입력해도 로그인 오류가 발생합니다.,회원,로그인,S004,로그인 오류,Y,Y,Y
VOC07750,사고 처리 진행 상황 문의 빠른 확인 요청드립니다.,보상 심사가 어느 단계까지 진행됐는지 확인 부탁드립니다. 앱에서 확인이 어려워 문의드립니다.,사고,처리현황,S012,사고 처리 진행 문의,Y,Y,Y
VOC06999,앱이 계속 종료됩니다,재설치 후에도 동일하게 앱이 강제 종료됩니다.,앱,오류,S011,앱 실행 오류,Y,Y,Y
VOC02084,아이디 입력 후 접속 오류,[오류코드] 메시지가 표시되면서 앱에 접속할 수 없습니다. 앱을 다시 실행해도 같은 상태입니다.,회원,로그인,S004,로그인 오류,Y,Y,Y
VOC02647,로그인 화면에서 넘어가지 않아요,[오류코드] 메시지가 표시되면서 앱에 접속할 수 없습니다.,회원,로그인,S004,로그인 오류,Y,Y,Y
VOC08513,계약정보가 다르게 표시됩니다,증권번호 [증권번호]의 차량정보가 현재 차량과 일치하지 않습니다.,보험,계약정보,S013,계약정보 불일치,Y,Y,Y
VOC07250,서비스 실행 불가 문의,앱을 열면 흰 화면만 보이고 아무 기능도 사용할 수 없습니다.,앱,오류,S011,앱 실행 오류,Y,Y,Y
VOC06315,사용하지 않은 포인트가 차감됐어요,포인트 내역에 알 수 없는 차감 기록이 있습니다.,포인트,차감,S010,포인트 오차감,Y,Y,Y
VOC03944,주행 데이터가 반영되지 않았어요,해당 시간대의 운전 내역이 누락되어 확인 요청드립니다. 확인 부탁드립니다.,주행,주행기록,S006,주행기록 미반영,Y,Y,Y
VOC09336,포인트 적립 기준이 궁금합니다,주행거리와 운전점수에 따라 포인트가 어떻게 산정되는지 알고 싶습니다. 처리 방법을 안내해주세요.,포인트,적립기준,S015,포인트 적립 기준 문의,Y,Y,Y
VOC00995,포인트 반영이 늦어지고 있습니다,[시간]에 주행을 종료했습니다. 포인트 반영 예정 시간을 알고 싶습니다. 동일 현상이 반복되고 있습니다.,포인트,적립,S002,주행 포인트 적립 지연,Y,Y,Y
VOC02560,계속 로그인에 실패합니다 빠른 확인 요청드립니다.,아이디와 비밀번호를 입력해도 로그인 오류가 발생합니다. 빠른 확인 요청드립니다.,회원,로그인,S004,로그인 오류,Y,Y,Y
VOC09517,주행 포인트 산정 방법 문의,급가속이나 급감속 기록이 포인트 적립에 영향을 주나요? 동일 현상이 반복되고 있습니다.,포인트,적립기준,S015,포인트 적립 기준 문의,Y,Y,Y
VOC09718,운전점수와 포인트 관계,주행거리와 운전점수에 따라 포인트가 어떻게 산정되는지 알고 싶습니다. 필요한 확인 항목이 있다면 안내 부탁드립니다.,포인트,적립기준,S015,포인트 적립 기준 문의,Y,Y,Y
VOC02491,계속 로그인에 실패합니다,아이디와 비밀번호를 입력해도 로그인 오류가 발생합니다. 빠른 확인 요청드립니다.,회원,로그인,S004,로그인 오류,Y,Y,Y
VOC05470,가입 정보 삭제 요청,더 이상 서비스를 이용하지 않아 회원 탈퇴를 진행하고 싶습니다. 현재 화면에서 직접 수정할 수 없습니다.,회원,계정관리,S009,회원 탈퇴,Y,Y,Y
VOC08846,회원정보의 전화번호가 다릅니다,번호 변경 후 로그인 인증 문자가 이전 번호로 발송됩니다.,회원,회원정보,S014,휴대전화 번호 변경,Y,Y,Y
VOC09544,포인트 지급 조건 안내 요청,주행거리와 운전점수에 따라 포인트가 어떻게 산정되는지 알고 싶습니다. 앱에서 확인이 어려워 문의드립니다. 앱을 다시 실행해도 같은 상태입니다.,포인트,적립기준,S015,포인트 적립 기준 문의,Y,Y,Y
VOC06424,포인트 잔액 오류,포인트 사용 이력과 실제 잔액이 맞지 않습니다.,포인트,차감,S010,포인트 오차감,Y,Y,Y
VOC07804,보상 처리 단계 문의,제출한 서류가 정상적으로 접수됐는지 알고 싶습니다.,사고,처리현황,S012,사고 처리 진행 문의,Y,Y,Y
VOC03795,주행 데이터가 반영되지 않았어요 처리 방법을 안내해주세요.,해당 시간대의 운전 내역이 누락되어 확인 요청드립니다.,주행,주행기록,S006,주행기록 미반영,Y,Y,Y
VOC05067,차량을 변경했습니다,기존 차량을 삭제하고 새 차량을 등록하는 방법을 알려주세요.,차량,차량정보,S008,차량정보 변경,Y,Y,Y
VOC08878,새 번호로 인증받고 싶어요,번호 변경 후 로그인 인증 문자가 이전 번호로 발송됩니다.,회원,회원정보,S014,휴대전화 번호 변경,Y,Y,Y
VOC06326,사용하지 않은 포인트가 차감됐어요,사용한 적이 없는데 [차감금액] 포인트가 차감된 것으로 표시됩니다.,포인트,차감,S010,포인트 오차감,Y,Y,Y
VOC04031,보험료 할인이 반영됐나요,앱에는 할인 대상이라고 나오는데 실제 보험료에 적용됐는지 알고 싶습니다.,보험,할인,S007,보험료 할인 적용 문의,Y,Y,Y
VOC07294,앱 화면이 멈춥니다,재설치 후에도 동일하게 앱이 강제 종료됩니다. 관련 기준도 함께 알려주세요.,앱,오류,S011,앱 실행 오류,Y,Y,Y
VOC05795,앱 회원 탈퇴 방법 문의,더 이상 서비스를 이용하지 않아 회원 탈퇴를 진행하고 싶습니다. 동일 현상이 반복되고 있습니다.,회원,계정관리,S009,회원 탈퇴,Y,Y,Y
VOC00320,포인트가 누락된 것 같습니다,주행 조건을 충족한 것으로 보이는데 포인트가 0으로 표시됩니다. 처리 방법을 안내해주세요.,포인트,적립,S001,주행 포인트 미적립,Y,Y,Y
VOC09738,어떤 주행이 포인트 대상인가요 앱에서 확인이 어려워 문의드립니다.,주행거리와 운전점수에 따라 포인트가 어떻게 산정되는지 알고 싶습니다. 빠른 확인 요청드립니다.,포인트,적립기준,S015,포인트 적립 기준 문의,Y,Y,Y
VOC09134,새 번호로 인증받고 싶어요,휴대전화 번호를 바꿨는데 앱 회원정보에는 이전 번호가 표시됩니다. 빠른 확인 요청드립니다.,회원,회원정보,S014,휴대전화 번호 변경,Y,Y,Y
VOC03012,비밀번호를 재설정하고 싶습니다 관련 기준도 함께 알려주세요.,비밀번호 찾기 과정에서 [기존전화번호]로 인증번호가 오지 않습니다.,회원,계정관리,S005,비밀번호 재설정,Y,Y,Y
VOC05723,앱 회원 탈퇴 방법 문의,계정과 저장된 개인정보를 삭제하는 절차를 알려주세요. 처리 방법을 안내해주세요. 필요한 확인 항목이 있다면 안내 부탁드립니다.,회원,계정관리,S009,회원 탈퇴,Y,Y,Y
VOC01761,포인트를 사용할 수 있는 곳,현재 보유한 포인트를 어디에서 사용할 수 있는지 알려주세요.,포인트,사용,S003,포인트 사용처 문의,Y,Y,Y
VOC00632,주행 포인트가 적립되지 않았습니다 처리 방법을 안내해주세요.,[출발지]-[도착지] 구간을 운전했는데 적립 내역이 확인되지 않습니다.,포인트,적립,S001,주행 포인트 미적립,Y,Y,Y
VOC03637,앱에서 운전 기록 확인 불가,운전을 완료했지만 최근 주행 목록에 추가되지 않았습니다.,주행,주행기록,S006,주행기록 미반영,Y,Y,Y
VOC09912,어떤 주행이 포인트 대상인가요,포인트 지급 대상과 제외 조건을 자세히 안내해주세요. 관련 기준도 함께 알려주세요.,포인트,적립기준,S015,포인트 적립 기준 문의,Y,Y,Y
VOC02284,로그인 화면에서 넘어가지 않아요,아이디와 비밀번호를 입력해도 로그인 오류가 발생합니다. 처리 방법을 안내해주세요.,회원,로그인,S004,로그인 오류,Y,Y,Y
VOC07027,앱이 계속 종료됩니다,앱을 열면 흰 화면만 보이고 아무 기능도 사용할 수 없습니다. 관련 기준도 함께 알려주세요.,앱,오류,S011,앱 실행 오류,Y,Y,Y
VOC04449,주행점수 할인 확인 요청,안전운전 점수와 보험료 할인 적용 기준을 안내해주세요. 앱에서 확인이 어려워 문의드립니다.,보험,할인,S007,보험료 할인 적용 문의,Y,Y,Y
VOC04041,안전운전 할인 적용 여부 문의,앱에는 할인 대상이라고 나오는데 실제 보험료에 적용됐는지 알고 싶습니다.,보험,할인,S007,보험료 할인 적용 문의,Y,Y,Y
VOC04867,새 차량으로 바꾸고 싶어요,차량번호 변경 후 주행 서비스 연결 방법을 문의드립니다.,차량,차량정보,S008,차량정보 변경,Y,Y,Y
VOC05364,더 이상 서비스를 이용하지 않습니다,계정과 저장된 개인정보를 삭제하는 절차를 알려주세요. 필요한 확인 항목이 있다면 안내 부탁드립니다.,회원,계정관리,S009,회원 탈퇴,Y,Y,Y
VOC03140,비밀번호 변경이 되지 않습니다,본인 인증 후 비밀번호 재설정 화면으로 이동하지 않습니다.,회원,계정관리,S005,비밀번호 재설정,Y,Y,Y
VOC03026,새 비밀번호 등록 문의,비밀번호 변경 절차와 조건을 안내해주세요.,회원,계정관리,S005,비밀번호 재설정,Y,Y,Y
VOC09259,회원정보의 전화번호가 다릅니다,새 번호로 본인 인증을 진행하는 방법을 확인 부탁드립니다. 확인 부탁드립니다. 이전에 정상적으로 이용한 적이 있습니다.,회원,회원정보,S014,휴대전화 번호 변경,Y,Y,Y
VOC07282,업데이트 후 앱이 열리지 않아요,앱을 실행하면 [에러코드] 오류가 표시되고 바로 종료됩니다. 빠른 확인 요청드립니다.,앱,오류,S011,앱 실행 오류,Y,Y,Y
VOC07574,보상 처리 단계 문의,제출한 서류가 정상적으로 접수됐는지 알고 싶습니다.,사고,처리현황,S012,사고 처리 진행 문의,Y,Y,Y
VOC05675,더 이상 서비스를 이용하지 않습니다 빠른 확인 요청드립니다.,본인 인증 후 탈퇴가 완료되지 않아 확인 부탁드립니다.,회원,계정관리,S009,회원 탈퇴,Y,Y,Y
VOC02794,비밀번호가 기억나지 않아요 앱에서 확인이 어려워 문의드립니다.,본인 인증 후 비밀번호 재설정 화면으로 이동하지 않습니다.,회원,계정관리,S005,비밀번호 재설정,Y,Y,Y
VOC07414,사고 접수 후 연락이 없습니다,보상 심사가 어느 단계까지 진행됐는지 확인 부탁드립니다. 동일 현상이 반복되고 있습니다.,사고,처리현황,S012,사고 처리 진행 문의,Y,Y,Y
VOC04090,보험료 할인 혜택이 안내받고 싶습니다,현재 운전점수 기준으로 받을 수 있는 보험료 할인율이 궁금합니다.,보험,할인,S007,보험료 할인 적용 문의,Y,Y,Y
VOC03351,앱에서 운전 기록 확인 불가,해당 시간대의 운전 내역이 누락되어 확인 요청드립니다.,주행,주행기록,S006,주행기록 미반영,Y,Y,Y
VOC09234,회원정보의 전화번호가 다릅니다,기존 번호 [기존전화번호]에서 새 번호 [변경전화번호]로 변경하고 싶습니다.,회원,회원정보,S014,휴대전화 번호 변경,Y,Y,Y
VOC03632,운전한 내역이 앱에 없습니다,주행 종료 후에도 거리와 시간이 0으로 표시됩니다.,주행,주행기록,S006,주행기록 미반영,Y,Y,Y
VOC03229,비밀번호 찾기 인증 오류,비밀번호가 기억나지 않아 재설정하려고 합니다. 앱에서 확인이 어려워 문의드립니다.,회원,계정관리,S005,비밀번호 재설정,Y,Y,Y
VOC06347,포인트 잔액 오류,어제 확인한 잔액과 오늘 잔액이 달라서 문의드립니다.,포인트,차감,S010,포인트 오차감,Y,Y,Y
VOC08018,계약정보가 다르게 표시됩니다 처리 방법을 안내해주세요.,앱에 표시된 계약자명이 [계약자명]으로 되어 있는데 실제 정보와 다릅니다. 관련 기준도 함께 알려주세요.,보험,계약정보,S013,계약정보 불일치,Y,Y,Y
VOC05264,차량을 변경했습니다 빠른 확인 요청드립니다.,기존 차량 [기존차량번호]에서 새 차량 [새차량번호]로 변경했습니다.,차량,차량정보,S008,차량정보 변경,Y,Y,Y
VOC06482,포인트가 갑자기 줄었습니다 앱에서 확인이 어려워 문의드립니다.,어제 확인한 잔액과 오늘 잔액이 달라서 문의드립니다. 빠른 확인 요청드립니다.,포인트,차감,S010,포인트 오차감,Y,Y,Y
VOC04095,주행점수 할인 확인 요청,안전운전 점수와 보험료 할인 적용 기준을 안내해주세요.,보험,할인,S007,보험료 할인 적용 문의,Y,Y,Y
VOC00239,운전했는데 포인트가 안 들어왔어요,주행 조건을 충족한 것으로 보이는데 포인트가 0으로 표시됩니다. 관련 기준도 함께 알려주세요.,포인트,적립,S001,주행 포인트 미적립,Y,Y,Y
VOC06453,포인트 차감 내역이 이상합니다 관련 기준도 함께 알려주세요.,포인트 사용 이력과 실제 잔액이 맞지 않습니다.,포인트,차감,S010,포인트 오차감,Y,Y,Y
VOC06082,사용하지 않은 포인트가 차감됐어요,포인트 내역에 알 수 없는 차감 기록이 있습니다.,포인트,차감,S010,포인트 오차감,Y,Y,Y
VOC02989,비밀번호를 재설정하고 싶습니다 처리 방법을 안내해주세요.,새 비밀번호를 입력했지만 변경이 완료정상적으로 처리되지 않습니다. 빠른 확인 요청드립니다.,회원,계정관리,S005,비밀번호 재설정,Y,Y,Y
VOC04076,보험료 할인 혜택이 궁금합니다,안전운전 점수와 보험료 할인 적용 기준을 안내해주세요.,보험,할인,S007,보험료 할인 적용 문의,Y,Y,Y
VOC04657,보험료 할인 혜택이 궁금합니다,갱신 계약에 주행분석 할인 혜택이 반영되는지 문의합니다. 동일 현상이 반복되고 있습니다.,보험,할인,S007,보험료 할인 적용 문의,Y,Y,Y
VOC07566,사고 처리 진행 상황 문의,사건번호 [사고접수번호]와 관련해 현재 처리 단계를 확인하고 싶습니다. 앱에서 확인이 어려워 문의드립니다. 이전에 정상적으로 이용한 적이 있습니다.,사고,처리현황,S012,사고 처리 진행 문의,Y,Y,Y
VOC03308,비밀번호 찾기 인증 오류,비밀번호가 기억나지 않아 재설정하려고 합니다.,회원,계정관리,S005,비밀번호 재설정,Y,Y,Y
VOC06639,포인트 차감 내역이 이상합니다 관련 기준도 함께 알려주세요.,포인트 사용 이력과 실제 잔액이 맞지 않습니다.,포인트,차감,S010,포인트 오차감,Y,Y,Y
VOC05001,앱 차량정보 수정 문의,기존 차량 [차량번호]에서 새 차량 [변경차량번호]로 변경했습니다.,차량,차량정보,S008,차량정보 변경,Y,Y,Y
VOC09480,포인트 지급 조건 안내 요청,짧은 거리 주행도 포인트 적립 대상인지 문의드립니다.,포인트,적립기준,S015,포인트 적립 기준 문의,Y,Y,Y
VOC03931,주행기록이 보이지 않습니다,차량은 정상적으로 운행했는데 주행 데이터가 수집되지 않은 것 같습니다. 앱에서 확인이 어려워 문의드립니다.,주행,주행기록,S006,주행기록 미반영,Y,Y,Y
VOC00779,주행 포인트는 언제 들어오나요 앱에서 확인이 어려워 문의드립니다.,주행 후 몇 시간이 지났는데 아직 적립 대기 상태입니다. 앱을 다시 실행해도 같은 상태입니다.,포인트,적립,S002,주행 포인트 적립 지연,Y,Y,Y
VOC08364,계약정보가 다르게 표시됩니다,갱신한 계약이 앱에서 이전 계약으로 보입니다. 앱을 다시 실행해도 같은 상태입니다.,보험,계약정보,S013,계약정보 불일치,Y,Y,Y
VOC02218,로그인 화면에서 넘어가지 않아요,여러 번 시도했지만 인증 후 다시 로그인 화면으로 돌아옵니다.,회원,로그인,S004,로그인 오류,Y,Y,Y
VOC05194,새 차량으로 바꾸고 싶어요,기존 차량 [기존차량번호]에서 새 차량 [변경차량번호]로 변경했습니다.,차량,차량정보,S008,차량정보 변경,Y,Y,Y
VOC07050,앱 화면이 멈춥니다 처리 방법을 안내해주세요.,특정 메뉴에 들어가면 화면이 멈추는 현상이 반복됩니다.,앱,오류,S011,앱 실행 오류,Y,Y,Y
VOC09736,어떤 주행이 포인트 대상인가요 처리 방법을 안내해주세요.,주행거리와 운전점수에 따라 포인트가 어떻게 산정되는지 알고 싶습니다.,포인트,적립기준,S015,포인트 적립 기준 문의,Y,Y,Y
VOC09745,운전점수와 포인트 관계,짧은 거리 주행도 포인트 적립 대상인지 문의드립니다.,포인트,적립기준,S015,포인트 적립 기준 문의,Y,Y,Y
VOC08894,등록 연락처 수정 요청,기존 번호 [전화번호]에서 새 번호 [새전화번호]로 변경하고 싶습니다.,회원,회원정보,S014,휴대전화 번호 변경,Y,Y,Y
VOC03481,주행 데이터가 반영되지 않았어요,차량은 정상적으로 운행했는데 주행 데이터가 수집되지 않은 것 같습니다.,주행,주행기록,S006,주행기록 미반영,Y,Y,Y
VOC07936,사고 처리 진행 상황 문의,제출한 서류가 정상적으로 접수됐는지 알고 싶습니다.,사고,처리현황,S012,사고 처리 진행 문의,Y,Y,Y
VOC02525,아이디 입력 후 접속 오류,로그인 버튼을 눌러도 화면이 그대로입니다. 앱에서 확인이 어려워 문의드립니다.,회원,로그인,S004,로그인 오류,Y,Y,Y
VOC08121,계약정보가 다르게 표시됩니다,증권번호 [계약번호]의 차량정보가 현재 차량과 일치하지 않습니다.,보험,계약정보,S013,계약정보 불일치,Y,Y,Y
VOC06180,잘못 차감된 포인트 문의,결제를 취소했는데 차감된 포인트가 복구되지 않았습니다.,포인트,차감,S010,포인트 오차감,Y,Y,Y
VOC01751,포인트 사용처가 궁금합니다 처리 방법을 안내해주세요.,적립된 포인트의 사용처와 사용 절차를 안내 부탁드립니다. 빠른 확인 요청드립니다.,포인트,사용,S003,포인트 사용처 문의,Y,Y,Y
VOC08767,회원정보의 전화번호가 다릅니다,휴대전화 번호를 바꿨는데 앱 회원정보에는 이전 번호가 표시됩니다. 관련 기준도 함께 알려주세요. 앱을 다시 실행해도 같은 상태입니다.,회원,회원정보,S014,휴대전화 번호 변경,Y,Y,Y
VOC04985,새 차량으로 바꾸고 싶어요,기존 차량 [기존차량번호]에서 새 차량 [변경차량번호]로 변경했습니다. 동일 현상이 반복되고 있습니다.,차량,차량정보,S008,차량정보 변경,Y,Y,Y
VOC08413,보험 계약자 정보 오류,계약 기간과 보험료 정보가 가입 당시 안내와 다르게 표시됩니다. 확인 부탁드립니다.,보험,계약정보,S013,계약정보 불일치,Y,Y,Y
VOC03862,주행 데이터가 반영되지 않았어요,해당 시간대의 운전 내역이 누락되어 확인 요청드립니다.,주행,주행기록,S006,주행기록 미반영,Y,Y,Y
VOC02221,계정 접속이 불가능합니다,로그인 버튼을 눌러도 화면이 그대로입니다.,회원,로그인,S004,로그인 오류,Y,Y,Y
VOC04036,보험료 할인 혜택이 궁금합니다 관련 기준도 함께 알려주세요.,안전운전 점수와 보험료 할인 적용 기준을 안내해주세요. 앱에서 확인이 어려워 문의드립니다.,보험,할인,S007,보험료 할인 적용 문의,Y,Y,Y
VOC01431,포인트 사용 가능 서비스 문의 빠른 확인 요청드립니다.,포인트 사용 가능한 서비스와 제한 조건이 궁금합니다.,포인트,사용,S003,포인트 사용처 문의,Y,Y,Y
VOC02823,비밀번호 변경이 되지 않습니다,비밀번호 찾기 과정에서 [기존전화번호]로 인증번호가 오지 않습니다.,회원,계정관리,S005,비밀번호 재설정,Y,Y,Y
VOC06774,서비스 실행 불가 문의,앱을 실행하면 [오류코드] 오류가 표시되고 바로 종료됩니다. 앱에서 확인이 어려워 문의드립니다.,앱,오류,S011,앱 실행 오류,Y,Y,Y
VOC05160,등록 차량 변경 요청 관련 기준도 함께 알려주세요.,기존 차량 [기존차량번호]에서 새 차량 [새차량번호]로 변경했습니다. 처리 방법을 안내해주세요.,차량,차량정보,S008,차량정보 변경,Y,Y,Y
VOC09043,등록 연락처 수정 요청,새 번호로 본인 인증을 진행하는 방법을 알려주세요.,회원,회원정보,S014,휴대전화 번호 변경,Y,Y,Y
VOC03472,주행 데이터가 반영되지 않았어요,[날짜]에 [출발지]-[도착지] 구간을 운전했는데 앱에서 기록이 보이지 않습니다.,주행,주행기록,S006,주행기록 미반영,Y,Y,Y
VOC09262,휴대전화 번호를 변경하고 싶습니다,휴대전화 번호를 바꿨는데 앱 회원정보에는 이전 번호가 표시됩니다.,회원,회원정보,S014,휴대전화 번호 변경,Y,Y,Y
VOC06388,포인트가 갑자기 줄었습니다,포인트 사용 이력과 실제 잔액이 맞지 않습니다.,포인트,차감,S010,포인트 오차감,Y,Y,Y
VOC07460,보상 처리 단계 문의,보상 심사가 어느 단계까지 진행됐는지 확인 부탁드립니다.,사고,처리현황,S012,사고 처리 진행 문의,Y,Y,Y
VOC02179,계정 접속이 불가능합니다,기존에 사용하던 계정으로 접속되지 않아 문의드립니다. 관련 기준도 함께 알려주세요.,회원,로그인,S004,로그인 오류,Y,Y,Y
VOC05636,서비스 계정을 삭제하고 싶어요 빠른 확인 요청드립니다.,더 이상 서비스를 이용하지 않아 회원 탈퇴를 진행하고 싶습니다. 관련 기준도 함께 알려주세요.,회원,계정관리,S009,회원 탈퇴,Y,Y,Y
VOC01897,포인트 사용 가능 서비스 문의,앱에 [금액] 포인트가 있는데 사용 가능한 항목을 확인하고 싶습니다.,포인트,사용,S003,포인트 사용처 문의,Y,Y,Y
VOC01339,보유 포인트 사용 방법,적립된 포인트의 사용처와 사용 절차를 안내 부탁드립니다.,포인트,사용,S003,포인트 사용처 문의,Y,Y,Y
VOC04930,차량을 변경했습니다 빠른 확인 요청드립니다.,차량을 교체해서 앱의 등록 정보를 수정하고 싶습니다.,차량,차량정보,S008,차량정보 변경,Y,Y,Y
VOC05523,서비스 계정을 삭제하고 싶어요,계정과 저장된 개인정보를 삭제하는 절차를 확인 부탁드립니다. 확인 부탁드립니다.,회원,계정관리,S009,회원 탈퇴,Y,Y,Y
VOC03995,앱에서 운전 기록 확인 불가,차량은 정상적으로 운행했는데 주행 데이터가 수집되지 않은 것 같습니다. 확인 부탁드립니다.,주행,주행기록,S006,주행기록 미반영,Y,Y,Y
VOC00067,운전했는데 포인트가 안 들어왔어요,[출발지]-[도착지] 구간을 운전했는데 적립 내역이 확인되지 않습니다.,포인트,적립,S001,주행 포인트 미적립,Y,Y,Y
VOC03232,비밀번호 변경이 되지 않습니다 앱에서 확인이 어려워 문의드립니다.,비밀번호가 기억나지 않아 재설정하려고 합니다.,회원,계정관리,S005,비밀번호 재설정,Y,Y,Y
VOC02427,아이디 입력 후 접속 오류 처리 방법을 안내해주세요.,[오류코드] 메시지가 표시되면서 앱에 접속할 수 없습니다.,회원,로그인,S004,로그인 오류,Y,Y,Y
VOC00814,주행 포인트는 언제 들어오나요,[주행종료시간]에 주행을 종료했습니다. 포인트 반영 예정 시간을 알고 싶습니다.,포인트,적립,S002,주행 포인트 적립 지연,Y,Y,Y
VOC02720,비밀번호가 기억나지 않아요 관련 기준도 함께 알려주세요.,새 비밀번호를 입력했지만 변경이 완료되지 않습니다. 앱을 다시 실행해도 같은 상태입니다.,회원,계정관리,S005,비밀번호 재설정,Y,Y,Y
VOC05049,새 차량으로 바꾸고 싶어요,차량을 교체해서 앱의 등록 정보를 수정하고 싶습니다.,차량,차량정보,S008,차량정보 변경,Y,Y,Y
VOC06511,사용하지 않은 포인트가 차감됐어요,포인트 사용 이력과 실제 잔액이 맞지 않습니다. 앱을 다시 실행해도 같은 상태입니다.,포인트,차감,S010,포인트 오차감,Y,Y,Y
VOC00249,주행 후 포인트가 없습니다 빠른 확인 요청드립니다.,운전 기록은 정상적으로 보이지만 포인트가 들어오지 않았습니다. 이전에 정상적으로 이용한 적이 있습니다.,포인트,적립,S001,주행 포인트 미적립,Y,Y,Y
VOC02686,비밀번호를 재설정하고 싶습니다 처리 방법을 안내해주세요.,본인 인증 후 비밀번호 재설정 화면으로 이동하지 않습니다. 확인 부탁드립니다.,회원,계정관리,S005,비밀번호 재설정,Y,Y,Y
VOC02449,계정 접속이 불가능합니다,[에러코드] 메시지가 표시되면서 앱에 접속할 수 없습니다.,회원,로그인,S004,로그인 오류,Y,Y,Y
VOC03310,비밀번호 찾기 인증 오류,비밀번호가 기억나지 않아 재설정하려고 합니다.,회원,계정관리,S005,비밀번호 재설정,Y,Y,Y
VOC04882,기존 차량 삭제 후 신규 등록,기존 차량을 삭제하고 새 차량을 등록하는 방법을 안내 부탁드립니다. 현재 화면에서 직접 수정할 수 없습니다.,차량,차량정보,S008,차량정보 변경,Y,Y,Y
VOC02151,앱 로그인이 되지 않습니다,기존에 사용하던 계정으로 접속되지 않아 문의합니다.,회원,로그인,S004,로그인 오류,Y,Y,Y
VOC06609,포인트가 갑자기 줄었습니다 확인 부탁드립니다.,포인트 내역에 알 수 없는 차감 기록이 있습니다. 관련 기준도 함께 알려주세요.,포인트,차감,S010,포인트 오차감,Y,Y,Y
VOC08541,계약 차량 정보 불일치,갱신한 계약이 앱에서 이전 계약으로 보입니다.,보험,계약정보,S013,계약정보 불일치,Y,Y,Y
VOC01462,포인트 사용 가능 서비스 문의,앱에 [차감금액] 포인트가 있는데 사용 가능한 항목을 확인하고 싶습니다. 처리 방법을 안내해주세요.,포인트,사용,S003,포인트 사용처 문의,Y,Y,Y
VOC03692,주행 데이터가 반영되지 않았어요,차량은 정상적으로 운행했는데 주행 데이터가 수집되지 않은 것 같습니다.,주행,주행기록,S006,주행기록 미반영,Y,Y,Y
VOC08558,앱의 계약 내용이 맞지 않아요,증권번호 [계약번호]의 차량정보가 현재 차량과 일치하지 않습니다.,보험,계약정보,S013,계약정보 불일치,Y,Y,Y
VOC05028,새 차량으로 바꾸고 싶어요,보험 계약 차량은 변경됐는데 앱에는 이전 차량이 표시됩니다.,차량,차량정보,S008,차량정보 변경,Y,Y,Y
VOC04367,안전운전 할인 적용 여부 문의,증권번호 [계약번호] 계약에 안전운전 할인이 적용됐는지 확인하고 싶습니다.,보험,할인,S007,보험료 할인 적용 문의,Y,Y,Y
VOC06928,앱 실행 중 오류가 발생합니다,재설치 후에도 동일하게 앱이 강제 종료됩니다. 빠른 확인 요청드립니다.,앱,오류,S011,앱 실행 오류,Y,Y,Y
VOC09282,회원정보의 전화번호가 다릅니다,휴대전화 번호를 바꿨는데 앱 회원정보에는 이전 번호가 표시됩니다.,회원,회원정보,S014,휴대전화 번호 변경,Y,Y,Y
VOC02092,계속 로그인에 실패합니다,아이디와 비밀번호를 입력해도 로그인 오류가 발생합니다.,회원,로그인,S004,로그인 오류,Y,Y,Y
VOC08766,기존 전화번호 변경 문의,새 번호로 본인 인증을 진행하는 방법을 알려주세요.,회원,회원정보,S014,휴대전화 번호 변경,Y,Y,Y
VOC06145,포인트 잔액 오류,포인트 내역에 알 수 없는 차감 기록이 있습니다. 현재 화면에서 직접 수정할 수 없습니다.,포인트,차감,S010,포인트 오차감,Y,Y,Y
VOC03583,최근 주행기록 누락 문의,해당 시간대의 운전 내역이 누락되어 확인 요청드립니다. 앱에서 확인이 어려워 문의드립니다.,주행,주행기록,S006,주행기록 미반영,Y,Y,Y
VOC07613,접수한 사고는 어떻게 진행되고 있나요,사건번호 [사건번호]와 관련해 현재 처리 단계를 확인하고 싶습니다. 앱을 다시 실행해도 같은 상태입니다.,사고,처리현황,S012,사고 처리 진행 문의,Y,Y,Y
VOC00028,주행 후 포인트가 없습니다,주행 조건을 충족한 것으로 보이는데 포인트가 0으로 표시됩니다. 앱에서 확인이 어려워 문의드립니다.,포인트,적립,S001,주행 포인트 미적립,Y,Y,Y
VOC08760,휴대전화 번호를 변경하고 싶습니다,새 번호로 본인 인증을 진행하는 방법을 알려주세요.,회원,회원정보,S014,휴대전화 번호 변경,Y,Y,Y
VOC07830,사건번호 처리 상태 확인,[주행일]에 접수한 사고의 담당자 배정 여부가 궁금합니다.,사고,처리현황,S012,사고 처리 진행 문의,Y,Y,Y
VOC07114,앱 실행 중 오류가 발생합니다,업데이트 이후 첫 화면에서 멈추고 다음으로 넘어가지 않습니다.,앱,오류,S011,앱 실행 오류,Y,Y,Y
VOC05913,서비스 계정을 삭제하고 싶어요 빠른 확인 요청드립니다.,회원 탈퇴 시 남은 포인트와 주행기록이 어떻게 처리되는지 궁금합니다.,회원,계정관리,S009,회원 탈퇴,Y,Y,Y
VOC05327,앱 차량정보 수정 문의,차량을 교체해서 앱의 등록 정보를 수정하고 싶습니다. 앱에서 확인이 어려워 문의드립니다.,차량,차량정보,S008,차량정보 변경,Y,Y,Y
VOC01993,적립 포인트는 어디서 쓰나요,보험료 결제 외에도 포인트를 사용할 수 있는 곳이 있나요? 처리 방법을 안내해주세요.,포인트,사용,S003,포인트 사용처 문의,Y,Y,Y
VOC03581,주행 데이터가 반영되지 않았어요,해당 시간대의 운전 내역이 누락되어 확인 요청드립니다. 앱을 다시 실행해도 같은 상태입니다.,주행,주행기록,S006,주행기록 미반영,Y,Y,Y
VOC08266,보험 계약자 정보 오류 빠른 확인 요청드립니다.,갱신한 계약이 앱에서 이전 계약으로 보입니다.,보험,계약정보,S013,계약정보 불일치,Y,Y,Y
VOC01557,포인트 사용처가 궁금합니다,앱에 [포인트수량] 포인트가 있는데 사용 가능한 항목을 확인하고 싶습니다. 관련 기준도 함께 알려주세요.,포인트,사용,S003,포인트 사용처 문의,Y,Y,Y
VOC05695,더 이상 서비스를 이용하지 않습니다 처리 방법을 안내해주세요.,회원 탈퇴 시 남은 포인트와 주행기록이 어떻게 처리되는지 궁금합니다. 현재 화면에서 직접 수정할 수 없습니다.,회원,계정관리,S009,회원 탈퇴,Y,Y,Y
VOC05623,가입 정보 삭제 요청,회원 탈퇴 시 남은 포인트와 주행기록이 어떻게 처리되는지 안내받고 싶습니다. 처리 방법을 안내해주세요.,회원,계정관리,S009,회원 탈퇴,Y,Y,Y
VOC09507,포인트 지급 조건 안내 요청,급가속이나 급감속 기록이 포인트 적립에 영향을 주나요?,포인트,적립기준,S015,포인트 적립 기준 문의,Y,Y,Y
VOC03833,운전한 내역이 앱에 없습니다,해당 시간대의 운전 내역이 누락되어 확인 요청드립니다.,주행,주행기록,S006,주행기록 미반영,Y,Y,Y
VOC05359,앱 회원 탈퇴 방법 문의,회원 탈퇴 시 남은 포인트와 주행기록이 어떻게 처리되는지 궁금합니다. 확인 부탁드립니다.,회원,계정관리,S009,회원 탈퇴,Y,Y,Y
VOC09981,포인트 지급 조건 안내 요청,급가속이나 급감속 기록이 포인트 적립에 영향을 주나요?,포인트,적립기준,S015,포인트 적립 기준 문의,Y,Y,Y
VOC07520,사건번호 처리 상태 확인 관련 기준도 함께 알려주세요.,보상 심사가 어느 단계까지 진행됐는지 확인 부탁드립니다.,사고,처리현황,S012,사고 처리 진행 문의,Y,Y,Y
VOC09590,포인트 적립 기준이 궁금합니다 확인 부탁드립니다.,짧은 거리 주행도 포인트 적립 대상인지 확인 요청드립니다.,포인트,적립기준,S015,포인트 적립 기준 문의,Y,Y,Y
VOC08988,기존 전화번호 변경 문의,번호 변경 후 로그인 인증 문자가 이전 번호로 발송됩니다. 앱에서 확인이 어려워 문의드립니다.,회원,회원정보,S014,휴대전화 번호 변경,Y,Y,Y
VOC00991,운전 후 포인트 반영 시간 문의,주행 후 몇 시간이 지났는데 아직 적립 대기 상태입니다. 현재 화면에서 직접 수정할 수 없습니다.,포인트,적립,S002,주행 포인트 적립 지연,Y,Y,Y
VOC07504,사고 처리 진행 상황 문의 확인 부탁드립니다.,제출한 서류가 정상적으로 접수됐는지 알고 싶습니다.,사고,처리현황,S012,사고 처리 진행 문의,Y,Y,Y
VOC05888,서비스 계정을 삭제하고 싶어요 앱에서 확인이 어려워 문의드립니다.,본인 인증 후 탈퇴가 완료되지 않아 확인 부탁드립니다.,회원,계정관리,S009,회원 탈퇴,Y,Y,Y
VOC00066,포인트가 누락된 것 같습니다,[출발지]-[도착지] 구간을 운전했는데 적립 내역이 확인되지 않습니다.,포인트,적립,S001,주행 포인트 미적립,Y,Y,Y
VOC05691,서비스 계정을 삭제하고 싶어요,계정과 저장된 개인정보를 삭제하는 절차를 확인 부탁드립니다.,회원,계정관리,S009,회원 탈퇴,Y,Y,Y
VOC08024,보험 계약자 정보 오류 관련 기준도 함께 알려주세요.,앱에 표시된 계약자명이 [이름]으로 되어 있는데 실제 정보와 다릅니다.,보험,계약정보,S013,계약정보 불일치,Y,Y,Y
VOC02652,아이디 입력 후 접속 오류 확인 부탁드립니다.,아이디와 비밀번호를 입력해도 로그인 오류가 발생합니다.,회원,로그인,S004,로그인 오류,Y,Y,Y
VOC06127,사용하지 않은 포인트가 차감됐어요,포인트 내역에 알 수 없는 차감 기록이 있습니다.,포인트,차감,S010,포인트 오차감,Y,Y,Y
VOC09146,새 번호로 인증받고 싶어요 앱에서 확인이 어려워 문의드립니다.,새 번호로 본인 인증을 진행하는 방법을 알려주세요.,회원,회원정보,S014,휴대전화 번호 변경,Y,Y,Y
VOC04922,등록 차량 변경 요청 관련 기준도 함께 알려주세요.,차량을 교체해서 앱의 등록 정보를 수정하고 싶습니다.,차량,차량정보,S008,차량정보 변경,Y,Y,Y
VOC00947,포인트 적립 처리 중 문의,오늘 주행을 마쳤는데 포인트가 아직 반영되지 않았습니다. 보통 얼마나 걸리나요?,포인트,적립,S002,주행 포인트 적립 지연,Y,Y,Y
VOC03406,최근 주행기록 누락 문의,운전을 완료했지만 최근 주행 목록에 추가되지 않았습니다. 앱을 다시 실행해도 같은 상태입니다.,주행,주행기록,S006,주행기록 미반영,Y,Y,Y
VOC06006,잘못 차감된 포인트 문의,사용한 적이 없는데 [금액] 포인트가 차감된 것으로 표시됩니다.,포인트,차감,S010,포인트 오차감,Y,Y,Y
VOC04681,차량을 변경했습니다,보험 계약 차량은 변경됐는데 앱에는 이전 차량이 표시됩니다.,차량,차량정보,S008,차량정보 변경,Y,Y,Y
VOC01991,보유 포인트 사용 방법,적립된 포인트의 사용처와 사용 절차를 안내 부탁드립니다. 앱을 다시 실행해도 같은 상태입니다.,포인트,사용,S003,포인트 사용처 문의,Y,Y,Y
VOC04531,안전운전 할인 적용 여부 문의,앱에는 할인 대상이라고 나오는데 실제 보험료에 적용됐는지 알고 싶습니다. 관련 기준도 함께 알려주세요.,보험,할인,S007,보험료 할인 적용 문의,Y,Y,Y
VOC04792,새 차량으로 바꾸고 싶어요,차량번호 변경 후 주행 서비스 연결 방법을 문의드립니다.,차량,차량정보,S008,차량정보 변경,Y,Y,Y
VOC08608,계약정보가 다르게 표시됩니다,증권번호 [계약번호]의 차량정보가 현재 차량과 일치하지 않습니다.,보험,계약정보,S013,계약정보 불일치,Y,Y,Y
VOC00288,포인트가 누락된 것 같습니다,[출발지]-[도착지] 구간을 운전했는데 적립 내역이 확인되지 않습니다.,포인트,적립,S001,주행 포인트 미적립,Y,Y,Y
VOC02443,계정 접속이 불가능합니다 확인 부탁드립니다.,[오류코드] 메시지가 표시되면서 앱에 접속할 수 없습니다.,회원,로그인,S004,로그인 오류,Y,Y,Y
VOC07113,서비스 실행 불가 문의 빠른 확인 요청드립니다.,특정 메뉴에 들어가면 화면이 멈추는 현상이 반복됩니다. 필요한 확인 항목이 있다면 안내 부탁드립니다.,앱,오류,S011,앱 실행 오류,Y,Y,Y
VOC08811,휴대전화 번호를 변경하고 싶습니다 관련 기준도 함께 알려주세요.,새 번호로 본인 인증을 진행하는 방법을 알려주세요.,회원,회원정보,S014,휴대전화 번호 변경,Y,Y,Y
VOC05254,차량을 변경했습니다,기존 차량을 삭제하고 새 차량을 등록하는 방법을 알려주세요. 빠른 확인 요청드립니다.,차량,차량정보,S008,차량정보 변경,Y,Y,Y
VOC07030,앱 화면이 멈춥니다,업데이트 이후 첫 화면에서 멈추고 다음으로 넘어가지 않습니다.,앱,오류,S011,앱 실행 오류,Y,Y,Y
VOC07992,사건번호 처리 상태 확인,[날짜]에 접수한 사고의 담당자 배정 여부가 궁금합니다. 처리 방법을 안내해주세요. 현재 화면에서 직접 수정할 수 없습니다.,사고,처리현황,S012,사고 처리 진행 문의,Y,Y,Y
VOC02323,아이디 입력 후 접속 오류 관련 기준도 함께 알려주세요.,[오류코드] 메시지가 표시되면서 앱에 접속할 수 없습니다.,회원,로그인,S004,로그인 오류,Y,Y,Y
VOC01615,포인트 사용 가능 서비스 문의,적립된 포인트의 사용처와 사용 절차를 안내 부탁드립니다.,포인트,사용,S003,포인트 사용처 문의,Y,Y,Y
VOC06943,앱이 계속 종료됩니다,재설치 후에도 동일하게 앱이 강제 종료됩니다.,앱,오류,S011,앱 실행 오류,Y,Y,Y
VOC03073,비밀번호 변경이 되지 않습니다 빠른 확인 요청드립니다.,본인 인증 후 비밀번호 재설정 화면으로 이동하지 않습니다.,회원,계정관리,S005,비밀번호 재설정,Y,Y,Y
VOC08155,보험 계약자 정보 오류,증권번호 [증권번호]의 차량정보가 현재 차량과 일치하지 않습니다.,보험,계약정보,S013,계약정보 불일치,Y,Y,Y
VOC04343,보험료 할인 혜택이 확인하고 싶습니다,앱에는 할인 대상이라고 나오는데 실제 보험료에 적용됐는지 알고 싶습니다. 처리 방법을 안내해주세요.,보험,할인,S007,보험료 할인 적용 문의,Y,Y,Y
VOC03910,최근 주행기록 누락 문의,주행 종료 후에도 거리와 시간이 0으로 표시됩니다.,주행,주행기록,S006,주행기록 미반영,Y,Y,Y
VOC09628,운전점수와 포인트 관계 관련 기준도 함께 알려주세요.,짧은 거리 주행도 포인트 적립 대상인지 문의합니다. 필요한 확인 항목이 있다면 안내 부탁드립니다.,포인트,적립기준,S015,포인트 적립 기준 문의,Y,Y,Y
VOC06416,포인트 잔액 오류,어제 확인한 잔액과 오늘 잔액이 달라서 확인 요청드립니다.,포인트,차감,S010,포인트 오차감,Y,Y,Y
VOC05450,가입 정보 삭제 요청,회원 탈퇴 시 남은 포인트와 주행기록이 어떻게 처리되는지 궁금합니다.,회원,계정관리,S009,회원 탈퇴,Y,Y,Y
VOC06054,포인트가 갑자기 줄었습니다,어제 확인한 잔액과 오늘 잔액이 달라서 문의드립니다.,포인트,차감,S010,포인트 오차감,Y,Y,Y
VOC07744,사건번호 처리 상태 확인 빠른 확인 요청드립니다.,보상 심사가 어느 단계까지 진행됐는지 확인 부탁드립니다.,사고,처리현황,S012,사고 처리 진행 문의,Y,Y,Y
VOC05151,차량을 변경했습니다,기존 차량을 삭제하고 새 차량을 등록하는 방법을 알려주세요. 확인 부탁드립니다.,차량,차량정보,S008,차량정보 변경,Y,Y,Y
VOC01033,포인트 반영이 늦어지고 있습니다,"포인트가 바로 들어오는지, 일정 시간이 필요한지 문의드립니다.",포인트,적립,S002,주행 포인트 적립 지연,Y,Y,Y
VOC03880,운전한 내역이 앱에 없습니다,주행 종료 후에도 거리와 시간이 0으로 표시됩니다. 관련 기준도 함께 알려주세요. 앱을 다시 실행해도 같은 상태입니다.,주행,주행기록,S006,주행기록 미반영,Y,Y,Y
VOC08597,증권 정보 수정 문의,갱신한 계약이 앱에서 이전 계약으로 보입니다.,보험,계약정보,S013,계약정보 불일치,Y,Y,Y
VOC09333,등록 연락처 수정 요청,번호 변경 후 로그인 인증 문자가 이전 번호로 발송됩니다. 앱에서 확인이 어려워 문의드립니다.,회원,회원정보,S014,휴대전화 번호 변경,Y,Y,Y
VOC06058,포인트가 갑자기 줄었습니다,결제를 취소했는데 차감된 포인트가 복구되지 않았습니다.,포인트,차감,S010,포인트 오차감,Y,Y,Y
VOC03461,앱에서 운전 기록 확인 불가 관련 기준도 함께 알려주세요.,차량은 정상적으로 운행했는데 주행 데이터가 수집되지 않은 것 같습니다. 이전에 정상적으로 이용한 적이 있습니다.,주행,주행기록,S006,주행기록 미반영,Y,Y,Y
VOC02024,계정 접속이 불가능합니다,[에러코드] 메시지가 표시되면서 앱에 접속할 수 없습니다. 필요한 확인 항목이 있다면 안내 부탁드립니다.,회원,로그인,S004,로그인 오류,Y,Y,Y
VOC02081,로그인 화면에서 넘어가지 않아요,아이디와 비밀번호를 입력해도 로그인 오류가 발생합니다.,회원,로그인,S004,로그인 오류,Y,Y,Y
VOC02595,계속 로그인에 실패합니다,기존에 사용하던 계정으로 접속되지 않아 문의드립니다. 필요한 확인 항목이 있다면 안내 부탁드립니다.,회원,로그인,S004,로그인 오류,Y,Y,Y
VOC09815,포인트 적립 기준이 궁금합니다,주행거리와 운전점수에 따라 포인트가 어떻게 산정되는지 알고 싶습니다. 앱을 다시 실행해도 같은 상태입니다.,포인트,적립기준,S015,포인트 적립 기준 문의,Y,Y,Y
VOC07005,앱 화면이 멈춥니다 앱에서 확인이 어려워 문의드립니다.,특정 메뉴에 들어가면 화면이 멈추는 현상이 반복됩니다.,앱,오류,S011,앱 실행 오류,Y,Y,Y
VOC05172,새 차량으로 바꾸고 싶어요,차량을 교체해서 앱의 등록 정보를 수정하고 싶습니다.,차량,차량정보,S008,차량정보 변경,Y,Y,Y
VOC01443,포인트 사용 가능 서비스 문의,적립된 포인트의 사용처와 사용 절차를 안내 부탁드립니다. 앱을 다시 실행해도 같은 상태입니다.,포인트,사용,S003,포인트 사용처 문의,Y,Y,Y
VOC08690,회원정보의 전화번호가 다릅니다,휴대전화 번호를 바꿨는데 앱 회원정보에는 이전 번호가 표시됩니다. 이전에 정상적으로 이용한 적이 있습니다.,회원,회원정보,S014,휴대전화 번호 변경,Y,Y,Y
VOC07409,보상 처리 단계 문의,사고 접수 이후 진행 상황 안내를 받지 못했습니다.,사고,처리현황,S012,사고 처리 진행 문의,Y,Y,Y
VOC02301,로그인 화면에서 넘어가지 않아요,로그인 버튼을 눌러도 화면이 그대로입니다.,회원,로그인,S004,로그인 오류,Y,Y,Y
VOC02252,앱 로그인이 정상적으로 처리되지 않습니다 확인 부탁드립니다.,아이디와 비밀번호를 입력해도 로그인 오류가 발생합니다. 확인 부탁드립니다.,회원,로그인,S004,로그인 오류,Y,Y,Y
VOC08629,보험 계약자 정보 오류,계약 기간과 보험료 정보가 가입 당시 안내와 다르게 표시됩니다. 처리 방법을 안내해주세요.,보험,계약정보,S013,계약정보 불일치,Y,Y,Y
VOC06394,포인트 잔액 오류 빠른 확인 요청드립니다.,포인트 사용 이력과 실제 잔액이 맞지 않습니다. 처리 방법을 안내해주세요.,포인트,차감,S010,포인트 오차감,Y,Y,Y
VOC02222,로그인 화면에서 넘어가지 않아요,여러 번 시도했지만 인증 후 다시 로그인 화면으로 돌아옵니다.,회원,로그인,S004,로그인 오류,Y,Y,Y
VOC00653,주행 후 포인트가 없습니다,주행 조건을 충족한 것으로 보이는데 포인트가 0으로 표시됩니다.,포인트,적립,S001,주행 포인트 미적립,Y,Y,Y
VOC08837,등록 연락처 수정 요청,새 번호로 본인 인증을 진행하는 방법을 알려주세요.,회원,회원정보,S014,휴대전화 번호 변경,Y,Y,Y
VOC05228,새 차량으로 바꾸고 싶어요,차량번호 변경 후 주행 서비스 연결 방법을 문의합니다.,차량,차량정보,S008,차량정보 변경,Y,Y,Y
VOC00997,포인트가 아직 처리되지 않았어요 앱에서 확인이 어려워 문의드립니다.,[시간]에 주행을 종료했습니다. 포인트 반영 예정 시간을 알고 싶습니다.,포인트,적립,S002,주행 포인트 적립 지연,Y,Y,Y
VOC07501,사건번호 처리 상태 확인,사건번호 [사건번호]와 관련해 현재 처리 단계를 확인하고 싶습니다.,사고,처리현황,S012,사고 처리 진행 문의,Y,Y,Y
VOC05916,가입 정보 삭제 요청,더 이상 서비스를 이용하지 않아 회원 탈퇴를 진행하고 싶습니다.,회원,계정관리,S009,회원 탈퇴,Y,Y,Y
VOC08101,앱의 계약 내용이 맞지 않아요,계약 기간과 보험료 정보가 가입 당시 안내와 다르게 표시됩니다.,보험,계약정보,S013,계약정보 불일치,Y,Y,Y
VOC05700,더 이상 서비스를 이용하지 않습니다,본인 인증 후 탈퇴가 완료되지 않아 확인 부탁드립니다.,회원,계정관리,S009,회원 탈퇴,Y,Y,Y
VOC03567,주행 데이터가 반영되지 않았어요 앱에서 확인이 어려워 문의드립니다.,주행 종료 후에도 거리와 시간이 0으로 표시됩니다.,주행,주행기록,S006,주행기록 미반영,Y,Y,Y
VOC01276,운전 후 포인트 반영 시간 문의,방금 운전한 기록은 보이는데 포인트는 처리 중으로 표시됩니다.,포인트,적립,S002,주행 포인트 적립 지연,Y,Y,Y
VOC06562,사용하지 않은 포인트가 차감됐어요,결제를 취소했는데 차감된 포인트가 복구되지 않았습니다. 빠른 확인 요청드립니다.,포인트,차감,S010,포인트 오차감,Y,Y,Y
VOC02671,비밀번호를 재설정하고 싶습니다,비밀번호 찾기 과정에서 [기존전화번호]로 인증번호가 오지 않습니다. 관련 기준도 함께 알려주세요.,회원,계정관리,S005,비밀번호 재설정,Y,Y,Y
VOC05343,앱 회원 탈퇴 방법 문의,본인 인증 후 탈퇴가 완료되지 않아 확인 부탁드립니다.,회원,계정관리,S009,회원 탈퇴,Y,Y,Y
VOC07065,서비스 실행 불가 문의,업데이트 이후 첫 화면에서 멈추고 다음으로 넘어가지 않습니다.,앱,오류,S011,앱 실행 오류,Y,Y,Y
VOC00103,포인트가 누락된 것 같습니다 빠른 확인 요청드립니다.,[날짜]에 주행을 완료했는데 포인트가 아직 적립되지 않았습니다.,포인트,적립,S001,주행 포인트 미적립,Y,Y,Y
VOC00883,포인트 반영이 늦어지고 있습니다,오늘 주행을 마쳤는데 포인트가 아직 반영되지 않았습니다. 보통 얼마나 걸리나요?,포인트,적립,S002,주행 포인트 적립 지연,Y,Y,Y
VOC09859,주행 포인트 산정 방법 문의,포인트를 받기 위한 최소 주행 조건이 궁금합니다. 동일 현상이 반복되고 있습니다.,포인트,적립기준,S015,포인트 적립 기준 문의,Y,Y,Y
VOC02367,앱 로그인이 되지 않습니다,[오류코드] 메시지가 표시되면서 앱에 접속할 수 없습니다.,회원,로그인,S004,로그인 오류,Y,Y,Y
VOC01875,포인트 사용 가능 서비스 문의,포인트 사용 가능한 서비스와 제한 조건이 궁금합니다. 확인 부탁드립니다.,포인트,사용,S003,포인트 사용처 문의,Y,Y,Y
VOC07101,업데이트 후 앱이 열리지 않아요,업데이트 이후 첫 화면에서 멈추고 다음으로 넘어가지 않습니다.,앱,오류,S011,앱 실행 오류,Y,Y,Y
VOC00832,주행 포인트는 언제 들어오나요 확인 부탁드립니다.,"포인트가 바로 들어오는지, 일정 시간이 필요한지 문의드립니다.",포인트,적립,S002,주행 포인트 적립 지연,Y,Y,Y
VOC08416,계약정보가 다르게 표시됩니다,앱에 표시된 계약자명이 [계약자명]으로 되어 있는데 실제 정보와 다릅니다.,보험,계약정보,S013,계약정보 불일치,Y,Y,Y
VOC01303,포인트 반영이 늦어지고 있습니다 앱에서 확인이 어려워 문의드립니다.,방금 운전한 기록은 보이는데 포인트는 처리 중으로 표시됩니다.,포인트,적립,S002,주행 포인트 적립 지연,Y,Y,Y
VOC08540,앱의 계약 내용이 맞지 않아요,계약 기간과 보험료 정보가 가입 당시 안내와 다르게 표시됩니다.,보험,계약정보,S013,계약정보 불일치,Y,Y,Y
VOC06419,포인트 잔액 오류,어제 확인한 잔액과 오늘 잔액이 달라서 문의드립니다. 관련 기준도 함께 알려주세요.,포인트,차감,S010,포인트 오차감,Y,Y,Y
VOC05556,앱 회원 탈퇴 방법 문의,더 이상 서비스를 이용하지 않아 회원 탈퇴를 진행하고 싶습니다. 동일 현상이 반복되고 있습니다.,회원,계정관리,S009,회원 탈퇴,Y,Y,Y
VOC08883,등록 연락처 수정 요청,휴대전화 번호를 바꿨는데 앱 회원정보에는 이전 번호가 표시됩니다.,회원,회원정보,S014,휴대전화 번호 변경,Y,Y,Y
VOC00717,포인트가 아직 처리되지 않았어요,[접수시간]에 주행을 종료했습니다. 포인트 반영 예정 시간을 알고 싶습니다.,포인트,적립,S002,주행 포인트 적립 지연,Y,Y,Y
VOC02021,앱 로그인이 되지 않습니다,여러 번 시도했지만 인증 후 다시 로그인 화면으로 돌아옵니다.,회원,로그인,S004,로그인 오류,Y,Y,Y
VOC08949,회원정보의 전화번호가 다릅니다,휴대전화 번호를 바꿨는데 앱 회원정보에는 이전 번호가 표시됩니다.,회원,회원정보,S014,휴대전화 번호 변경,Y,Y,Y
VOC05081,등록 차량 변경 요청,기존 차량 [차량번호]에서 새 차량 [변경차량번호]로 변경했습니다.,차량,차량정보,S008,차량정보 변경,Y,Y,Y
VOC05002,등록 차량 변경 요청,기존 차량을 삭제하고 새 차량을 등록하는 방법을 알려주세요. 동일 현상이 반복되고 있습니다.,차량,차량정보,S008,차량정보 변경,Y,Y,Y
VOC07023,앱 화면이 멈춥니다 처리 방법을 안내해주세요.,앱을 열면 흰 화면만 보이고 아무 기능도 사용할 수 없습니다. 현재 화면에서 직접 수정할 수 없습니다.,앱,오류,S011,앱 실행 오류,Y,Y,Y
VOC06611,포인트 잔액 오류,사용한 적이 없는데 [금액] 포인트가 차감된 것으로 표시됩니다. 관련 기준도 함께 알려주세요. 앱을 다시 실행해도 같은 상태입니다.,포인트,차감,S010,포인트 오차감,Y,Y,Y
VOC00209,주행 후 포인트가 없습니다,[주행일]에 주행을 완료했는데 포인트가 아직 적립되지 않았습니다.,포인트,적립,S001,주행 포인트 미적립,Y,Y,Y
VOC06055,사용하지 않은 포인트가 차감됐어요,포인트 내역에 알 수 없는 차감 기록이 있습니다. 앱에서 확인이 어려워 문의드립니다.,포인트,차감,S010,포인트 오차감,Y,Y,Y
VOC04235,보험료 할인이 반영됐나요,갱신 계약에 주행분석 할인 혜택이 반영되는지 문의합니다. 관련 기준도 함께 알려주세요. 동일 현상이 반복되고 있습니다.,보험,할인,S007,보험료 할인 적용 문의,Y,Y,Y
VOC05942,앱 회원 탈퇴 방법 문의,계정과 저장된 개인정보를 삭제하는 절차를 확인 부탁드립니다.,회원,계정관리,S009,회원 탈퇴,Y,Y,Y
VOC00427,주행 포인트가 적립되지 않았습니다 관련 기준도 함께 알려주세요.,[주행일]에 주행을 완료했는데 포인트가 아직 적립되지 않았습니다. 앱을 다시 실행해도 같은 상태입니다.,포인트,적립,S001,주행 포인트 미적립,Y,Y,Y
VOC08126,앱의 계약 내용이 맞지 않아요,앱에 표시된 계약자명이 [계약자명]으로 되어 있는데 실제 정보와 다릅니다.,보험,계약정보,S013,계약정보 불일치,Y,Y,Y
VOC04047,안전운전 할인 적용 여부 문의,갱신 계약에 주행분석 할인 혜택이 반영되는지 문의드립니다.,보험,할인,S007,보험료 할인 적용 문의,Y,Y,Y
VOC04832,새 차량으로 바꾸고 싶어요,차량번호 변경 후 주행 서비스 연결 방법을 문의드립니다.,차량,차량정보,S008,차량정보 변경,Y,Y,Y
VOC01600,보유 포인트 사용 방법 확인 부탁드립니다.,포인트 사용 가능한 서비스와 제한 조건이 궁금합니다. 관련 기준도 함께 알려주세요.,포인트,사용,S003,포인트 사용처 문의,Y,Y,Y
VOC07276,앱이 계속 종료됩니다 확인 부탁드립니다.,앱을 열면 흰 화면만 보이고 아무 기능도 사용할 수 없습니다.,앱,오류,S011,앱 실행 오류,Y,Y,Y
VOC03068,비밀번호를 재설정하고 싶습니다,새 비밀번호를 입력했지만 변경이 완료되지 않습니다. 앱에서 확인이 어려워 문의드립니다.,회원,계정관리,S005,비밀번호 재설정,Y,Y,Y
VOC09012,휴대전화 번호를 변경하고 싶습니다 관련 기준도 함께 알려주세요.,기존 번호 [기존전화번호]에서 새 번호 [변경전화번호]로 변경하고 싶습니다.,회원,회원정보,S014,휴대전화 번호 변경,Y,Y,Y
VOC06810,업데이트 후 앱이 열리지 않아요,앱을 열면 흰 화면만 보이고 아무 기능도 사용할 수 없습니다. 확인 부탁드립니다.,앱,오류,S011,앱 실행 오류,Y,Y,Y
VOC09650,포인트 적립 기준이 궁금합니다 앱에서 확인이 어려워 문의드립니다.,주행거리와 운전점수에 따라 포인트가 어떻게 산정되는지 알고 싶습니다. 이전에 정상적으로 이용한 적이 있습니다.,포인트,적립기준,S015,포인트 적립 기준 문의,Y,Y,Y
VOC01699,포인트를 사용할 수 있는 곳 관련 기준도 함께 알려주세요.,앱에 [포인트수량] 포인트가 있는데 사용 가능한 항목을 확인하고 싶습니다. 처리 방법을 안내해주세요.,포인트,사용,S003,포인트 사용처 문의,Y,Y,Y
VOC01826,적립 포인트는 어디서 쓰나요,포인트 사용 가능한 서비스와 제한 조건이 궁금합니다. 처리 방법을 안내해주세요.,포인트,사용,S003,포인트 사용처 문의,Y,Y,Y
VOC07993,사고 처리 진행 상황 문의,사건번호 [사건번호]와 관련해 현재 처리 단계를 확인하고 싶습니다.,사고,처리현황,S012,사고 처리 진행 문의,Y,Y,Y
VOC00364,주행 포인트가 적립되지 않았습니다 처리 방법을 안내해주세요.,운전 기록은 정상적으로 보이지만 포인트가 들어오지 않았습니다.,포인트,적립,S001,주행 포인트 미적립,Y,Y,Y
VOC00919,포인트 적립 처리 중 문의,주행 후 몇 시간이 지났는데 아직 적립 대기 상태입니다. 앱을 다시 실행해도 같은 상태입니다.,포인트,적립,S002,주행 포인트 적립 지연,Y,Y,Y
VOC02723,비밀번호 변경이 정상적으로 처리되지 않습니다,비밀번호가 기억나지 않아 재설정하려고 합니다.,회원,계정관리,S005,비밀번호 재설정,Y,Y,Y
VOC04167,안전운전 할인 적용 여부 문의,갱신 계약에 주행분석 할인 혜택이 반영되는지 문의드립니다. 확인 부탁드립니다.,보험,할인,S007,보험료 할인 적용 문의,Y,Y,Y
VOC03193,새 비밀번호 등록 문의 빠른 확인 요청드립니다.,본인 인증 후 비밀번호 재설정 화면으로 이동하지 않습니다. 확인 부탁드립니다.,회원,계정관리,S005,비밀번호 재설정,Y,Y,Y
VOC01901,포인트 사용처가 궁금합니다,현재 보유한 포인트를 어디에서 사용할 수 있는지 알려주세요.,포인트,사용,S003,포인트 사용처 문의,Y,Y,Y
VOC00560,주행 포인트가 적립되지 않았습니다 관련 기준도 함께 알려주세요.,주행 조건을 충족한 것으로 보이는데 포인트가 0으로 표시됩니다. 현재 화면에서 직접 수정할 수 없습니다.,포인트,적립,S001,주행 포인트 미적립,Y,Y,Y
VOC03069,비밀번호를 재설정하고 싶습니다,본인 인증 후 비밀번호 재설정 화면으로 이동하지 않습니다.,회원,계정관리,S005,비밀번호 재설정,Y,Y,Y
VOC08212,계약 차량 정보 불일치 앱에서 확인이 어려워 문의드립니다.,계약 기간과 보험료 정보가 가입 당시 안내와 다르게 표시됩니다.,보험,계약정보,S013,계약정보 불일치,Y,Y,Y
VOC03128,비밀번호 변경이 되지 않습니다,새 비밀번호를 입력했지만 변경이 완료안 됩니다. 처리 방법을 안내해주세요.,회원,계정관리,S005,비밀번호 재설정,Y,Y,Y
VOC03028,비밀번호 찾기 인증 오류 빠른 확인 요청드립니다.,비밀번호 변경 절차와 조건을 안내해주세요. 앱을 다시 실행해도 같은 상태입니다.,회원,계정관리,S005,비밀번호 재설정,Y,Y,Y
VOC09266,기존 전화번호 변경 문의 처리 방법을 안내해주세요.,번호 변경 후 로그인 인증 문자가 이전 번호로 발송됩니다. 필요한 확인 항목이 있다면 안내 부탁드립니다.,회원,회원정보,S014,휴대전화 번호 변경,Y,Y,Y
VOC05187,새 차량으로 바꾸고 싶어요,기존 차량을 삭제하고 새 차량을 등록하는 방법을 확인 부탁드립니다.,차량,차량정보,S008,차량정보 변경,Y,Y,Y
VOC04149,보험료 할인이 반영됐나요,앱에는 할인 대상이라고 나오는데 실제 보험료에 적용됐는지 알고 싶습니다.,보험,할인,S007,보험료 할인 적용 문의,Y,Y,Y
VOC03909,운전한 내역이 앱에 없습니다,차량은 정상적으로 운행했는데 주행 데이터가 수집되지 않은 것 같습니다.,주행,주행기록,S006,주행기록 미반영,Y,Y,Y
VOC04644,안전운전 할인 적용 여부 문의,앱에는 할인 대상이라고 나오는데 실제 보험료에 적용됐는지 알고 싶습니다.,보험,할인,S007,보험료 할인 적용 문의,Y,Y,Y
VOC00033,주행 포인트가 적립되지 않았습니다 빠른 확인 요청드립니다.,운전 기록은 정상적으로 보이지만 포인트가 들어오지 않았습니다.,포인트,적립,S001,주행 포인트 미적립,Y,Y,Y
VOC05183,앱 차량정보 수정 문의,차량을 교체해서 앱의 등록 정보를 수정하고 싶습니다.,차량,차량정보,S008,차량정보 변경,Y,Y,Y
VOC08637,보험 계약자 정보 오류,계약 기간과 보험료 정보가 가입 당시 안내와 다르게 표시됩니다.,보험,계약정보,S013,계약정보 불일치,Y,Y,Y
VOC01000,포인트 반영이 늦어지고 있습니다 관련 기준도 함께 알려주세요.,[주행종료시간]에 주행을 종료했습니다. 포인트 반영 예정 시간을 알고 싶습니다.,포인트,적립,S002,주행 포인트 적립 지연,Y,Y,Y
VOC07704,접수한 사고는 어떻게 진행되고 있나요,사고 접수 이후 진행 상황 안내를 받지 못했습니다. 관련 기준도 함께 알려주세요.,사고,처리현황,S012,사고 처리 진행 문의,Y,Y,Y
VOC01381,포인트 사용 가능 서비스 문의,보험료 결제 외에도 포인트를 사용할 수 있는 곳이 있나요?,포인트,사용,S003,포인트 사용처 문의,Y,Y,Y
VOC04650,보험료 할인 혜택이 궁금합니다 빠른 확인 요청드립니다.,안전운전 점수와 보험료 할인 적용 기준을 안내해주세요. 이전에 정상적으로 이용한 적이 있습니다.,보험,할인,S007,보험료 할인 적용 문의,Y,Y,Y
VOC00679,포인트 반영이 늦어지고 있습니다 확인 부탁드립니다.,오늘 주행을 마쳤는데 포인트가 아직 반영되지 않았습니다. 보통 얼마나 걸리나요?,포인트,적립,S002,주행 포인트 적립 지연,Y,Y,Y
VOC00944,주행 포인트는 언제 들어오나요,"포인트가 바로 들어오는지, 일정 시간이 필요한지 문의드립니다.",포인트,적립,S002,주행 포인트 적립 지연,Y,Y,Y
VOC03736,주행기록이 보이지 않습니다,[주행일]에 [출발지]-[도착지] 구간을 운전했는데 앱에서 기록이 보이지 않습니다. 동일 현상이 반복되고 있습니다.,주행,주행기록,S006,주행기록 미반영,Y,Y,Y
VOC08407,보험 계약자 정보 오류 빠른 확인 요청드립니다.,갱신한 계약이 앱에서 이전 계약으로 보입니다.,보험,계약정보,S013,계약정보 불일치,Y,Y,Y
VOC05206,등록 차량 변경 요청 앱에서 확인이 어려워 문의드립니다.,보험 계약 차량은 변경됐는데 앱에는 이전 차량이 표시됩니다. 필요한 확인 항목이 있다면 안내 부탁드립니다.,차량,차량정보,S008,차량정보 변경,Y,Y,Y
VOC05167,새 차량으로 바꾸고 싶어요,차량번호 변경 후 주행 서비스 연결 방법을 문의드립니다. 필요한 확인 항목이 있다면 안내 부탁드립니다.,차량,차량정보,S008,차량정보 변경,Y,Y,Y
VOC05087,등록 차량 변경 요청,차량번호 변경 후 주행 서비스 연결 방법을 문의드립니다.,차량,차량정보,S008,차량정보 변경,Y,Y,Y
VOC05250,등록 차량 변경 요청 처리 방법을 안내해주세요.,보험 계약 차량은 변경됐는데 앱에는 이전 차량이 표시됩니다.,차량,차량정보,S008,차량정보 변경,Y,Y,Y
VOC02162,아이디 입력 후 접속 오류,기존에 사용하던 계정으로 접속되지 않아 문의드립니다.,회원,로그인,S004,로그인 오류,Y,Y,Y
VOC04862,앱 차량정보 수정 문의 빠른 확인 요청드립니다.,보험 계약 차량은 변경됐는데 앱에는 이전 차량이 표시됩니다.,차량,차량정보,S008,차량정보 변경,Y,Y,Y
VOC06840,앱이 계속 종료됩니다,특정 메뉴에 들어가면 화면이 멈추는 현상이 반복됩니다.,앱,오류,S011,앱 실행 오류,Y,Y,Y
VOC03279,비밀번호를 재설정하고 싶습니다,본인 인증 후 비밀번호 재설정 화면으로 이동하지 않습니다. 앱을 다시 실행해도 같은 상태입니다.,회원,계정관리,S005,비밀번호 재설정,Y,Y,Y
VOC09232,휴대전화 번호를 변경하고 싶습니다,새 번호로 본인 인증을 진행하는 방법을 알려주세요.,회원,회원정보,S014,휴대전화 번호 변경,Y,Y,Y
VOC03596,운전한 내역이 앱에 없습니다,주행 종료 후에도 거리와 시간이 0으로 표시됩니다. 처리 방법을 안내해주세요.,주행,주행기록,S006,주행기록 미반영,Y,Y,Y
VOC03628,주행기록이 보이지 않습니다 관련 기준도 함께 알려주세요.,운전을 완료했지만 최근 주행 목록에 추가되지 않았습니다.,주행,주행기록,S006,주행기록 미반영,Y,Y,Y
VOC05601,회원 탈퇴를 요청합니다,앱에서 탈퇴 메뉴를 찾을 수 없어 문의드립니다.,회원,계정관리,S009,회원 탈퇴,Y,Y,Y
VOC04001,운전한 내역이 앱에 없습니다,차량은 정상적으로 운행했는데 주행 데이터가 수집되지 않은 것 같습니다.,주행,주행기록,S006,주행기록 미반영,Y,Y,Y
VOC05255,앱 차량정보 수정 문의,기존 차량을 삭제하고 새 차량을 등록하는 방법을 알려주세요. 처리 방법을 안내해주세요.,차량,차량정보,S008,차량정보 변경,Y,Y,Y
VOC04848,앱 차량정보 수정 문의 처리 방법을 안내해주세요.,기존 차량을 삭제하고 새 차량을 등록하는 방법을 확인 부탁드립니다.,차량,차량정보,S008,차량정보 변경,Y,Y,Y
VOC02888,비밀번호 찾기 인증 오류,비밀번호 변경 절차와 조건을 안내해주세요.,회원,계정관리,S005,비밀번호 재설정,Y,Y,Y
VOC09370,포인트 지급 조건 안내 요청,급가속이나 급감속 기록이 포인트 적립에 영향을 주나요?,포인트,적립기준,S015,포인트 적립 기준 문의,Y,Y,Y
VOC09858,포인트 지급 조건 안내 요청,주행거리와 운전점수에 따라 포인트가 어떻게 산정되는지 알고 싶습니다.,포인트,적립기준,S015,포인트 적립 기준 문의,Y,Y,Y
VOC03374,최근 주행기록 누락 문의,해당 시간대의 운전 내역이 누락되어 확인 요청드립니다. 빠른 확인 요청드립니다.,주행,주행기록,S006,주행기록 미반영,Y,Y,Y
VOC08460,증권 정보 수정 문의,보험 계약 정보 중 일부 항목이 잘못되어 수정 요청드립니다.,보험,계약정보,S013,계약정보 불일치,Y,Y,Y
VOC08553,계약정보가 다르게 표시됩니다,앱에 표시된 계약자명이 [계약자명]으로 되어 있는데 실제 정보와 다릅니다. 앱에서 확인이 어려워 문의드립니다.,보험,계약정보,S013,계약정보 불일치,Y,Y,Y
VOC04535,계약 할인 적용 상태 문의 관련 기준도 함께 알려주세요.,현재 운전점수 기준으로 받을 수 있는 보험료 할인율이 안내받고 싶습니다. 처리 방법을 안내해주세요.,보험,할인,S007,보험료 할인 적용 문의,Y,Y,Y
VOC03887,운전한 내역이 앱에 없습니다 확인 부탁드립니다.,주행 종료 후에도 거리와 시간이 0으로 표시됩니다. 앱을 다시 실행해도 같은 상태입니다.,주행,주행기록,S006,주행기록 미반영,Y,Y,Y
VOC08906,기존 전화번호 변경 문의 빠른 확인 요청드립니다.,휴대전화 번호를 바꿨는데 앱 회원정보에는 이전 번호가 표시됩니다. 현재 화면에서 직접 수정할 수 없습니다.,회원,회원정보,S014,휴대전화 번호 변경,Y,Y,Y
VOC09716,포인트 적립 기준이 궁금합니다,포인트를 받기 위한 최소 주행 조건이 확인하고 싶습니다.,포인트,적립기준,S015,포인트 적립 기준 문의,Y,Y,Y
VOC02472,로그인 화면에서 넘어가지 않아요,[오류코드] 메시지가 표시되면서 앱에 접속할 수 없습니다.,회원,로그인,S004,로그인 오류,Y,Y,Y
VOC01105,포인트 반영이 늦어지고 있습니다 관련 기준도 함께 알려주세요.,주행 후 몇 시간이 지났는데 아직 적립 대기 상태입니다. 확인 부탁드립니다.,포인트,적립,S002,주행 포인트 적립 지연,Y,Y,Y
VOC05410,가입 정보 삭제 요청 처리 방법을 안내해주세요.,앱에서 탈퇴 메뉴를 찾을 수 없어 문의드립니다.,회원,계정관리,S009,회원 탈퇴,Y,Y,Y
VOC03626,주행기록이 보이지 않습니다,해당 시간대의 운전 내역이 누락되어 확인 요청드립니다.,주행,주행기록,S006,주행기록 미반영,Y,Y,Y
VOC02892,비밀번호를 재설정하고 싶습니다,비밀번호 찾기 과정에서 [전화번호]로 인증번호가 오지 않습니다.,회원,계정관리,S005,비밀번호 재설정,Y,Y,Y
VOC01241,운전 후 포인트 반영 시간 문의 관련 기준도 함께 알려주세요.,오늘 주행을 마쳤는데 포인트가 아직 반영되지 않았습니다. 보통 얼마나 걸리나요? 관련 기준도 함께 알려주세요.,포인트,적립,S002,주행 포인트 적립 지연,Y,Y,Y
VOC03758,최근 주행기록 누락 문의,해당 시간대의 운전 내역이 누락되어 확인 요청드립니다.,주행,주행기록,S006,주행기록 미반영,Y,Y,Y
VOC01894,보유 포인트 사용 방법,앱에 [금액] 포인트가 있는데 사용 가능한 항목을 확인하고 싶습니다.,포인트,사용,S003,포인트 사용처 문의,Y,Y,Y
VOC01178,주행 포인트는 언제 들어오나요,[주행종료시간]에 주행을 종료했습니다. 포인트 반영 예정 시간을 알고 싶습니다. 관련 기준도 함께 알려주세요.,포인트,적립,S002,주행 포인트 적립 지연,Y,Y,Y
VOC04808,등록 차량 변경 요청,차량을 교체해서 앱의 등록 정보를 수정하고 싶습니다.,차량,차량정보,S008,차량정보 변경,Y,Y,Y
VOC05870,회원 탈퇴를 요청합니다,더 이상 서비스를 이용하지 않아 회원 탈퇴를 진행하고 싶습니다.,회원,계정관리,S009,회원 탈퇴,Y,Y,Y
VOC01410,적립 포인트는 어디서 쓰나요,현재 보유한 포인트를 어디에서 사용할 수 있는지 안내 부탁드립니다.,포인트,사용,S003,포인트 사용처 문의,Y,Y,Y
VOC04045,보험료 할인이 반영됐나요 앱에서 확인이 어려워 문의드립니다.,갱신 계약에 주행분석 할인 혜택이 반영되는지 문의드립니다.,보험,할인,S007,보험료 할인 적용 문의,Y,Y,Y
VOC03001,비밀번호 변경이 안 됩니다,본인 인증 후 비밀번호 재설정 화면으로 이동하지 않습니다.,회원,계정관리,S005,비밀번호 재설정,Y,Y,Y
VOC03546,최근 주행기록 누락 문의 빠른 확인 요청드립니다.,[날짜]에 [출발지]-[도착지] 구간을 운전했는데 앱에서 기록이 보이지 않습니다.,주행,주행기록,S006,주행기록 미반영,Y,Y,Y
VOC08204,보험 계약자 정보 오류,갱신한 계약이 앱에서 이전 계약으로 보입니다.,보험,계약정보,S013,계약정보 불일치,Y,Y,Y
VOC06781,서비스 실행 불가 문의,앱을 실행하면 [오류코드] 오류가 표시되고 바로 종료됩니다.,앱,오류,S011,앱 실행 오류,Y,Y,Y
VOC07698,보상 처리 단계 문의,[날짜]에 접수한 사고의 담당자 배정 여부가 안내받고 싶습니다.,사고,처리현황,S012,사고 처리 진행 문의,Y,Y,Y
VOC04249,계약 할인 적용 상태 문의,갱신 계약에 주행분석 할인 혜택이 반영되는지 문의드립니다. 확인 부탁드립니다.,보험,할인,S007,보험료 할인 적용 문의,Y,Y,Y
VOC04646,보험료 할인이 반영됐나요,갱신 계약에 주행분석 할인 혜택이 반영되는지 문의드립니다.,보험,할인,S007,보험료 할인 적용 문의,Y,Y,Y
VOC05137,등록 차량 변경 요청,보험 계약 차량은 변경됐는데 앱에는 이전 차량이 표시됩니다.,차량,차량정보,S008,차량정보 변경,Y,Y,Y
VOC06906,앱 화면이 멈춥니다,업데이트 이후 첫 화면에서 멈추고 다음으로 넘어가지 않습니다. 빠른 확인 요청드립니다.,앱,오류,S011,앱 실행 오류,Y,Y,Y
VOC02371,계정 접속이 불가능합니다,[에러코드] 메시지가 표시되면서 앱에 접속할 수 없습니다.,회원,로그인,S004,로그인 오류,Y,Y,Y
VOC05719,더 이상 서비스를 이용하지 않습니다,더 이상 서비스를 이용하지 않아 회원 탈퇴를 진행하고 싶습니다.,회원,계정관리,S009,회원 탈퇴,Y,Y,Y
VOC03387,운전한 내역이 앱에 없습니다,운전을 완료했지만 최근 주행 목록에 추가되지 않았습니다. 확인 부탁드립니다.,주행,주행기록,S006,주행기록 미반영,Y,Y,Y
VOC09321,회원정보의 전화번호가 다릅니다,휴대전화 번호를 바꿨는데 앱 회원정보에는 이전 번호가 표시됩니다.,회원,회원정보,S014,휴대전화 번호 변경,Y,Y,Y
VOC05907,회원 탈퇴를 요청합니다,계정과 저장된 개인정보를 삭제하는 절차를 알려주세요. 확인 부탁드립니다. 이전에 정상적으로 이용한 적이 있습니다.,회원,계정관리,S009,회원 탈퇴,Y,Y,Y
VOC05457,더 이상 서비스를 이용하지 않습니다,앱에서 탈퇴 메뉴를 찾을 수 없어 문의합니다.,회원,계정관리,S009,회원 탈퇴,Y,Y,Y
VOC08432,계약정보가 다르게 표시됩니다,보험 계약 정보 중 일부 항목이 잘못되어 수정 요청드립니다.,보험,계약정보,S013,계약정보 불일치,Y,Y,Y
VOC00433,운전했는데 포인트가 안 들어왔어요 확인 부탁드립니다.,[주행구간] 구간을 운전했는데 적립 내역이 확인되지 않습니다.,포인트,적립,S001,주행 포인트 미적립,Y,Y,Y
VOC08659,증권 정보 수정 문의,보험 계약 정보 중 일부 항목이 잘못되어 수정 요청드립니다. 필요한 확인 항목이 있다면 안내 부탁드립니다.,보험,계약정보,S013,계약정보 불일치,Y,Y,Y
VOC05513,서비스 계정을 삭제하고 싶어요,계정과 저장된 개인정보를 삭제하는 절차를 알려주세요.,회원,계정관리,S009,회원 탈퇴,Y,Y,Y
VOC07589,사고 접수 후 연락이 없습니다,보상 심사가 어느 단계까지 진행됐는지 확인 부탁드립니다.,사고,처리현황,S012,사고 처리 진행 문의,Y,Y,Y
VOC00418,운전했는데 포인트가 안 들어왔어요,주행 조건을 충족한 것으로 보이는데 포인트가 0으로 표시됩니다.,포인트,적립,S001,주행 포인트 미적립,Y,Y,Y
VOC02621,계정 접속이 불가능합니다,[에러코드] 메시지가 표시되면서 앱에 접속할 수 없습니다.,회원,로그인,S004,로그인 오류,Y,Y,Y
VOC01578,포인트를 사용할 수 있는 곳,현재 보유한 포인트를 어디에서 사용할 수 있는지 알려주세요.,포인트,사용,S003,포인트 사용처 문의,Y,Y,Y
VOC09156,휴대전화 번호를 변경하고 싶습니다 빠른 확인 요청드립니다.,번호 변경 후 로그인 인증 문자가 이전 번호로 발송됩니다.,회원,회원정보,S014,휴대전화 번호 변경,Y,Y,Y
VOC07131,앱 화면이 멈춥니다,업데이트 이후 첫 화면에서 멈추고 다음으로 넘어가지 않습니다. 필요한 확인 항목이 있다면 안내 부탁드립니다.,앱,오류,S011,앱 실행 오류,Y,Y,Y
VOC00469,주행 후 포인트가 없습니다,운전 기록은 정상적으로 보이지만 포인트가 들어오지 않았습니다.,포인트,적립,S001,주행 포인트 미적립,Y,Y,Y
VOC03856,주행기록이 보이지 않습니다,주행 종료 후에도 거리와 시간이 0으로 표시됩니다.,주행,주행기록,S006,주행기록 미반영,Y,Y,Y
VOC06481,포인트 잔액 오류 처리 방법을 안내해주세요.,결제를 취소했는데 차감된 포인트가 복구되지 않았습니다.,포인트,차감,S010,포인트 오차감,Y,Y,Y
VOC00102,주행 포인트가 적립되지 않았습니다,[주행일]에 주행을 완료했는데 포인트가 아직 적립되지 않았습니다.,포인트,적립,S001,주행 포인트 미적립,Y,Y,Y
VOC08862,기존 전화번호 변경 문의 앱에서 확인이 어려워 문의드립니다.,기존 번호 [기존전화번호]에서 새 번호 [새전화번호]로 변경하고 싶습니다. 처리 방법을 안내해주세요. 필요한 확인 항목이 있다면 안내 부탁드립니다.,회원,회원정보,S014,휴대전화 번호 변경,Y,Y,Y
VOC09141,회원정보의 전화번호가 다릅니다,등록된 연락처가 실제 사용하는 번호와 달라 수정 요청드립니다.,회원,회원정보,S014,휴대전화 번호 변경,Y,Y,Y
VOC00662,주행 포인트 미적립 문의,[주행구간] 구간을 운전했는데 적립 내역이 확인되지 않습니다.,포인트,적립,S001,주행 포인트 미적립,Y,Y,Y
VOC00233,포인트가 누락된 것 같습니다,[출발지]-[도착지] 구간을 운전했는데 적립 내역이 확인되지 않습니다. 처리 방법을 안내해주세요.,포인트,적립,S001,주행 포인트 미적립,Y,Y,Y
VOC05481,더 이상 서비스를 이용하지 않습니다,회원 탈퇴 시 남은 포인트와 주행기록이 어떻게 처리되는지 궁금합니다. 빠른 확인 요청드립니다.,회원,계정관리,S009,회원 탈퇴,Y,Y,Y
VOC04952,새 차량으로 바꾸고 싶어요,차량번호 변경 후 주행 서비스 연결 방법을 문의드립니다.,차량,차량정보,S008,차량정보 변경,Y,Y,Y
VOC08307,보험 계약자 정보 오류,증권번호 [증권번호]의 차량정보가 현재 차량과 일치하지 않습니다.,보험,계약정보,S013,계약정보 불일치,Y,Y,Y
VOC04096,계약 할인 적용 상태 문의,안전운전 점수와 보험료 할인 적용 기준을 안내해주세요. 앱에서 확인이 어려워 문의드립니다.,보험,할인,S007,보험료 할인 적용 문의,Y,Y,Y
VOC09863,포인트 적립 기준이 안내받고 싶습니다,급가속이나 급감속 기록이 포인트 적립에 영향을 주나요?,포인트,적립기준,S015,포인트 적립 기준 문의,Y,Y,Y
VOC05982,서비스 계정을 삭제하고 싶어요,앱에서 탈퇴 메뉴를 찾을 수 없어 문의드립니다.,회원,계정관리,S009,회원 탈퇴,Y,Y,Y
VOC05909,회원 탈퇴를 요청합니다,더 이상 서비스를 이용하지 않아 회원 탈퇴를 진행하고 싶습니다.,회원,계정관리,S009,회원 탈퇴,Y,Y,Y
VOC07057,앱이 계속 종료됩니다,재설치 후에도 동일하게 앱이 강제 종료됩니다.,앱,오류,S011,앱 실행 오류,Y,Y,Y
VOC04275,보험료 할인이 반영됐나요 처리 방법을 안내해주세요.,갱신 계약에 주행분석 할인 혜택이 반영되는지 문의드립니다.,보험,할인,S007,보험료 할인 적용 문의,Y,Y,Y
VOC08806,등록 연락처 수정 요청,휴대전화 번호를 바꿨는데 앱 회원정보에는 이전 번호가 표시됩니다. 빠른 확인 요청드립니다.,회원,회원정보,S014,휴대전화 번호 변경,Y,Y,Y
VOC08249,증권 정보 수정 문의,보험 계약 정보 중 일부 항목이 잘못되어 수정 요청드립니다. 필요한 확인 항목이 있다면 안내 부탁드립니다.,보험,계약정보,S013,계약정보 불일치,Y,Y,Y
VOC09402,주행 포인트 산정 방법 문의,포인트 지급 대상과 제외 조건을 자세히 안내해주세요.,포인트,적립기준,S015,포인트 적립 기준 문의,Y,Y,Y
VOC02498,아이디 입력 후 접속 오류,로그인 버튼을 눌러도 화면이 그대로입니다.,회원,로그인,S004,로그인 오류,Y,Y,Y
VOC02035,아이디 입력 후 접속 오류,로그인 버튼을 눌러도 화면이 그대로입니다.,회원,로그인,S004,로그인 오류,Y,Y,Y
VOC08036,보험 계약자 정보 오류,증권번호 [증권번호]의 차량정보가 현재 차량과 일치하지 않습니다.,보험,계약정보,S013,계약정보 불일치,Y,Y,Y
VOC09059,기존 전화번호 변경 문의,새 번호로 본인 인증을 진행하는 방법을 확인 부탁드립니다. 관련 기준도 함께 알려주세요.,회원,회원정보,S014,휴대전화 번호 변경,Y,Y,Y
VOC08841,회원정보의 전화번호가 다릅니다,기존 번호 [기존전화번호]에서 새 번호 [새전화번호]로 변경하고 싶습니다.,회원,회원정보,S014,휴대전화 번호 변경,Y,Y,Y
VOC05615,서비스 계정을 삭제하고 싶어요,본인 인증 후 탈퇴가 완료되지 않아 확인 부탁드립니다. 앱을 다시 실행해도 같은 상태입니다.,회원,계정관리,S009,회원 탈퇴,Y,Y,Y
VOC06352,포인트 차감 내역이 이상합니다 빠른 확인 요청드립니다.,사용한 적이 없는데 [금액] 포인트가 차감된 것으로 표시됩니다.,포인트,차감,S010,포인트 오차감,Y,Y,Y
VOC05070,새 차량으로 바꾸고 싶어요 처리 방법을 안내해주세요.,차량번호 변경 후 주행 서비스 연결 방법을 문의합니다.,차량,차량정보,S008,차량정보 변경,Y,Y,Y
VOC07812,접수한 사고는 어떻게 진행되고 있나요,보상 심사가 어느 단계까지 진행됐는지 확인 부탁드립니다. 확인 부탁드립니다.,사고,처리현황,S012,사고 처리 진행 문의,Y,Y,Y
VOC09097,회원정보의 전화번호가 다릅니다 관련 기준도 함께 알려주세요.,새 번호로 본인 인증을 진행하는 방법을 알려주세요.,회원,회원정보,S014,휴대전화 번호 변경,Y,Y,Y
VOC08670,새 번호로 인증받고 싶어요,번호 변경 후 로그인 인증 문자가 이전 번호로 발송됩니다. 필요한 확인 항목이 있다면 안내 부탁드립니다.,회원,회원정보,S014,휴대전화 번호 변경,Y,Y,Y
VOC00165,주행 후 포인트가 없습니다 앱에서 확인이 어려워 문의드립니다.,[주행일]에 주행을 완료했는데 포인트가 아직 적립되지 않았습니다.,포인트,적립,S001,주행 포인트 미적립,Y,Y,Y
VOC09334,기존 전화번호 변경 문의,등록된 연락처가 실제 사용하는 번호와 달라 수정 요청드립니다. 앱에서 확인이 어려워 문의드립니다.,회원,회원정보,S014,휴대전화 번호 변경,Y,Y,Y
VOC09573,포인트 지급 조건 안내 요청 처리 방법을 안내해주세요.,포인트 지급 대상과 제외 조건을 자세히 안내해주세요.,포인트,적립기준,S015,포인트 적립 기준 문의,Y,Y,Y
VOC04686,등록 차량 변경 요청,기존 차량을 삭제하고 새 차량을 등록하는 방법을 안내 부탁드립니다.,차량,차량정보,S008,차량정보 변경,Y,Y,Y
VOC06962,앱이 계속 종료됩니다,앱을 실행하면 [에러코드] 오류가 표시되고 바로 종료됩니다.,앱,오류,S011,앱 실행 오류,Y,Y,Y
VOC05078,등록 차량 변경 요청,차량을 교체해서 앱의 등록 정보를 수정하고 싶습니다. 빠른 확인 요청드립니다.,차량,차량정보,S008,차량정보 변경,Y,Y,Y
VOC04704,앱 차량정보 수정 문의,차량을 교체해서 앱의 등록 정보를 수정하고 싶습니다.,차량,차량정보,S008,차량정보 변경,Y,Y,Y
VOC01287,포인트 적립 처리 중 문의,"포인트가 바로 들어오는지, 일정 시간이 필요한지 문의드립니다. 앱에서 확인이 어려워 문의드립니다.",포인트,적립,S002,주행 포인트 적립 지연,Y,Y,Y
VOC00037,주행 포인트가 적립되지 않았습니다,지난 주행 건에 대한 포인트를 받지 못했습니다. 확인 부탁드립니다.,포인트,적립,S001,주행 포인트 미적립,Y,Y,Y
VOC08171,보험 계약자 정보 오류 관련 기준도 함께 알려주세요.,보험 계약 정보 중 일부 항목이 잘못되어 수정 요청드립니다. 처리 방법을 안내해주세요.,보험,계약정보,S013,계약정보 불일치,Y,Y,Y
VOC08221,보험 계약자 정보 오류,증권번호 [계약번호]의 차량정보가 현재 차량과 일치하지 않습니다. 현재 화면에서 직접 수정할 수 없습니다.,보험,계약정보,S013,계약정보 불일치,Y,Y,Y
VOC01942,포인트를 사용할 수 있는 곳 처리 방법을 안내해주세요.,포인트 사용 가능한 서비스와 제한 조건이 궁금합니다. 빠른 확인 요청드립니다.,포인트,사용,S003,포인트 사용처 문의,Y,Y,Y
VOC03114,비밀번호 변경이 되지 않습니다,비밀번호 찾기 과정에서 [전화번호]로 인증번호가 오지 않습니다.,회원,계정관리,S005,비밀번호 재설정,Y,Y,Y
VOC06450,포인트가 갑자기 줄었습니다 관련 기준도 함께 알려주세요.,포인트 사용 이력과 실제 잔액이 맞지 않습니다.,포인트,차감,S010,포인트 오차감,Y,Y,Y
VOC03901,최근 주행기록 누락 문의 확인 부탁드립니다.,차량은 정상적으로 운행했는데 주행 데이터가 수집되지 않은 것 같습니다.,주행,주행기록,S006,주행기록 미반영,Y,Y,Y
VOC05317,기존 차량 삭제 후 신규 등록,차량을 교체해서 앱의 등록 정보를 수정하고 싶습니다.,차량,차량정보,S008,차량정보 변경,Y,Y,Y
VOC05414,앱 회원 탈퇴 방법 문의 처리 방법을 안내해주세요.,본인 인증 후 탈퇴가 완료되지 않아 확인 부탁드립니다.,회원,계정관리,S009,회원 탈퇴,Y,Y,Y
VOC02399,앱 로그인이 되지 않습니다,[에러코드] 메시지가 표시되면서 앱에 접속할 수 없습니다.,회원,로그인,S004,로그인 오류,Y,Y,Y
VOC09185,새 번호로 인증받고 싶어요 빠른 확인 요청드립니다.,번호 변경 후 로그인 인증 문자가 이전 번호로 발송됩니다.,회원,회원정보,S014,휴대전화 번호 변경,Y,Y,Y
VOC02698,비밀번호 찾기 인증 오류,비밀번호 찾기 과정에서 [전화번호]로 인증번호가 오지 않습니다.,회원,계정관리,S005,비밀번호 재설정,Y,Y,Y
VOC00847,포인트 반영이 늦어지고 있습니다,주행 후 몇 시간이 지났는데 아직 적립 대기 상태입니다.,포인트,적립,S002,주행 포인트 적립 지연,Y,Y,Y
VOC08591,앱의 계약 내용이 맞지 않아요,보험 계약 정보 중 일부 항목이 잘못되어 수정 요청드립니다.,보험,계약정보,S013,계약정보 불일치,Y,Y,Y
VOC04340,보험료 할인 혜택이 궁금합니다,현재 운전점수 기준으로 받을 수 있는 보험료 할인율이 궁금합니다.,보험,할인,S007,보험료 할인 적용 문의,Y,Y,Y
VOC08106,계약 차량 정보 불일치,계약 기간과 보험료 정보가 가입 당시 안내와 다르게 표시됩니다.,보험,계약정보,S013,계약정보 불일치,Y,Y,Y
VOC07099,서비스 실행 불가 문의,업데이트 이후 첫 화면에서 멈추고 다음으로 넘어가지 않습니다.,앱,오류,S011,앱 실행 오류,Y,Y,Y
VOC07934,사건번호 처리 상태 확인,[주행일]에 접수한 사고의 담당자 배정 여부가 궁금합니다.,사고,처리현황,S012,사고 처리 진행 문의,Y,Y,Y
VOC00393,운전했는데 포인트가 안 들어왔어요,주행 조건을 충족한 것으로 보이는데 포인트가 0으로 표시됩니다.,포인트,적립,S001,주행 포인트 미적립,Y,Y,Y
VOC05965,앱 회원 탈퇴 방법 문의 앱에서 확인이 어려워 문의드립니다.,계정과 저장된 개인정보를 삭제하는 절차를 알려주세요.,회원,계정관리,S009,회원 탈퇴,Y,Y,Y
VOC00786,운전 후 포인트 반영 시간 문의,"포인트가 바로 들어오는지, 일정 시간이 필요한지 문의드립니다.",포인트,적립,S002,주행 포인트 적립 지연,Y,Y,Y
VOC01266,포인트 적립 처리 중 문의 빠른 확인 요청드립니다.,[접수시간]에 주행을 종료했습니다. 포인트 반영 예정 시간을 알고 싶습니다.,포인트,적립,S002,주행 포인트 적립 지연,Y,Y,Y
VOC09794,운전점수와 포인트 관계 관련 기준도 함께 알려주세요.,급가속이나 급감속 기록이 포인트 적립에 영향을 주나요? 앱에서 확인이 어려워 문의드립니다.,포인트,적립기준,S015,포인트 적립 기준 문의,Y,Y,Y
VOC09778,포인트 지급 조건 안내 요청 관련 기준도 함께 알려주세요.,주행거리와 운전점수에 따라 포인트가 어떻게 산정되는지 알고 싶습니다. 확인 부탁드립니다.,포인트,적립기준,S015,포인트 적립 기준 문의,Y,Y,Y
VOC07141,앱 화면이 멈춥니다,앱을 열면 흰 화면만 보이고 아무 기능도 사용할 수 없습니다.,앱,오류,S011,앱 실행 오류,Y,Y,Y
VOC02353,앱 로그인이 되지 않습니다,로그인 버튼을 눌러도 화면이 그대로입니다. 이전에 정상적으로 이용한 적이 있습니다.,회원,로그인,S004,로그인 오류,Y,Y,Y
VOC08291,증권 정보 수정 문의,보험 계약 정보 중 일부 항목이 잘못되어 수정 요청드립니다. 처리 방법을 안내해주세요. 앱을 다시 실행해도 같은 상태입니다.,보험,계약정보,S013,계약정보 불일치,Y,Y,Y
VOC06098,포인트가 갑자기 줄었습니다,어제 확인한 잔액과 오늘 잔액이 달라서 문의드립니다.,포인트,차감,S010,포인트 오차감,Y,Y,Y
VOC01060,포인트 적립 처리 중 문의,주행 후 몇 시간이 지났는데 아직 적립 대기 상태입니다.,포인트,적립,S002,주행 포인트 적립 지연,Y,Y,Y
VOC01534,적립 포인트는 어디서 쓰나요,앱에 [차감금액] 포인트가 있는데 사용 가능한 항목을 확인하고 싶습니다. 빠른 확인 요청드립니다.,포인트,사용,S003,포인트 사용처 문의,Y,Y,Y
VOC03928,최근 주행기록 누락 문의,해당 시간대의 운전 내역이 누락되어 확인 요청드립니다.,주행,주행기록,S006,주행기록 미반영,Y,Y,Y
VOC03216,비밀번호가 기억나지 않아요,새 비밀번호를 입력했지만 변경이 완료되지 않습니다.,회원,계정관리,S005,비밀번호 재설정,Y,Y,Y
VOC00577,주행 후 포인트가 없습니다,지난 주행 건에 대한 포인트를 받지 못했습니다. 확인 부탁드립니다.,포인트,적립,S001,주행 포인트 미적립,Y,Y,Y
VOC02202,아이디 입력 후 접속 오류,여러 번 시도했지만 인증 후 다시 로그인 화면으로 돌아옵니다. 확인 부탁드립니다.,회원,로그인,S004,로그인 오류,Y,Y,Y
VOC05297,기존 차량 삭제 후 신규 등록,보험 계약 차량은 변경됐는데 앱에는 이전 차량이 표시됩니다.,차량,차량정보,S008,차량정보 변경,Y,Y,Y
VOC04383,보험료 할인 혜택이 안내받고 싶습니다,갱신 계약에 주행분석 할인 혜택이 반영되는지 문의드립니다.,보험,할인,S007,보험료 할인 적용 문의,Y,Y,Y
VOC05717,가입 정보 삭제 요청,더 이상 서비스를 이용하지 않아 회원 탈퇴를 진행하고 싶습니다.,회원,계정관리,S009,회원 탈퇴,Y,Y,Y
VOC05118,새 차량으로 바꾸고 싶어요,기존 차량 [차량번호]에서 새 차량 [새차량번호]로 변경했습니다.,차량,차량정보,S008,차량정보 변경,Y,Y,Y
VOC04652,계약 할인 적용 상태 문의,앱에는 할인 대상이라고 나오는데 실제 보험료에 적용됐는지 알고 싶습니다.,보험,할인,S007,보험료 할인 적용 문의,Y,Y,Y
VOC08331,증권 정보 수정 문의 처리 방법을 안내해주세요.,앱에 표시된 계약자명이 [계약자명]으로 되어 있는데 실제 정보와 다릅니다.,보험,계약정보,S013,계약정보 불일치,Y,Y,Y
VOC03992,최근 주행기록 누락 문의,주행 종료 후에도 거리와 시간이 0으로 표시됩니다.,주행,주행기록,S006,주행기록 미반영,Y,Y,Y
VOC04639,보험료 할인 혜택이 궁금합니다,갱신 계약에 주행분석 할인 혜택이 반영되는지 문의드립니다.,보험,할인,S007,보험료 할인 적용 문의,Y,Y,Y
VOC02669,새 비밀번호 등록 문의,비밀번호가 기억나지 않아 재설정하려고 합니다.,회원,계정관리,S005,비밀번호 재설정,Y,Y,Y
VOC04271,계약 할인 적용 상태 문의,앱에는 할인 대상이라고 나오는데 실제 보험료에 적용됐는지 알고 싶습니다. 확인 부탁드립니다.,보험,할인,S007,보험료 할인 적용 문의,Y,Y,Y
VOC05086,기존 차량 삭제 후 신규 등록,보험 계약 차량은 변경됐는데 앱에는 이전 차량이 표시됩니다. 필요한 확인 항목이 있다면 안내 부탁드립니다.,차량,차량정보,S008,차량정보 변경,Y,Y,Y
VOC05534,더 이상 서비스를 이용하지 않습니다,더 이상 서비스를 이용하지 않아 회원 탈퇴를 진행하고 싶습니다.,회원,계정관리,S009,회원 탈퇴,Y,Y,Y
VOC04785,등록 차량 변경 요청 관련 기준도 함께 알려주세요.,기존 차량 [기존차량번호]에서 새 차량 [변경차량번호]로 변경했습니다.,차량,차량정보,S008,차량정보 변경,Y,Y,Y
VOC04440,계약 할인 적용 상태 문의,갱신 계약에 주행분석 할인 혜택이 반영되는지 문의드립니다.,보험,할인,S007,보험료 할인 적용 문의,Y,Y,Y
VOC07738,접수한 사고는 어떻게 진행되고 있나요,사건번호 [사고접수번호]와 관련해 현재 처리 단계를 확인하고 싶습니다. 앱에서 확인이 어려워 문의드립니다.,사고,처리현황,S012,사고 처리 진행 문의,Y,Y,Y
VOC01097,주행 포인트는 언제 들어오나요 처리 방법을 안내해주세요.,주행 후 몇 시간이 지났는데 아직 적립 대기 상태입니다.,포인트,적립,S002,주행 포인트 적립 지연,Y,Y,Y
VOC05017,새 차량으로 바꾸고 싶어요,보험 계약 차량은 변경됐는데 앱에는 이전 차량이 표시됩니다. 처리 방법을 안내해주세요.,차량,차량정보,S008,차량정보 변경,Y,Y,Y
VOC01669,적립 포인트는 어디서 쓰나요,현재 보유한 포인트를 어디에서 사용할 수 있는지 알려주세요.,포인트,사용,S003,포인트 사용처 문의,Y,Y,Y
VOC02889,비밀번호 변경이 되지 않습니다 처리 방법을 안내해주세요.,본인 인증 후 비밀번호 재설정 화면으로 이동하지 않습니다.,회원,계정관리,S005,비밀번호 재설정,Y,Y,Y
VOC01903,적립 포인트는 어디서 쓰나요 앱에서 확인이 어려워 문의드립니다.,적립된 포인트의 사용처와 사용 절차를 안내 부탁드립니다.,포인트,사용,S003,포인트 사용처 문의,Y,Y,Y
VOC00870,포인트 반영이 늦어지고 있습니다 앱에서 확인이 어려워 문의드립니다.,[접수시간]에 주행을 종료했습니다. 포인트 반영 예정 시간을 알고 싶습니다.,포인트,적립,S002,주행 포인트 적립 지연,Y,Y,Y
VOC05827,회원 탈퇴를 요청합니다,계정과 저장된 개인정보를 삭제하는 절차를 알려주세요.,회원,계정관리,S009,회원 탈퇴,Y,Y,Y
VOC06630,잘못 차감된 포인트 문의,포인트 사용 이력과 실제 잔액이 맞지 않습니다.,포인트,차감,S010,포인트 오차감,Y,Y,Y
VOC08290,계약정보가 다르게 표시됩니다,증권번호 [계약번호]의 차량정보가 현재 차량과 일치하지 않습니다. 확인 부탁드립니다.,보험,계약정보,S013,계약정보 불일치,Y,Y,Y
VOC05941,서비스 계정을 삭제하고 싶어요,더 이상 서비스를 이용하지 않아 회원 탈퇴를 진행하고 싶습니다. 확인 부탁드립니다.,회원,계정관리,S009,회원 탈퇴,Y,Y,Y
VOC09729,운전점수와 포인트 관계,포인트를 받기 위한 최소 주행 조건이 궁금합니다.,포인트,적립기준,S015,포인트 적립 기준 문의,Y,Y,Y
VOC04511,보험료 할인이 반영됐나요,증권번호 [계약번호] 계약에 안전운전 할인이 적용됐는지 확인하고 싶습니다.,보험,할인,S007,보험료 할인 적용 문의,Y,Y,Y
VOC01507,포인트 사용 가능 서비스 문의,보험료 결제 외에도 포인트를 사용할 수 있는 곳이 있나요?,포인트,사용,S003,포인트 사용처 문의,Y,Y,Y
VOC03979,최근 주행기록 누락 문의,차량은 정상적으로 운행했는데 주행 데이터가 수집되지 않은 것 같습니다.,주행,주행기록,S006,주행기록 미반영,Y,Y,Y
VOC02918,비밀번호가 기억나지 않아요,새 비밀번호를 입력했지만 변경이 완료되지 않습니다.,회원,계정관리,S005,비밀번호 재설정,Y,Y,Y
VOC04369,보험료 할인 혜택이 궁금합니다,증권번호 [증권번호] 계약에 안전운전 할인이 적용됐는지 확인하고 싶습니다.,보험,할인,S007,보험료 할인 적용 문의,Y,Y,Y
VOC07889,접수한 사고는 어떻게 진행되고 있나요 관련 기준도 함께 알려주세요.,사고 접수 이후 진행 상황 안내를 받지 못했습니다.,사고,처리현황,S012,사고 처리 진행 문의,Y,Y,Y
VOC09641,주행 포인트 산정 방법 문의,포인트 지급 대상과 제외 조건을 자세히 안내해주세요. 관련 기준도 함께 알려주세요.,포인트,적립기준,S015,포인트 적립 기준 문의,Y,Y,Y
VOC05630,앱 회원 탈퇴 방법 문의,더 이상 서비스를 이용하지 않아 회원 탈퇴를 진행하고 싶습니다.,회원,계정관리,S009,회원 탈퇴,Y,Y,Y
VOC08502,계약 차량 정보 불일치,갱신한 계약이 앱에서 이전 계약으로 보입니다.,보험,계약정보,S013,계약정보 불일치,Y,Y,Y
VOC01619,적립 포인트는 어디서 쓰나요,앱에 [금액] 포인트가 있는데 사용 가능한 항목을 확인하고 싶습니다. 앱에서 확인이 어려워 문의드립니다.,포인트,사용,S003,포인트 사용처 문의,Y,Y,Y
VOC05047,앱 차량정보 수정 문의,보험 계약 차량은 변경됐는데 앱에는 이전 차량이 표시됩니다.,차량,차량정보,S008,차량정보 변경,Y,Y,Y
VOC07963,사고 처리 진행 상황 문의,사고 접수 이후 진행 상황 안내를 받지 못했습니다. 동일 현상이 반복되고 있습니다.,사고,처리현황,S012,사고 처리 진행 문의,Y,Y,Y
VOC09400,포인트 적립 기준이 궁금합니다,포인트를 받기 위한 최소 주행 조건이 확인하고 싶습니다. 동일 현상이 반복되고 있습니다.,포인트,적립기준,S015,포인트 적립 기준 문의,Y,Y,Y
VOC01479,적립 포인트는 어디서 쓰나요,보험료 결제 외에도 포인트를 사용할 수 있는 곳이 있나요?,포인트,사용,S003,포인트 사용처 문의,Y,Y,Y
VOC04883,새 차량으로 바꾸고 싶어요,보험 계약 차량은 변경됐는데 앱에는 이전 차량이 표시됩니다.,차량,차량정보,S008,차량정보 변경,Y,Y,Y
VOC09354,운전점수와 포인트 관계 빠른 확인 요청드립니다.,포인트를 받기 위한 최소 주행 조건이 확인하고 싶습니다. 동일 현상이 반복되고 있습니다.,포인트,적립기준,S015,포인트 적립 기준 문의,Y,Y,Y
VOC00442,운전했는데 포인트가 안 들어왔어요 처리 방법을 안내해주세요.,운전 기록은 정상적으로 보이지만 포인트가 들어오지 않았습니다.,포인트,적립,S001,주행 포인트 미적립,Y,Y,Y
VOC01325,주행 포인트는 언제 들어오나요,[시간]에 주행을 종료했습니다. 포인트 반영 예정 시간을 알고 싶습니다.,포인트,적립,S002,주행 포인트 적립 지연,Y,Y,Y
VOC08470,증권 정보 수정 문의,증권번호 [계약번호]의 차량정보가 현재 차량과 일치하지 않습니다.,보험,계약정보,S013,계약정보 불일치,Y,Y,Y
VOC08924,등록 연락처 수정 요청,번호 변경 후 로그인 인증 문자가 이전 번호로 발송됩니다.,회원,회원정보,S014,휴대전화 번호 변경,Y,Y,Y
VOC06000,서비스 계정을 삭제하고 싶어요,계정과 저장된 개인정보를 삭제하는 절차를 안내 부탁드립니다.,회원,계정관리,S009,회원 탈퇴,Y,Y,Y
VOC08654,계약정보가 다르게 표시됩니다,앱에 표시된 계약자명이 [계약자명]으로 되어 있는데 실제 정보와 다릅니다.,보험,계약정보,S013,계약정보 불일치,Y,Y,Y
VOC06673,업데이트 후 앱이 열리지 않아요,특정 메뉴에 들어가면 화면이 멈추는 현상이 반복됩니다.,앱,오류,S011,앱 실행 오류,Y,Y,Y
VOC02915,비밀번호 찾기 인증 오류,새 비밀번호를 입력했지만 변경이 완료되지 않습니다.,회원,계정관리,S005,비밀번호 재설정,Y,Y,Y
VOC07606,사고 처리 진행 상황 문의,사고 접수 이후 진행 상황 안내를 받지 못했습니다.,사고,처리현황,S012,사고 처리 진행 문의,Y,Y,Y
VOC01592,포인트 사용 가능 서비스 문의,현재 보유한 포인트를 어디에서 사용할 수 있는지 알려주세요.,포인트,사용,S003,포인트 사용처 문의,Y,Y,Y
VOC09765,포인트 적립 기준이 궁금합니다,주행거리와 운전점수에 따라 포인트가 어떻게 산정되는지 알고 싶습니다. 앱에서 확인이 어려워 문의드립니다.,포인트,적립기준,S015,포인트 적립 기준 문의,Y,Y,Y
VOC09999,어떤 주행이 포인트 대상인가요,포인트를 받기 위한 최소 주행 조건이 궁금합니다.,포인트,적립기준,S015,포인트 적립 기준 문의,Y,Y,Y
VOC03156,비밀번호를 재설정하고 싶습니다,새 비밀번호를 입력했지만 변경이 완료되지 않습니다.,회원,계정관리,S005,비밀번호 재설정,Y,Y,Y
VOC01263,주행 포인트는 언제 들어오나요,[시간]에 주행을 종료했습니다. 포인트 반영 예정 시간을 알고 싶습니다. 이전에 정상적으로 이용한 적이 있습니다.,포인트,적립,S002,주행 포인트 적립 지연,Y,Y,Y
VOC00634,주행 포인트 미적립 문의,운전 기록은 정상적으로 보이지만 포인트가 들어오지 않았습니다. 현재 화면에서 직접 수정할 수 없습니다.,포인트,적립,S001,주행 포인트 미적립,Y,Y,Y
VOC08388,앱의 계약 내용이 맞지 않아요 관련 기준도 함께 알려주세요.,갱신한 계약이 앱에서 이전 계약으로 보입니다.,보험,계약정보,S013,계약정보 불일치,Y,Y,Y
VOC05232,기존 차량 삭제 후 신규 등록,기존 차량 [기존차량번호]에서 새 차량 [새차량번호]로 변경했습니다.,차량,차량정보,S008,차량정보 변경,Y,Y,Y
VOC01208,포인트 적립 처리 중 문의 처리 방법을 안내해주세요.,"포인트가 바로 들어오는지, 일정 시간이 필요한지 문의드립니다.",포인트,적립,S002,주행 포인트 적립 지연,Y,Y,Y
VOC03551,앱에서 운전 기록 확인 불가,차량은 정상적으로 운행했는데 주행 데이터가 수집되지 않은 것 같습니다. 확인 부탁드립니다.,주행,주행기록,S006,주행기록 미반영,Y,Y,Y
VOC08002,사고 접수 후 연락이 없습니다,사고 접수 이후 진행 상황 안내를 받지 못했습니다.,사고,처리현황,S012,사고 처리 진행 문의,Y,Y,Y
VOC09286,회원정보의 전화번호가 다릅니다,기존 번호 [전화번호]에서 새 번호 [변경전화번호]로 변경하고 싶습니다. 동일 현상이 반복되고 있습니다.,회원,회원정보,S014,휴대전화 번호 변경,Y,Y,Y
VOC01419,보유 포인트 사용 방법,포인트 사용 가능한 서비스와 제한 조건이 궁금합니다. 이전에 정상적으로 이용한 적이 있습니다.,포인트,사용,S003,포인트 사용처 문의,Y,Y,Y
VOC06878,업데이트 후 앱이 열리지 않아요 처리 방법을 안내해주세요.,특정 메뉴에 들어가면 화면이 멈추는 현상이 반복됩니다.,앱,오류,S011,앱 실행 오류,Y,Y,Y
VOC07752,사고 처리 진행 상황 문의,사건번호 [사건번호]와 관련해 현재 처리 단계를 확인하고 싶습니다.,사고,처리현황,S012,사고 처리 진행 문의,Y,Y,Y
VOC02972,비밀번호 변경이 되지 않습니다,비밀번호 변경 절차와 조건을 안내해주세요.,회원,계정관리,S005,비밀번호 재설정,Y,Y,Y
VOC02405,아이디 입력 후 접속 오류 빠른 확인 요청드립니다.,여러 번 시도했지만 인증 후 다시 로그인 화면으로 돌아옵니다.,회원,로그인,S004,로그인 오류,Y,Y,Y
VOC06046,포인트 차감 내역이 이상합니다 앱에서 확인이 어려워 문의드립니다.,사용한 적이 없는데 [차감금액] 포인트가 차감된 것으로 표시됩니다. 필요한 확인 항목이 있다면 안내 부탁드립니다.,포인트,차감,S010,포인트 오차감,Y,Y,Y
VOC02906,비밀번호 변경이 안 됩니다 앱에서 확인이 어려워 문의드립니다.,새 비밀번호를 입력했지만 변경이 완료되지 않습니다. 관련 기준도 함께 알려주세요.,회원,계정관리,S005,비밀번호 재설정,Y,Y,Y
VOC09885,주행 포인트 산정 방법 문의 빠른 확인 요청드립니다.,주행거리와 운전점수에 따라 포인트가 어떻게 산정되는지 알고 싶습니다.,포인트,적립기준,S015,포인트 적립 기준 문의,Y,Y,Y
VOC00291,주행 포인트가 적립되지 않았습니다,[출발지]-[도착지] 구간을 운전했는데 적립 내역이 확인되지 않습니다. 동일 현상이 반복되고 있습니다.,포인트,적립,S001,주행 포인트 미적립,Y,Y,Y
VOC05224,차량을 변경했습니다,차량을 교체해서 앱의 등록 정보를 수정하고 싶습니다.,차량,차량정보,S008,차량정보 변경,Y,Y,Y
VOC09913,주행 포인트 산정 방법 문의 앱에서 확인이 어려워 문의드립니다.,포인트를 받기 위한 최소 주행 조건이 궁금합니다. 이전에 정상적으로 이용한 적이 있습니다.,포인트,적립기준,S015,포인트 적립 기준 문의,Y,Y,Y
VOC00621,주행 포인트가 적립되지 않았습니다,주행 조건을 충족한 것으로 보이는데 포인트가 0으로 표시됩니다.,포인트,적립,S001,주행 포인트 미적립,Y,Y,Y
VOC04544,보험료 할인이 반영됐나요,안전운전 점수와 보험료 할인 적용 기준을 안내해주세요.,보험,할인,S007,보험료 할인 적용 문의,Y,Y,Y
VOC04749,등록 차량 변경 요청,보험 계약 차량은 변경됐는데 앱에는 이전 차량이 표시됩니다. 확인 부탁드립니다.,차량,차량정보,S008,차량정보 변경,Y,Y,Y
VOC07232,업데이트 후 앱이 열리지 않아요,앱을 열면 흰 화면만 보이고 아무 기능도 사용할 수 없습니다. 빠른 확인 요청드립니다. 앱을 다시 실행해도 같은 상태입니다.,앱,오류,S011,앱 실행 오류,Y,Y,Y
VOC01613,포인트를 사용할 수 있는 곳 빠른 확인 요청드립니다.,현재 보유한 포인트를 어디에서 사용할 수 있는지 알려주세요. 현재 화면에서 직접 수정할 수 없습니다.,포인트,사용,S003,포인트 사용처 문의,Y,Y,Y
VOC04347,보험료 할인이 반영됐나요,증권번호 [증권번호] 계약에 안전운전 할인이 적용됐는지 확인하고 싶습니다.,보험,할인,S007,보험료 할인 적용 문의,Y,Y,Y
VOC09168,기존 전화번호 변경 문의,번호 변경 후 로그인 인증 문자가 이전 번호로 발송됩니다. 동일 현상이 반복되고 있습니다.,회원,회원정보,S014,휴대전화 번호 변경,Y,Y,Y
VOC01591,포인트를 사용할 수 있는 곳,앱에 [포인트수량] 포인트가 있는데 사용 가능한 항목을 확인하고 싶습니다. 처리 방법을 안내해주세요.,포인트,사용,S003,포인트 사용처 문의,Y,Y,Y
VOC08576,계약정보가 다르게 표시됩니다 관련 기준도 함께 알려주세요.,증권번호 [증권번호]의 차량정보가 현재 차량과 일치하지 않습니다.,보험,계약정보,S013,계약정보 불일치,Y,Y,Y
VOC04821,앱 차량정보 수정 문의 관련 기준도 함께 알려주세요.,보험 계약 차량은 변경됐는데 앱에는 이전 차량이 표시됩니다.,차량,차량정보,S008,차량정보 변경,Y,Y,Y
VOC07929,사고 접수 후 연락이 없습니다 관련 기준도 함께 알려주세요.,사건번호 [사건번호]와 관련해 현재 처리 단계를 확인하고 싶습니다. 앱에서 확인이 어려워 문의드립니다.,사고,처리현황,S012,사고 처리 진행 문의,Y,Y,Y
VOC04374,보험료 할인이 반영됐나요,앱에는 할인 대상이라고 나오는데 실제 보험료에 적용됐는지 알고 싶습니다. 앱에서 확인이 어려워 문의드립니다.,보험,할인,S007,보험료 할인 적용 문의,Y,Y,Y
VOC07024,업데이트 후 앱이 열리지 않아요,앱을 열면 흰 화면만 보이고 아무 기능도 사용할 수 없습니다.,앱,오류,S011,앱 실행 오류,Y,Y,Y
VOC00851,포인트 반영이 늦어지고 있습니다,방금 운전한 기록은 보이는데 포인트는 처리 중으로 표시됩니다.,포인트,적립,S002,주행 포인트 적립 지연,Y,Y,Y
VOC08633,계약정보가 다르게 표시됩니다 빠른 확인 요청드립니다.,증권번호 [증권번호]의 차량정보가 현재 차량과 일치하지 않습니다.,보험,계약정보,S013,계약정보 불일치,Y,Y,Y
VOC06739,서비스 실행 불가 문의 앱에서 확인이 어려워 문의드립니다.,앱을 실행하면 [에러코드] 오류가 표시되고 바로 종료됩니다.,앱,오류,S011,앱 실행 오류,Y,Y,Y
VOC04690,차량을 변경했습니다,기존 차량을 삭제하고 새 차량을 등록하는 방법을 알려주세요. 처리 방법을 안내해주세요.,차량,차량정보,S008,차량정보 변경,Y,Y,Y
VOC09326,회원정보의 전화번호가 다릅니다,새 번호로 본인 인증을 진행하는 방법을 확인 부탁드립니다.,회원,회원정보,S014,휴대전화 번호 변경,Y,Y,Y
VOC01754,보유 포인트 사용 방법 확인 부탁드립니다.,적립된 포인트의 사용처와 사용 절차를 안내 부탁드립니다.,포인트,사용,S003,포인트 사용처 문의,Y,Y,Y
VOC06960,서비스 실행 불가 문의,업데이트 이후 첫 화면에서 멈추고 다음으로 넘어가지 않습니다.,앱,오류,S011,앱 실행 오류,Y,Y,Y
VOC08230,계약 차량 정보 불일치,계약 기간과 보험료 정보가 가입 당시 안내와 다르게 표시됩니다. 처리 방법을 안내해주세요.,보험,계약정보,S013,계약정보 불일치,Y,Y,Y
VOC04427,계약 할인 적용 상태 문의,갱신 계약에 주행분석 할인 혜택이 반영되는지 문의드립니다. 앱에서 확인이 어려워 문의드립니다.,보험,할인,S007,보험료 할인 적용 문의,Y,Y,Y
VOC00517,포인트가 누락된 것 같습니다 빠른 확인 요청드립니다.,주행 조건을 충족한 것으로 보이는데 포인트가 0으로 표시됩니다.,포인트,적립,S001,주행 포인트 미적립,Y,Y,Y
VOC09810,주행 포인트 산정 방법 문의,짧은 거리 주행도 포인트 적립 대상인지 문의드립니다. 처리 방법을 안내해주세요. 이전에 정상적으로 이용한 적이 있습니다.,포인트,적립기준,S015,포인트 적립 기준 문의,Y,Y,Y
VOC04068,주행점수 할인 확인 요청,현재 운전점수 기준으로 받을 수 있는 보험료 할인율이 궁금합니다.,보험,할인,S007,보험료 할인 적용 문의,Y,Y,Y
VOC05244,차량을 변경했습니다 처리 방법을 안내해주세요.,차량번호 변경 후 주행 서비스 연결 방법을 문의드립니다. 처리 방법을 안내해주세요.,차량,차량정보,S008,차량정보 변경,Y,Y,Y
VOC03916,주행기록이 보이지 않습니다,해당 시간대의 운전 내역이 누락되어 확인 요청드립니다.,주행,주행기록,S006,주행기록 미반영,Y,Y,Y
VOC04995,기존 차량 삭제 후 신규 등록,기존 차량 [차량번호]에서 새 차량 [새차량번호]로 변경했습니다. 처리 방법을 안내해주세요.,차량,차량정보,S008,차량정보 변경,Y,Y,Y
VOC02826,비밀번호를 재설정하고 싶습니다,새 비밀번호를 입력했지만 변경이 완료되지 않습니다.,회원,계정관리,S005,비밀번호 재설정,Y,Y,Y
VOC05013,차량을 변경했습니다,차량번호 변경 후 주행 서비스 연결 방법을 문의드립니다.,차량,차량정보,S008,차량정보 변경,Y,Y,Y
VOC08588,증권 정보 수정 문의,계약 기간과 보험료 정보가 가입 당시 안내와 다르게 표시됩니다.,보험,계약정보,S013,계약정보 불일치,Y,Y,Y
VOC03725,주행기록이 보이지 않습니다 확인 부탁드립니다.,주행 종료 후에도 거리와 시간이 0으로 표시됩니다.,주행,주행기록,S006,주행기록 미반영,Y,Y,Y
VOC04948,기존 차량 삭제 후 신규 등록 관련 기준도 함께 알려주세요.,기존 차량을 삭제하고 새 차량을 등록하는 방법을 알려주세요.,차량,차량정보,S008,차량정보 변경,Y,Y,Y
VOC03801,앱에서 운전 기록 확인 불가 확인 부탁드립니다.,차량은 정상적으로 운행했는데 주행 데이터가 수집되지 않은 것 같습니다.,주행,주행기록,S006,주행기록 미반영,Y,Y,Y
VOC00630,포인트가 누락된 것 같습니다,운전 기록은 정상적으로 보이지만 포인트가 들어오지 않았습니다.,포인트,적립,S001,주행 포인트 미적립,Y,Y,Y
VOC04130,안전운전 할인 적용 여부 문의 앱에서 확인이 어려워 문의드립니다.,현재 운전점수 기준으로 받을 수 있는 보험료 할인율이 궁금합니다.,보험,할인,S007,보험료 할인 적용 문의,Y,Y,Y
VOC02207,계속 로그인에 실패합니다,[에러코드] 메시지가 표시되면서 앱에 접속할 수 없습니다. 관련 기준도 함께 알려주세요.,회원,로그인,S004,로그인 오류,Y,Y,Y
VOC09049,등록 연락처 수정 요청 앱에서 확인이 어려워 문의드립니다.,기존 번호 [전화번호]에서 새 번호 [변경전화번호]로 변경하고 싶습니다.,회원,회원정보,S014,휴대전화 번호 변경,Y,Y,Y
VOC08799,휴대전화 번호를 변경하고 싶습니다,번호 변경 후 로그인 인증 문자가 이전 번호로 발송됩니다.,회원,회원정보,S014,휴대전화 번호 변경,Y,Y,Y
VOC00909,주행 포인트는 언제 들어오나요 관련 기준도 함께 알려주세요.,방금 운전한 기록은 보이는데 포인트는 처리 중으로 표시됩니다. 확인 부탁드립니다.,포인트,적립,S002,주행 포인트 적립 지연,Y,Y,Y
VOC08465,보험 계약자 정보 오류,보험 계약 정보 중 일부 항목이 잘못되어 수정 요청드립니다.,보험,계약정보,S013,계약정보 불일치,Y,Y,Y
VOC02094,아이디 입력 후 접속 오류 관련 기준도 함께 알려주세요.,여러 번 시도했지만 인증 후 다시 로그인 화면으로 돌아옵니다.,회원,로그인,S004,로그인 오류,Y,Y,Y
VOC00062,주행 후 포인트가 없습니다,지난 주행 건에 대한 포인트를 받지 못했습니다. 확인 부탁드립니다.,포인트,적립,S001,주행 포인트 미적립,Y,Y,Y
VOC07659,보상 처리 단계 문의 관련 기준도 함께 알려주세요.,사건번호 [사고접수번호]와 관련해 현재 처리 단계를 확인하고 싶습니다.,사고,처리현황,S012,사고 처리 진행 문의,Y,Y,Y
VOC07421,보상 처리 단계 문의,보상 심사가 어느 단계까지 진행됐는지 확인 부탁드립니다. 처리 방법을 안내해주세요.,사고,처리현황,S012,사고 처리 진행 문의,Y,Y,Y
VOC07231,앱이 계속 종료됩니다,업데이트 이후 첫 화면에서 멈추고 다음으로 넘어가지 않습니다.,앱,오류,S011,앱 실행 오류,Y,Y,Y
VOC08951,기존 전화번호 변경 문의,기존 번호 [전화번호]에서 새 번호 [변경전화번호]로 변경하고 싶습니다. 현재 화면에서 직접 수정할 수 없습니다.,회원,회원정보,S014,휴대전화 번호 변경,Y,Y,Y
VOC07489,사건번호 처리 상태 확인,제출한 서류가 정상적으로 접수됐는지 알고 싶습니다.,사고,처리현황,S012,사고 처리 진행 문의,Y,Y,Y
VOC08900,새 번호로 인증받고 싶어요,등록된 연락처가 실제 사용하는 번호와 달라 수정 요청드립니다.,회원,회원정보,S014,휴대전화 번호 변경,Y,Y,Y
VOC05642,회원 탈퇴를 요청합니다,더 이상 서비스를 이용하지 않아 회원 탈퇴를 진행하고 싶습니다. 동일 현상이 반복되고 있습니다.,회원,계정관리,S009,회원 탈퇴,Y,Y,Y
VOC04814,기존 차량 삭제 후 신규 등록,기존 차량 [기존차량번호]에서 새 차량 [변경차량번호]로 변경했습니다. 처리 방법을 안내해주세요.,차량,차량정보,S008,차량정보 변경,Y,Y,Y
VOC01611,보유 포인트 사용 방법,현재 보유한 포인트를 어디에서 사용할 수 있는지 알려주세요. 관련 기준도 함께 알려주세요.,포인트,사용,S003,포인트 사용처 문의,Y,Y,Y
VOC05490,서비스 계정을 삭제하고 싶어요,더 이상 서비스를 이용하지 않아 회원 탈퇴를 진행하고 싶습니다.,회원,계정관리,S009,회원 탈퇴,Y,Y,Y
VOC01989,포인트 사용처가 궁금합니다,현재 보유한 포인트를 어디에서 사용할 수 있는지 안내 부탁드립니다. 필요한 확인 항목이 있다면 안내 부탁드립니다.,포인트,사용,S003,포인트 사용처 문의,Y,Y,Y
VOC02748,비밀번호 찾기 인증 오류,새 비밀번호를 입력했지만 변경이 완료정상적으로 처리되지 않습니다. 앱에서 확인이 어려워 문의드립니다.,회원,계정관리,S005,비밀번호 재설정,Y,Y,Y
VOC00566,주행 포인트 미적립 문의,지난 주행 건에 대한 포인트를 받지 못했습니다. 확인 부탁드립니다. 필요한 확인 항목이 있다면 안내 부탁드립니다.,포인트,적립,S001,주행 포인트 미적립,Y,Y,Y
VOC09733,포인트 지급 조건 안내 요청,짧은 거리 주행도 포인트 적립 대상인지 문의드립니다. 확인 부탁드립니다.,포인트,적립기준,S015,포인트 적립 기준 문의,Y,Y,Y
VOC07236,앱이 계속 종료됩니다,앱을 열면 흰 화면만 보이고 아무 기능도 사용할 수 없습니다. 앱에서 확인이 어려워 문의드립니다. 현재 화면에서 직접 수정할 수 없습니다.,앱,오류,S011,앱 실행 오류,Y,Y,Y
VOC00126,운전했는데 포인트가 안 들어왔어요,[접수일]에 주행을 완료했는데 포인트가 아직 적립되지 않았습니다.,포인트,적립,S001,주행 포인트 미적립,Y,Y,Y
VOC03285,비밀번호 찾기 인증 오류,본인 인증 후 비밀번호 재설정 화면으로 이동하지 않습니다.,회원,계정관리,S005,비밀번호 재설정,Y,Y,Y
VOC02769,비밀번호를 재설정하고 싶습니다 관련 기준도 함께 알려주세요.,새 비밀번호를 입력했지만 변경이 완료되지 않습니다.,회원,계정관리,S005,비밀번호 재설정,Y,Y,Y
VOC03712,주행 데이터가 반영되지 않았어요,주행 종료 후에도 거리와 시간이 0으로 표시됩니다. 관련 기준도 함께 알려주세요.,주행,주행기록,S006,주행기록 미반영,Y,Y,Y
VOC08265,계약 차량 정보 불일치,보험 계약 정보 중 일부 항목이 잘못되어 수정 요청드립니다. 동일 현상이 반복되고 있습니다.,보험,계약정보,S013,계약정보 불일치,Y,Y,Y
VOC03281,비밀번호 찾기 인증 오류 처리 방법을 안내해주세요.,비밀번호 찾기 과정에서 [전화번호]로 인증번호가 오지 않습니다. 확인 부탁드립니다.,회원,계정관리,S005,비밀번호 재설정,Y,Y,Y
VOC04239,주행점수 할인 확인 요청,안전운전 점수와 보험료 할인 적용 기준을 안내해주세요.,보험,할인,S007,보험료 할인 적용 문의,Y,Y,Y
VOC02270,아이디 입력 후 접속 오류 빠른 확인 요청드립니다.,[오류코드] 메시지가 표시되면서 앱에 접속할 수 없습니다.,회원,로그인,S004,로그인 오류,Y,Y,Y
VOC09596,운전점수와 포인트 관계,주행거리와 운전점수에 따라 포인트가 어떻게 산정되는지 알고 싶습니다.,포인트,적립기준,S015,포인트 적립 기준 문의,Y,Y,Y
VOC02924,비밀번호 변경이 되지 않습니다,새 비밀번호를 입력했지만 변경이 완료되지 않습니다.,회원,계정관리,S005,비밀번호 재설정,Y,Y,Y
VOC06262,포인트 차감 내역이 이상합니다 확인 부탁드립니다.,포인트 내역에 알 수 없는 차감 기록이 있습니다.,포인트,차감,S010,포인트 오차감,Y,Y,Y
VOC04590,보험료 할인이 반영됐나요 확인 부탁드립니다.,갱신 계약에 주행분석 할인 혜택이 반영되는지 문의드립니다. 필요한 확인 항목이 있다면 안내 부탁드립니다.,보험,할인,S007,보험료 할인 적용 문의,Y,Y,Y
VOC03487,앱에서 운전 기록 확인 불가,[날짜]에 [출발지]-[도착지] 구간을 운전했는데 앱에서 기록이 보이지 않습니다.,주행,주행기록,S006,주행기록 미반영,Y,Y,Y
VOC02380,아이디 입력 후 접속 오류 확인 부탁드립니다.,여러 번 시도했지만 인증 후 다시 로그인 화면으로 돌아옵니다. 관련 기준도 함께 알려주세요.,회원,로그인,S004,로그인 오류,Y,Y,Y
VOC03705,앱에서 운전 기록 확인 불가 관련 기준도 함께 알려주세요.,주행 종료 후에도 거리와 시간이 0으로 표시됩니다.,주행,주행기록,S006,주행기록 미반영,Y,Y,Y
VOC05528,앱 회원 탈퇴 방법 문의,더 이상 서비스를 이용하지 않아 회원 탈퇴를 진행하고 싶습니다.,회원,계정관리,S009,회원 탈퇴,Y,Y,Y
VOC08955,회원정보의 전화번호가 다릅니다 빠른 확인 요청드립니다.,새 번호로 본인 인증을 진행하는 방법을 알려주세요. 앱에서 확인이 어려워 문의드립니다. 동일 현상이 반복되고 있습니다.,회원,회원정보,S014,휴대전화 번호 변경,Y,Y,Y
VOC05664,서비스 계정을 삭제하고 싶어요,더 이상 서비스를 이용하지 않아 회원 탈퇴를 진행하고 싶습니다.,회원,계정관리,S009,회원 탈퇴,Y,Y,Y
VOC05037,앱 차량정보 수정 문의,보험 계약 차량은 변경됐는데 앱에는 이전 차량이 표시됩니다.,차량,차량정보,S008,차량정보 변경,Y,Y,Y
VOC03048,비밀번호가 기억나지 않아요,본인 인증 후 비밀번호 재설정 화면으로 이동하지 않습니다. 필요한 확인 항목이 있다면 안내 부탁드립니다.,회원,계정관리,S005,비밀번호 재설정,Y,Y,Y
VOC02876,비밀번호 변경이 되지 않습니다,비밀번호 찾기 과정에서 [전화번호]로 인증번호가 오지 않습니다. 빠른 확인 요청드립니다. 현재 화면에서 직접 수정할 수 없습니다.,회원,계정관리,S005,비밀번호 재설정,Y,Y,Y
VOC04767,새 차량으로 바꾸고 싶어요,차량번호 변경 후 주행 서비스 연결 방법을 문의합니다.,차량,차량정보,S008,차량정보 변경,Y,Y,Y
VOC05378,가입 정보 삭제 요청,회원 탈퇴 시 남은 포인트와 주행기록이 어떻게 처리되는지 궁금합니다.,회원,계정관리,S009,회원 탈퇴,Y,Y,Y
VOC05944,가입 정보 삭제 요청,계정과 저장된 개인정보를 삭제하는 절차를 안내 부탁드립니다. 빠른 확인 요청드립니다. 필요한 확인 항목이 있다면 안내 부탁드립니다.,회원,계정관리,S009,회원 탈퇴,Y,Y,Y
VOC09812,포인트 지급 조건 안내 요청,짧은 거리 주행도 포인트 적립 대상인지 문의드립니다.,포인트,적립기준,S015,포인트 적립 기준 문의,Y,Y,Y
VOC07653,사건번호 처리 상태 확인,사고 접수 이후 진행 상황 안내를 받지 못했습니다. 빠른 확인 요청드립니다.,사고,처리현황,S012,사고 처리 진행 문의,Y,Y,Y
VOC01440,적립 포인트는 어디서 쓰나요,앱에 [금액] 포인트가 있는데 사용 가능한 항목을 확인하고 싶습니다. 빠른 확인 요청드립니다.,포인트,사용,S003,포인트 사용처 문의,Y,Y,Y
VOC04613,계약 할인 적용 상태 문의,갱신 계약에 주행분석 할인 혜택이 반영되는지 문의드립니다.,보험,할인,S007,보험료 할인 적용 문의,Y,Y,Y
VOC07307,앱 실행 중 오류가 발생합니다,특정 메뉴에 들어가면 화면이 멈추는 현상이 반복됩니다.,앱,오류,S011,앱 실행 오류,Y,Y,Y
VOC06891,앱 화면이 멈춥니다,재설치 후에도 동일하게 앱이 강제 종료됩니다. 현재 화면에서 직접 수정할 수 없습니다.,앱,오류,S011,앱 실행 오류,Y,Y,Y
VOC06237,사용하지 않은 포인트가 차감됐어요,어제 확인한 잔액과 오늘 잔액이 달라서 문의드립니다. 현재 화면에서 직접 수정할 수 없습니다.,포인트,차감,S010,포인트 오차감,Y,Y,Y
VOC03599,앱에서 운전 기록 확인 불가 처리 방법을 안내해주세요.,주행 종료 후에도 거리와 시간이 0으로 표시됩니다. 앱에서 확인이 어려워 문의드립니다.,주행,주행기록,S006,주행기록 미반영,Y,Y,Y
VOC09154,등록 연락처 수정 요청,번호 변경 후 로그인 인증 문자가 이전 번호로 발송됩니다.,회원,회원정보,S014,휴대전화 번호 변경,Y,Y,Y
VOC01596,포인트 사용처가 궁금합니다,보험료 결제 외에도 포인트를 사용할 수 있는 곳이 있나요?,포인트,사용,S003,포인트 사용처 문의,Y,Y,Y
VOC03574,앱에서 운전 기록 확인 불가,차량은 정상적으로 운행했는데 주행 데이터가 수집되지 않은 것 같습니다. 앱에서 확인이 어려워 문의드립니다.,주행,주행기록,S006,주행기록 미반영,Y,Y,Y
VOC01195,포인트가 아직 처리되지 않았어요 확인 부탁드립니다.,"포인트가 바로 들어오는지, 일정 시간이 필요한지 문의드립니다.",포인트,적립,S002,주행 포인트 적립 지연,Y,Y,Y
VOC01272,주행 포인트는 언제 들어오나요,주행 후 몇 시간이 지났는데 아직 적립 대기 상태입니다. 빠른 확인 요청드립니다.,포인트,적립,S002,주행 포인트 적립 지연,Y,Y,Y
VOC07172,서비스 실행 불가 문의 처리 방법을 안내해주세요.,앱을 열면 흰 화면만 보이고 아무 기능도 사용할 수 없습니다.,앱,오류,S011,앱 실행 오류,Y,Y,Y
VOC02123,앱 로그인이 되지 않습니다,로그인 버튼을 눌러도 화면이 그대로입니다.,회원,로그인,S004,로그인 오류,Y,Y,Y
VOC02485,로그인 화면에서 넘어가지 않아요,로그인 버튼을 눌러도 화면이 그대로입니다.,회원,로그인,S004,로그인 오류,Y,Y,Y
VOC06740,앱 실행 중 오류가 발생합니다 앱에서 확인이 어려워 문의드립니다.,특정 메뉴에 들어가면 화면이 멈추는 현상이 반복됩니다.,앱,오류,S011,앱 실행 오류,Y,Y,Y
VOC06485,포인트 잔액 오류,포인트 내역에 알 수 없는 차감 기록이 있습니다.,포인트,차감,S010,포인트 오차감,Y,Y,Y
VOC02833,새 비밀번호 등록 문의 관련 기준도 함께 알려주세요.,새 비밀번호를 입력했지만 변경이 완료되지 않습니다.,회원,계정관리,S005,비밀번호 재설정,Y,Y,Y
VOC05301,등록 차량 변경 요청,기존 차량을 삭제하고 새 차량을 등록하는 방법을 알려주세요. 처리 방법을 안내해주세요.,차량,차량정보,S008,차량정보 변경,Y,Y,Y
VOC01084,운전 후 포인트 반영 시간 문의,주행 후 몇 시간이 지났는데 아직 적립 대기 상태입니다.,포인트,적립,S002,주행 포인트 적립 지연,Y,Y,Y
VOC01635,포인트 사용 가능 서비스 문의,현재 보유한 포인트를 어디에서 사용할 수 있는지 알려주세요.,포인트,사용,S003,포인트 사용처 문의,Y,Y,Y
VOC05892,가입 정보 삭제 요청,계정과 저장된 개인정보를 삭제하는 절차를 안내 부탁드립니다. 관련 기준도 함께 알려주세요.,회원,계정관리,S009,회원 탈퇴,Y,Y,Y
VOC00667,포인트가 누락된 것 같습니다,주행 조건을 충족한 것으로 보이는데 포인트가 0으로 표시됩니다.,포인트,적립,S001,주행 포인트 미적립,Y,Y,Y
VOC08621,계약 차량 정보 불일치 관련 기준도 함께 알려주세요.,증권번호 [계약번호]의 차량정보가 현재 차량과 일치하지 않습니다. 빠른 확인 요청드립니다.,보험,계약정보,S013,계약정보 불일치,Y,Y,Y
VOC01717,적립 포인트는 어디서 쓰나요,현재 보유한 포인트를 어디에서 사용할 수 있는지 알려주세요.,포인트,사용,S003,포인트 사용처 문의,Y,Y,Y
VOC07118,앱이 계속 종료됩니다 관련 기준도 함께 알려주세요.,앱을 열면 흰 화면만 보이고 아무 기능도 사용할 수 없습니다. 빠른 확인 요청드립니다. 동일 현상이 반복되고 있습니다.,앱,오류,S011,앱 실행 오류,Y,Y,Y
VOC06956,앱 실행 중 오류가 발생합니다,업데이트 이후 첫 화면에서 멈추고 다음으로 넘어가지 않습니다. 동일 현상이 반복되고 있습니다.,앱,오류,S011,앱 실행 오류,Y,Y,Y
VOC02683,비밀번호 찾기 인증 오류,본인 인증 후 비밀번호 재설정 화면으로 이동하지 않습니다.,회원,계정관리,S005,비밀번호 재설정,Y,Y,Y
VOC05697,서비스 계정을 삭제하고 싶어요,본인 인증 후 탈퇴가 완료되지 않아 확인 부탁드립니다.,회원,계정관리,S009,회원 탈퇴,Y,Y,Y
VOC08663,앱의 계약 내용이 맞지 않아요,증권번호 [계약번호]의 차량정보가 현재 차량과 일치하지 않습니다.,보험,계약정보,S013,계약정보 불일치,Y,Y,Y
VOC05676,앱 회원 탈퇴 방법 문의,앱에서 탈퇴 메뉴를 찾을 수 없어 문의드립니다. 앱을 다시 실행해도 같은 상태입니다.,회원,계정관리,S009,회원 탈퇴,Y,Y,Y
VOC09941,주행 포인트 산정 방법 문의 앱에서 확인이 어려워 문의드립니다.,주행거리와 운전점수에 따라 포인트가 어떻게 산정되는지 알고 싶습니다.,포인트,적립기준,S015,포인트 적립 기준 문의,Y,Y,Y
VOC01863,보유 포인트 사용 방법,적립된 포인트의 사용처와 사용 절차를 안내 부탁드립니다. 필요한 확인 항목이 있다면 안내 부탁드립니다.,포인트,사용,S003,포인트 사용처 문의,Y,Y,Y
VOC01355,보유 포인트 사용 방법,보험료 결제 외에도 포인트를 사용할 수 있는 곳이 있나요? 앱에서 확인이 어려워 문의드립니다.,포인트,사용,S003,포인트 사용처 문의,Y,Y,Y
VOC07785,접수한 사고는 어떻게 진행되고 있나요 빠른 확인 요청드립니다.,제출한 서류가 정상적으로 접수됐는지 알고 싶습니다. 빠른 확인 요청드립니다.,사고,처리현황,S012,사고 처리 진행 문의,Y,Y,Y
VOC04483,계약 할인 적용 상태 문의,현재 운전점수 기준으로 받을 수 있는 보험료 할인율이 궁금합니다. 동일 현상이 반복되고 있습니다.,보험,할인,S007,보험료 할인 적용 문의,Y,Y,Y
VOC01316,포인트가 아직 처리되지 않았어요 처리 방법을 안내해주세요.,주행 후 몇 시간이 지났는데 아직 적립 대기 상태입니다.,포인트,적립,S002,주행 포인트 적립 지연,Y,Y,Y
VOC08401,증권 정보 수정 문의 관련 기준도 함께 알려주세요.,계약 기간과 보험료 정보가 가입 당시 안내와 다르게 표시됩니다. 관련 기준도 함께 알려주세요.,보험,계약정보,S013,계약정보 불일치,Y,Y,Y
VOC07910,사고 처리 진행 상황 문의,사고 접수 이후 진행 상황 안내를 받지 못했습니다.,사고,처리현황,S012,사고 처리 진행 문의,Y,Y,Y
VOC08184,보험 계약자 정보 오류 확인 부탁드립니다.,갱신한 계약이 앱에서 이전 계약으로 보입니다.,보험,계약정보,S013,계약정보 불일치,Y,Y,Y
VOC02483,앱 로그인이 되지 않습니다,여러 번 시도했지만 인증 후 다시 로그인 화면으로 돌아옵니다. 현재 화면에서 직접 수정할 수 없습니다.,회원,로그인,S004,로그인 오류,Y,Y,Y
VOC02747,비밀번호를 재설정하고 싶습니다 확인 부탁드립니다.,비밀번호 찾기 과정에서 [전화번호]로 인증번호가 오지 않습니다.,회원,계정관리,S005,비밀번호 재설정,Y,Y,Y
VOC07323,앱이 계속 종료됩니다,앱을 실행하면 [에러코드] 오류가 표시되고 바로 종료됩니다. 처리 방법을 안내해주세요.,앱,오류,S011,앱 실행 오류,Y,Y,Y
VOC03798,최근 주행기록 누락 문의,주행 종료 후에도 거리와 시간이 0으로 표시됩니다.,주행,주행기록,S006,주행기록 미반영,Y,Y,Y
VOC06857,서비스 실행 불가 문의,특정 메뉴에 들어가면 화면이 멈추는 현상이 반복됩니다.,앱,오류,S011,앱 실행 오류,Y,Y,Y
VOC01512,적립 포인트는 어디서 쓰나요,현재 보유한 포인트를 어디에서 사용할 수 있는지 알려주세요.,포인트,사용,S003,포인트 사용처 문의,Y,Y,Y
VOC05004,앱 차량정보 수정 문의,차량번호 변경 후 주행 서비스 연결 방법을 문의합니다.,차량,차량정보,S008,차량정보 변경,Y,Y,Y
VOC01887,포인트 사용처가 안내받고 싶습니다,적립된 포인트의 사용처와 사용 절차를 안내 부탁드립니다. 확인 부탁드립니다.,포인트,사용,S003,포인트 사용처 문의,Y,Y,Y
VOC04707,기존 차량 삭제 후 신규 등록 관련 기준도 함께 알려주세요.,차량번호 변경 후 주행 서비스 연결 방법을 확인 요청드립니다. 이전에 정상적으로 이용한 적이 있습니다.,차량,차량정보,S008,차량정보 변경,Y,Y,Y
VOC00889,포인트가 아직 처리되지 않았어요,오늘 주행을 마쳤는데 포인트가 아직 반영되지 않았습니다. 보통 얼마나 걸리나요?,포인트,적립,S002,주행 포인트 적립 지연,Y,Y,Y
VOC05174,앱 차량정보 수정 문의,기존 차량을 삭제하고 새 차량을 등록하는 방법을 알려주세요. 확인 부탁드립니다.,차량,차량정보,S008,차량정보 변경,Y,Y,Y
VOC01836,적립 포인트는 어디서 쓰나요,보험료 결제 외에도 포인트를 사용할 수 있는 곳이 있나요? 빠른 확인 요청드립니다.,포인트,사용,S003,포인트 사용처 문의,Y,Y,Y
VOC09269,기존 전화번호 변경 문의,등록된 연락처가 실제 사용하는 번호와 달라 수정 요청드립니다. 관련 기준도 함께 알려주세요.,회원,회원정보,S014,휴대전화 번호 변경,Y,Y,Y
VOC05699,더 이상 서비스를 이용하지 않습니다,회원 탈퇴 시 남은 포인트와 주행기록이 어떻게 처리되는지 궁금합니다.,회원,계정관리,S009,회원 탈퇴,Y,Y,Y
VOC07655,사고 접수 후 연락이 없습니다,보상 심사가 어느 단계까지 진행됐는지 확인 부탁드립니다.,사고,처리현황,S012,사고 처리 진행 문의,Y,Y,Y
VOC06881,앱이 계속 종료됩니다,업데이트 이후 첫 화면에서 멈추고 다음으로 넘어가지 않습니다.,앱,오류,S011,앱 실행 오류,Y,Y,Y
VOC03791,주행기록이 보이지 않습니다,[주행일]에 [출발지]-[도착지] 구간을 운전했는데 앱에서 기록이 보이지 않습니다. 앱에서 확인이 어려워 문의드립니다.,주행,주행기록,S006,주행기록 미반영,Y,Y,Y
VOC09987,포인트 지급 조건 안내 요청 앱에서 확인이 어려워 문의드립니다.,급가속이나 급감속 기록이 포인트 적립에 영향을 주나요? 앱에서 확인이 어려워 문의드립니다.,포인트,적립기준,S015,포인트 적립 기준 문의,Y,Y,Y
VOC06496,포인트가 갑자기 줄었습니다,어제 확인한 잔액과 오늘 잔액이 달라서 문의드립니다. 관련 기준도 함께 알려주세요.,포인트,차감,S010,포인트 오차감,Y,Y,Y
VOC06316,포인트가 갑자기 줄었습니다,포인트 내역에 알 수 없는 차감 기록이 있습니다.,포인트,차감,S010,포인트 오차감,Y,Y,Y
VOC06859,앱이 계속 종료됩니다,앱을 열면 흰 화면만 보이고 아무 기능도 사용할 수 없습니다.,앱,오류,S011,앱 실행 오류,Y,Y,Y
VOC07123,앱 실행 중 오류가 발생합니다,앱을 열면 흰 화면만 보이고 아무 기능도 사용할 수 없습니다. 확인 부탁드립니다.,앱,오류,S011,앱 실행 오류,Y,Y,Y
VOC07853,사건번호 처리 상태 확인,제출한 서류가 정상적으로 접수됐는지 알고 싶습니다.,사고,처리현황,S012,사고 처리 진행 문의,Y,Y,Y
VOC00770,포인트가 아직 처리되지 않았어요 확인 부탁드립니다.,방금 운전한 기록은 보이는데 포인트는 처리 중으로 표시됩니다.,포인트,적립,S002,주행 포인트 적립 지연,Y,Y,Y
VOC01348,포인트 사용처가 궁금합니다 앱에서 확인이 어려워 문의드립니다.,포인트 사용 가능한 서비스와 제한 조건이 궁금합니다.,포인트,사용,S003,포인트 사용처 문의,Y,Y,Y
VOC06440,잘못 차감된 포인트 문의 빠른 확인 요청드립니다.,포인트 내역에 알 수 없는 차감 기록이 있습니다.,포인트,차감,S010,포인트 오차감,Y,Y,Y
VOC04708,기존 차량 삭제 후 신규 등록,보험 계약 차량은 변경됐는데 앱에는 이전 차량이 표시됩니다.,차량,차량정보,S008,차량정보 변경,Y,Y,Y
VOC08162,앱의 계약 내용이 맞지 않아요 관련 기준도 함께 알려주세요.,앱에 표시된 계약자명이 [이름]으로 되어 있는데 실제 정보와 다릅니다. 필요한 확인 항목이 있다면 안내 부탁드립니다.,보험,계약정보,S013,계약정보 불일치,Y,Y,Y
VOC04280,주행점수 할인 확인 요청,현재 운전점수 기준으로 받을 수 있는 보험료 할인율이 확인하고 싶습니다. 처리 방법을 안내해주세요.,보험,할인,S007,보험료 할인 적용 문의,Y,Y,Y
VOC08467,계약정보가 다르게 표시됩니다,증권번호 [계약번호]의 차량정보가 현재 차량과 일치하지 않습니다. 확인 부탁드립니다. 이전에 정상적으로 이용한 적이 있습니다.,보험,계약정보,S013,계약정보 불일치,Y,Y,Y
VOC01190,포인트가 아직 처리되지 않았어요,오늘 주행을 마쳤는데 포인트가 아직 반영되지 않았습니다. 보통 얼마나 걸리나요?,포인트,적립,S002,주행 포인트 적립 지연,Y,Y,Y
VOC02344,계속 로그인에 실패합니다 처리 방법을 안내해주세요.,로그인 버튼을 눌러도 화면이 그대로입니다. 빠른 확인 요청드립니다.,회원,로그인,S004,로그인 오류,Y,Y,Y
VOC00844,포인트 적립 처리 중 문의,[접수시간]에 주행을 종료했습니다. 포인트 반영 예정 시간을 알고 싶습니다.,포인트,적립,S002,주행 포인트 적립 지연,Y,Y,Y
VOC09078,회원정보의 전화번호가 다릅니다,기존 번호 [전화번호]에서 새 번호 [변경전화번호]로 변경하고 싶습니다.,회원,회원정보,S014,휴대전화 번호 변경,Y,Y,Y
VOC02234,로그인 화면에서 넘어가지 않아요,[에러코드] 메시지가 표시되면서 앱에 접속할 수 없습니다.,회원,로그인,S004,로그인 오류,Y,Y,Y
VOC09034,기존 전화번호 변경 문의 앱에서 확인이 어려워 문의드립니다.,등록된 연락처가 실제 사용하는 번호와 달라 수정 요청드립니다.,회원,회원정보,S014,휴대전화 번호 변경,Y,Y,Y
VOC04844,새 차량으로 바꾸고 싶어요,기존 차량 [차량번호]에서 새 차량 [변경차량번호]로 변경했습니다.,차량,차량정보,S008,차량정보 변경,Y,Y,Y
VOC05449,회원 탈퇴를 요청합니다,더 이상 서비스를 이용하지 않아 회원 탈퇴를 진행하고 싶습니다.,회원,계정관리,S009,회원 탈퇴,Y,Y,Y
VOC03476,최근 주행기록 누락 문의 앱에서 확인이 어려워 문의드립니다.,운전을 완료했지만 최근 주행 목록에 추가되지 않았습니다. 앱을 다시 실행해도 같은 상태입니다.,주행,주행기록,S006,주행기록 미반영,Y,Y,Y
VOC03422,앱에서 운전 기록 확인 불가,차량은 정상적으로 운행했는데 주행 데이터가 수집되지 않은 것 같습니다. 관련 기준도 함께 알려주세요. 이전에 정상적으로 이용한 적이 있습니다.,주행,주행기록,S006,주행기록 미반영,Y,Y,Y
VOC03929,운전한 내역이 앱에 없습니다,차량은 정상적으로 운행했는데 주행 데이터가 수집되지 않은 것 같습니다.,주행,주행기록,S006,주행기록 미반영,Y,Y,Y
VOC03177,새 비밀번호 등록 문의 처리 방법을 안내해주세요.,비밀번호 찾기 과정에서 [전화번호]로 인증번호가 오지 않습니다.,회원,계정관리,S005,비밀번호 재설정,Y,Y,Y
VOC02299,앱 로그인이 되지 않습니다,기존에 사용하던 계정으로 접속되지 않아 문의드립니다.,회원,로그인,S004,로그인 오류,Y,Y,Y
VOC02958,비밀번호를 재설정하고 싶습니다,비밀번호가 기억나지 않아 재설정하려고 합니다.,회원,계정관리,S005,비밀번호 재설정,Y,Y,Y
VOC06248,포인트가 갑자기 줄었습니다,포인트 사용 이력과 실제 잔액이 맞지 않습니다. 현재 화면에서 직접 수정할 수 없습니다.,포인트,차감,S010,포인트 오차감,Y,Y,Y
VOC04498,보험료 할인이 반영됐나요 처리 방법을 안내해주세요.,갱신 계약에 주행분석 할인 혜택이 반영되는지 문의드립니다. 이전에 정상적으로 이용한 적이 있습니다.,보험,할인,S007,보험료 할인 적용 문의,Y,Y,Y
VOC04077,안전운전 할인 적용 여부 문의 관련 기준도 함께 알려주세요.,현재 운전점수 기준으로 받을 수 있는 보험료 할인율이 안내받고 싶습니다. 앱에서 확인이 어려워 문의드립니다.,보험,할인,S007,보험료 할인 적용 문의,Y,Y,Y
VOC01467,포인트 사용처가 확인하고 싶습니다,적립된 포인트의 사용처와 사용 절차를 안내 부탁드립니다.,포인트,사용,S003,포인트 사용처 문의,Y,Y,Y
VOC00281,포인트가 누락된 것 같습니다,운전 기록은 정상적으로 보이지만 포인트가 들어오지 않았습니다.,포인트,적립,S001,주행 포인트 미적립,Y,Y,Y
VOC09940,포인트 적립 기준이 궁금합니다 관련 기준도 함께 알려주세요.,급가속이나 급감속 기록이 포인트 적립에 영향을 주나요? 앱에서 확인이 어려워 문의드립니다.,포인트,적립기준,S015,포인트 적립 기준 문의,Y,Y,Y
VOC00906,운전 후 포인트 반영 시간 문의,[주행종료시간]에 주행을 종료했습니다. 포인트 반영 예정 시간을 알고 싶습니다.,포인트,적립,S002,주행 포인트 적립 지연,Y,Y,Y
VOC05460,서비스 계정을 삭제하고 싶어요,회원 탈퇴 시 남은 포인트와 주행기록이 어떻게 처리되는지 궁금합니다.,회원,계정관리,S009,회원 탈퇴,Y,Y,Y
VOC06749,업데이트 후 앱이 열리지 않아요,앱을 실행하면 [에러코드] 오류가 표시되고 바로 종료됩니다.,앱,오류,S011,앱 실행 오류,Y,Y,Y
VOC01143,포인트 적립 처리 중 문의,주행 후 몇 시간이 지났는데 아직 적립 대기 상태입니다.,포인트,적립,S002,주행 포인트 적립 지연,Y,Y,Y
VOC09440,주행 포인트 산정 방법 문의,짧은 거리 주행도 포인트 적립 대상인지 문의합니다.,포인트,적립기준,S015,포인트 적립 기준 문의,Y,Y,Y
VOC06748,앱 실행 중 오류가 발생합니다,앱을 실행하면 [에러코드] 오류가 표시되고 바로 종료됩니다.,앱,오류,S011,앱 실행 오류,Y,Y,Y
VOC01350,적립 포인트는 어디서 쓰나요,보험료 결제 외에도 포인트를 사용할 수 있는 곳이 있나요?,포인트,사용,S003,포인트 사용처 문의,Y,Y,Y
VOC09957,포인트 지급 조건 안내 요청,주행거리와 운전점수에 따라 포인트가 어떻게 산정되는지 알고 싶습니다.,포인트,적립기준,S015,포인트 적립 기준 문의,Y,Y,Y
VOC06825,앱 실행 중 오류가 발생합니다,앱을 실행하면 [오류코드] 오류가 표시되고 바로 종료됩니다.,앱,오류,S011,앱 실행 오류,Y,Y,Y
VOC03805,주행 데이터가 반영되지 않았어요 처리 방법을 안내해주세요.,차량은 정상적으로 운행했는데 주행 데이터가 수집되지 않은 것 같습니다.,주행,주행기록,S006,주행기록 미반영,Y,Y,Y
VOC09470,포인트 지급 조건 안내 요청,주행거리와 운전점수에 따라 포인트가 어떻게 산정되는지 알고 싶습니다.,포인트,적립기준,S015,포인트 적립 기준 문의,Y,Y,Y
VOC00195,포인트가 누락된 것 같습니다 빠른 확인 요청드립니다.,운전 기록은 정상적으로 보이지만 포인트가 들어오지 않았습니다.,포인트,적립,S001,주행 포인트 미적립,Y,Y,Y
VOC09344,포인트 적립 기준이 안내받고 싶습니다,포인트 지급 대상과 제외 조건을 자세히 안내해주세요.,포인트,적립기준,S015,포인트 적립 기준 문의,Y,Y,Y
VOC04621,계약 할인 적용 상태 문의,현재 운전점수 기준으로 받을 수 있는 보험료 할인율이 안내받고 싶습니다. 관련 기준도 함께 알려주세요.,보험,할인,S007,보험료 할인 적용 문의,Y,Y,Y
VOC09398,운전점수와 포인트 관계 처리 방법을 안내해주세요.,급가속이나 급감속 기록이 포인트 적립에 영향을 주나요? 앱에서 확인이 어려워 문의드립니다.,포인트,적립기준,S015,포인트 적립 기준 문의,Y,Y,Y
VOC04030,계약 할인 적용 상태 문의,앱에는 할인 대상이라고 나오는데 실제 보험료에 적용됐는지 알고 싶습니다. 앱에서 확인이 어려워 문의드립니다.,보험,할인,S007,보험료 할인 적용 문의,Y,Y,Y
VOC04896,앱 차량정보 수정 문의,기존 차량을 삭제하고 새 차량을 등록하는 방법을 알려주세요. 현재 화면에서 직접 수정할 수 없습니다.,차량,차량정보,S008,차량정보 변경,Y,Y,Y
VOC01188,주행 포인트는 언제 들어오나요,오늘 주행을 마쳤는데 포인트가 아직 반영되지 않았습니다. 보통 얼마나 걸리나요? 관련 기준도 함께 알려주세요.,포인트,적립,S002,주행 포인트 적립 지연,Y,Y,Y
VOC00763,주행 포인트는 언제 들어오나요,방금 운전한 기록은 보이는데 포인트는 처리 중으로 표시됩니다.,포인트,적립,S002,주행 포인트 적립 지연,Y,Y,Y
VOC02696,비밀번호가 기억나지 않아요,새 비밀번호를 입력했지만 변경이 완료되지 않습니다.,회원,계정관리,S005,비밀번호 재설정,Y,Y,Y
VOC00611,주행 후 포인트가 없습니다,[주행구간] 구간을 운전했는데 적립 내역이 확인되지 않습니다.,포인트,적립,S001,주행 포인트 미적립,Y,Y,Y
VOC07213,서비스 실행 불가 문의,앱을 실행하면 [오류코드] 오류가 표시되고 바로 종료됩니다.,앱,오류,S011,앱 실행 오류,Y,Y,Y
VOC08711,새 번호로 인증받고 싶어요,번호 변경 후 로그인 인증 문자가 이전 번호로 발송됩니다.,회원,회원정보,S014,휴대전화 번호 변경,Y,Y,Y
VOC09126,새 번호로 인증받고 싶어요,기존 번호 [전화번호]에서 새 번호 [변경전화번호]로 변경하고 싶습니다. 확인 부탁드립니다.,회원,회원정보,S014,휴대전화 번호 변경,Y,Y,Y
VOC02817,비밀번호를 재설정하고 싶습니다,비밀번호 변경 절차와 조건을 안내해주세요. 필요한 확인 항목이 있다면 안내 부탁드립니다.,회원,계정관리,S005,비밀번호 재설정,Y,Y,Y
VOC00987,포인트 적립 처리 중 문의,[시간]에 주행을 종료했습니다. 포인트 반영 예정 시간을 알고 싶습니다.,포인트,적립,S002,주행 포인트 적립 지연,Y,Y,Y
VOC03430,주행기록이 보이지 않습니다,해당 시간대의 운전 내역이 누락되어 확인 요청드립니다.,주행,주행기록,S006,주행기록 미반영,Y,Y,Y
VOC09380,주행 포인트 산정 방법 문의,짧은 거리 주행도 포인트 적립 대상인지 문의합니다.,포인트,적립기준,S015,포인트 적립 기준 문의,Y,Y,Y
VOC03041,새 비밀번호 등록 문의,비밀번호 변경 절차와 조건을 안내해주세요.,회원,계정관리,S005,비밀번호 재설정,Y,Y,Y
VOC00561,주행 포인트 미적립 문의,지난 주행 건에 대한 포인트를 받지 못했습니다. 확인 부탁드립니다. 앱에서 확인이 어려워 문의드립니다. 이전에 정상적으로 이용한 적이 있습니다.,포인트,적립,S001,주행 포인트 미적립,Y,Y,Y
VOC06724,서비스 실행 불가 문의,앱을 열면 흰 화면만 보이고 아무 기능도 사용할 수 없습니다. 빠른 확인 요청드립니다.,앱,오류,S011,앱 실행 오류,Y,Y,Y
VOC05080,차량을 변경했습니다 관련 기준도 함께 알려주세요.,보험 계약 차량은 변경됐는데 앱에는 이전 차량이 표시됩니다.,차량,차량정보,S008,차량정보 변경,Y,Y,Y
VOC05248,기존 차량 삭제 후 신규 등록,보험 계약 차량은 변경됐는데 앱에는 이전 차량이 표시됩니다. 앱에서 확인이 어려워 문의드립니다.,차량,차량정보,S008,차량정보 변경,Y,Y,Y
VOC01167,포인트 적립 처리 중 문의 앱에서 확인이 어려워 문의드립니다.,오늘 주행을 마쳤는데 포인트가 아직 반영되지 않았습니다. 보통 얼마나 걸리나요?,포인트,적립,S002,주행 포인트 적립 지연,Y,Y,Y
VOC04548,주행점수 할인 확인 요청,앱에는 할인 대상이라고 나오는데 실제 보험료에 적용됐는지 알고 싶습니다.,보험,할인,S007,보험료 할인 적용 문의,Y,Y,Y
VOC05736,더 이상 서비스를 이용하지 않습니다,더 이상 서비스를 이용하지 않아 회원 탈퇴를 진행하고 싶습니다.,회원,계정관리,S009,회원 탈퇴,Y,Y,Y
VOC03831,운전한 내역이 앱에 없습니다,해당 시간대의 운전 내역이 누락되어 확인 요청드립니다.,주행,주행기록,S006,주행기록 미반영,Y,Y,Y
VOC05193,기존 차량 삭제 후 신규 등록,보험 계약 차량은 변경됐는데 앱에는 이전 차량이 표시됩니다.,차량,차량정보,S008,차량정보 변경,Y,Y,Y
VOC01259,포인트가 아직 처리되지 않았어요,오늘 주행을 마쳤는데 포인트가 아직 반영되지 않았습니다. 보통 얼마나 걸리나요?,포인트,적립,S002,주행 포인트 적립 지연,Y,Y,Y
VOC00784,포인트 적립 처리 중 문의,주행 후 몇 시간이 지났는데 아직 적립 대기 상태입니다.,포인트,적립,S002,주행 포인트 적립 지연,Y,Y,Y
VOC09173,새 번호로 인증받고 싶어요,번호 변경 후 로그인 인증 문자가 이전 번호로 발송됩니다. 빠른 확인 요청드립니다.,회원,회원정보,S014,휴대전화 번호 변경,Y,Y,Y
VOC08776,휴대전화 번호를 변경하고 싶습니다,휴대전화 번호를 바꿨는데 앱 회원정보에는 이전 번호가 표시됩니다.,회원,회원정보,S014,휴대전화 번호 변경,Y,Y,Y
VOC08802,휴대전화 번호를 변경하고 싶습니다,새 번호로 본인 인증을 진행하는 방법을 알려주세요.,회원,회원정보,S014,휴대전화 번호 변경,Y,Y,Y
VOC02275,계속 로그인에 실패합니다,로그인 버튼을 눌러도 화면이 그대로입니다.,회원,로그인,S004,로그인 오류,Y,Y,Y
VOC00319,포인트가 누락된 것 같습니다 앱에서 확인이 어려워 문의드립니다.,[주행구간] 구간을 운전했는데 적립 내역이 확인되지 않습니다.,포인트,적립,S001,주행 포인트 미적립,Y,Y,Y
VOC00259,주행 후 포인트가 없습니다,[출발지]-[도착지] 구간을 운전했는데 적립 내역이 확인되지 않습니다. 필요한 확인 항목이 있다면 안내 부탁드립니다.,포인트,적립,S001,주행 포인트 미적립,Y,Y,Y
VOC00068,주행 포인트 미적립 문의,운전 기록은 정상적으로 보이지만 포인트가 들어오지 않았습니다.,포인트,적립,S001,주행 포인트 미적립,Y,Y,Y
VOC07367,사고 처리 진행 상황 문의,보상 심사가 어느 단계까지 진행됐는지 확인 부탁드립니다.,사고,처리현황,S012,사고 처리 진행 문의,Y,Y,Y
VOC05747,가입 정보 삭제 요청,앱에서 탈퇴 메뉴를 찾을 수 없어 문의드립니다.,회원,계정관리,S009,회원 탈퇴,Y,Y,Y
VOC09837,포인트 적립 기준이 궁금합니다,포인트를 받기 위한 최소 주행 조건이 궁금합니다.,포인트,적립기준,S015,포인트 적립 기준 문의,Y,Y,Y
VOC03629,운전한 내역이 앱에 없습니다,차량은 정상적으로 운행했는데 주행 데이터가 수집되지 않은 것 같습니다.,주행,주행기록,S006,주행기록 미반영,Y,Y,Y
VOC00031,주행 포인트 미적립 문의,[출발지]에서 [도착지]까지 구간을 운전했는데 적립 내역이 확인되지 않습니다. 앱에서 확인이 어려워 문의드립니다. 동일 현상이 반복되고 있습니다.,포인트,적립,S001,주행 포인트 미적립,Y,Y,Y
VOC06451,포인트가 갑자기 줄었습니다,사용한 적이 없는데 [포인트수량] 포인트가 차감된 것으로 표시됩니다.,포인트,차감,S010,포인트 오차감,Y,Y,Y
VOC09479,포인트 지급 조건 안내 요청,짧은 거리 주행도 포인트 적립 대상인지 문의드립니다.,포인트,적립기준,S015,포인트 적립 기준 문의,Y,Y,Y
VOC01327,포인트가 아직 처리되지 않았어요,오늘 주행을 마쳤는데 포인트가 아직 반영되지 않았습니다. 보통 얼마나 걸리나요?,포인트,적립,S002,주행 포인트 적립 지연,Y,Y,Y
VOC08198,앱의 계약 내용이 맞지 않아요,증권번호 [계약번호]의 차량정보가 현재 차량과 일치하지 않습니다.,보험,계약정보,S013,계약정보 불일치,Y,Y,Y
VOC00378,주행 포인트가 적립되지 않았습니다,주행 조건을 충족한 것으로 보이는데 포인트가 0으로 표시됩니다.,포인트,적립,S001,주행 포인트 미적립,Y,Y,Y
VOC08834,새 번호로 인증받고 싶어요,휴대전화 번호를 바꿨는데 앱 회원정보에는 이전 번호가 표시됩니다. 동일 현상이 반복되고 있습니다.,회원,회원정보,S014,휴대전화 번호 변경,Y,Y,Y
VOC02435,계정 접속이 불가능합니다 처리 방법을 안내해주세요.,기존에 사용하던 계정으로 접속되지 않아 문의합니다.,회원,로그인,S004,로그인 오류,Y,Y,Y
VOC04486,계약 할인 적용 상태 문의,갱신 계약에 주행분석 할인 혜택이 반영되는지 문의드립니다.,보험,할인,S007,보험료 할인 적용 문의,Y,Y,Y
VOC03469,앱에서 운전 기록 확인 불가,해당 시간대의 운전 내역이 누락되어 확인 요청드립니다.,주행,주행기록,S006,주행기록 미반영,Y,Y,Y
VOC05371,서비스 계정을 삭제하고 싶어요 확인 부탁드립니다.,계정과 저장된 개인정보를 삭제하는 절차를 알려주세요. 현재 화면에서 직접 수정할 수 없습니다.,회원,계정관리,S009,회원 탈퇴,Y,Y,Y
VOC01382,포인트를 사용할 수 있는 곳,포인트 사용 가능한 서비스와 제한 조건이 궁금합니다. 관련 기준도 함께 알려주세요.,포인트,사용,S003,포인트 사용처 문의,Y,Y,Y
VOC01701,포인트 사용처가 안내받고 싶습니다,앱에 [차감금액] 포인트가 있는데 사용 가능한 항목을 확인하고 싶습니다.,포인트,사용,S003,포인트 사용처 문의,Y,Y,Y
VOC04448,주행점수 할인 확인 요청 처리 방법을 안내해주세요.,안전운전 점수와 보험료 할인 적용 기준을 안내해주세요.,보험,할인,S007,보험료 할인 적용 문의,Y,Y,Y
VOC06261,사용하지 않은 포인트가 차감됐어요,포인트 내역에 알 수 없는 차감 기록이 있습니다. 처리 방법을 안내해주세요.,포인트,차감,S010,포인트 오차감,Y,Y,Y
VOC05510,가입 정보 삭제 요청 확인 부탁드립니다.,더 이상 서비스를 이용하지 않아 회원 탈퇴를 진행하고 싶습니다.,회원,계정관리,S009,회원 탈퇴,Y,Y,Y
VOC07746,접수한 사고는 어떻게 진행되고 있나요 처리 방법을 안내해주세요.,[날짜]에 접수한 사고의 담당자 배정 여부가 궁금합니다.,사고,처리현황,S012,사고 처리 진행 문의,Y,Y,Y
VOC04377,계약 할인 적용 상태 문의,증권번호 [증권번호] 계약에 안전운전 할인이 적용됐는지 확인하고 싶습니다.,보험,할인,S007,보험료 할인 적용 문의,Y,Y,Y
VOC07472,접수한 사고는 어떻게 진행되고 있나요,보상 심사가 어느 단계까지 진행됐는지 확인 부탁드립니다.,사고,처리현황,S012,사고 처리 진행 문의,Y,Y,Y
VOC00628,운전했는데 포인트가 안 들어왔어요,지난 주행 건에 대한 포인트를 받지 못했습니다. 확인 부탁드립니다.,포인트,적립,S001,주행 포인트 미적립,Y,Y,Y
VOC09508,어떤 주행이 포인트 대상인가요,급가속이나 급감속 기록이 포인트 적립에 영향을 주나요?,포인트,적립기준,S015,포인트 적립 기준 문의,Y,Y,Y
VOC05583,서비스 계정을 삭제하고 싶어요,앱에서 탈퇴 메뉴를 찾을 수 없어 확인 요청드립니다.,회원,계정관리,S009,회원 탈퇴,Y,Y,Y
VOC01310,포인트가 아직 처리되지 않았어요 관련 기준도 함께 알려주세요.,오늘 주행을 마쳤는데 포인트가 아직 반영되지 않았습니다. 보통 얼마나 걸리나요?,포인트,적립,S002,주행 포인트 적립 지연,Y,Y,Y
VOC09391,주행 포인트 산정 방법 문의,포인트를 받기 위한 최소 주행 조건이 궁금합니다.,포인트,적립기준,S015,포인트 적립 기준 문의,Y,Y,Y
VOC03727,앱에서 운전 기록 확인 불가,주행 종료 후에도 거리와 시간이 0으로 표시됩니다.,주행,주행기록,S006,주행기록 미반영,Y,Y,Y
VOC05372,회원 탈퇴를 요청합니다,본인 인증 후 탈퇴가 완료되지 않아 확인 부탁드립니다. 빠른 확인 요청드립니다.,회원,계정관리,S009,회원 탈퇴,Y,Y,Y
VOC07297,앱이 계속 종료됩니다,재설치 후에도 동일하게 앱이 강제 종료됩니다.,앱,오류,S011,앱 실행 오류,Y,Y,Y
VOC07357,사고 처리 진행 상황 문의,제출한 서류가 정상적으로 접수됐는지 알고 싶습니다. 동일 현상이 반복되고 있습니다.,사고,처리현황,S012,사고 처리 진행 문의,Y,Y,Y
VOC07604,사건번호 처리 상태 확인,사고 접수 이후 진행 상황 안내를 받지 못했습니다.,사고,처리현황,S012,사고 처리 진행 문의,Y,Y,Y
VOC08844,새 번호로 인증받고 싶어요,등록된 연락처가 실제 사용하는 번호와 달라 수정 요청드립니다. 처리 방법을 안내해주세요.,회원,회원정보,S014,휴대전화 번호 변경,Y,Y,Y
VOC06420,포인트 잔액 오류,사용한 적이 없는데 [포인트수량] 포인트가 차감된 것으로 표시됩니다. 이전에 정상적으로 이용한 적이 있습니다.,포인트,차감,S010,포인트 오차감,Y,Y,Y
VOC02881,비밀번호 찾기 인증 오류,새 비밀번호를 입력했지만 변경이 완료정상적으로 처리되지 않습니다.,회원,계정관리,S005,비밀번호 재설정,Y,Y,Y
VOC01674,포인트를 사용할 수 있는 곳,현재 보유한 포인트를 어디에서 사용할 수 있는지 알려주세요.,포인트,사용,S003,포인트 사용처 문의,Y,Y,Y
VOC05731,앱 회원 탈퇴 방법 문의,본인 인증 후 탈퇴가 완료되지 않아 확인 부탁드립니다. 처리 방법을 안내해주세요.,회원,계정관리,S009,회원 탈퇴,Y,Y,Y
VOC09100,새 번호로 인증받고 싶어요,휴대전화 번호를 바꿨는데 앱 회원정보에는 이전 번호가 표시됩니다.,회원,회원정보,S014,휴대전화 번호 변경,Y,Y,Y
VOC05671,회원 탈퇴를 요청합니다 처리 방법을 안내해주세요.,계정과 저장된 개인정보를 삭제하는 절차를 알려주세요.,회원,계정관리,S009,회원 탈퇴,Y,Y,Y
VOC03882,주행 데이터가 반영되지 않았어요,해당 시간대의 운전 내역이 누락되어 확인 요청드립니다.,주행,주행기록,S006,주행기록 미반영,Y,Y,Y
VOC06417,잘못 차감된 포인트 문의,포인트 사용 이력과 실제 잔액이 맞지 않습니다. 확인 부탁드립니다.,포인트,차감,S010,포인트 오차감,Y,Y,Y
VOC05336,앱 차량정보 수정 문의 처리 방법을 안내해주세요.,차량번호 변경 후 주행 서비스 연결 방법을 문의드립니다. 처리 방법을 안내해주세요. 이전에 정상적으로 이용한 적이 있습니다.,차량,차량정보,S008,차량정보 변경,Y,Y,Y
VOC05835,가입 정보 삭제 요청,계정과 저장된 개인정보를 삭제하는 절차를 확인 부탁드립니다. 필요한 확인 항목이 있다면 안내 부탁드립니다.,회원,계정관리,S009,회원 탈퇴,Y,Y,Y
VOC08662,계약 차량 정보 불일치,증권번호 [증권번호]의 차량정보가 현재 차량과 일치하지 않습니다. 처리 방법을 안내해주세요.,보험,계약정보,S013,계약정보 불일치,Y,Y,Y
VOC07267,업데이트 후 앱이 열리지 않아요 관련 기준도 함께 알려주세요.,앱을 실행하면 [오류코드] 오류가 표시되고 바로 종료됩니다.,앱,오류,S011,앱 실행 오류,Y,Y,Y
VOC08146,앱의 계약 내용이 맞지 않아요,보험 계약 정보 중 일부 항목이 잘못되어 수정 요청드립니다.,보험,계약정보,S013,계약정보 불일치,Y,Y,Y
VOC00820,포인트가 아직 처리되지 않았어요 처리 방법을 안내해주세요.,주행 후 몇 시간이 지났는데 아직 적립 대기 상태입니다.,포인트,적립,S002,주행 포인트 적립 지연,Y,Y,Y
VOC00334,주행 후 포인트가 없습니다,[출발지]에서 [도착지]까지 구간을 운전했는데 적립 내역이 확인정상적으로 처리되지 않습니다.,포인트,적립,S001,주행 포인트 미적립,Y,Y,Y
VOC02982,새 비밀번호 등록 문의,비밀번호가 기억나지 않아 재설정하려고 합니다.,회원,계정관리,S005,비밀번호 재설정,Y,Y,Y
VOC09174,기존 전화번호 변경 문의,등록된 연락처가 실제 사용하는 번호와 달라 수정 요청드립니다. 필요한 확인 항목이 있다면 안내 부탁드립니다.,회원,회원정보,S014,휴대전화 번호 변경,Y,Y,Y
VOC05328,기존 차량 삭제 후 신규 등록,차량번호 변경 후 주행 서비스 연결 방법을 문의합니다.,차량,차량정보,S008,차량정보 변경,Y,Y,Y
VOC09835,포인트 적립 기준이 궁금합니다,짧은 거리 주행도 포인트 적립 대상인지 문의드립니다. 이전에 정상적으로 이용한 적이 있습니다.,포인트,적립기준,S015,포인트 적립 기준 문의,Y,Y,Y
VOC01917,포인트를 사용할 수 있는 곳 앱에서 확인이 어려워 문의드립니다.,보험료 결제 외에도 포인트를 사용할 수 있는 곳이 있나요? 확인 부탁드립니다. 앱을 다시 실행해도 같은 상태입니다.,포인트,사용,S003,포인트 사용처 문의,Y,Y,Y
VOC03047,비밀번호가 기억나지 않아요,새 비밀번호를 입력했지만 변경이 완료안 됩니다.,회원,계정관리,S005,비밀번호 재설정,Y,Y,Y
VOC06200,포인트가 갑자기 줄었습니다 앱에서 확인이 어려워 문의드립니다.,어제 확인한 잔액과 오늘 잔액이 달라서 문의드립니다.,포인트,차감,S010,포인트 오차감,Y,Y,Y
VOC05233,기존 차량 삭제 후 신규 등록,차량을 교체해서 앱의 등록 정보를 수정하고 싶습니다.,차량,차량정보,S008,차량정보 변경,Y,Y,Y
VOC08896,회원정보의 전화번호가 다릅니다 처리 방법을 안내해주세요.,새 번호로 본인 인증을 진행하는 방법을 알려주세요.,회원,회원정보,S014,휴대전화 번호 변경,Y,Y,Y
VOC02305,로그인 화면에서 넘어가지 않아요 관련 기준도 함께 알려주세요.,여러 번 시도했지만 인증 후 다시 로그인 화면으로 돌아옵니다.,회원,로그인,S004,로그인 오류,Y,Y,Y
VOC08739,새 번호로 인증받고 싶어요,기존 번호 [기존전화번호]에서 새 번호 [새전화번호]로 변경하고 싶습니다. 동일 현상이 반복되고 있습니다.,회원,회원정보,S014,휴대전화 번호 변경,Y,Y,Y
VOC06065,잘못 차감된 포인트 문의,사용한 적이 없는데 [포인트수량] 포인트가 차감된 것으로 표시됩니다.,포인트,차감,S010,포인트 오차감,Y,Y,Y
VOC09302,기존 전화번호 변경 문의,기존 번호 [기존전화번호]에서 새 번호 [새전화번호]로 변경하고 싶습니다.,회원,회원정보,S014,휴대전화 번호 변경,Y,Y,Y
VOC03181,비밀번호 찾기 인증 오류,비밀번호가 기억나지 않아 재설정하려고 합니다. 관련 기준도 함께 알려주세요. 앱을 다시 실행해도 같은 상태입니다.,회원,계정관리,S005,비밀번호 재설정,Y,Y,Y
VOC03142,비밀번호 찾기 인증 오류,새 비밀번호를 입력했지만 변경이 완료되지 않습니다.,회원,계정관리,S005,비밀번호 재설정,Y,Y,Y
VOC09291,기존 전화번호 변경 문의 관련 기준도 함께 알려주세요.,새 번호로 본인 인증을 진행하는 방법을 알려주세요.,회원,회원정보,S014,휴대전화 번호 변경,Y,Y,Y
VOC07174,업데이트 후 앱이 열리지 않아요,재설치 후에도 동일하게 앱이 강제 종료됩니다. 관련 기준도 함께 알려주세요.,앱,오류,S011,앱 실행 오류,Y,Y,Y
VOC08066,보험 계약자 정보 오류,보험 계약 정보 중 일부 항목이 잘못되어 수정 요청드립니다.,보험,계약정보,S013,계약정보 불일치,Y,Y,Y
VOC04414,보험료 할인 혜택이 확인하고 싶습니다 앱에서 확인이 어려워 문의드립니다.,앱에는 할인 대상이라고 나오는데 실제 보험료에 적용됐는지 알고 싶습니다.,보험,할인,S007,보험료 할인 적용 문의,Y,Y,Y
VOC06002,서비스 계정을 삭제하고 싶어요,회원 탈퇴 시 남은 포인트와 주행기록이 어떻게 처리되는지 안내받고 싶습니다.,회원,계정관리,S009,회원 탈퇴,Y,Y,Y
VOC04772,차량을 변경했습니다,기존 차량을 삭제하고 새 차량을 등록하는 방법을 확인 부탁드립니다.,차량,차량정보,S008,차량정보 변경,Y,Y,Y
VOC05129,등록 차량 변경 요청,기존 차량을 삭제하고 새 차량을 등록하는 방법을 알려주세요.,차량,차량정보,S008,차량정보 변경,Y,Y,Y
VOC05179,차량을 변경했습니다 관련 기준도 함께 알려주세요.,기존 차량을 삭제하고 새 차량을 등록하는 방법을 알려주세요.,차량,차량정보,S008,차량정보 변경,Y,Y,Y
VOC00056,포인트가 누락된 것 같습니다,주행 조건을 충족한 것으로 보이는데 포인트가 0으로 표시됩니다. 빠른 확인 요청드립니다. 이전에 정상적으로 이용한 적이 있습니다.,포인트,적립,S001,주행 포인트 미적립,Y,Y,Y
VOC09895,포인트 지급 조건 안내 요청,포인트 지급 대상과 제외 조건을 자세히 안내해주세요. 앱을 다시 실행해도 같은 상태입니다.,포인트,적립기준,S015,포인트 적립 기준 문의,Y,Y,Y
VOC03526,최근 주행기록 누락 문의,해당 시간대의 운전 내역이 누락되어 확인 요청드립니다.,주행,주행기록,S006,주행기록 미반영,Y,Y,Y
VOC05059,기존 차량 삭제 후 신규 등록,차량번호 변경 후 주행 서비스 연결 방법을 문의드립니다. 처리 방법을 안내해주세요.,차량,차량정보,S008,차량정보 변경,Y,Y,Y
VOC01302,포인트 반영이 늦어지고 있습니다,[시간]에 주행을 종료했습니다. 포인트 반영 예정 시간을 알고 싶습니다.,포인트,적립,S002,주행 포인트 적립 지연,Y,Y,Y
VOC03352,주행기록이 보이지 않습니다,운전을 완료했지만 최근 주행 목록에 추가되지 않았습니다.,주행,주행기록,S006,주행기록 미반영,Y,Y,Y
VOC08853,새 번호로 인증받고 싶어요 빠른 확인 요청드립니다.,기존 번호 [기존전화번호]에서 새 번호 [새전화번호]로 변경하고 싶습니다.,회원,회원정보,S014,휴대전화 번호 변경,Y,Y,Y
VOC05134,등록 차량 변경 요청,기존 차량 [차량번호]에서 새 차량 [변경차량번호]로 변경했습니다. 처리 방법을 안내해주세요.,차량,차량정보,S008,차량정보 변경,Y,Y,Y
VOC05272,등록 차량 변경 요청,기존 차량을 삭제하고 새 차량을 등록하는 방법을 확인 부탁드립니다.,차량,차량정보,S008,차량정보 변경,Y,Y,Y
VOC01960,포인트 사용 가능 서비스 문의 관련 기준도 함께 알려주세요.,보험료 결제 외에도 포인트를 사용할 수 있는 곳이 있나요?,포인트,사용,S003,포인트 사용처 문의,Y,Y,Y
VOC01343,적립 포인트는 어디서 쓰나요,보험료 결제 외에도 포인트를 사용할 수 있는 곳이 있나요? 관련 기준도 함께 알려주세요.,포인트,사용,S003,포인트 사용처 문의,Y,Y,Y
VOC01986,보유 포인트 사용 방법,보험료 결제 외에도 포인트를 사용할 수 있는 곳이 있나요?,포인트,사용,S003,포인트 사용처 문의,Y,Y,Y
VOC04216,보험료 할인 혜택이 확인하고 싶습니다 앱에서 확인이 어려워 문의드립니다.,안전운전 점수와 보험료 할인 적용 기준을 안내해주세요.,보험,할인,S007,보험료 할인 적용 문의,Y,Y,Y
VOC01466,적립 포인트는 어디서 쓰나요,적립된 포인트의 사용처와 사용 절차를 안내 부탁드립니다. 이전에 정상적으로 이용한 적이 있습니다.,포인트,사용,S003,포인트 사용처 문의,Y,Y,Y
VOC08556,보험 계약자 정보 오류,증권번호 [증권번호]의 차량정보가 현재 차량과 일치하지 않습니다. 현재 화면에서 직접 수정할 수 없습니다.,보험,계약정보,S013,계약정보 불일치,Y,Y,Y
VOC06853,앱 실행 중 오류가 발생합니다,앱을 실행하면 [오류코드] 오류가 표시되고 바로 종료됩니다. 관련 기준도 함께 알려주세요.,앱,오류,S011,앱 실행 오류,Y,Y,Y
VOC04705,차량을 변경했습니다,기존 차량을 삭제하고 새 차량을 등록하는 방법을 알려주세요. 처리 방법을 안내해주세요. 앱을 다시 실행해도 같은 상태입니다.,차량,차량정보,S008,차량정보 변경,Y,Y,Y
VOC09237,기존 전화번호 변경 문의,등록된 연락처가 실제 사용하는 번호와 달라 수정 요청드립니다.,회원,회원정보,S014,휴대전화 번호 변경,Y,Y,Y
VOC05423,서비스 계정을 삭제하고 싶어요,본인 인증 후 탈퇴가 완료되지 않아 확인 부탁드립니다.,회원,계정관리,S009,회원 탈퇴,Y,Y,Y
VOC03963,앱에서 운전 기록 확인 불가,주행 종료 후에도 거리와 시간이 0으로 표시됩니다.,주행,주행기록,S006,주행기록 미반영,Y,Y,Y
VOC04665,보험료 할인 혜택이 안내받고 싶습니다,갱신 계약에 주행분석 할인 혜택이 반영되는지 확인 요청드립니다. 앱에서 확인이 어려워 문의드립니다. 현재 화면에서 직접 수정할 수 없습니다.,보험,할인,S007,보험료 할인 적용 문의,Y,Y,Y
VOC07622,사고 접수 후 연락이 없습니다,사건번호 [사건번호]와 관련해 현재 처리 단계를 확인하고 싶습니다.,사고,처리현황,S012,사고 처리 진행 문의,Y,Y,Y
VOC02216,계속 로그인에 실패합니다,로그인 버튼을 눌러도 화면이 그대로입니다.,회원,로그인,S004,로그인 오류,Y,Y,Y
VOC01404,보유 포인트 사용 방법,포인트 사용 가능한 서비스와 제한 조건이 안내받고 싶습니다.,포인트,사용,S003,포인트 사용처 문의,Y,Y,Y
VOC06948,업데이트 후 앱이 열리지 않아요,업데이트 이후 첫 화면에서 멈추고 다음으로 넘어가지 않습니다. 앱에서 확인이 어려워 문의드립니다.,앱,오류,S011,앱 실행 오류,Y,Y,Y
VOC04520,보험료 할인 혜택이 궁금합니다,갱신 계약에 주행분석 할인 혜택이 반영되는지 문의드립니다.,보험,할인,S007,보험료 할인 적용 문의,Y,Y,Y
VOC00826,포인트 반영이 늦어지고 있습니다,[시간]에 주행을 종료했습니다. 포인트 반영 예정 시간을 알고 싶습니다.,포인트,적립,S002,주행 포인트 적립 지연,Y,Y,Y
VOC07119,업데이트 후 앱이 열리지 않아요,특정 메뉴에 들어가면 화면이 멈추는 현상이 반복됩니다. 확인 부탁드립니다. 이전에 정상적으로 이용한 적이 있습니다.,앱,오류,S011,앱 실행 오류,Y,Y,Y
VOC01107,포인트가 아직 처리되지 않았어요,"포인트가 바로 들어오는지, 일정 시간이 필요한지 문의드립니다.",포인트,적립,S002,주행 포인트 적립 지연,Y,Y,Y
VOC09985,주행 포인트 산정 방법 문의 관련 기준도 함께 알려주세요.,포인트를 받기 위한 최소 주행 조건이 궁금합니다.,포인트,적립기준,S015,포인트 적립 기준 문의,Y,Y,Y
VOC09256,기존 전화번호 변경 문의,등록된 연락처가 실제 사용하는 번호와 달라 수정 요청드립니다.,회원,회원정보,S014,휴대전화 번호 변경,Y,Y,Y
VOC06519,사용하지 않은 포인트가 차감됐어요,결제를 취소했는데 차감된 포인트가 복구되지 않았습니다.,포인트,차감,S010,포인트 오차감,Y,Y,Y
VOC00039,주행 후 포인트가 없습니다 빠른 확인 요청드립니다.,[주행구간] 구간을 운전했는데 적립 내역이 확인되지 않습니다.,포인트,적립,S001,주행 포인트 미적립,Y,Y,Y
VOC02695,비밀번호 찾기 인증 오류,비밀번호가 기억나지 않아 재설정하려고 합니다. 빠른 확인 요청드립니다.,회원,계정관리,S005,비밀번호 재설정,Y,Y,Y
VOC08015,증권 정보 수정 문의,갱신한 계약이 앱에서 이전 계약으로 보입니다.,보험,계약정보,S013,계약정보 불일치,Y,Y,Y
VOC03573,운전한 내역이 앱에 없습니다 앱에서 확인이 어려워 문의드립니다.,주행 종료 후에도 거리와 시간이 0으로 표시됩니다. 확인 부탁드립니다.,주행,주행기록,S006,주행기록 미반영,Y,Y,Y
VOC04120,주행점수 할인 확인 요청,증권번호 [계약번호] 계약에 안전운전 할인이 적용됐는지 확인하고 싶습니다. 확인 부탁드립니다. 이전에 정상적으로 이용한 적이 있습니다.,보험,할인,S007,보험료 할인 적용 문의,Y,Y,Y
VOC07038,앱 실행 중 오류가 발생합니다,재설치 후에도 동일하게 앱이 강제 종료됩니다. 동일 현상이 반복되고 있습니다.,앱,오류,S011,앱 실행 오류,Y,Y,Y
VOC08260,보험 계약자 정보 오류,보험 계약 정보 중 일부 항목이 잘못되어 수정 요청드립니다. 이전에 정상적으로 이용한 적이 있습니다.,보험,계약정보,S013,계약정보 불일치,Y,Y,Y
VOC01518,포인트 사용 가능 서비스 문의,현재 보유한 포인트를 어디에서 사용할 수 있는지 알려주세요.,포인트,사용,S003,포인트 사용처 문의,Y,Y,Y
VOC02056,아이디 입력 후 접속 오류,[오류코드] 메시지가 표시되면서 앱에 접속할 수 없습니다. 앱에서 확인이 어려워 문의드립니다.,회원,로그인,S004,로그인 오류,Y,Y,Y
VOC00866,주행 포인트는 언제 들어오나요,주행 후 몇 시간이 지났는데 아직 적립 대기 상태입니다.,포인트,적립,S002,주행 포인트 적립 지연,Y,Y,Y
VOC07866,접수한 사고는 어떻게 진행되고 있나요,사고 접수 이후 진행 상황 안내를 받지 못했습니다.,사고,처리현황,S012,사고 처리 진행 문의,Y,Y,Y
VOC09373,포인트 적립 기준이 궁금합니다,짧은 거리 주행도 포인트 적립 대상인지 문의드립니다.,포인트,적립기준,S015,포인트 적립 기준 문의,Y,Y,Y
VOC05751,서비스 계정을 삭제하고 싶어요,계정과 저장된 개인정보를 삭제하는 절차를 알려주세요.,회원,계정관리,S009,회원 탈퇴,Y,Y,Y
VOC09190,등록 연락처 수정 요청 앱에서 확인이 어려워 문의드립니다.,등록된 연락처가 실제 사용하는 번호와 달라 수정 요청드립니다.,회원,회원정보,S014,휴대전화 번호 변경,Y,Y,Y
VOC08905,기존 전화번호 변경 문의,번호 변경 후 로그인 인증 문자가 이전 번호로 발송됩니다.,회원,회원정보,S014,휴대전화 번호 변경,Y,Y,Y
VOC06071,잘못 차감된 포인트 문의,사용한 적이 없는데 [금액] 포인트가 차감된 것으로 표시됩니다. 처리 방법을 안내해주세요.,포인트,차감,S010,포인트 오차감,Y,Y,Y
VOC05474,회원 탈퇴를 요청합니다 관련 기준도 함께 알려주세요.,앱에서 탈퇴 메뉴를 찾을 수 없어 문의드립니다.,회원,계정관리,S009,회원 탈퇴,Y,Y,Y
VOC02195,계정 접속이 불가능합니다,기존에 사용하던 계정으로 접속되지 않아 문의드립니다. 필요한 확인 항목이 있다면 안내 부탁드립니다.,회원,로그인,S004,로그인 오류,Y,Y,Y
VOC01925,적립 포인트는 어디서 쓰나요,포인트 사용 가능한 서비스와 제한 조건이 궁금합니다.,포인트,사용,S003,포인트 사용처 문의,Y,Y,Y
VOC08791,등록 연락처 수정 요청,휴대전화 번호를 바꿨는데 앱 회원정보에는 이전 번호가 표시됩니다. 앱을 다시 실행해도 같은 상태입니다.,회원,회원정보,S014,휴대전화 번호 변경,Y,Y,Y
VOC02587,앱 로그인이 되지 않습니다,아이디와 비밀번호를 입력해도 로그인 오류가 발생합니다.,회원,로그인,S004,로그인 오류,Y,Y,Y
VOC09800,주행 포인트 산정 방법 문의,포인트를 받기 위한 최소 주행 조건이 궁금합니다. 이전에 정상적으로 이용한 적이 있습니다.,포인트,적립기준,S015,포인트 적립 기준 문의,Y,Y,Y
VOC01346,적립 포인트는 어디서 쓰나요,보험료 결제 외에도 포인트를 사용할 수 있는 곳이 있나요?,포인트,사용,S003,포인트 사용처 문의,Y,Y,Y
VOC02946,새 비밀번호 등록 문의 처리 방법을 안내해주세요.,비밀번호 찾기 과정에서 [기존전화번호]로 인증번호가 오지 않습니다. 확인 부탁드립니다.,회원,계정관리,S005,비밀번호 재설정,Y,Y,Y
VOC09607,주행 포인트 산정 방법 문의 앱에서 확인이 어려워 문의드립니다.,포인트 지급 대상과 제외 조건을 자세히 안내해주세요.,포인트,적립기준,S015,포인트 적립 기준 문의,Y,Y,Y
VOC09540,주행 포인트 산정 방법 문의,급가속이나 급감속 기록이 포인트 적립에 영향을 주나요?,포인트,적립기준,S015,포인트 적립 기준 문의,Y,Y,Y
VOC00293,주행 후 포인트가 없습니다,지난 주행 건에 대한 포인트를 받지 못했습니다. 확인 부탁드립니다.,포인트,적립,S001,주행 포인트 미적립,Y,Y,Y
VOC05040,등록 차량 변경 요청,기존 차량 [차량번호]에서 새 차량 [새차량번호]로 변경했습니다. 처리 방법을 안내해주세요. 현재 화면에서 직접 수정할 수 없습니다.,차량,차량정보,S008,차량정보 변경,Y,Y,Y
VOC09283,휴대전화 번호를 변경하고 싶습니다,등록된 연락처가 실제 사용하는 번호와 달라 수정 요청드립니다. 앱에서 확인이 어려워 문의드립니다.,회원,회원정보,S014,휴대전화 번호 변경,Y,Y,Y
VOC01055,포인트 반영이 늦어지고 있습니다,[접수시간]에 주행을 종료했습니다. 포인트 반영 예정 시간을 알고 싶습니다.,포인트,적립,S002,주행 포인트 적립 지연,Y,Y,Y
VOC02388,앱 로그인이 되지 않습니다,아이디와 비밀번호를 입력해도 로그인 오류가 발생합니다.,회원,로그인,S004,로그인 오류,Y,Y,Y
VOC03198,비밀번호가 기억나지 않아요,본인 인증 후 비밀번호 재설정 화면으로 이동하지 않습니다.,회원,계정관리,S005,비밀번호 재설정,Y,Y,Y
VOC00728,운전 후 포인트 반영 시간 문의,오늘 주행을 마쳤는데 포인트가 아직 반영되지 않았습니다. 보통 얼마나 걸리나요?,포인트,적립,S002,주행 포인트 적립 지연,Y,Y,Y
VOC06678,앱 화면이 멈춥니다 빠른 확인 요청드립니다.,앱을 열면 흰 화면만 보이고 아무 기능도 사용할 수 없습니다.,앱,오류,S011,앱 실행 오류,Y,Y,Y
VOC02702,비밀번호를 재설정하고 싶습니다,비밀번호가 기억나지 않아 재설정하려고 합니다.,회원,계정관리,S005,비밀번호 재설정,Y,Y,Y
VOC00297,포인트가 누락된 것 같습니다,지난 주행 건에 대한 포인트를 받지 못했습니다. 확인 부탁드립니다.,포인트,적립,S001,주행 포인트 미적립,Y,Y,Y
VOC05920,서비스 계정을 삭제하고 싶어요 확인 부탁드립니다.,앱에서 탈퇴 메뉴를 찾을 수 없어 문의드립니다. 필요한 확인 항목이 있다면 안내 부탁드립니다.,회원,계정관리,S009,회원 탈퇴,Y,Y,Y
VOC04493,보험료 할인 혜택이 안내받고 싶습니다,안전운전 점수와 보험료 할인 적용 기준을 안내해주세요.,보험,할인,S007,보험료 할인 적용 문의,Y,Y,Y
VOC04559,주행점수 할인 확인 요청,증권번호 [증권번호] 계약에 안전운전 할인이 적용됐는지 확인하고 싶습니다.,보험,할인,S007,보험료 할인 적용 문의,Y,Y,Y
VOC09195,휴대전화 번호를 변경하고 싶습니다 관련 기준도 함께 알려주세요.,등록된 연락처가 실제 사용하는 번호와 달라 수정 요청드립니다. 현재 화면에서 직접 수정할 수 없습니다.,회원,회원정보,S014,휴대전화 번호 변경,Y,Y,Y
VOC02149,앱 로그인이 되지 않습니다,아이디와 비밀번호를 입력해도 로그인 오류가 발생합니다.,회원,로그인,S004,로그인 오류,Y,Y,Y
VOC07777,접수한 사고는 어떻게 진행되고 있나요,보상 심사가 어느 단계까지 진행됐는지 확인 부탁드립니다.,사고,처리현황,S012,사고 처리 진행 문의,Y,Y,Y
VOC01777,포인트를 사용할 수 있는 곳,적립된 포인트의 사용처와 사용 절차를 안내 부탁드립니다.,포인트,사용,S003,포인트 사용처 문의,Y,Y,Y
VOC08825,휴대전화 번호를 변경하고 싶습니다,등록된 연락처가 실제 사용하는 번호와 달라 수정 요청드립니다.,회원,회원정보,S014,휴대전화 번호 변경,Y,Y,Y
VOC08876,새 번호로 인증받고 싶어요,번호 변경 후 로그인 인증 문자가 이전 번호로 발송됩니다.,회원,회원정보,S014,휴대전화 번호 변경,Y,Y,Y
VOC01947,포인트를 사용할 수 있는 곳,현재 보유한 포인트를 어디에서 사용할 수 있는지 알려주세요. 확인 부탁드립니다.,포인트,사용,S003,포인트 사용처 문의,Y,Y,Y
VOC03122,비밀번호를 재설정하고 싶습니다 앱에서 확인이 어려워 문의드립니다.,비밀번호 변경 절차와 조건을 안내해주세요. 앱을 다시 실행해도 같은 상태입니다.,회원,계정관리,S005,비밀번호 재설정,Y,Y,Y
VOC08333,증권 정보 수정 문의,앱에 표시된 계약자명이 [계약자명]으로 되어 있는데 실제 정보와 다릅니다.,보험,계약정보,S013,계약정보 불일치,Y,Y,Y
VOC09311,등록 연락처 수정 요청,기존 번호 [전화번호]에서 새 번호 [새전화번호]로 변경하고 싶습니다. 빠른 확인 요청드립니다.,회원,회원정보,S014,휴대전화 번호 변경,Y,Y,Y
VOC01299,운전 후 포인트 반영 시간 문의 확인 부탁드립니다.,"포인트가 바로 들어오는지, 일정 시간이 필요한지 문의드립니다.",포인트,적립,S002,주행 포인트 적립 지연,Y,Y,Y
VOC08139,증권 정보 수정 문의,갱신한 계약이 앱에서 이전 계약으로 보입니다.,보험,계약정보,S013,계약정보 불일치,Y,Y,Y
VOC05075,앱 차량정보 수정 문의 앱에서 확인이 어려워 문의드립니다.,기존 차량을 삭제하고 새 차량을 등록하는 방법을 알려주세요. 현재 화면에서 직접 수정할 수 없습니다.,차량,차량정보,S008,차량정보 변경,Y,Y,Y
VOC01403,포인트를 사용할 수 있는 곳,적립된 포인트의 사용처와 사용 절차를 안내 부탁드립니다.,포인트,사용,S003,포인트 사용처 문의,Y,Y,Y
VOC00973,포인트 적립 처리 중 문의,"포인트가 바로 들어오는지, 일정 시간이 필요한지 문의드립니다.",포인트,적립,S002,주행 포인트 적립 지연,Y,Y,Y
VOC06375,포인트 잔액 오류 확인 부탁드립니다.,결제를 취소했는데 차감된 포인트가 복구되지 않았습니다. 확인 부탁드립니다.,포인트,차감,S010,포인트 오차감,Y,Y,Y
VOC01721,포인트 사용처가 궁금합니다,앱에 [차감금액] 포인트가 있는데 사용 가능한 항목을 확인하고 싶습니다.,포인트,사용,S003,포인트 사용처 문의,Y,Y,Y
VOC00486,포인트가 누락된 것 같습니다,[출발지]에서 [도착지]까지 구간을 운전했는데 적립 내역이 확인안 됩니다. 앱에서 확인이 어려워 문의드립니다.,포인트,적립,S001,주행 포인트 미적립,Y,Y,Y
VOC05060,차량을 변경했습니다 처리 방법을 안내해주세요.,기존 차량 [기존차량번호]에서 새 차량 [새차량번호]로 변경했습니다. 관련 기준도 함께 알려주세요.,차량,차량정보,S008,차량정보 변경,Y,Y,Y
VOC07268,서비스 실행 불가 문의,앱을 열면 흰 화면만 보이고 아무 기능도 사용할 수 없습니다. 필요한 확인 항목이 있다면 안내 부탁드립니다.,앱,오류,S011,앱 실행 오류,Y,Y,Y
VOC03749,최근 주행기록 누락 문의,차량은 정상적으로 운행했는데 주행 데이터가 수집되지 않은 것 같습니다.,주행,주행기록,S006,주행기록 미반영,Y,Y,Y
VOC02999,비밀번호 찾기 인증 오류 앱에서 확인이 어려워 문의드립니다.,비밀번호 찾기 과정에서 [기존전화번호]로 인증번호가 오지 않습니다.,회원,계정관리,S005,비밀번호 재설정,Y,Y,Y
VOC02027,계정 접속이 불가능합니다,여러 번 시도했지만 인증 후 다시 로그인 화면으로 돌아옵니다. 앱에서 확인이 어려워 문의드립니다.,회원,로그인,S004,로그인 오류,Y,Y,Y
VOC04142,계약 할인 적용 상태 문의,증권번호 [증권번호] 계약에 안전운전 할인이 적용됐는지 확인하고 싶습니다.,보험,할인,S007,보험료 할인 적용 문의,Y,Y,Y
VOC01729,보유 포인트 사용 방법,적립된 포인트의 사용처와 사용 절차를 안내 부탁드립니다.,포인트,사용,S003,포인트 사용처 문의,Y,Y,Y
VOC04603,안전운전 할인 적용 여부 문의,증권번호 [증권번호] 계약에 안전운전 할인이 적용됐는지 확인하고 싶습니다.,보험,할인,S007,보험료 할인 적용 문의,Y,Y,Y
VOC01095,운전 후 포인트 반영 시간 문의,[시간]에 주행을 종료했습니다. 포인트 반영 예정 시간을 알고 싶습니다.,포인트,적립,S002,주행 포인트 적립 지연,Y,Y,Y
VOC06885,앱이 계속 종료됩니다,특정 메뉴에 들어가면 화면이 멈추는 현상이 반복됩니다.,앱,오류,S011,앱 실행 오류,Y,Y,Y
VOC08716,등록 연락처 수정 요청,번호 변경 후 로그인 인증 문자가 이전 번호로 발송됩니다.,회원,회원정보,S014,휴대전화 번호 변경,Y,Y,Y
VOC05710,더 이상 서비스를 이용하지 않습니다 확인 부탁드립니다.,더 이상 서비스를 이용하지 않아 회원 탈퇴를 진행하고 싶습니다.,회원,계정관리,S009,회원 탈퇴,Y,Y,Y
VOC04018,보험료 할인 혜택이 궁금합니다,증권번호 [계약번호] 계약에 안전운전 할인이 적용됐는지 확인하고 싶습니다. 관련 기준도 함께 알려주세요.,보험,할인,S007,보험료 할인 적용 문의,Y,Y,Y
VOC03458,최근 주행기록 누락 문의,운전을 완료했지만 최근 주행 목록에 추가되지 않았습니다. 현재 화면에서 직접 수정할 수 없습니다.,주행,주행기록,S006,주행기록 미반영,Y,Y,Y
VOC09322,기존 전화번호 변경 문의,등록된 연락처가 실제 사용하는 번호와 달라 수정 요청드립니다. 처리 방법을 안내해주세요.,회원,회원정보,S014,휴대전화 번호 변경,Y,Y,Y
VOC01833,포인트 사용처가 궁금합니다,포인트 사용 가능한 서비스와 제한 조건이 궁금합니다.,포인트,사용,S003,포인트 사용처 문의,Y,Y,Y
VOC00807,포인트 반영이 늦어지고 있습니다,오늘 주행을 마쳤는데 포인트가 아직 반영되지 않았습니다. 보통 얼마나 걸리나요? 확인 부탁드립니다.,포인트,적립,S002,주행 포인트 적립 지연,Y,Y,Y
VOC06448,포인트 차감 내역이 이상합니다,사용한 적이 없는데 [차감금액] 포인트가 차감된 것으로 표시됩니다.,포인트,차감,S010,포인트 오차감,Y,Y,Y
VOC00350,포인트가 누락된 것 같습니다,주행 조건을 충족한 것으로 보이는데 포인트가 0으로 표시됩니다.,포인트,적립,S001,주행 포인트 미적립,Y,Y,Y
VOC05298,새 차량으로 바꾸고 싶어요,차량을 교체해서 앱의 등록 정보를 수정하고 싶습니다. 앱에서 확인이 어려워 문의드립니다.,차량,차량정보,S008,차량정보 변경,Y,Y,Y
VOC05230,기존 차량 삭제 후 신규 등록,보험 계약 차량은 변경됐는데 앱에는 이전 차량이 표시됩니다.,차량,차량정보,S008,차량정보 변경,Y,Y,Y
VOC03391,주행기록이 보이지 않습니다 관련 기준도 함께 알려주세요.,운전을 완료했지만 최근 주행 목록에 추가되지 않았습니다.,주행,주행기록,S006,주행기록 미반영,Y,Y,Y
VOC01049,포인트 반영이 늦어지고 있습니다,방금 운전한 기록은 보이는데 포인트는 처리 중으로 표시됩니다.,포인트,적립,S002,주행 포인트 적립 지연,Y,Y,Y
VOC02784,비밀번호 변경이 되지 않습니다,비밀번호가 기억나지 않아 재설정하려고 합니다. 관련 기준도 함께 알려주세요.,회원,계정관리,S005,비밀번호 재설정,Y,Y,Y
VOC05112,앱 차량정보 수정 문의,기존 차량을 삭제하고 새 차량을 등록하는 방법을 알려주세요. 현재 화면에서 직접 수정할 수 없습니다.,차량,차량정보,S008,차량정보 변경,Y,Y,Y
VOC03233,비밀번호 변경이 되지 않습니다 처리 방법을 안내해주세요.,비밀번호 변경 절차와 조건을 안내해주세요.,회원,계정관리,S005,비밀번호 재설정,Y,Y,Y
VOC00064,포인트가 누락된 것 같습니다 앱에서 확인이 어려워 문의드립니다.,주행 조건을 충족한 것으로 보이는데 포인트가 0으로 표시됩니다. 이전에 정상적으로 이용한 적이 있습니다.,포인트,적립,S001,주행 포인트 미적립,Y,Y,Y
VOC06546,포인트가 갑자기 줄었습니다 처리 방법을 안내해주세요.,포인트 사용 이력과 실제 잔액이 맞지 않습니다.,포인트,차감,S010,포인트 오차감,Y,Y,Y
VOC01380,포인트를 사용할 수 있는 곳,포인트 사용 가능한 서비스와 제한 조건이 확인하고 싶습니다. 앱에서 확인이 어려워 문의드립니다.,포인트,사용,S003,포인트 사용처 문의,Y,Y,Y
VOC03014,비밀번호 찾기 인증 오류,새 비밀번호를 입력했지만 변경이 완료되지 않습니다. 처리 방법을 안내해주세요.,회원,계정관리,S005,비밀번호 재설정,Y,Y,Y
VOC09325,기존 전화번호 변경 문의,새 번호로 본인 인증을 진행하는 방법을 알려주세요.,회원,회원정보,S014,휴대전화 번호 변경,Y,Y,Y
VOC09032,휴대전화 번호를 변경하고 싶습니다,기존 번호 [전화번호]에서 새 번호 [새전화번호]로 변경하고 싶습니다.,회원,회원정보,S014,휴대전화 번호 변경,Y,Y,Y
VOC07433,보상 처리 단계 문의,사건번호 [사건번호]와 관련해 현재 처리 단계를 확인하고 싶습니다. 빠른 확인 요청드립니다.,사고,처리현황,S012,사고 처리 진행 문의,Y,Y,Y
VOC07490,보상 처리 단계 문의,사고 접수 이후 진행 상황 안내를 받지 못했습니다. 앱에서 확인이 어려워 문의드립니다.,사고,처리현황,S012,사고 처리 진행 문의,Y,Y,Y
VOC02604,앱 로그인이 안 됩니다 처리 방법을 안내해주세요.,여러 번 시도했지만 인증 후 다시 로그인 화면으로 돌아옵니다.,회원,로그인,S004,로그인 오류,Y,Y,Y
VOC08251,앱의 계약 내용이 맞지 않아요,계약 기간과 보험료 정보가 가입 당시 안내와 다르게 표시됩니다. 처리 방법을 안내해주세요.,보험,계약정보,S013,계약정보 불일치,Y,Y,Y
VOC05105,기존 차량 삭제 후 신규 등록,기존 차량 [차량번호]에서 새 차량 [새차량번호]로 변경했습니다.,차량,차량정보,S008,차량정보 변경,Y,Y,Y
VOC03206,비밀번호 찾기 인증 오류,본인 인증 후 비밀번호 재설정 화면으로 이동하지 않습니다. 동일 현상이 반복되고 있습니다.,회원,계정관리,S005,비밀번호 재설정,Y,Y,Y
VOC05606,서비스 계정을 삭제하고 싶어요 처리 방법을 안내해주세요.,본인 인증 후 탈퇴가 완료되지 않아 확인 부탁드립니다.,회원,계정관리,S009,회원 탈퇴,Y,Y,Y
VOC02088,계속 로그인에 실패합니다 처리 방법을 안내해주세요.,여러 번 시도했지만 인증 후 다시 로그인 화면으로 돌아옵니다.,회원,로그인,S004,로그인 오류,Y,Y,Y
VOC08872,기존 전화번호 변경 문의,등록된 연락처가 실제 사용하는 번호와 달라 수정 요청드립니다.,회원,회원정보,S014,휴대전화 번호 변경,Y,Y,Y
VOC06146,사용하지 않은 포인트가 차감됐어요 관련 기준도 함께 알려주세요.,사용한 적이 없는데 [포인트수량] 포인트가 차감된 것으로 표시됩니다.,포인트,차감,S010,포인트 오차감,Y,Y,Y
VOC06613,포인트 잔액 오류,포인트 내역에 알 수 없는 차감 기록이 있습니다. 이전에 정상적으로 이용한 적이 있습니다.,포인트,차감,S010,포인트 오차감,Y,Y,Y
VOC07235,앱 실행 중 오류가 발생합니다,업데이트 이후 첫 화면에서 멈추고 다음으로 넘어가지 않습니다.,앱,오류,S011,앱 실행 오류,Y,Y,Y
VOC01118,포인트 반영이 늦어지고 있습니다,방금 운전한 기록은 보이는데 포인트는 처리 중으로 표시됩니다.,포인트,적립,S002,주행 포인트 적립 지연,Y,Y,Y
VOC09392,어떤 주행이 포인트 대상인가요,포인트 지급 대상과 제외 조건을 자세히 안내해주세요.,포인트,적립기준,S015,포인트 적립 기준 문의,Y,Y,Y
VOC02968,비밀번호가 기억나지 않아요,비밀번호가 기억나지 않아 재설정하려고 합니다.,회원,계정관리,S005,비밀번호 재설정,Y,Y,Y
VOC07329,앱이 계속 종료됩니다,재설치 후에도 동일하게 앱이 강제 종료됩니다.,앱,오류,S011,앱 실행 오류,Y,Y,Y
VOC02418,아이디 입력 후 접속 오류,로그인 버튼을 눌러도 화면이 그대로입니다.,회원,로그인,S004,로그인 오류,Y,Y,Y
VOC07477,보상 처리 단계 문의,사건번호 [사고접수번호]와 관련해 현재 처리 단계를 확인하고 싶습니다.,사고,처리현황,S012,사고 처리 진행 문의,Y,Y,Y
VOC02926,비밀번호가 기억나지 않아요,새 비밀번호를 입력했지만 변경이 완료되지 않습니다. 확인 부탁드립니다.,회원,계정관리,S005,비밀번호 재설정,Y,Y,Y
VOC01594,포인트를 사용할 수 있는 곳 확인 부탁드립니다.,적립된 포인트의 사용처와 사용 절차를 안내 부탁드립니다.,포인트,사용,S003,포인트 사용처 문의,Y,Y,Y
VOC00111,포인트가 누락된 것 같습니다,지난 주행 건에 대한 포인트를 받지 못했습니다. 확인 부탁드립니다.,포인트,적립,S001,주행 포인트 미적립,Y,Y,Y
VOC03940,최근 주행기록 누락 문의,운전을 완료했지만 최근 주행 목록에 추가되지 않았습니다. 현재 화면에서 직접 수정할 수 없습니다.,주행,주행기록,S006,주행기록 미반영,Y,Y,Y
VOC01873,포인트 사용처가 궁금합니다 앱에서 확인이 어려워 문의드립니다.,포인트 사용 가능한 서비스와 제한 조건이 궁금합니다.,포인트,사용,S003,포인트 사용처 문의,Y,Y,Y
VOC08167,증권 정보 수정 문의,앱에 표시된 계약자명이 [이름]으로 되어 있는데 실제 정보와 다릅니다.,보험,계약정보,S013,계약정보 불일치,Y,Y,Y
VOC08668,보험 계약자 정보 오류,보험 계약 정보 중 일부 항목이 잘못되어 수정 요청드립니다. 빠른 확인 요청드립니다.,보험,계약정보,S013,계약정보 불일치,Y,Y,Y
VOC03194,비밀번호 찾기 인증 오류,비밀번호가 기억나지 않아 재설정하려고 합니다.,회원,계정관리,S005,비밀번호 재설정,Y,Y,Y
VOC02937,새 비밀번호 등록 문의,비밀번호 변경 절차와 조건을 안내해주세요. 이전에 정상적으로 이용한 적이 있습니다.,회원,계정관리,S005,비밀번호 재설정,Y,Y,Y
VOC00732,포인트가 아직 처리되지 않았어요,[시간]에 주행을 종료했습니다. 포인트 반영 예정 시간을 알고 싶습니다.,포인트,적립,S002,주행 포인트 적립 지연,Y,Y,Y
VOC03152,비밀번호가 기억나지 않아요,본인 인증 후 비밀번호 재설정 화면으로 이동하지 않습니다.,회원,계정관리,S005,비밀번호 재설정,Y,Y,Y
VOC03589,주행 데이터가 반영되지 않았어요,차량은 정상적으로 운행했는데 주행 데이터가 수집되지 않은 것 같습니다.,주행,주행기록,S006,주행기록 미반영,Y,Y,Y
VOC00852,포인트 적립 처리 중 문의,[접수시간]에 주행을 종료했습니다. 포인트 반영 예정 시간을 알고 싶습니다. 빠른 확인 요청드립니다. 현재 화면에서 직접 수정할 수 없습니다.,포인트,적립,S002,주행 포인트 적립 지연,Y,Y,Y
VOC08585,계약정보가 다르게 표시됩니다 빠른 확인 요청드립니다.,앱에 표시된 계약자명이 [이름]으로 되어 있는데 실제 정보와 다릅니다. 처리 방법을 안내해주세요.,보험,계약정보,S013,계약정보 불일치,Y,Y,Y
VOC01456,포인트를 사용할 수 있는 곳 확인 부탁드립니다.,현재 보유한 포인트를 어디에서 사용할 수 있는지 알려주세요. 관련 기준도 함께 알려주세요.,포인트,사용,S003,포인트 사용처 문의,Y,Y,Y
VOC07710,접수한 사고는 어떻게 진행되고 있나요,사건번호 [사고접수번호]와 관련해 현재 처리 단계를 확인하고 싶습니다.,사고,처리현황,S012,사고 처리 진행 문의,Y,Y,Y
VOC09491,어떤 주행이 포인트 대상인가요,포인트를 받기 위한 최소 주행 조건이 궁금합니다. 앱에서 확인이 어려워 문의드립니다.,포인트,적립기준,S015,포인트 적립 기준 문의,Y,Y,Y
VOC06479,잘못 차감된 포인트 문의,사용한 적이 없는데 [금액] 포인트가 차감된 것으로 표시됩니다.,포인트,차감,S010,포인트 오차감,Y,Y,Y
VOC03967,앱에서 운전 기록 확인 불가,해당 시간대의 운전 내역이 누락되어 확인 요청드립니다. 앱에서 확인이 어려워 문의드립니다.,주행,주행기록,S006,주행기록 미반영,Y,Y,Y
VOC09323,새 번호로 인증받고 싶어요,휴대전화 번호를 바꿨는데 앱 회원정보에는 이전 번호가 표시됩니다.,회원,회원정보,S014,휴대전화 번호 변경,Y,Y,Y
VOC07621,보상 처리 단계 문의,사고 접수 이후 진행 상황 안내를 받지 못했습니다. 앱을 다시 실행해도 같은 상태입니다.,사고,처리현황,S012,사고 처리 진행 문의,Y,Y,Y
VOC01858,포인트를 사용할 수 있는 곳,앱에 [차감금액] 포인트가 있는데 사용 가능한 항목을 확인하고 싶습니다.,포인트,사용,S003,포인트 사용처 문의,Y,Y,Y
VOC09833,포인트 지급 조건 안내 요청 관련 기준도 함께 알려주세요.,주행거리와 운전점수에 따라 포인트가 어떻게 산정되는지 알고 싶습니다. 처리 방법을 안내해주세요.,포인트,적립기준,S015,포인트 적립 기준 문의,Y,Y,Y
VOC01016,주행 포인트는 언제 들어오나요,오늘 주행을 마쳤는데 포인트가 아직 반영되지 않았습니다. 보통 얼마나 걸리나요? 처리 방법을 안내해주세요.,포인트,적립,S002,주행 포인트 적립 지연,Y,Y,Y
VOC09015,새 번호로 인증받고 싶어요,휴대전화 번호를 바꿨는데 앱 회원정보에는 이전 번호가 표시됩니다. 이전에 정상적으로 이용한 적이 있습니다.,회원,회원정보,S014,휴대전화 번호 변경,Y,Y,Y
VOC01969,적립 포인트는 어디서 쓰나요 관련 기준도 함께 알려주세요.,포인트 사용 가능한 서비스와 제한 조건이 궁금합니다. 이전에 정상적으로 이용한 적이 있습니다.,포인트,사용,S003,포인트 사용처 문의,Y,Y,Y
VOC07199,앱 실행 중 오류가 발생합니다,특정 메뉴에 들어가면 화면이 멈추는 현상이 반복됩니다.,앱,오류,S011,앱 실행 오류,Y,Y,Y
VOC03464,주행 데이터가 반영되지 않았어요,차량은 정상적으로 운행했는데 주행 데이터가 수집되지 않은 것 같습니다.,주행,주행기록,S006,주행기록 미반영,Y,Y,Y
VOC06539,포인트 잔액 오류,포인트 내역에 알 수 없는 차감 기록이 있습니다.,포인트,차감,S010,포인트 오차감,Y,Y,Y
VOC02127,계정 접속이 불가능합니다,기존에 사용하던 계정으로 접속되지 않아 문의드립니다.,회원,로그인,S004,로그인 오류,Y,Y,Y
VOC09946,어떤 주행이 포인트 대상인가요,포인트 지급 대상과 제외 조건을 자세히 안내해주세요. 빠른 확인 요청드립니다.,포인트,적립기준,S015,포인트 적립 기준 문의,Y,Y,Y
VOC05042,기존 차량 삭제 후 신규 등록,기존 차량 [기존차량번호]에서 새 차량 [새차량번호]로 변경했습니다.,차량,차량정보,S008,차량정보 변경,Y,Y,Y
VOC09654,운전점수와 포인트 관계 관련 기준도 함께 알려주세요.,급가속이나 급감속 기록이 포인트 적립에 영향을 주나요? 앱을 다시 실행해도 같은 상태입니다.,포인트,적립기준,S015,포인트 적립 기준 문의,Y,Y,Y
VOC04745,차량을 변경했습니다,차량을 교체해서 앱의 등록 정보를 수정하고 싶습니다.,차량,차량정보,S008,차량정보 변경,Y,Y,Y
VOC03677,운전한 내역이 앱에 없습니다 빠른 확인 요청드립니다.,운전을 완료했지만 최근 주행 목록에 추가되지 않았습니다.,주행,주행기록,S006,주행기록 미반영,Y,Y,Y
VOC05499,서비스 계정을 삭제하고 싶어요 관련 기준도 함께 알려주세요.,계정과 저장된 개인정보를 삭제하는 절차를 알려주세요. 빠른 확인 요청드립니다. 현재 화면에서 직접 수정할 수 없습니다.,회원,계정관리,S009,회원 탈퇴,Y,Y,Y
VOC04342,보험료 할인이 반영됐나요,현재 운전점수 기준으로 받을 수 있는 보험료 할인율이 궁금합니다. 관련 기준도 함께 알려주세요.,보험,할인,S007,보험료 할인 적용 문의,Y,Y,Y
VOC08524,증권 정보 수정 문의,보험 계약 정보 중 일부 항목이 잘못되어 수정 요청드립니다. 앱을 다시 실행해도 같은 상태입니다.,보험,계약정보,S013,계약정보 불일치,Y,Y,Y
VOC02317,계정 접속이 불가능합니다,아이디와 비밀번호를 입력해도 로그인 오류가 발생합니다.,회원,로그인,S004,로그인 오류,Y,Y,Y
VOC03184,비밀번호 변경이 되지 않습니다,새 비밀번호를 입력했지만 변경이 완료되지 않습니다.,회원,계정관리,S005,비밀번호 재설정,Y,Y,Y
VOC00257,포인트가 누락된 것 같습니다,운전 기록은 정상적으로 보이지만 포인트가 들어오지 않았습니다.,포인트,적립,S001,주행 포인트 미적립,Y,Y,Y
VOC05618,더 이상 서비스를 이용하지 않습니다 확인 부탁드립니다.,앱에서 탈퇴 메뉴를 찾을 수 없어 문의드립니다.,회원,계정관리,S009,회원 탈퇴,Y,Y,Y
VOC07026,앱이 계속 종료됩니다,재설치 후에도 동일하게 앱이 강제 종료됩니다.,앱,오류,S011,앱 실행 오류,Y,Y,Y
VOC01799,포인트를 사용할 수 있는 곳,현재 보유한 포인트를 어디에서 사용할 수 있는지 알려주세요.,포인트,사용,S003,포인트 사용처 문의,Y,Y,Y
VOC00736,포인트 적립 처리 중 문의,[주행종료시간]에 주행을 종료했습니다. 포인트 반영 예정 시간을 알고 싶습니다.,포인트,적립,S002,주행 포인트 적립 지연,Y,Y,Y
VOC05321,기존 차량 삭제 후 신규 등록 처리 방법을 안내해주세요.,차량을 교체해서 앱의 등록 정보를 수정하고 싶습니다.,차량,차량정보,S008,차량정보 변경,Y,Y,Y
VOC07399,접수한 사고는 어떻게 진행되고 있나요,사고 접수 이후 진행 상황 안내를 받지 못했습니다.,사고,처리현황,S012,사고 처리 진행 문의,Y,Y,Y
VOC04105,계약 할인 적용 상태 문의,증권번호 [계약번호] 계약에 안전운전 할인이 적용됐는지 확인하고 싶습니다.,보험,할인,S007,보험료 할인 적용 문의,Y,Y,Y
VOC07181,업데이트 후 앱이 열리지 않아요,앱을 열면 흰 화면만 보이고 아무 기능도 사용할 수 없습니다. 동일 현상이 반복되고 있습니다.,앱,오류,S011,앱 실행 오류,Y,Y,Y
VOC05828,앱 회원 탈퇴 방법 문의 처리 방법을 안내해주세요.,앱에서 탈퇴 메뉴를 찾을 수 없어 문의드립니다.,회원,계정관리,S009,회원 탈퇴,Y,Y,Y
VOC06605,잘못 차감된 포인트 문의 처리 방법을 안내해주세요.,사용한 적이 없는데 [금액] 포인트가 차감된 것으로 표시됩니다.,포인트,차감,S010,포인트 오차감,Y,Y,Y
VOC00580,포인트가 누락된 것 같습니다,지난 주행 건에 대한 포인트를 받지 못했습니다. 확인 부탁드립니다.,포인트,적립,S001,주행 포인트 미적립,Y,Y,Y
VOC01852,보유 포인트 사용 방법,앱에 [금액] 포인트가 있는데 사용 가능한 항목을 확인하고 싶습니다. 앱을 다시 실행해도 같은 상태입니다.,포인트,사용,S003,포인트 사용처 문의,Y,Y,Y
VOC08459,계약 차량 정보 불일치,앱에 표시된 계약자명이 [이름]으로 되어 있는데 실제 정보와 다릅니다. 앱에서 확인이 어려워 문의드립니다.,보험,계약정보,S013,계약정보 불일치,Y,Y,Y
VOC03649,주행기록이 보이지 않습니다,해당 시간대의 운전 내역이 누락되어 확인 요청드립니다.,주행,주행기록,S006,주행기록 미반영,Y,Y,Y
VOC07582,사건번호 처리 상태 확인 앱에서 확인이 어려워 문의드립니다.,사고 접수 이후 진행 상황 안내를 받지 못했습니다. 이전에 정상적으로 이용한 적이 있습니다.,사고,처리현황,S012,사고 처리 진행 문의,Y,Y,Y
VOC07321,업데이트 후 앱이 열리지 않아요,특정 메뉴에 들어가면 화면이 멈추는 현상이 반복됩니다.,앱,오류,S011,앱 실행 오류,Y,Y,Y
VOC02269,로그인 화면에서 넘어가지 않아요,로그인 버튼을 눌러도 화면이 그대로입니다. 현재 화면에서 직접 수정할 수 없습니다.,회원,로그인,S004,로그인 오류,Y,Y,Y
VOC05860,회원 탈퇴를 요청합니다,회원 탈퇴 시 남은 포인트와 주행기록이 어떻게 처리되는지 궁금합니다.,회원,계정관리,S009,회원 탈퇴,Y,Y,Y
VOC09513,포인트 지급 조건 안내 요청 확인 부탁드립니다.,포인트 지급 대상과 제외 조건을 자세히 안내해주세요.,포인트,적립기준,S015,포인트 적립 기준 문의,Y,Y,Y
VOC08537,계약정보가 다르게 표시됩니다,증권번호 [증권번호]의 차량정보가 현재 차량과 일치하지 않습니다.,보험,계약정보,S013,계약정보 불일치,Y,Y,Y
VOC06189,포인트 잔액 오류 처리 방법을 안내해주세요.,포인트 내역에 알 수 없는 차감 기록이 있습니다.,포인트,차감,S010,포인트 오차감,Y,Y,Y
VOC04223,주행점수 할인 확인 요청,증권번호 [계약번호] 계약에 안전운전 할인이 적용됐는지 확인하고 싶습니다.,보험,할인,S007,보험료 할인 적용 문의,Y,Y,Y
VOC06228,사용하지 않은 포인트가 차감됐어요,포인트 내역에 알 수 없는 차감 기록이 있습니다. 확인 부탁드립니다.,포인트,차감,S010,포인트 오차감,Y,Y,Y
VOC03144,비밀번호 찾기 인증 오류 빠른 확인 요청드립니다.,비밀번호가 기억나지 않아 재설정하려고 합니다.,회원,계정관리,S005,비밀번호 재설정,Y,Y,Y
VOC02665,로그인 화면에서 넘어가지 않아요 관련 기준도 함께 알려주세요.,로그인 버튼을 눌러도 화면이 그대로입니다.,회원,로그인,S004,로그인 오류,Y,Y,Y
VOC05915,서비스 계정을 삭제하고 싶어요,본인 인증 후 탈퇴가 완료되지 않아 확인 부탁드립니다.,회원,계정관리,S009,회원 탈퇴,Y,Y,Y
VOC08411,앱의 계약 내용이 맞지 않아요,보험 계약 정보 중 일부 항목이 잘못되어 수정 요청드립니다.,보험,계약정보,S013,계약정보 불일치,Y,Y,Y
VOC03741,앱에서 운전 기록 확인 불가,운전을 완료했지만 최근 주행 목록에 추가되지 않았습니다.,주행,주행기록,S006,주행기록 미반영,Y,Y,Y
VOC03720,주행 데이터가 반영되지 않았어요,운전을 완료했지만 최근 주행 목록에 추가되지 않았습니다.,주행,주행기록,S006,주행기록 미반영,Y,Y,Y
VOC07616,접수한 사고는 어떻게 진행되고 있나요 관련 기준도 함께 알려주세요.,보상 심사가 어느 단계까지 진행됐는지 확인 부탁드립니다.,사고,처리현황,S012,사고 처리 진행 문의,Y,Y,Y
VOC07581,사고 접수 후 연락이 없습니다 처리 방법을 안내해주세요.,제출한 서류가 정상적으로 접수됐는지 알고 싶습니다.,사고,처리현황,S012,사고 처리 진행 문의,Y,Y,Y
VOC03694,주행 데이터가 반영되지 않았어요,주행 종료 후에도 거리와 시간이 0으로 표시됩니다. 현재 화면에서 직접 수정할 수 없습니다.,주행,주행기록,S006,주행기록 미반영,Y,Y,Y
VOC07319,앱 실행 중 오류가 발생합니다,업데이트 이후 첫 화면에서 멈추고 다음으로 넘어가지 않습니다. 관련 기준도 함께 알려주세요.,앱,오류,S011,앱 실행 오류,Y,Y,Y
VOC01357,포인트를 사용할 수 있는 곳,포인트 사용 가능한 서비스와 제한 조건이 궁금합니다.,포인트,사용,S003,포인트 사용처 문의,Y,Y,Y
VOC02853,비밀번호를 재설정하고 싶습니다 처리 방법을 안내해주세요.,비밀번호가 기억나지 않아 재설정하려고 합니다.,회원,계정관리,S005,비밀번호 재설정,Y,Y,Y
VOC03238,비밀번호를 재설정하고 싶습니다,비밀번호 찾기 과정에서 [전화번호]로 인증번호가 오지 않습니다.,회원,계정관리,S005,비밀번호 재설정,Y,Y,Y
VOC06958,앱 실행 중 오류가 발생합니다,재설치 후에도 동일하게 앱이 강제 종료됩니다.,앱,오류,S011,앱 실행 오류,Y,Y,Y
VOC07298,업데이트 후 앱이 열리지 않아요,앱을 열면 흰 화면만 보이고 아무 기능도 사용할 수 없습니다.,앱,오류,S011,앱 실행 오류,Y,Y,Y
VOC03040,비밀번호 변경이 되지 않습니다,본인 인증 후 비밀번호 재설정 화면으로 이동하지 않습니다. 처리 방법을 안내해주세요.,회원,계정관리,S005,비밀번호 재설정,Y,Y,Y
VOC07897,사건번호 처리 상태 확인 앱에서 확인이 어려워 문의드립니다.,제출한 서류가 정상적으로 접수됐는지 알고 싶습니다.,사고,처리현황,S012,사고 처리 진행 문의,Y,Y,Y
VOC09328,등록 연락처 수정 요청,번호 변경 후 로그인 인증 문자가 이전 번호로 발송됩니다.,회원,회원정보,S014,휴대전화 번호 변경,Y,Y,Y
VOC03759,최근 주행기록 누락 문의 빠른 확인 요청드립니다.,주행 종료 후에도 거리와 시간이 0으로 표시됩니다. 이전에 정상적으로 이용한 적이 있습니다.,주행,주행기록,S006,주행기록 미반영,Y,Y,Y
VOC07525,사고 접수 후 연락이 없습니다,사고 접수 이후 진행 상황 안내를 받지 못했습니다.,사고,처리현황,S012,사고 처리 진행 문의,Y,Y,Y
VOC09460,포인트 적립 기준이 궁금합니다,급가속이나 급감속 기록이 포인트 적립에 영향을 주나요? 앱을 다시 실행해도 같은 상태입니다.,포인트,적립기준,S015,포인트 적립 기준 문의,Y,Y,Y
VOC01180,포인트 반영이 늦어지고 있습니다,방금 운전한 기록은 보이는데 포인트는 처리 중으로 표시됩니다. 처리 방법을 안내해주세요.,포인트,적립,S002,주행 포인트 적립 지연,Y,Y,Y
VOC07823,접수한 사고는 어떻게 진행되고 있나요,사건번호 [사건번호]와 관련해 현재 처리 단계를 확인하고 싶습니다. 처리 방법을 안내해주세요.,사고,처리현황,S012,사고 처리 진행 문의,Y,Y,Y
VOC09181,등록 연락처 수정 요청,기존 번호 [기존전화번호]에서 새 번호 [새전화번호]로 변경하고 싶습니다.,회원,회원정보,S014,휴대전화 번호 변경,Y,Y,Y
VOC07381,사고 처리 진행 상황 문의,사고 접수 이후 진행 상황 안내를 받지 못했습니다. 이전에 정상적으로 이용한 적이 있습니다.,사고,처리현황,S012,사고 처리 진행 문의,Y,Y,Y
VOC02995,비밀번호를 재설정하고 싶습니다,새 비밀번호를 입력했지만 변경이 완료되지 않습니다. 앱에서 확인이 어려워 문의드립니다.,회원,계정관리,S005,비밀번호 재설정,Y,Y,Y
VOC01438,보유 포인트 사용 방법,현재 보유한 포인트를 어디에서 사용할 수 있는지 확인 부탁드립니다.,포인트,사용,S003,포인트 사용처 문의,Y,Y,Y
VOC01347,포인트 사용 가능 서비스 문의,앱에 [금액] 포인트가 있는데 사용 가능한 항목을 확인하고 싶습니다. 빠른 확인 요청드립니다.,포인트,사용,S003,포인트 사용처 문의,Y,Y,Y
VOC04750,차량을 변경했습니다 앱에서 확인이 어려워 문의드립니다.,기존 차량을 삭제하고 새 차량을 등록하는 방법을 알려주세요. 앱을 다시 실행해도 같은 상태입니다.,차량,차량정보,S008,차량정보 변경,Y,Y,Y
VOC05885,앱 회원 탈퇴 방법 문의,회원 탈퇴 시 남은 포인트와 주행기록이 어떻게 처리되는지 궁금합니다.,회원,계정관리,S009,회원 탈퇴,Y,Y,Y
VOC05010,새 차량으로 바꾸고 싶어요,보험 계약 차량은 변경됐는데 앱에는 이전 차량이 표시됩니다.,차량,차량정보,S008,차량정보 변경,Y,Y,Y
VOC08754,기존 전화번호 변경 문의,등록된 연락처가 실제 사용하는 번호와 달라 수정 요청드립니다. 앱에서 확인이 어려워 문의드립니다.,회원,회원정보,S014,휴대전화 번호 변경,Y,Y,Y
VOC03555,주행 데이터가 반영되지 않았어요,차량은 정상적으로 운행했는데 주행 데이터가 수집되지 않은 것 같습니다. 빠른 확인 요청드립니다.,주행,주행기록,S006,주행기록 미반영,Y,Y,Y
VOC06970,업데이트 후 앱이 열리지 않아요,특정 메뉴에 들어가면 화면이 멈추는 현상이 반복됩니다. 관련 기준도 함께 알려주세요.,앱,오류,S011,앱 실행 오류,Y,Y,Y
VOC06597,잘못 차감된 포인트 문의,결제를 취소했는데 차감된 포인트가 복구되지 않았습니다.,포인트,차감,S010,포인트 오차감,Y,Y,Y
VOC01068,포인트가 아직 처리되지 않았어요,방금 운전한 기록은 보이는데 포인트는 처리 중으로 표시됩니다.,포인트,적립,S002,주행 포인트 적립 지연,Y,Y,Y
VOC06225,포인트 잔액 오류,결제를 취소했는데 차감된 포인트가 복구되지 않았습니다. 관련 기준도 함께 알려주세요.,포인트,차감,S010,포인트 오차감,Y,Y,Y
VOC08803,기존 전화번호 변경 문의,등록된 연락처가 실제 사용하는 번호와 달라 수정 요청드립니다. 앱을 다시 실행해도 같은 상태입니다.,회원,회원정보,S014,휴대전화 번호 변경,Y,Y,Y
VOC06407,포인트가 갑자기 줄었습니다,결제를 취소했는데 차감된 포인트가 복구되지 않았습니다.,포인트,차감,S010,포인트 오차감,Y,Y,Y
VOC03811,운전한 내역이 앱에 없습니다,차량은 정상적으로 운행했는데 주행 데이터가 수집되지 않은 것 같습니다.,주행,주행기록,S006,주행기록 미반영,Y,Y,Y
VOC05650,회원 탈퇴를 요청합니다,본인 인증 후 탈퇴가 완료되지 않아 확인 부탁드립니다.,회원,계정관리,S009,회원 탈퇴,Y,Y,Y
VOC02588,계속 로그인에 실패합니다,여러 번 시도했지만 인증 후 다시 로그인 화면으로 돌아옵니다.,회원,로그인,S004,로그인 오류,Y,Y,Y
VOC07508,사건번호 처리 상태 확인 처리 방법을 안내해주세요.,[주행일]에 접수한 사고의 담당자 배정 여부가 궁금합니다. 빠른 확인 요청드립니다.,사고,처리현황,S012,사고 처리 진행 문의,Y,Y,Y
VOC03865,주행기록이 보이지 않습니다,주행 종료 후에도 거리와 시간이 0으로 표시됩니다.,주행,주행기록,S006,주행기록 미반영,Y,Y,Y
VOC07375,사고 접수 후 연락이 없습니다,사고 접수 이후 진행 상황 안내를 받지 못했습니다. 현재 화면에서 직접 수정할 수 없습니다.,사고,처리현황,S012,사고 처리 진행 문의,Y,Y,Y
VOC09342,포인트 지급 조건 안내 요청 확인 부탁드립니다.,포인트 지급 대상과 제외 조건을 자세히 안내해주세요.,포인트,적립기준,S015,포인트 적립 기준 문의,Y,Y,Y
VOC03713,운전한 내역이 앱에 없습니다 관련 기준도 함께 알려주세요.,주행 종료 후에도 거리와 시간이 0으로 표시됩니다. 처리 방법을 안내해주세요.,주행,주행기록,S006,주행기록 미반영,Y,Y,Y
VOC07725,보상 처리 단계 문의,제출한 서류가 정상적으로 접수됐는지 알고 싶습니다. 확인 부탁드립니다.,사고,처리현황,S012,사고 처리 진행 문의,Y,Y,Y
VOC05368,앱 회원 탈퇴 방법 문의,앱에서 탈퇴 메뉴를 찾을 수 없어 문의드립니다. 확인 부탁드립니다.,회원,계정관리,S009,회원 탈퇴,Y,Y,Y
VOC06860,업데이트 후 앱이 열리지 않아요,업데이트 이후 첫 화면에서 멈추고 다음으로 넘어가지 않습니다. 처리 방법을 안내해주세요.,앱,오류,S011,앱 실행 오류,Y,Y,Y
VOC05281,기존 차량 삭제 후 신규 등록,보험 계약 차량은 변경됐는데 앱에는 이전 차량이 표시됩니다. 이전에 정상적으로 이용한 적이 있습니다.,차량,차량정보,S008,차량정보 변경,Y,Y,Y
VOC07927,사건번호 처리 상태 확인,제출한 서류가 정상적으로 접수됐는지 알고 싶습니다.,사고,처리현황,S012,사고 처리 진행 문의,Y,Y,Y
VOC07121,업데이트 후 앱이 열리지 않아요,재설치 후에도 동일하게 앱이 강제 종료됩니다. 현재 화면에서 직접 수정할 수 없습니다.,앱,오류,S011,앱 실행 오류,Y,Y,Y
VOC08639,앱의 계약 내용이 맞지 않아요 관련 기준도 함께 알려주세요.,갱신한 계약이 앱에서 이전 계약으로 보입니다.,보험,계약정보,S013,계약정보 불일치,Y,Y,Y
VOC03676,주행 데이터가 반영되지 않았어요,운전을 완료했지만 최근 주행 목록에 추가되지 않았습니다.,주행,주행기록,S006,주행기록 미반영,Y,Y,Y
VOC05822,더 이상 서비스를 이용하지 않습니다,더 이상 서비스를 이용하지 않아 회원 탈퇴를 진행하고 싶습니다.,회원,계정관리,S009,회원 탈퇴,Y,Y,Y
VOC04868,기존 차량 삭제 후 신규 등록,차량을 교체해서 앱의 등록 정보를 수정하고 싶습니다. 이전에 정상적으로 이용한 적이 있습니다.,차량,차량정보,S008,차량정보 변경,Y,Y,Y
VOC09051,기존 전화번호 변경 문의,기존 번호 [기존전화번호]에서 새 번호 [변경전화번호]로 변경하고 싶습니다. 관련 기준도 함께 알려주세요.,회원,회원정보,S014,휴대전화 번호 변경,Y,Y,Y
VOC04586,계약 할인 적용 상태 문의,증권번호 [계약번호] 계약에 안전운전 할인이 적용됐는지 확인하고 싶습니다.,보험,할인,S007,보험료 할인 적용 문의,Y,Y,Y
VOC06476,포인트가 갑자기 줄었습니다,포인트 내역에 알 수 없는 차감 기록이 있습니다.,포인트,차감,S010,포인트 오차감,Y,Y,Y
VOC09339,운전점수와 포인트 관계,급가속이나 급감속 기록이 포인트 적립에 영향을 주나요? 처리 방법을 안내해주세요.,포인트,적립기준,S015,포인트 적립 기준 문의,Y,Y,Y
VOC02941,비밀번호가 기억나지 않아요,새 비밀번호를 입력했지만 변경이 완료안 됩니다. 앱을 다시 실행해도 같은 상태입니다.,회원,계정관리,S005,비밀번호 재설정,Y,Y,Y
VOC02827,비밀번호 변경이 되지 않습니다,비밀번호 찾기 과정에서 [전화번호]로 인증번호가 오지 않습니다.,회원,계정관리,S005,비밀번호 재설정,Y,Y,Y
VOC09434,포인트 적립 기준이 궁금합니다,급가속이나 급감속 기록이 포인트 적립에 영향을 주나요?,포인트,적립기준,S015,포인트 적립 기준 문의,Y,Y,Y
VOC01026,포인트가 아직 처리되지 않았어요,[주행종료시간]에 주행을 종료했습니다. 포인트 반영 예정 시간을 알고 싶습니다. 앱에서 확인이 어려워 문의드립니다.,포인트,적립,S002,주행 포인트 적립 지연,Y,Y,Y
VOC09130,회원정보의 전화번호가 다릅니다,번호 변경 후 로그인 인증 문자가 이전 번호로 발송됩니다. 빠른 확인 요청드립니다.,회원,회원정보,S014,휴대전화 번호 변경,Y,Y,Y
VOC09658,포인트 적립 기준이 궁금합니다,짧은 거리 주행도 포인트 적립 대상인지 문의드립니다.,포인트,적립기준,S015,포인트 적립 기준 문의,Y,Y,Y
VOC01252,포인트 반영이 늦어지고 있습니다,오늘 주행을 마쳤는데 포인트가 아직 반영되지 않았습니다. 보통 얼마나 걸리나요?,포인트,적립,S002,주행 포인트 적립 지연,Y,Y,Y
VOC05919,가입 정보 삭제 요청,계정과 저장된 개인정보를 삭제하는 절차를 알려주세요.,회원,계정관리,S009,회원 탈퇴,Y,Y,Y
VOC04318,보험료 할인이 반영됐나요,갱신 계약에 주행분석 할인 혜택이 반영되는지 문의드립니다.,보험,할인,S007,보험료 할인 적용 문의,Y,Y,Y
VOC09371,포인트 적립 기준이 궁금합니다,급가속이나 급감속 기록이 포인트 적립에 영향을 주나요?,포인트,적립기준,S015,포인트 적립 기준 문의,Y,Y,Y
VOC00783,포인트 반영이 늦어지고 있습니다,"포인트가 바로 들어오는지, 일정 시간이 필요한지 문의드립니다.",포인트,적립,S002,주행 포인트 적립 지연,Y,Y,Y
VOC03926,최근 주행기록 누락 문의,주행 종료 후에도 거리와 시간이 0으로 표시됩니다.,주행,주행기록,S006,주행기록 미반영,Y,Y,Y
VOC00945,운전 후 포인트 반영 시간 문의,주행 후 몇 시간이 지났는데 아직 적립 대기 상태입니다.,포인트,적립,S002,주행 포인트 적립 지연,Y,Y,Y
VOC07931,접수한 사고는 어떻게 진행되고 있나요,[날짜]에 접수한 사고의 담당자 배정 여부가 궁금합니다. 필요한 확인 항목이 있다면 안내 부탁드립니다.,사고,처리현황,S012,사고 처리 진행 문의,Y,Y,Y
VOC01481,적립 포인트는 어디서 쓰나요,앱에 [금액] 포인트가 있는데 사용 가능한 항목을 확인하고 싶습니다. 확인 부탁드립니다.,포인트,사용,S003,포인트 사용처 문의,Y,Y,Y
VOC04285,계약 할인 적용 상태 문의,현재 운전점수 기준으로 받을 수 있는 보험료 할인율이 궁금합니다. 확인 부탁드립니다.,보험,할인,S007,보험료 할인 적용 문의,Y,Y,Y
VOC03434,주행 데이터가 반영되지 않았어요,차량은 정상적으로 운행했는데 주행 데이터가 수집되지 않은 것 같습니다.,주행,주행기록,S006,주행기록 미반영,Y,Y,Y
VOC02461,아이디 입력 후 접속 오류,로그인 버튼을 눌러도 화면이 그대로입니다. 확인 부탁드립니다.,회원,로그인,S004,로그인 오류,Y,Y,Y
VOC01822,보유 포인트 사용 방법,현재 보유한 포인트를 어디에서 사용할 수 있는지 안내 부탁드립니다. 확인 부탁드립니다.,포인트,사용,S003,포인트 사용처 문의,Y,Y,Y
VOC00876,주행 포인트는 언제 들어오나요,방금 운전한 기록은 보이는데 포인트는 처리 중으로 표시됩니다.,포인트,적립,S002,주행 포인트 적립 지연,Y,Y,Y
VOC05367,더 이상 서비스를 이용하지 않습니다 확인 부탁드립니다.,본인 인증 후 탈퇴가 완료되지 않아 확인 부탁드립니다. 앱을 다시 실행해도 같은 상태입니다.,회원,계정관리,S009,회원 탈퇴,Y,Y,Y
VOC07898,사고 처리 진행 상황 문의,제출한 서류가 정상적으로 접수됐는지 알고 싶습니다. 처리 방법을 안내해주세요.,사고,처리현황,S012,사고 처리 진행 문의,Y,Y,Y
VOC08993,새 번호로 인증받고 싶어요 앱에서 확인이 어려워 문의드립니다.,휴대전화 번호를 바꿨는데 앱 회원정보에는 이전 번호가 표시됩니다.,회원,회원정보,S014,휴대전화 번호 변경,Y,Y,Y
VOC06917,앱 실행 중 오류가 발생합니다,재설치 후에도 동일하게 앱이 강제 종료됩니다. 앱에서 확인이 어려워 문의드립니다.,앱,오류,S011,앱 실행 오류,Y,Y,Y
VOC08223,계약 차량 정보 불일치 빠른 확인 요청드립니다.,계약 기간과 보험료 정보가 가입 당시 안내와 다르게 표시됩니다.,보험,계약정보,S013,계약정보 불일치,Y,Y,Y
VOC09251,등록 연락처 수정 요청 처리 방법을 안내해주세요.,휴대전화 번호를 바꿨는데 앱 회원정보에는 이전 번호가 표시됩니다. 확인 부탁드립니다.,회원,회원정보,S014,휴대전화 번호 변경,Y,Y,Y
VOC06227,포인트 잔액 오류,포인트 내역에 알 수 없는 차감 기록이 있습니다. 확인 부탁드립니다.,포인트,차감,S010,포인트 오차감,Y,Y,Y
VOC08580,증권 정보 수정 문의 확인 부탁드립니다.,보험 계약 정보 중 일부 항목이 잘못되어 수정 요청드립니다. 이전에 정상적으로 이용한 적이 있습니다.,보험,계약정보,S013,계약정보 불일치,Y,Y,Y
VOC01138,포인트 적립 처리 중 문의,오늘 주행을 마쳤는데 포인트가 아직 반영되지 않았습니다. 보통 얼마나 걸리나요? 확인 부탁드립니다.,포인트,적립,S002,주행 포인트 적립 지연,Y,Y,Y
VOC01379,보유 포인트 사용 방법,앱에 [차감금액] 포인트가 있는데 사용 가능한 항목을 확인하고 싶습니다. 빠른 확인 요청드립니다.,포인트,사용,S003,포인트 사용처 문의,Y,Y,Y
VOC00704,운전 후 포인트 반영 시간 문의,"포인트가 바로 들어오는지, 일정 시간이 필요한지 문의드립니다.",포인트,적립,S002,주행 포인트 적립 지연,Y,Y,Y
VOC06238,사용하지 않은 포인트가 차감됐어요,포인트 사용 이력과 실제 잔액이 맞지 않습니다.,포인트,차감,S010,포인트 오차감,Y,Y,Y
VOC03635,최근 주행기록 누락 문의,차량은 정상적으로 운행했는데 주행 데이터가 수집되지 않은 것 같습니다.,주행,주행기록,S006,주행기록 미반영,Y,Y,Y
VOC03548,주행 데이터가 반영되지 않았어요,[접수일]에 [출발지]에서 [도착지]까지 구간을 운전했는데 앱에서 기록이 보이지 않습니다.,주행,주행기록,S006,주행기록 미반영,Y,Y,Y
VOC08605,계약정보가 다르게 표시됩니다 빠른 확인 요청드립니다.,계약 기간과 보험료 정보가 가입 당시 안내와 다르게 표시됩니다.,보험,계약정보,S013,계약정보 불일치,Y,Y,Y
VOC00060,포인트가 누락된 것 같습니다 관련 기준도 함께 알려주세요.,[날짜]에 주행을 완료했는데 포인트가 아직 적립되지 않았습니다.,포인트,적립,S001,주행 포인트 미적립,Y,Y,Y
VOC01563,포인트 사용처가 안내받고 싶습니다,포인트 사용 가능한 서비스와 제한 조건이 궁금합니다. 빠른 확인 요청드립니다. 앱을 다시 실행해도 같은 상태입니다.,포인트,사용,S003,포인트 사용처 문의,Y,Y,Y
VOC09292,기존 전화번호 변경 문의,기존 번호 [기존전화번호]에서 새 번호 [새전화번호]로 변경하고 싶습니다.,회원,회원정보,S014,휴대전화 번호 변경,Y,Y,Y
VOC04159,주행점수 할인 확인 요청,갱신 계약에 주행분석 할인 혜택이 반영되는지 문의합니다. 이전에 정상적으로 이용한 적이 있습니다.,보험,할인,S007,보험료 할인 적용 문의,Y,Y,Y
VOC07976,사고 접수 후 연락이 없습니다 관련 기준도 함께 알려주세요.,제출한 서류가 정상적으로 접수됐는지 알고 싶습니다.,사고,처리현황,S012,사고 처리 진행 문의,Y,Y,Y
VOC07786,사고 접수 후 연락이 없습니다,사건번호 [사고접수번호]와 관련해 현재 처리 단계를 확인하고 싶습니다. 확인 부탁드립니다.,사고,처리현황,S012,사고 처리 진행 문의,Y,Y,Y
VOC05391,앱 회원 탈퇴 방법 문의,계정과 저장된 개인정보를 삭제하는 절차를 알려주세요.,회원,계정관리,S009,회원 탈퇴,Y,Y,Y
VOC07097,서비스 실행 불가 문의,특정 메뉴에 들어가면 화면이 멈추는 현상이 반복됩니다.,앱,오류,S011,앱 실행 오류,Y,Y,Y
VOC06649,포인트가 갑자기 줄었습니다 확인 부탁드립니다.,사용한 적이 없는데 [차감금액] 포인트가 차감된 것으로 표시됩니다. 처리 방법을 안내해주세요.,포인트,차감,S010,포인트 오차감,Y,Y,Y
VOC00335,주행 후 포인트가 없습니다,[주행일]에 주행을 완료했는데 포인트가 아직 적립되지 않았습니다. 현재 화면에서 직접 수정할 수 없습니다.,포인트,적립,S001,주행 포인트 미적립,Y,Y,Y
VOC05211,기존 차량 삭제 후 신규 등록,보험 계약 차량은 변경됐는데 앱에는 이전 차량이 표시됩니다.,차량,차량정보,S008,차량정보 변경,Y,Y,Y
VOC08736,새 번호로 인증받고 싶어요,새 번호로 본인 인증을 진행하는 방법을 알려주세요. 현재 화면에서 직접 수정할 수 없습니다.,회원,회원정보,S014,휴대전화 번호 변경,Y,Y,Y
VOC01985,적립 포인트는 어디서 쓰나요,적립된 포인트의 사용처와 사용 절차를 안내 부탁드립니다. 처리 방법을 안내해주세요.,포인트,사용,S003,포인트 사용처 문의,Y,Y,Y
VOC00414,포인트가 누락된 것 같습니다 확인 부탁드립니다.,주행 조건을 충족한 것으로 보이는데 포인트가 0으로 표시됩니다. 관련 기준도 함께 알려주세요. 동일 현상이 반복되고 있습니다.,포인트,적립,S001,주행 포인트 미적립,Y,Y,Y
VOC02532,아이디 입력 후 접속 오류,아이디와 비밀번호를 입력해도 로그인 오류가 발생합니다.,회원,로그인,S004,로그인 오류,Y,Y,Y
VOC08793,등록 연락처 수정 요청,번호 변경 후 로그인 인증 문자가 이전 번호로 발송됩니다. 앱에서 확인이 어려워 문의드립니다. 동일 현상이 반복되고 있습니다.,회원,회원정보,S014,휴대전화 번호 변경,Y,Y,Y
VOC04303,주행점수 할인 확인 요청 빠른 확인 요청드립니다.,앱에는 할인 대상이라고 나오는데 실제 보험료에 적용됐는지 알고 싶습니다.,보험,할인,S007,보험료 할인 적용 문의,Y,Y,Y
VOC08489,계약정보가 다르게 표시됩니다,증권번호 [증권번호]의 차량정보가 현재 차량과 일치하지 않습니다. 동일 현상이 반복되고 있습니다.,보험,계약정보,S013,계약정보 불일치,Y,Y,Y
VOC07871,보상 처리 단계 문의,사고 접수 이후 진행 상황 안내를 받지 못했습니다. 관련 기준도 함께 알려주세요. 현재 화면에서 직접 수정할 수 없습니다.,사고,처리현황,S012,사고 처리 진행 문의,Y,Y,Y
VOC09554,어떤 주행이 포인트 대상인가요,주행거리와 운전점수에 따라 포인트가 어떻게 산정되는지 알고 싶습니다. 앱에서 확인이 어려워 문의드립니다.,포인트,적립기준,S015,포인트 적립 기준 문의,Y,Y,Y
VOC05503,더 이상 서비스를 이용하지 않습니다 앱에서 확인이 어려워 문의드립니다.,더 이상 서비스를 이용하지 않아 회원 탈퇴를 진행하고 싶습니다. 확인 부탁드립니다.,회원,계정관리,S009,회원 탈퇴,Y,Y,Y
VOC07470,보상 처리 단계 문의,사고 접수 이후 진행 상황 안내를 받지 못했습니다. 처리 방법을 안내해주세요. 동일 현상이 반복되고 있습니다.,사고,처리현황,S012,사고 처리 진행 문의,Y,Y,Y
VOC04101,안전운전 할인 적용 여부 문의,증권번호 [계약번호] 계약에 안전운전 할인이 적용됐는지 확인하고 싶습니다.,보험,할인,S007,보험료 할인 적용 문의,Y,Y,Y
VOC02675,비밀번호 변경이 되지 않습니다 관련 기준도 함께 알려주세요.,비밀번호 변경 절차와 조건을 안내해주세요.,회원,계정관리,S005,비밀번호 재설정,Y,Y,Y
VOC09074,회원정보의 전화번호가 다릅니다,등록된 연락처가 실제 사용하는 번호와 달라 수정 요청드립니다.,회원,회원정보,S014,휴대전화 번호 변경,Y,Y,Y
VOC09165,새 번호로 인증받고 싶어요 확인 부탁드립니다.,새 번호로 본인 인증을 진행하는 방법을 확인 부탁드립니다.,회원,회원정보,S014,휴대전화 번호 변경,Y,Y,Y
VOC06533,포인트 잔액 오류,포인트 내역에 알 수 없는 차감 기록이 있습니다.,포인트,차감,S010,포인트 오차감,Y,Y,Y
VOC05385,회원 탈퇴를 요청합니다,앱에서 탈퇴 메뉴를 찾을 수 없어 문의드립니다.,회원,계정관리,S009,회원 탈퇴,Y,Y,Y
VOC02518,계속 로그인에 실패합니다 앱에서 확인이 어려워 문의드립니다.,기존에 사용하던 계정으로 접속되지 않아 문의합니다.,회원,로그인,S004,로그인 오류,Y,Y,Y
VOC07667,접수한 사고는 어떻게 진행되고 있나요,사고 접수 이후 진행 상황 안내를 받지 못했습니다. 동일 현상이 반복되고 있습니다.,사고,처리현황,S012,사고 처리 진행 문의,Y,Y,Y
VOC04609,계약 할인 적용 상태 문의,앱에는 할인 대상이라고 나오는데 실제 보험료에 적용됐는지 알고 싶습니다.,보험,할인,S007,보험료 할인 적용 문의,Y,Y,Y
VOC05656,앱 회원 탈퇴 방법 문의,계정과 저장된 개인정보를 삭제하는 절차를 확인 부탁드립니다.,회원,계정관리,S009,회원 탈퇴,Y,Y,Y
VOC08104,계약 차량 정보 불일치,갱신한 계약이 앱에서 이전 계약으로 보입니다.,보험,계약정보,S013,계약정보 불일치,Y,Y,Y
VOC01298,포인트 적립 처리 중 문의 관련 기준도 함께 알려주세요.,"포인트가 바로 들어오는지, 일정 시간이 필요한지 확인 요청드립니다. 동일 현상이 반복되고 있습니다.",포인트,적립,S002,주행 포인트 적립 지연,Y,Y,Y
VOC00996,주행 포인트는 언제 들어오나요,오늘 주행을 마쳤는데 포인트가 아직 반영되지 않았습니다. 보통 얼마나 걸리나요?,포인트,적립,S002,주행 포인트 적립 지연,Y,Y,Y
VOC00515,운전했는데 포인트가 안 들어왔어요,[접수일]에 주행을 완료했는데 포인트가 아직 적립되지 않았습니다. 앱을 다시 실행해도 같은 상태입니다.,포인트,적립,S001,주행 포인트 미적립,Y,Y,Y
VOC07230,앱 실행 중 오류가 발생합니다,특정 메뉴에 들어가면 화면이 멈추는 현상이 반복됩니다.,앱,오류,S011,앱 실행 오류,Y,Y,Y
VOC02382,아이디 입력 후 접속 오류,로그인 버튼을 눌러도 화면이 그대로입니다.,회원,로그인,S004,로그인 오류,Y,Y,Y
VOC04599,계약 할인 적용 상태 문의,안전운전 점수와 보험료 할인 적용 기준을 안내해주세요.,보험,할인,S007,보험료 할인 적용 문의,Y,Y,Y
VOC06041,잘못 차감된 포인트 문의,사용한 적이 없는데 [금액] 포인트가 차감된 것으로 표시됩니다.,포인트,차감,S010,포인트 오차감,Y,Y,Y
VOC03222,비밀번호가 기억나지 않아요,비밀번호가 기억나지 않아 재설정하려고 합니다. 처리 방법을 안내해주세요. 이전에 정상적으로 이용한 적이 있습니다.,회원,계정관리,S005,비밀번호 재설정,Y,Y,Y
VOC02225,계정 접속이 불가능합니다,[오류코드] 메시지가 표시되면서 앱에 접속할 수 없습니다. 확인 부탁드립니다.,회원,로그인,S004,로그인 오류,Y,Y,Y
VOC01359,포인트 사용 가능 서비스 문의,현재 보유한 포인트를 어디에서 사용할 수 있는지 확인 부탁드립니다.,포인트,사용,S003,포인트 사용처 문의,Y,Y,Y
VOC01538,포인트 사용 가능 서비스 문의,앱에 [차감금액] 포인트가 있는데 사용 가능한 항목을 확인하고 싶습니다. 확인 부탁드립니다.,포인트,사용,S003,포인트 사용처 문의,Y,Y,Y
VOC02841,비밀번호를 재설정하고 싶습니다,본인 인증 후 비밀번호 재설정 화면으로 이동하지 않습니다. 동일 현상이 반복되고 있습니다.,회원,계정관리,S005,비밀번호 재설정,Y,Y,Y
VOC05546,회원 탈퇴를 요청합니다,회원 탈퇴 시 남은 포인트와 주행기록이 어떻게 처리되는지 궁금합니다.,회원,계정관리,S009,회원 탈퇴,Y,Y,Y
VOC07637,접수한 사고는 어떻게 진행되고 있나요,보상 심사가 어느 단계까지 진행됐는지 확인 부탁드립니다.,사고,처리현황,S012,사고 처리 진행 문의,Y,Y,Y
VOC06188,포인트 차감 내역이 이상합니다 빠른 확인 요청드립니다.,결제를 취소했는데 차감된 포인트가 복구되지 않았습니다.,포인트,차감,S010,포인트 오차감,Y,Y,Y
VOC09428,운전점수와 포인트 관계,포인트를 받기 위한 최소 주행 조건이 안내받고 싶습니다. 처리 방법을 안내해주세요. 동일 현상이 반복되고 있습니다.,포인트,적립기준,S015,포인트 적립 기준 문의,Y,Y,Y
VOC06477,잘못 차감된 포인트 문의,사용한 적이 없는데 [차감금액] 포인트가 차감된 것으로 표시됩니다.,포인트,차감,S010,포인트 오차감,Y,Y,Y
VOC04643,보험료 할인이 반영됐나요 빠른 확인 요청드립니다.,현재 운전점수 기준으로 받을 수 있는 보험료 할인율이 궁금합니다.,보험,할인,S007,보험료 할인 적용 문의,Y,Y,Y
VOC04161,보험료 할인 혜택이 안내받고 싶습니다 관련 기준도 함께 알려주세요.,앱에는 할인 대상이라고 나오는데 실제 보험료에 적용됐는지 알고 싶습니다. 처리 방법을 안내해주세요. 필요한 확인 항목이 있다면 안내 부탁드립니다.,보험,할인,S007,보험료 할인 적용 문의,Y,Y,Y
VOC05744,가입 정보 삭제 요청 처리 방법을 안내해주세요.,본인 인증 후 탈퇴가 완료되지 않아 확인 부탁드립니다.,회원,계정관리,S009,회원 탈퇴,Y,Y,Y
VOC06301,잘못 차감된 포인트 문의,포인트 사용 이력과 실제 잔액이 맞지 않습니다. 관련 기준도 함께 알려주세요.,포인트,차감,S010,포인트 오차감,Y,Y,Y
VOC01115,주행 포인트는 언제 들어오나요,오늘 주행을 마쳤는데 포인트가 아직 반영되지 않았습니다. 보통 얼마나 걸리나요? 이전에 정상적으로 이용한 적이 있습니다.,포인트,적립,S002,주행 포인트 적립 지연,Y,Y,Y
VOC00610,포인트가 누락된 것 같습니다,[주행구간] 구간을 운전했는데 적립 내역이 확인안 됩니다.,포인트,적립,S001,주행 포인트 미적립,Y,Y,Y
VOC06442,포인트 차감 내역이 이상합니다,어제 확인한 잔액과 오늘 잔액이 달라서 확인 요청드립니다. 처리 방법을 안내해주세요.,포인트,차감,S010,포인트 오차감,Y,Y,Y
VOC06898,서비스 실행 불가 문의,특정 메뉴에 들어가면 화면이 멈추는 현상이 반복됩니다.,앱,오류,S011,앱 실행 오류,Y,Y,Y
VOC00220,주행 포인트가 적립되지 않았습니다,지난 주행 건에 대한 포인트를 받지 못했습니다. 확인 부탁드립니다.,포인트,적립,S001,주행 포인트 미적립,Y,Y,Y
VOC03426,주행기록이 보이지 않습니다,운전을 완료했지만 최근 주행 목록에 추가되지 않았습니다. 이전에 정상적으로 이용한 적이 있습니다.,주행,주행기록,S006,주행기록 미반영,Y,Y,Y
VOC08268,계약 차량 정보 불일치,앱에 표시된 계약자명이 [이름]으로 되어 있는데 실제 정보와 다릅니다. 앱에서 확인이 어려워 문의드립니다.,보험,계약정보,S013,계약정보 불일치,Y,Y,Y
VOC03859,앱에서 운전 기록 확인 불가 관련 기준도 함께 알려주세요.,주행 종료 후에도 거리와 시간이 0으로 표시됩니다.,주행,주행기록,S006,주행기록 미반영,Y,Y,Y
VOC05190,새 차량으로 바꾸고 싶어요,차량번호 변경 후 주행 서비스 연결 방법을 문의드립니다.,차량,차량정보,S008,차량정보 변경,Y,Y,Y
VOC00984,주행 포인트는 언제 들어오나요,방금 운전한 기록은 보이는데 포인트는 처리 중으로 표시됩니다. 빠른 확인 요청드립니다.,포인트,적립,S002,주행 포인트 적립 지연,Y,Y,Y
VOC09550,포인트 적립 기준이 궁금합니다,급가속이나 급감속 기록이 포인트 적립에 영향을 주나요?,포인트,적립기준,S015,포인트 적립 기준 문의,Y,Y,Y
VOC07019,앱 실행 중 오류가 발생합니다 확인 부탁드립니다.,업데이트 이후 첫 화면에서 멈추고 다음으로 넘어가지 않습니다. 앱에서 확인이 어려워 문의드립니다.,앱,오류,S011,앱 실행 오류,Y,Y,Y
VOC05323,등록 차량 변경 요청,차량번호 변경 후 주행 서비스 연결 방법을 문의드립니다. 관련 기준도 함께 알려주세요.,차량,차량정보,S008,차량정보 변경,Y,Y,Y
VOC05679,가입 정보 삭제 요청 빠른 확인 요청드립니다.,회원 탈퇴 시 남은 포인트와 주행기록이 어떻게 처리되는지 궁금합니다.,회원,계정관리,S009,회원 탈퇴,Y,Y,Y
VOC01072,주행 포인트는 언제 들어오나요,"포인트가 바로 들어오는지, 일정 시간이 필요한지 문의드립니다.",포인트,적립,S002,주행 포인트 적립 지연,Y,Y,Y
VOC09345,주행 포인트 산정 방법 문의,주행거리와 운전점수에 따라 포인트가 어떻게 산정되는지 알고 싶습니다.,포인트,적립기준,S015,포인트 적립 기준 문의,Y,Y,Y
VOC00804,포인트가 아직 처리되지 않았어요,[주행종료시간]에 주행을 종료했습니다. 포인트 반영 예정 시간을 알고 싶습니다.,포인트,적립,S002,주행 포인트 적립 지연,Y,Y,Y
VOC06644,포인트 차감 내역이 이상합니다,사용한 적이 없는데 [금액] 포인트가 차감된 것으로 표시됩니다.,포인트,차감,S010,포인트 오차감,Y,Y,Y
VOC01856,포인트 사용처가 궁금합니다,포인트 사용 가능한 서비스와 제한 조건이 궁금합니다.,포인트,사용,S003,포인트 사용처 문의,Y,Y,Y
VOC03102,비밀번호가 기억나지 않아요,비밀번호 찾기 과정에서 [전화번호]로 인증번호가 오지 않습니다.,회원,계정관리,S005,비밀번호 재설정,Y,Y,Y
VOC01125,포인트 반영이 늦어지고 있습니다,"포인트가 바로 들어오는지, 일정 시간이 필요한지 문의드립니다.",포인트,적립,S002,주행 포인트 적립 지연,Y,Y,Y
VOC01714,포인트 사용처가 궁금합니다,현재 보유한 포인트를 어디에서 사용할 수 있는지 알려주세요. 동일 현상이 반복되고 있습니다.,포인트,사용,S003,포인트 사용처 문의,Y,Y,Y
VOC09888,포인트 지급 조건 안내 요청,짧은 거리 주행도 포인트 적립 대상인지 문의드립니다.,포인트,적립기준,S015,포인트 적립 기준 문의,Y,Y,Y
VOC09853,주행 포인트 산정 방법 문의,급가속이나 급감속 기록이 포인트 적립에 영향을 주나요? 앱에서 확인이 어려워 문의드립니다.,포인트,적립기준,S015,포인트 적립 기준 문의,Y,Y,Y
VOC03095,비밀번호 찾기 인증 오류,비밀번호 찾기 과정에서 [기존전화번호]로 인증번호가 오지 않습니다.,회원,계정관리,S005,비밀번호 재설정,Y,Y,Y
VOC04910,차량을 변경했습니다,차량번호 변경 후 주행 서비스 연결 방법을 문의드립니다.,차량,차량정보,S008,차량정보 변경,Y,Y,Y
VOC04078,안전운전 할인 적용 여부 문의,현재 운전점수 기준으로 받을 수 있는 보험료 할인율이 궁금합니다.,보험,할인,S007,보험료 할인 적용 문의,Y,Y,Y
VOC07337,사건번호 처리 상태 확인,사고 접수 이후 진행 상황 안내를 받지 못했습니다. 처리 방법을 안내해주세요.,사고,처리현황,S012,사고 처리 진행 문의,Y,Y,Y
VOC02786,비밀번호가 기억나지 않아요,비밀번호가 기억나지 않아 재설정하려고 합니다.,회원,계정관리,S005,비밀번호 재설정,Y,Y,Y
VOC00548,주행 포인트가 적립되지 않았습니다 처리 방법을 안내해주세요.,[날짜]에 주행을 완료했는데 포인트가 아직 적립되지 않았습니다.,포인트,적립,S001,주행 포인트 미적립,Y,Y,Y
VOC09717,운전점수와 포인트 관계,짧은 거리 주행도 포인트 적립 대상인지 확인 요청드립니다. 관련 기준도 함께 알려주세요. 현재 화면에서 직접 수정할 수 없습니다.,포인트,적립기준,S015,포인트 적립 기준 문의,Y,Y,Y
VOC04729,새 차량으로 바꾸고 싶어요 처리 방법을 안내해주세요.,기존 차량 [차량번호]에서 새 차량 [변경차량번호]로 변경했습니다.,차량,차량정보,S008,차량정보 변경,Y,Y,Y
VOC02779,새 비밀번호 등록 문의,비밀번호가 기억나지 않아 재설정하려고 합니다.,회원,계정관리,S005,비밀번호 재설정,Y,Y,Y
VOC03988,주행기록이 보이지 않습니다,해당 시간대의 운전 내역이 누락되어 확인 요청드립니다. 필요한 확인 항목이 있다면 안내 부탁드립니다.,주행,주행기록,S006,주행기록 미반영,Y,Y,Y
VOC04373,보험료 할인이 반영됐나요,갱신 계약에 주행분석 할인 혜택이 반영되는지 문의드립니다.,보험,할인,S007,보험료 할인 적용 문의,Y,Y,Y
VOC04272,보험료 할인이 반영됐나요,증권번호 [증권번호] 계약에 안전운전 할인이 적용됐는지 확인하고 싶습니다.,보험,할인,S007,보험료 할인 적용 문의,Y,Y,Y
VOC05986,회원 탈퇴를 요청합니다,계정과 저장된 개인정보를 삭제하는 절차를 알려주세요.,회원,계정관리,S009,회원 탈퇴,Y,Y,Y
VOC02983,비밀번호 변경이 되지 않습니다,비밀번호가 기억나지 않아 재설정하려고 합니다.,회원,계정관리,S005,비밀번호 재설정,Y,Y,Y
VOC06923,서비스 실행 불가 문의,앱을 실행하면 [에러코드] 오류가 표시되고 바로 종료됩니다.,앱,오류,S011,앱 실행 오류,Y,Y,Y
VOC01877,포인트 사용처가 확인하고 싶습니다 빠른 확인 요청드립니다.,현재 보유한 포인트를 어디에서 사용할 수 있는지 알려주세요. 관련 기준도 함께 알려주세요. 동일 현상이 반복되고 있습니다.,포인트,사용,S003,포인트 사용처 문의,Y,Y,Y
VOC01104,주행 포인트는 언제 들어오나요,주행 후 몇 시간이 지났는데 아직 적립 대기 상태입니다.,포인트,적립,S002,주행 포인트 적립 지연,Y,Y,Y
VOC01595,포인트를 사용할 수 있는 곳,포인트 사용 가능한 서비스와 제한 조건이 궁금합니다.,포인트,사용,S003,포인트 사용처 문의,Y,Y,Y
VOC00781,포인트가 아직 처리되지 않았어요,오늘 주행을 마쳤는데 포인트가 아직 반영되지 않았습니다. 보통 얼마나 걸리나요?,포인트,적립,S002,주행 포인트 적립 지연,Y,Y,Y
VOC02537,계정 접속이 불가능합니다,아이디와 비밀번호를 입력해도 로그인 오류가 발생합니다.,회원,로그인,S004,로그인 오류,Y,Y,Y
VOC04145,보험료 할인이 반영됐나요 관련 기준도 함께 알려주세요.,안전운전 점수와 보험료 할인 적용 기준을 안내해주세요.,보험,할인,S007,보험료 할인 적용 문의,Y,Y,Y
VOC03454,주행기록이 보이지 않습니다,[날짜]에 [출발지]에서 [도착지]까지 구간을 운전했는데 앱에서 기록이 보이지 않습니다.,주행,주행기록,S006,주행기록 미반영,Y,Y,Y
VOC00523,주행 후 포인트가 없습니다,주행 조건을 충족한 것으로 보이는데 포인트가 0으로 표시됩니다. 처리 방법을 안내해주세요.,포인트,적립,S001,주행 포인트 미적립,Y,Y,Y
VOC05262,앱 차량정보 수정 문의 앱에서 확인이 어려워 문의드립니다.,차량번호 변경 후 주행 서비스 연결 방법을 문의드립니다. 이전에 정상적으로 이용한 적이 있습니다.,차량,차량정보,S008,차량정보 변경,Y,Y,Y
VOC04424,보험료 할인이 반영됐나요,현재 운전점수 기준으로 받을 수 있는 보험료 할인율이 궁금합니다.,보험,할인,S007,보험료 할인 적용 문의,Y,Y,Y
VOC07007,앱 화면이 멈춥니다,업데이트 이후 첫 화면에서 멈추고 다음으로 넘어가지 않습니다.,앱,오류,S011,앱 실행 오류,Y,Y,Y
VOC09960,포인트 지급 조건 안내 요청,포인트 지급 대상과 제외 조건을 자세히 안내해주세요.,포인트,적립기준,S015,포인트 적립 기준 문의,Y,Y,Y
VOC01279,운전 후 포인트 반영 시간 문의,[접수시간]에 주행을 종료했습니다. 포인트 반영 예정 시간을 알고 싶습니다. 현재 화면에서 직접 수정할 수 없습니다.,포인트,적립,S002,주행 포인트 적립 지연,Y,Y,Y
VOC08156,앱의 계약 내용이 맞지 않아요,보험 계약 정보 중 일부 항목이 잘못되어 수정 요청드립니다.,보험,계약정보,S013,계약정보 불일치,Y,Y,Y
VOC03401,주행 데이터가 반영되지 않았어요,[주행일]에 [주행구간] 구간을 운전했는데 앱에서 기록이 보이지 않습니다. 앱을 다시 실행해도 같은 상태입니다.,주행,주행기록,S006,주행기록 미반영,Y,Y,Y
VOC05802,앱 회원 탈퇴 방법 문의,계정과 저장된 개인정보를 삭제하는 절차를 알려주세요.,회원,계정관리,S009,회원 탈퇴,Y,Y,Y
VOC00594,주행 포인트가 적립되지 않았습니다,주행 조건을 충족한 것으로 보이는데 포인트가 0으로 표시됩니다.,포인트,적립,S001,주행 포인트 미적립,Y,Y,Y
VOC04114,안전운전 할인 적용 여부 문의,앱에는 할인 대상이라고 나오는데 실제 보험료에 적용됐는지 알고 싶습니다.,보험,할인,S007,보험료 할인 적용 문의,Y,Y,Y
VOC07868,보상 처리 단계 문의,제출한 서류가 정상적으로 접수됐는지 알고 싶습니다.,사고,처리현황,S012,사고 처리 진행 문의,Y,Y,Y
VOC02288,앱 로그인이 안 됩니다,아이디와 비밀번호를 입력해도 로그인 오류가 발생합니다.,회원,로그인,S004,로그인 오류,Y,Y,Y
VOC07638,접수한 사고는 어떻게 진행되고 있나요,사고 접수 이후 진행 상황 안내를 받지 못했습니다. 처리 방법을 안내해주세요.,사고,처리현황,S012,사고 처리 진행 문의,Y,Y,Y
VOC00447,주행 포인트 미적립 문의,[출발지]에서 [도착지]까지 구간을 운전했는데 적립 내역이 확인되지 않습니다.,포인트,적립,S001,주행 포인트 미적립,Y,Y,Y
VOC00467,주행 후 포인트가 없습니다,운전 기록은 정상적으로 보이지만 포인트가 들어오지 않았습니다. 현재 화면에서 직접 수정할 수 없습니다.,포인트,적립,S001,주행 포인트 미적립,Y,Y,Y
VOC02106,계속 로그인에 실패합니다,로그인 버튼을 눌러도 화면이 그대로입니다. 확인 부탁드립니다. 필요한 확인 항목이 있다면 안내 부탁드립니다.,회원,로그인,S004,로그인 오류,Y,Y,Y
VOC07912,보상 처리 단계 문의,사건번호 [사고접수번호]와 관련해 현재 처리 단계를 확인하고 싶습니다. 현재 화면에서 직접 수정할 수 없습니다.,사고,처리현황,S012,사고 처리 진행 문의,Y,Y,Y
VOC08039,계약정보가 다르게 표시됩니다,앱에 표시된 계약자명이 [계약자명]으로 되어 있는데 실제 정보와 다릅니다.,보험,계약정보,S013,계약정보 불일치,Y,Y,Y
VOC09304,등록 연락처 수정 요청,기존 번호 [기존전화번호]에서 새 번호 [새전화번호]로 변경하고 싶습니다.,회원,회원정보,S014,휴대전화 번호 변경,Y,Y,Y
VOC08073,증권 정보 수정 문의,앱에 표시된 계약자명이 [이름]으로 되어 있는데 실제 정보와 다릅니다. 빠른 확인 요청드립니다.,보험,계약정보,S013,계약정보 불일치,Y,Y,Y
VOC01389,포인트 사용 가능 서비스 문의,보험료 결제 외에도 포인트를 사용할 수 있는 곳이 있나요?,포인트,사용,S003,포인트 사용처 문의,Y,Y,Y
VOC05472,앱 회원 탈퇴 방법 문의,본인 인증 후 탈퇴가 완료되지 않아 확인 부탁드립니다.,회원,계정관리,S009,회원 탈퇴,Y,Y,Y
VOC07542,접수한 사고는 어떻게 진행되고 있나요,사고 접수 이후 진행 상황 안내를 받지 못했습니다.,사고,처리현황,S012,사고 처리 진행 문의,Y,Y,Y
VOC03961,주행기록이 보이지 않습니다,주행 종료 후에도 거리와 시간이 0으로 표시됩니다. 빠른 확인 요청드립니다.,주행,주행기록,S006,주행기록 미반영,Y,Y,Y
VOC05989,회원 탈퇴를 요청합니다,본인 인증 후 탈퇴가 완료되지 않아 확인 부탁드립니다.,회원,계정관리,S009,회원 탈퇴,Y,Y,Y
VOC01449,보유 포인트 사용 방법,포인트 사용 가능한 서비스와 제한 조건이 확인하고 싶습니다.,포인트,사용,S003,포인트 사용처 문의,Y,Y,Y
VOC06480,포인트 잔액 오류 관련 기준도 함께 알려주세요.,사용한 적이 없는데 [차감금액] 포인트가 차감된 것으로 표시됩니다. 관련 기준도 함께 알려주세요.,포인트,차감,S010,포인트 오차감,Y,Y,Y
VOC06233,잘못 차감된 포인트 문의,포인트 내역에 알 수 없는 차감 기록이 있습니다. 관련 기준도 함께 알려주세요.,포인트,차감,S010,포인트 오차감,Y,Y,Y
VOC08895,회원정보의 전화번호가 다릅니다 처리 방법을 안내해주세요.,기존 번호 [전화번호]에서 새 번호 [새전화번호]로 변경하고 싶습니다.,회원,회원정보,S014,휴대전화 번호 변경,Y,Y,Y
VOC08518,계약정보가 다르게 표시됩니다 관련 기준도 함께 알려주세요.,계약 기간과 보험료 정보가 가입 당시 안내와 다르게 표시됩니다. 이전에 정상적으로 이용한 적이 있습니다.,보험,계약정보,S013,계약정보 불일치,Y,Y,Y
VOC08824,기존 전화번호 변경 문의,등록된 연락처가 실제 사용하는 번호와 달라 수정 요청드립니다. 현재 화면에서 직접 수정할 수 없습니다.,회원,회원정보,S014,휴대전화 번호 변경,Y,Y,Y
VOC00327,주행 포인트 미적립 문의 처리 방법을 안내해주세요.,[주행일]에 주행을 완료했는데 포인트가 아직 적립되지 않았습니다. 관련 기준도 함께 알려주세요. 동일 현상이 반복되고 있습니다.,포인트,적립,S001,주행 포인트 미적립,Y,Y,Y
VOC04115,안전운전 할인 적용 여부 문의,갱신 계약에 주행분석 할인 혜택이 반영되는지 문의드립니다. 앱을 다시 실행해도 같은 상태입니다.,보험,할인,S007,보험료 할인 적용 문의,Y,Y,Y
VOC07998,사건번호 처리 상태 확인,[날짜]에 접수한 사고의 담당자 배정 여부가 궁금합니다.,사고,처리현황,S012,사고 처리 진행 문의,Y,Y,Y
VOC06912,업데이트 후 앱이 열리지 않아요,특정 메뉴에 들어가면 화면이 멈추는 현상이 반복됩니다. 확인 부탁드립니다.,앱,오류,S011,앱 실행 오류,Y,Y,Y
VOC03796,주행기록이 보이지 않습니다 처리 방법을 안내해주세요.,주행 종료 후에도 거리와 시간이 0으로 표시됩니다. 이전에 정상적으로 이용한 적이 있습니다.,주행,주행기록,S006,주행기록 미반영,Y,Y,Y
VOC03174,비밀번호가 기억나지 않아요,비밀번호가 기억나지 않아 재설정하려고 합니다.,회원,계정관리,S005,비밀번호 재설정,Y,Y,Y
VOC03868,최근 주행기록 누락 문의 관련 기준도 함께 알려주세요.,운전을 완료했지만 최근 주행 목록에 추가되지 않았습니다. 관련 기준도 함께 알려주세요. 이전에 정상적으로 이용한 적이 있습니다.,주행,주행기록,S006,주행기록 미반영,Y,Y,Y
VOC00914,포인트 반영이 늦어지고 있습니다,방금 운전한 기록은 보이는데 포인트는 처리 중으로 표시됩니다.,포인트,적립,S002,주행 포인트 적립 지연,Y,Y,Y
VOC06080,포인트가 갑자기 줄었습니다,포인트 내역에 알 수 없는 차감 기록이 있습니다.,포인트,차감,S010,포인트 오차감,Y,Y,Y
VOC02488,아이디 입력 후 접속 오류,여러 번 시도했지만 인증 후 다시 로그인 화면으로 돌아옵니다.,회원,로그인,S004,로그인 오류,Y,Y,Y
VOC03754,최근 주행기록 누락 문의 처리 방법을 안내해주세요.,해당 시간대의 운전 내역이 누락되어 확인 요청드립니다.,주행,주행기록,S006,주행기록 미반영,Y,Y,Y
VOC05997,회원 탈퇴를 요청합니다,회원 탈퇴 시 남은 포인트와 주행기록이 어떻게 처리되는지 궁금합니다. 관련 기준도 함께 알려주세요.,회원,계정관리,S009,회원 탈퇴,Y,Y,Y
VOC08926,휴대전화 번호를 변경하고 싶습니다 처리 방법을 안내해주세요.,등록된 연락처가 실제 사용하는 번호와 달라 수정 요청드립니다.,회원,회원정보,S014,휴대전화 번호 변경,Y,Y,Y
VOC02341,계속 로그인에 실패합니다 관련 기준도 함께 알려주세요.,로그인 버튼을 눌러도 화면이 그대로입니다.,회원,로그인,S004,로그인 오류,Y,Y,Y
VOC01004,포인트 적립 처리 중 문의 관련 기준도 함께 알려주세요.,"포인트가 바로 들어오는지, 일정 시간이 필요한지 문의드립니다. 동일 현상이 반복되고 있습니다.",포인트,적립,S002,주행 포인트 적립 지연,Y,Y,Y
VOC04341,보험료 할인이 반영됐나요,안전운전 점수와 보험료 할인 적용 기준을 안내해주세요.,보험,할인,S007,보험료 할인 적용 문의,Y,Y,Y
VOC09022,회원정보의 전화번호가 다릅니다,등록된 연락처가 실제 사용하는 번호와 달라 수정 요청드립니다.,회원,회원정보,S014,휴대전화 번호 변경,Y,Y,Y
VOC01227,운전 후 포인트 반영 시간 문의,주행 후 몇 시간이 지났는데 아직 적립 대기 상태입니다.,포인트,적립,S002,주행 포인트 적립 지연,Y,Y,Y
VOC08859,새 번호로 인증받고 싶어요,번호 변경 후 로그인 인증 문자가 이전 번호로 발송됩니다. 처리 방법을 안내해주세요.,회원,회원정보,S014,휴대전화 번호 변경,Y,Y,Y
VOC01262,포인트 반영이 늦어지고 있습니다,오늘 주행을 마쳤는데 포인트가 아직 반영되지 않았습니다. 보통 얼마나 걸리나요? 이전에 정상적으로 이용한 적이 있습니다.,포인트,적립,S002,주행 포인트 적립 지연,Y,Y,Y
VOC07469,사건번호 처리 상태 확인,보상 심사가 어느 단계까지 진행됐는지 확인 부탁드립니다.,사고,처리현황,S012,사고 처리 진행 문의,Y,Y,Y
VOC00986,포인트 반영이 늦어지고 있습니다,[주행종료시간]에 주행을 종료했습니다. 포인트 반영 예정 시간을 알고 싶습니다. 앱에서 확인이 어려워 문의드립니다.,포인트,적립,S002,주행 포인트 적립 지연,Y,Y,Y
VOC08863,등록 연락처 수정 요청,번호 변경 후 로그인 인증 문자가 이전 번호로 발송됩니다. 관련 기준도 함께 알려주세요.,회원,회원정보,S014,휴대전화 번호 변경,Y,Y,Y
VOC01670,포인트 사용 가능 서비스 문의,앱에 [차감금액] 포인트가 있는데 사용 가능한 항목을 확인하고 싶습니다.,포인트,사용,S003,포인트 사용처 문의,Y,Y,Y
VOC05445,가입 정보 삭제 요청,본인 인증 후 탈퇴가 완료되지 않아 확인 부탁드립니다. 빠른 확인 요청드립니다.,회원,계정관리,S009,회원 탈퇴,Y,Y,Y
VOC03762,운전한 내역이 앱에 없습니다,차량은 정상적으로 운행했는데 주행 데이터가 수집되지 않은 것 같습니다. 관련 기준도 함께 알려주세요.,주행,주행기록,S006,주행기록 미반영,Y,Y,Y
VOC03250,새 비밀번호 등록 문의,본인 인증 후 비밀번호 재설정 화면으로 이동하지 않습니다. 현재 화면에서 직접 수정할 수 없습니다.,회원,계정관리,S005,비밀번호 재설정,Y,Y,Y
VOC01868,적립 포인트는 어디서 쓰나요,포인트 사용 가능한 서비스와 제한 조건이 궁금합니다. 동일 현상이 반복되고 있습니다.,포인트,사용,S003,포인트 사용처 문의,Y,Y,Y
VOC07949,사고 처리 진행 상황 문의,사건번호 [사건번호]와 관련해 현재 처리 단계를 확인하고 싶습니다. 앱에서 확인이 어려워 문의드립니다.,사고,처리현황,S012,사고 처리 진행 문의,Y,Y,Y
VOC07122,앱 화면이 멈춥니다,앱을 실행하면 [에러코드] 오류가 표시되고 바로 종료됩니다. 확인 부탁드립니다.,앱,오류,S011,앱 실행 오류,Y,Y,Y
VOC06211,사용하지 않은 포인트가 차감됐어요,포인트 사용 이력과 실제 잔액이 맞지 않습니다.,포인트,차감,S010,포인트 오차감,Y,Y,Y
VOC01552,포인트를 사용할 수 있는 곳,적립된 포인트의 사용처와 사용 절차를 안내 부탁드립니다.,포인트,사용,S003,포인트 사용처 문의,Y,Y,Y
VOC05507,서비스 계정을 삭제하고 싶어요,계정과 저장된 개인정보를 삭제하는 절차를 알려주세요. 확인 부탁드립니다.,회원,계정관리,S009,회원 탈퇴,Y,Y,Y
VOC01474,포인트를 사용할 수 있는 곳,보험료 결제 외에도 포인트를 사용할 수 있는 곳이 있나요?,포인트,사용,S003,포인트 사용처 문의,Y,Y,Y
VOC02928,비밀번호를 재설정하고 싶습니다 처리 방법을 안내해주세요.,비밀번호가 기억나지 않아 재설정하려고 합니다.,회원,계정관리,S005,비밀번호 재설정,Y,Y,Y
VOC04476,보험료 할인이 반영됐나요,앱에는 할인 대상이라고 나오는데 실제 보험료에 적용됐는지 알고 싶습니다. 앱에서 확인이 어려워 문의드립니다.,보험,할인,S007,보험료 할인 적용 문의,Y,Y,Y
VOC07264,앱 실행 중 오류가 발생합니다,재설치 후에도 동일하게 앱이 강제 종료됩니다. 관련 기준도 함께 알려주세요.,앱,오류,S011,앱 실행 오류,Y,Y,Y
VOC05100,새 차량으로 바꾸고 싶어요,차량번호 변경 후 주행 서비스 연결 방법을 문의드립니다. 처리 방법을 안내해주세요.,차량,차량정보,S008,차량정보 변경,Y,Y,Y
VOC09597,운전점수와 포인트 관계 앱에서 확인이 어려워 문의드립니다.,포인트를 받기 위한 최소 주행 조건이 안내받고 싶습니다.,포인트,적립기준,S015,포인트 적립 기준 문의,Y,Y,Y
VOC09027,휴대전화 번호를 변경하고 싶습니다,등록된 연락처가 실제 사용하는 번호와 달라 수정 요청드립니다.,회원,회원정보,S014,휴대전화 번호 변경,Y,Y,Y
VOC01567,포인트 사용처가 안내받고 싶습니다,앱에 [포인트수량] 포인트가 있는데 사용 가능한 항목을 확인하고 싶습니다. 확인 부탁드립니다.,포인트,사용,S003,포인트 사용처 문의,Y,Y,Y
VOC07734,사고 접수 후 연락이 없습니다,사고 접수 이후 진행 상황 안내를 받지 못했습니다.,사고,처리현황,S012,사고 처리 진행 문의,Y,Y,Y
VOC03372,주행 데이터가 반영되지 않았어요,[날짜]에 [출발지]에서 [도착지]까지 구간을 운전했는데 앱에서 기록이 보이지 않습니다.,주행,주행기록,S006,주행기록 미반영,Y,Y,Y
VOC06549,포인트가 갑자기 줄었습니다,포인트 사용 이력과 실제 잔액이 맞지 않습니다.,포인트,차감,S010,포인트 오차감,Y,Y,Y
VOC05420,앱 회원 탈퇴 방법 문의,본인 인증 후 탈퇴가 완료되지 않아 확인 부탁드립니다. 처리 방법을 안내해주세요.,회원,계정관리,S009,회원 탈퇴,Y,Y,Y
VOC03492,최근 주행기록 누락 문의,주행 종료 후에도 거리와 시간이 0으로 표시됩니다.,주행,주행기록,S006,주행기록 미반영,Y,Y,Y
VOC09060,휴대전화 번호를 변경하고 싶습니다 처리 방법을 안내해주세요.,휴대전화 번호를 바꿨는데 앱 회원정보에는 이전 번호가 표시됩니다. 이전에 정상적으로 이용한 적이 있습니다.,회원,회원정보,S014,휴대전화 번호 변경,Y,Y,Y
VOC04927,차량을 변경했습니다 빠른 확인 요청드립니다.,보험 계약 차량은 변경됐는데 앱에는 이전 차량이 표시됩니다.,차량,차량정보,S008,차량정보 변경,Y,Y,Y
VOC00864,주행 포인트는 언제 들어오나요 빠른 확인 요청드립니다.,"포인트가 바로 들어오는지, 일정 시간이 필요한지 문의드립니다.",포인트,적립,S002,주행 포인트 적립 지연,Y,Y,Y
VOC01501,적립 포인트는 어디서 쓰나요 관련 기준도 함께 알려주세요.,포인트 사용 가능한 서비스와 제한 조건이 궁금합니다.,포인트,사용,S003,포인트 사용처 문의,Y,Y,Y
VOC09390,운전점수와 포인트 관계,주행거리와 운전점수에 따라 포인트가 어떻게 산정되는지 알고 싶습니다.,포인트,적립기준,S015,포인트 적립 기준 문의,Y,Y,Y
VOC09870,어떤 주행이 포인트 대상인가요,주행거리와 운전점수에 따라 포인트가 어떻게 산정되는지 알고 싶습니다.,포인트,적립기준,S015,포인트 적립 기준 문의,Y,Y,Y
VOC07447,사고 처리 진행 상황 문의 처리 방법을 안내해주세요.,사건번호 [사고접수번호]와 관련해 현재 처리 단계를 확인하고 싶습니다.,사고,처리현황,S012,사고 처리 진행 문의,Y,Y,Y
VOC05031,차량을 변경했습니다,보험 계약 차량은 변경됐는데 앱에는 이전 차량이 표시됩니다.,차량,차량정보,S008,차량정보 변경,Y,Y,Y
VOC05216,새 차량으로 바꾸고 싶어요,보험 계약 차량은 변경됐는데 앱에는 이전 차량이 표시됩니다.,차량,차량정보,S008,차량정보 변경,Y,Y,Y
VOC04528,주행점수 할인 확인 요청,갱신 계약에 주행분석 할인 혜택이 반영되는지 문의드립니다. 이전에 정상적으로 이용한 적이 있습니다.,보험,할인,S007,보험료 할인 적용 문의,Y,Y,Y
VOC09172,회원정보의 전화번호가 다릅니다,휴대전화 번호를 바꿨는데 앱 회원정보에는 이전 번호가 표시됩니다.,회원,회원정보,S014,휴대전화 번호 변경,Y,Y,Y
VOC01352,보유 포인트 사용 방법,포인트 사용 가능한 서비스와 제한 조건이 궁금합니다. 확인 부탁드립니다.,포인트,사용,S003,포인트 사용처 문의,Y,Y,Y
VOC03938,최근 주행기록 누락 문의,주행 종료 후에도 거리와 시간이 0으로 표시됩니다. 처리 방법을 안내해주세요. 동일 현상이 반복되고 있습니다.,주행,주행기록,S006,주행기록 미반영,Y,Y,Y
VOC08415,보험 계약자 정보 오류,증권번호 [계약번호]의 차량정보가 현재 차량과 일치하지 않습니다.,보험,계약정보,S013,계약정보 불일치,Y,Y,Y
VOC05509,가입 정보 삭제 요청 관련 기준도 함께 알려주세요.,앱에서 탈퇴 메뉴를 찾을 수 없어 문의드립니다.,회원,계정관리,S009,회원 탈퇴,Y,Y,Y
VOC01340,포인트를 사용할 수 있는 곳 확인 부탁드립니다.,적립된 포인트의 사용처와 사용 절차를 안내 부탁드립니다. 관련 기준도 함께 알려주세요.,포인트,사용,S003,포인트 사용처 문의,Y,Y,Y
VOC04756,등록 차량 변경 요청,차량번호 변경 후 주행 서비스 연결 방법을 문의드립니다.,차량,차량정보,S008,차량정보 변경,Y,Y,Y
VOC03540,주행 데이터가 반영되지 않았어요,해당 시간대의 운전 내역이 누락되어 확인 요청드립니다.,주행,주행기록,S006,주행기록 미반영,Y,Y,Y
VOC05394,회원 탈퇴를 요청합니다 빠른 확인 요청드립니다.,본인 인증 후 탈퇴가 완료되지 않아 확인 부탁드립니다.,회원,계정관리,S009,회원 탈퇴,Y,Y,Y
VOC00438,주행 포인트 미적립 문의,주행 조건을 충족한 것으로 보이는데 포인트가 0으로 표시됩니다.,포인트,적립,S001,주행 포인트 미적립,Y,Y,Y
VOC03231,비밀번호를 재설정하고 싶습니다 빠른 확인 요청드립니다.,비밀번호 찾기 과정에서 [기존전화번호]로 인증번호가 오지 않습니다. 앱에서 확인이 어려워 문의드립니다.,회원,계정관리,S005,비밀번호 재설정,Y,Y,Y
VOC03655,운전한 내역이 앱에 없습니다,차량은 정상적으로 운행했는데 주행 데이터가 수집되지 않은 것 같습니다.,주행,주행기록,S006,주행기록 미반영,Y,Y,Y
VOC07982,사고 접수 후 연락이 없습니다,[날짜]에 접수한 사고의 담당자 배정 여부가 궁금합니다. 앱에서 확인이 어려워 문의드립니다.,사고,처리현황,S012,사고 처리 진행 문의,Y,Y,Y
VOC02337,앱 로그인이 되지 않습니다,기존에 사용하던 계정으로 접속되지 않아 문의드립니다.,회원,로그인,S004,로그인 오류,Y,Y,Y
VOC07220,앱 화면이 멈춥니다,앱을 실행하면 [에러코드] 오류가 표시되고 바로 종료됩니다.,앱,오류,S011,앱 실행 오류,Y,Y,Y
VOC07516,사고 처리 진행 상황 문의 처리 방법을 안내해주세요.,[날짜]에 접수한 사고의 담당자 배정 여부가 궁금합니다. 관련 기준도 함께 알려주세요. 현재 화면에서 직접 수정할 수 없습니다.,사고,처리현황,S012,사고 처리 진행 문의,Y,Y,Y
VOC09954,포인트 적립 기준이 궁금합니다,주행거리와 운전점수에 따라 포인트가 어떻게 산정되는지 알고 싶습니다.,포인트,적립기준,S015,포인트 적립 기준 문의,Y,Y,Y
VOC08479,보험 계약자 정보 오류 빠른 확인 요청드립니다.,계약 기간과 보험료 정보가 가입 당시 안내와 다르게 표시됩니다. 동일 현상이 반복되고 있습니다.,보험,계약정보,S013,계약정보 불일치,Y,Y,Y
VOC03056,비밀번호가 기억나지 않아요,비밀번호 찾기 과정에서 [전화번호]로 인증번호가 오지 않습니다. 앱에서 확인이 어려워 문의드립니다. 현재 화면에서 직접 수정할 수 없습니다.,회원,계정관리,S005,비밀번호 재설정,Y,Y,Y
VOC03336,최근 주행기록 누락 문의,[주행일]에 [주행구간] 구간을 운전했는데 앱에서 기록이 보이지 않습니다. 앱에서 확인이 어려워 문의드립니다.,주행,주행기록,S006,주행기록 미반영,Y,Y,Y
VOC06332,포인트 잔액 오류 빠른 확인 요청드립니다.,사용한 적이 없는데 [포인트수량] 포인트가 차감된 것으로 표시됩니다. 빠른 확인 요청드립니다. 필요한 확인 항목이 있다면 안내 부탁드립니다.,포인트,차감,S010,포인트 오차감,Y,Y,Y
VOC07034,앱 화면이 멈춥니다,업데이트 이후 첫 화면에서 멈추고 다음으로 넘어가지 않습니다.,앱,오류,S011,앱 실행 오류,Y,Y,Y
VOC08457,계약정보가 다르게 표시됩니다,증권번호 [계약번호]의 차량정보가 현재 차량과 일치하지 않습니다. 앱에서 확인이 어려워 문의드립니다. 필요한 확인 항목이 있다면 안내 부탁드립니다.,보험,계약정보,S013,계약정보 불일치,Y,Y,Y
VOC06136,잘못 차감된 포인트 문의,결제를 취소했는데 차감된 포인트가 복구되지 않았습니다. 필요한 확인 항목이 있다면 안내 부탁드립니다.,포인트,차감,S010,포인트 오차감,Y,Y,Y
VOC01845,보유 포인트 사용 방법,적립된 포인트의 사용처와 사용 절차를 안내 부탁드립니다.,포인트,사용,S003,포인트 사용처 문의,Y,Y,Y
VOC06114,잘못 차감된 포인트 문의,사용한 적이 없는데 [차감금액] 포인트가 차감된 것으로 표시됩니다. 관련 기준도 함께 알려주세요.,포인트,차감,S010,포인트 오차감,Y,Y,Y
VOC06383,포인트 차감 내역이 이상합니다,사용한 적이 없는데 [차감금액] 포인트가 차감된 것으로 표시됩니다.,포인트,차감,S010,포인트 오차감,Y,Y,Y
VOC05933,회원 탈퇴를 요청합니다,더 이상 서비스를 이용하지 않아 회원 탈퇴를 진행하고 싶습니다.,회원,계정관리,S009,회원 탈퇴,Y,Y,Y
VOC01533,포인트 사용 가능 서비스 문의 처리 방법을 안내해주세요.,적립된 포인트의 사용처와 사용 절차를 안내 부탁드립니다.,포인트,사용,S003,포인트 사용처 문의,Y,Y,Y
VOC00443,운전했는데 포인트가 안 들어왔어요,[주행구간] 구간을 운전했는데 적립 내역이 확인되지 않습니다.,포인트,적립,S001,주행 포인트 미적립,Y,Y,Y
VOC04545,보험료 할인 혜택이 궁금합니다,현재 운전점수 기준으로 받을 수 있는 보험료 할인율이 궁금합니다.,보험,할인,S007,보험료 할인 적용 문의,Y,Y,Y
VOC00246,주행 포인트 미적립 문의,지난 주행 건에 대한 포인트를 받지 못했습니다. 확인 부탁드립니다.,포인트,적립,S001,주행 포인트 미적립,Y,Y,Y
VOC07388,사건번호 처리 상태 확인,제출한 서류가 정상적으로 접수됐는지 알고 싶습니다.,사고,처리현황,S012,사고 처리 진행 문의,Y,Y,Y
VOC09086,휴대전화 번호를 변경하고 싶습니다,번호 변경 후 로그인 인증 문자가 이전 번호로 발송됩니다. 필요한 확인 항목이 있다면 안내 부탁드립니다.,회원,회원정보,S014,휴대전화 번호 변경,Y,Y,Y
VOC06474,잘못 차감된 포인트 문의 처리 방법을 안내해주세요.,어제 확인한 잔액과 오늘 잔액이 달라서 문의드립니다.,포인트,차감,S010,포인트 오차감,Y,Y,Y
VOC05126,기존 차량 삭제 후 신규 등록,기존 차량을 삭제하고 새 차량을 등록하는 방법을 확인 부탁드립니다.,차량,차량정보,S008,차량정보 변경,Y,Y,Y
VOC00181,주행 포인트 미적립 문의 앱에서 확인이 어려워 문의드립니다.,[주행구간] 구간을 운전했는데 적립 내역이 확인되지 않습니다.,포인트,적립,S001,주행 포인트 미적립,Y,Y,Y
VOC06169,포인트가 갑자기 줄었습니다 처리 방법을 안내해주세요.,어제 확인한 잔액과 오늘 잔액이 달라서 문의드립니다.,포인트,차감,S010,포인트 오차감,Y,Y,Y
VOC09681,운전점수와 포인트 관계,주행거리와 운전점수에 따라 포인트가 어떻게 산정되는지 알고 싶습니다.,포인트,적립기준,S015,포인트 적립 기준 문의,Y,Y,Y
VOC06808,앱 화면이 멈춥니다,재설치 후에도 동일하게 앱이 강제 종료됩니다.,앱,오류,S011,앱 실행 오류,Y,Y,Y
VOC09720,포인트 적립 기준이 확인하고 싶습니다,포인트 지급 대상과 제외 조건을 자세히 안내해주세요. 동일 현상이 반복되고 있습니다.,포인트,적립기준,S015,포인트 적립 기준 문의,Y,Y,Y
VOC04471,주행점수 할인 확인 요청,갱신 계약에 주행분석 할인 혜택이 반영되는지 문의드립니다.,보험,할인,S007,보험료 할인 적용 문의,Y,Y,Y
VOC05821,서비스 계정을 삭제하고 싶어요 앱에서 확인이 어려워 문의드립니다.,더 이상 서비스를 이용하지 않아 회원 탈퇴를 진행하고 싶습니다. 동일 현상이 반복되고 있습니다.,회원,계정관리,S009,회원 탈퇴,Y,Y,Y
VOC00187,주행 포인트가 적립되지 않았습니다 빠른 확인 요청드립니다.,[주행구간] 구간을 운전했는데 적립 내역이 확인정상적으로 처리되지 않습니다.,포인트,적립,S001,주행 포인트 미적립,Y,Y,Y
VOC07060,서비스 실행 불가 문의,업데이트 이후 첫 화면에서 멈추고 다음으로 넘어가지 않습니다.,앱,오류,S011,앱 실행 오류,Y,Y,Y
VOC02101,아이디 입력 후 접속 오류,여러 번 시도했지만 인증 후 다시 로그인 화면으로 돌아옵니다. 이전에 정상적으로 이용한 적이 있습니다.,회원,로그인,S004,로그인 오류,Y,Y,Y
VOC06275,포인트 차감 내역이 이상합니다 관련 기준도 함께 알려주세요.,어제 확인한 잔액과 오늘 잔액이 달라서 문의드립니다.,포인트,차감,S010,포인트 오차감,Y,Y,Y
VOC05375,회원 탈퇴를 요청합니다,앱에서 탈퇴 메뉴를 찾을 수 없어 확인 요청드립니다.,회원,계정관리,S009,회원 탈퇴,Y,Y,Y
VOC04929,앱 차량정보 수정 문의,차량을 교체해서 앱의 등록 정보를 수정하고 싶습니다. 관련 기준도 함께 알려주세요.,차량,차량정보,S008,차량정보 변경,Y,Y,Y
VOC03328,비밀번호가 기억나지 않아요,본인 인증 후 비밀번호 재설정 화면으로 이동하지 않습니다. 확인 부탁드립니다.,회원,계정관리,S005,비밀번호 재설정,Y,Y,Y
VOC01642,포인트 사용 가능 서비스 문의,앱에 [금액] 포인트가 있는데 사용 가능한 항목을 확인하고 싶습니다.,포인트,사용,S003,포인트 사용처 문의,Y,Y,Y
VOC02419,계속 로그인에 실패합니다,기존에 사용하던 계정으로 접속되지 않아 문의드립니다.,회원,로그인,S004,로그인 오류,Y,Y,Y
VOC01932,포인트 사용처가 궁금합니다,보험료 결제 외에도 포인트를 사용할 수 있는 곳이 있나요? 동일 현상이 반복되고 있습니다.,포인트,사용,S003,포인트 사용처 문의,Y,Y,Y
VOC01835,적립 포인트는 어디서 쓰나요,현재 보유한 포인트를 어디에서 사용할 수 있는지 알려주세요.,포인트,사용,S003,포인트 사용처 문의,Y,Y,Y
VOC09883,포인트 지급 조건 안내 요청,급가속이나 급감속 기록이 포인트 적립에 영향을 주나요?,포인트,적립기준,S015,포인트 적립 기준 문의,Y,Y,Y
VOC08750,새 번호로 인증받고 싶어요,등록된 연락처가 실제 사용하는 번호와 달라 수정 요청드립니다.,회원,회원정보,S014,휴대전화 번호 변경,Y,Y,Y
VOC06348,잘못 차감된 포인트 문의 확인 부탁드립니다.,사용한 적이 없는데 [포인트수량] 포인트가 차감된 것으로 표시됩니다.,포인트,차감,S010,포인트 오차감,Y,Y,Y
VOC03827,앱에서 운전 기록 확인 불가 앱에서 확인이 어려워 문의드립니다.,[날짜]에 [주행구간] 구간을 운전했는데 앱에서 기록이 보이지 않습니다. 관련 기준도 함께 알려주세요. 이전에 정상적으로 이용한 적이 있습니다.,주행,주행기록,S006,주행기록 미반영,Y,Y,Y
VOC00098,주행 포인트가 적립되지 않았습니다 처리 방법을 안내해주세요.,운전 기록은 정상적으로 보이지만 포인트가 들어오지 않았습니다.,포인트,적립,S001,주행 포인트 미적립,Y,Y,Y
VOC08009,보험 계약자 정보 오류,앱에 표시된 계약자명이 [이름]으로 되어 있는데 실제 정보와 다릅니다.,보험,계약정보,S013,계약정보 불일치,Y,Y,Y
VOC04457,주행점수 할인 확인 요청,안전운전 점수와 보험료 할인 적용 기준을 안내해주세요.,보험,할인,S007,보험료 할인 적용 문의,Y,Y,Y
VOC00738,포인트 적립 처리 중 문의,오늘 주행을 마쳤는데 포인트가 아직 반영되지 않았습니다. 보통 얼마나 걸리나요? 관련 기준도 함께 알려주세요. 동일 현상이 반복되고 있습니다.,포인트,적립,S002,주행 포인트 적립 지연,Y,Y,Y
VOC02296,앱 로그인이 되지 않습니다,로그인 버튼을 눌러도 화면이 그대로입니다. 빠른 확인 요청드립니다.,회원,로그인,S004,로그인 오류,Y,Y,Y
VOC07668,사고 접수 후 연락이 없습니다,[날짜]에 접수한 사고의 담당자 배정 여부가 궁금합니다.,사고,처리현황,S012,사고 처리 진행 문의,Y,Y,Y
VOC03908,주행기록이 보이지 않습니다,[날짜]에 [출발지]에서 [도착지]까지 구간을 운전했는데 앱에서 기록이 보이지 않습니다.,주행,주행기록,S006,주행기록 미반영,Y,Y,Y
VOC09922,주행 포인트 산정 방법 문의,짧은 거리 주행도 포인트 적립 대상인지 문의드립니다. 동일 현상이 반복되고 있습니다.,포인트,적립기준,S015,포인트 적립 기준 문의,Y,Y,Y
VOC07630,사고 처리 진행 상황 문의,사건번호 [사고접수번호]와 관련해 현재 처리 단계를 확인하고 싶습니다.,사고,처리현황,S012,사고 처리 진행 문의,Y,Y,Y
VOC01930,포인트 사용처가 안내받고 싶습니다 관련 기준도 함께 알려주세요.,적립된 포인트의 사용처와 사용 절차를 안내 부탁드립니다.,포인트,사용,S003,포인트 사용처 문의,Y,Y,Y
VOC01096,주행 포인트는 언제 들어오나요,[시간]에 주행을 종료했습니다. 포인트 반영 예정 시간을 알고 싶습니다.,포인트,적립,S002,주행 포인트 적립 지연,Y,Y,Y
VOC03919,최근 주행기록 누락 문의,[날짜]에 [출발지]에서 [도착지]까지 구간을 운전했는데 앱에서 기록이 보이지 않습니다.,주행,주행기록,S006,주행기록 미반영,Y,Y,Y
VOC01387,포인트를 사용할 수 있는 곳,앱에 [포인트수량] 포인트가 있는데 사용 가능한 항목을 확인하고 싶습니다.,포인트,사용,S003,포인트 사용처 문의,Y,Y,Y
VOC04872,등록 차량 변경 요청,기존 차량을 삭제하고 새 차량을 등록하는 방법을 안내 부탁드립니다. 처리 방법을 안내해주세요. 현재 화면에서 직접 수정할 수 없습니다.,차량,차량정보,S008,차량정보 변경,Y,Y,Y
VOC08006,앱의 계약 내용이 맞지 않아요,계약 기간과 보험료 정보가 가입 당시 안내와 다르게 표시됩니다.,보험,계약정보,S013,계약정보 불일치,Y,Y,Y
VOC02662,로그인 화면에서 넘어가지 않아요,기존에 사용하던 계정으로 접속되지 않아 확인 요청드립니다. 이전에 정상적으로 이용한 적이 있습니다.,회원,로그인,S004,로그인 오류,Y,Y,Y
VOC05544,서비스 계정을 삭제하고 싶어요,계정과 저장된 개인정보를 삭제하는 절차를 알려주세요.,회원,계정관리,S009,회원 탈퇴,Y,Y,Y
VOC03648,주행 데이터가 반영되지 않았어요,주행 종료 후에도 거리와 시간이 0으로 표시됩니다. 이전에 정상적으로 이용한 적이 있습니다.,주행,주행기록,S006,주행기록 미반영,Y,Y,Y
VOC06490,잘못 차감된 포인트 문의,포인트 사용 이력과 실제 잔액이 맞지 않습니다.,포인트,차감,S010,포인트 오차감,Y,Y,Y
VOC00722,운전 후 포인트 반영 시간 문의,[접수시간]에 주행을 종료했습니다. 포인트 반영 예정 시간을 알고 싶습니다.,포인트,적립,S002,주행 포인트 적립 지연,Y,Y,Y
VOC07202,서비스 실행 불가 문의,앱을 열면 흰 화면만 보이고 아무 기능도 사용할 수 없습니다. 처리 방법을 안내해주세요. 현재 화면에서 직접 수정할 수 없습니다.,앱,오류,S011,앱 실행 오류,Y,Y,Y
VOC00411,운전했는데 포인트가 안 들어왔어요 빠른 확인 요청드립니다.,주행 조건을 충족한 것으로 보이는데 포인트가 0으로 표시됩니다.,포인트,적립,S001,주행 포인트 미적립,Y,Y,Y
VOC09419,운전점수와 포인트 관계 확인 부탁드립니다.,급가속이나 급감속 기록이 포인트 적립에 영향을 주나요? 빠른 확인 요청드립니다.,포인트,적립기준,S015,포인트 적립 기준 문의,Y,Y,Y
VOC09317,기존 전화번호 변경 문의 처리 방법을 안내해주세요.,번호 변경 후 로그인 인증 문자가 이전 번호로 발송됩니다.,회원,회원정보,S014,휴대전화 번호 변경,Y,Y,Y
VOC06152,포인트 잔액 오류,사용한 적이 없는데 [차감금액] 포인트가 차감된 것으로 표시됩니다.,포인트,차감,S010,포인트 오차감,Y,Y,Y
VOC01330,포인트 적립 처리 중 문의,[주행종료시간]에 주행을 종료했습니다. 포인트 반영 예정 시간을 알고 싶습니다. 관련 기준도 함께 알려주세요.,포인트,적립,S002,주행 포인트 적립 지연,Y,Y,Y
VOC06558,사용하지 않은 포인트가 차감됐어요,사용한 적이 없는데 [금액] 포인트가 차감된 것으로 표시됩니다.,포인트,차감,S010,포인트 오차감,Y,Y,Y
VOC09990,포인트 지급 조건 안내 요청,포인트를 받기 위한 최소 주행 조건이 궁금합니다.,포인트,적립기준,S015,포인트 적립 기준 문의,Y,Y,Y
VOC04283,계약 할인 적용 상태 문의 처리 방법을 안내해주세요.,안전운전 점수와 보험료 할인 적용 기준을 안내해주세요. 확인 부탁드립니다.,보험,할인,S007,보험료 할인 적용 문의,Y,Y,Y
VOC02859,비밀번호를 재설정하고 싶습니다 확인 부탁드립니다.,비밀번호 찾기 과정에서 [기존전화번호]로 인증번호가 오지 않습니다.,회원,계정관리,S005,비밀번호 재설정,Y,Y,Y
VOC01996,보유 포인트 사용 방법,현재 보유한 포인트를 어디에서 사용할 수 있는지 알려주세요.,포인트,사용,S003,포인트 사용처 문의,Y,Y,Y
VOC04438,주행점수 할인 확인 요청,앱에는 할인 대상이라고 나오는데 실제 보험료에 적용됐는지 알고 싶습니다.,보험,할인,S007,보험료 할인 적용 문의,Y,Y,Y
VOC00901,주행 포인트는 언제 들어오나요,"포인트가 바로 들어오는지, 일정 시간이 필요한지 문의드립니다. 동일 현상이 반복되고 있습니다.",포인트,적립,S002,주행 포인트 적립 지연,Y,Y,Y
VOC02177,계속 로그인에 실패합니다,여러 번 시도했지만 인증 후 다시 로그인 화면으로 돌아옵니다.,회원,로그인,S004,로그인 오류,Y,Y,Y
VOC02620,계속 로그인에 실패합니다,여러 번 시도했지만 인증 후 다시 로그인 화면으로 돌아옵니다. 처리 방법을 안내해주세요.,회원,로그인,S004,로그인 오류,Y,Y,Y
VOC03622,앱에서 운전 기록 확인 불가,운전을 완료했지만 최근 주행 목록에 추가되지 않았습니다. 앱을 다시 실행해도 같은 상태입니다.,주행,주행기록,S006,주행기록 미반영,Y,Y,Y
VOC05263,기존 차량 삭제 후 신규 등록,보험 계약 차량은 변경됐는데 앱에는 이전 차량이 표시됩니다.,차량,차량정보,S008,차량정보 변경,Y,Y,Y
VOC01486,포인트 사용 가능 서비스 문의 앱에서 확인이 어려워 문의드립니다.,앱에 [포인트수량] 포인트가 있는데 사용 가능한 항목을 확인하고 싶습니다.,포인트,사용,S003,포인트 사용처 문의,Y,Y,Y
VOC04100,계약 할인 적용 상태 문의,앱에는 할인 대상이라고 나오는데 실제 보험료에 적용됐는지 알고 싶습니다. 관련 기준도 함께 알려주세요.,보험,할인,S007,보험료 할인 적용 문의,Y,Y,Y
VOC00716,주행 포인트는 언제 들어오나요,주행 후 몇 시간이 지났는데 아직 적립 대기 상태입니다.,포인트,적립,S002,주행 포인트 적립 지연,Y,Y,Y
VOC02905,비밀번호가 기억나지 않아요,새 비밀번호를 입력했지만 변경이 완료되지 않습니다.,회원,계정관리,S005,비밀번호 재설정,Y,Y,Y
VOC01885,포인트를 사용할 수 있는 곳,현재 보유한 포인트를 어디에서 사용할 수 있는지 알려주세요. 처리 방법을 안내해주세요.,포인트,사용,S003,포인트 사용처 문의,Y,Y,Y
VOC09721,운전점수와 포인트 관계,포인트를 받기 위한 최소 주행 조건이 확인하고 싶습니다.,포인트,적립기준,S015,포인트 적립 기준 문의,Y,Y,Y
VOC02891,비밀번호 변경이 되지 않습니다,비밀번호 찾기 과정에서 [전화번호]로 인증번호가 오지 않습니다.,회원,계정관리,S005,비밀번호 재설정,Y,Y,Y
VOC07074,앱 실행 중 오류가 발생합니다,재설치 후에도 동일하게 앱이 강제 종료됩니다. 현재 화면에서 직접 수정할 수 없습니다.,앱,오류,S011,앱 실행 오류,Y,Y,Y
VOC06820,앱이 계속 종료됩니다 앱에서 확인이 어려워 문의드립니다.,앱을 열면 흰 화면만 보이고 아무 기능도 사용할 수 없습니다.,앱,오류,S011,앱 실행 오류,Y,Y,Y
VOC00158,포인트가 누락된 것 같습니다,[주행구간] 구간을 운전했는데 적립 내역이 확인되지 않습니다. 현재 화면에서 직접 수정할 수 없습니다.,포인트,적립,S001,주행 포인트 미적립,Y,Y,Y
VOC01625,포인트 사용처가 궁금합니다,현재 보유한 포인트를 어디에서 사용할 수 있는지 알려주세요.,포인트,사용,S003,포인트 사용처 문의,Y,Y,Y
VOC06582,포인트 잔액 오류,어제 확인한 잔액과 오늘 잔액이 달라서 확인 요청드립니다.,포인트,차감,S010,포인트 오차감,Y,Y,Y
VOC06370,포인트 잔액 오류,포인트 사용 이력과 실제 잔액이 맞지 않습니다.,포인트,차감,S010,포인트 오차감,Y,Y,Y
VOC09178,기존 전화번호 변경 문의 처리 방법을 안내해주세요.,새 번호로 본인 인증을 진행하는 방법을 알려주세요.,회원,회원정보,S014,휴대전화 번호 변경,Y,Y,Y
VOC09364,어떤 주행이 포인트 대상인가요,포인트를 받기 위한 최소 주행 조건이 안내받고 싶습니다. 처리 방법을 안내해주세요.,포인트,적립기준,S015,포인트 적립 기준 문의,Y,Y,Y
VOC05910,가입 정보 삭제 요청,앱에서 탈퇴 메뉴를 찾을 수 없어 문의드립니다.,회원,계정관리,S009,회원 탈퇴,Y,Y,Y
VOC03774,주행기록이 보이지 않습니다,주행 종료 후에도 거리와 시간이 0으로 표시됩니다.,주행,주행기록,S006,주행기록 미반영,Y,Y,Y
VOC01546,포인트 사용 가능 서비스 문의,적립된 포인트의 사용처와 사용 절차를 안내 부탁드립니다. 필요한 확인 항목이 있다면 안내 부탁드립니다.,포인트,사용,S003,포인트 사용처 문의,Y,Y,Y
VOC00845,주행 포인트는 언제 들어오나요,주행 후 몇 시간이 지났는데 아직 적립 대기 상태입니다. 처리 방법을 안내해주세요.,포인트,적립,S002,주행 포인트 적립 지연,Y,Y,Y
VOC03053,비밀번호가 기억나지 않아요,새 비밀번호를 입력했지만 변경이 완료안 됩니다. 처리 방법을 안내해주세요.,회원,계정관리,S005,비밀번호 재설정,Y,Y,Y
VOC08785,기존 전화번호 변경 문의 처리 방법을 안내해주세요.,등록된 연락처가 실제 사용하는 번호와 달라 수정 요청드립니다.,회원,회원정보,S014,휴대전화 번호 변경,Y,Y,Y
VOC07234,서비스 실행 불가 문의 관련 기준도 함께 알려주세요.,특정 메뉴에 들어가면 화면이 멈추는 현상이 반복됩니다.,앱,오류,S011,앱 실행 오류,Y,Y,Y
VOC09393,주행 포인트 산정 방법 문의,포인트를 받기 위한 최소 주행 조건이 궁금합니다. 처리 방법을 안내해주세요.,포인트,적립기준,S015,포인트 적립 기준 문의,Y,Y,Y
VOC04309,주행점수 할인 확인 요청,현재 운전점수 기준으로 받을 수 있는 보험료 할인율이 확인하고 싶습니다.,보험,할인,S007,보험료 할인 적용 문의,Y,Y,Y
VOC04310,주행점수 할인 확인 요청,앱에는 할인 대상이라고 나오는데 실제 보험료에 적용됐는지 알고 싶습니다.,보험,할인,S007,보험료 할인 적용 문의,Y,Y,Y
VOC01397,포인트 사용 가능 서비스 문의,보험료 결제 외에도 포인트를 사용할 수 있는 곳이 있나요? 빠른 확인 요청드립니다. 현재 화면에서 직접 수정할 수 없습니다.,포인트,사용,S003,포인트 사용처 문의,Y,Y,Y
VOC07085,서비스 실행 불가 문의,재설치 후에도 동일하게 앱이 강제 종료됩니다. 빠른 확인 요청드립니다.,앱,오류,S011,앱 실행 오류,Y,Y,Y
VOC03675,앱에서 운전 기록 확인 불가,차량은 정상적으로 운행했는데 주행 데이터가 수집되지 않은 것 같습니다. 처리 방법을 안내해주세요.,주행,주행기록,S006,주행기록 미반영,Y,Y,Y
VOC00155,주행 포인트가 적립되지 않았습니다 처리 방법을 안내해주세요.,지난 주행 건에 대한 포인트를 받지 못했습니다. 확인 부탁드립니다.,포인트,적립,S001,주행 포인트 미적립,Y,Y,Y
VOC08647,증권 정보 수정 문의,갱신한 계약이 앱에서 이전 계약으로 보입니다. 확인 부탁드립니다.,보험,계약정보,S013,계약정보 불일치,Y,Y,Y
VOC01727,포인트를 사용할 수 있는 곳,보험료 결제 외에도 포인트를 사용할 수 있는 곳이 있나요? 앱에서 확인이 어려워 문의드립니다.,포인트,사용,S003,포인트 사용처 문의,Y,Y,Y
VOC03096,비밀번호 찾기 인증 오류 관련 기준도 함께 알려주세요.,본인 인증 후 비밀번호 재설정 화면으로 이동하지 않습니다.,회원,계정관리,S005,비밀번호 재설정,Y,Y,Y
VOC01949,보유 포인트 사용 방법,보험료 결제 외에도 포인트를 사용할 수 있는 곳이 있나요? 현재 화면에서 직접 수정할 수 없습니다.,포인트,사용,S003,포인트 사용처 문의,Y,Y,Y
VOC00362,주행 포인트 미적립 문의,[출발지]에서 [도착지]까지 구간을 운전했는데 적립 내역이 확인되지 않습니다. 필요한 확인 항목이 있다면 안내 부탁드립니다.,포인트,적립,S001,주행 포인트 미적립,Y,Y,Y
VOC07768,사건번호 처리 상태 확인,사건번호 [사건번호]와 관련해 현재 처리 단계를 확인하고 싶습니다.,사고,처리현황,S012,사고 처리 진행 문의,Y,Y,Y
VOC05946,서비스 계정을 삭제하고 싶어요,본인 인증 후 탈퇴가 완료되지 않아 확인 부탁드립니다.,회원,계정관리,S009,회원 탈퇴,Y,Y,Y
VOC05395,가입 정보 삭제 요청,더 이상 서비스를 이용하지 않아 회원 탈퇴를 진행하고 싶습니다. 앱에서 확인이 어려워 문의드립니다.,회원,계정관리,S009,회원 탈퇴,Y,Y,Y
VOC08480,계약 차량 정보 불일치,갱신한 계약이 앱에서 이전 계약으로 보입니다. 앱에서 확인이 어려워 문의드립니다.,보험,계약정보,S013,계약정보 불일치,Y,Y,Y
VOC03513,주행기록이 보이지 않습니다,[접수일]에 [출발지]-[도착지] 구간을 운전했는데 앱에서 기록이 보이지 않습니다.,주행,주행기록,S006,주행기록 미반영,Y,Y,Y
VOC08325,계약 차량 정보 불일치,계약 기간과 보험료 정보가 가입 당시 안내와 다르게 표시됩니다. 처리 방법을 안내해주세요.,보험,계약정보,S013,계약정보 불일치,Y,Y,Y
VOC07848,사고 처리 진행 상황 문의,사건번호 [사고접수번호]와 관련해 현재 처리 단계를 확인하고 싶습니다.,사고,처리현황,S012,사고 처리 진행 문의,Y,Y,Y
VOC01292,포인트가 아직 처리되지 않았어요,[주행종료시간]에 주행을 종료했습니다. 포인트 반영 예정 시간을 알고 싶습니다.,포인트,적립,S002,주행 포인트 적립 지연,Y,Y,Y
VOC05961,가입 정보 삭제 요청,본인 인증 후 탈퇴가 완료되지 않아 확인 부탁드립니다.,회원,계정관리,S009,회원 탈퇴,Y,Y,Y
VOC07684,보상 처리 단계 문의,사건번호 [사고접수번호]와 관련해 현재 처리 단계를 확인하고 싶습니다. 필요한 확인 항목이 있다면 안내 부탁드립니다.,사고,처리현황,S012,사고 처리 진행 문의,Y,Y,Y
VOC06444,사용하지 않은 포인트가 차감됐어요 처리 방법을 안내해주세요.,결제를 취소했는데 차감된 포인트가 복구되지 않았습니다. 앱을 다시 실행해도 같은 상태입니다.,포인트,차감,S010,포인트 오차감,Y,Y,Y
VOC08918,회원정보의 전화번호가 다릅니다,새 번호로 본인 인증을 진행하는 방법을 확인 부탁드립니다. 관련 기준도 함께 알려주세요.,회원,회원정보,S014,휴대전화 번호 변경,Y,Y,Y
VOC06330,포인트가 갑자기 줄었습니다,포인트 사용 이력과 실제 잔액이 맞지 않습니다.,포인트,차감,S010,포인트 오차감,Y,Y,Y
VOC01689,보유 포인트 사용 방법 앱에서 확인이 어려워 문의드립니다.,보험료 결제 외에도 포인트를 사용할 수 있는 곳이 있나요? 확인 부탁드립니다.,포인트,사용,S003,포인트 사용처 문의,Y,Y,Y
VOC02969,비밀번호 찾기 인증 오류,본인 인증 후 비밀번호 재설정 화면으로 이동하지 않습니다.,회원,계정관리,S005,비밀번호 재설정,Y,Y,Y
VOC05008,등록 차량 변경 요청,기존 차량 [기존차량번호]에서 새 차량 [변경차량번호]로 변경했습니다.,차량,차량정보,S008,차량정보 변경,Y,Y,Y
VOC09150,휴대전화 번호를 변경하고 싶습니다,번호 변경 후 로그인 인증 문자가 이전 번호로 발송됩니다.,회원,회원정보,S014,휴대전화 번호 변경,Y,Y,Y
VOC04091,보험료 할인 혜택이 궁금합니다,안전운전 점수와 보험료 할인 적용 기준을 안내해주세요.,보험,할인,S007,보험료 할인 적용 문의,Y,Y,Y
VOC07860,사건번호 처리 상태 확인,사고 접수 이후 진행 상황 안내를 받지 못했습니다.,사고,처리현황,S012,사고 처리 진행 문의,Y,Y,Y
VOC07373,사고 접수 후 연락이 없습니다,제출한 서류가 정상적으로 접수됐는지 알고 싶습니다. 동일 현상이 반복되고 있습니다.,사고,처리현황,S012,사고 처리 진행 문의,Y,Y,Y
VOC06789,업데이트 후 앱이 열리지 않아요,업데이트 이후 첫 화면에서 멈추고 다음으로 넘어가지 않습니다. 확인 부탁드립니다.,앱,오류,S011,앱 실행 오류,Y,Y,Y
VOC04093,주행점수 할인 확인 요청,현재 운전점수 기준으로 받을 수 있는 보험료 할인율이 궁금합니다. 현재 화면에서 직접 수정할 수 없습니다.,보험,할인,S007,보험료 할인 적용 문의,Y,Y,Y
VOC04461,주행점수 할인 확인 요청,앱에는 할인 대상이라고 나오는데 실제 보험료에 적용됐는지 알고 싶습니다.,보험,할인,S007,보험료 할인 적용 문의,Y,Y,Y
VOC00982,포인트가 아직 처리되지 않았어요,"포인트가 바로 들어오는지, 일정 시간이 필요한지 문의드립니다.",포인트,적립,S002,주행 포인트 적립 지연,Y,Y,Y
VOC08323,계약정보가 다르게 표시됩니다 관련 기준도 함께 알려주세요.,계약 기간과 보험료 정보가 가입 당시 안내와 다르게 표시됩니다. 앱에서 확인이 어려워 문의드립니다.,보험,계약정보,S013,계약정보 불일치,Y,Y,Y
VOC08850,새 번호로 인증받고 싶어요,새 번호로 본인 인증을 진행하는 방법을 확인 부탁드립니다. 앱을 다시 실행해도 같은 상태입니다.,회원,회원정보,S014,휴대전화 번호 변경,Y,Y,Y
VOC02232,앱 로그인이 안 됩니다,기존에 사용하던 계정으로 접속되지 않아 문의드립니다.,회원,로그인,S004,로그인 오류,Y,Y,Y
VOC00739,포인트 적립 처리 중 문의,오늘 주행을 마쳤는데 포인트가 아직 반영되지 않았습니다. 보통 얼마나 걸리나요? 처리 방법을 안내해주세요.,포인트,적립,S002,주행 포인트 적립 지연,Y,Y,Y
VOC05286,기존 차량 삭제 후 신규 등록,보험 계약 차량은 변경됐는데 앱에는 이전 차량이 표시됩니다.,차량,차량정보,S008,차량정보 변경,Y,Y,Y
VOC08130,보험 계약자 정보 오류,계약 기간과 보험료 정보가 가입 당시 안내와 다르게 표시됩니다. 처리 방법을 안내해주세요.,보험,계약정보,S013,계약정보 불일치,Y,Y,Y
VOC06234,잘못 차감된 포인트 문의,포인트 사용 이력과 실제 잔액이 맞지 않습니다.,포인트,차감,S010,포인트 오차감,Y,Y,Y
VOC08374,계약정보가 다르게 표시됩니다 확인 부탁드립니다.,증권번호 [증권번호]의 차량정보가 현재 차량과 일치하지 않습니다. 현재 화면에서 직접 수정할 수 없습니다.,보험,계약정보,S013,계약정보 불일치,Y,Y,Y
VOC03734,최근 주행기록 누락 문의 관련 기준도 함께 알려주세요.,해당 시간대의 운전 내역이 누락되어 확인 요청드립니다.,주행,주행기록,S006,주행기록 미반영,Y,Y,Y
VOC08327,계약 차량 정보 불일치 확인 부탁드립니다.,앱에 표시된 계약자명이 [이름]으로 되어 있는데 실제 정보와 다릅니다.,보험,계약정보,S013,계약정보 불일치,Y,Y,Y
VOC00047,주행 포인트가 적립되지 않았습니다,지난 주행 건에 대한 포인트를 받지 못했습니다. 확인 부탁드립니다.,포인트,적립,S001,주행 포인트 미적립,Y,Y,Y
VOC04156,안전운전 할인 적용 여부 문의,갱신 계약에 주행분석 할인 혜택이 반영되는지 문의드립니다. 처리 방법을 안내해주세요.,보험,할인,S007,보험료 할인 적용 문의,Y,Y,Y
VOC01248,포인트가 아직 처리되지 않았어요,오늘 주행을 마쳤는데 포인트가 아직 반영되지 않았습니다. 보통 얼마나 걸리나요? 확인 부탁드립니다.,포인트,적립,S002,주행 포인트 적립 지연,Y,Y,Y
VOC02006,로그인 화면에서 넘어가지 않아요,아이디와 비밀번호를 입력해도 로그인 오류가 발생합니다.,회원,로그인,S004,로그인 오류,Y,Y,Y
VOC01124,포인트 적립 처리 중 문의,오늘 주행을 마쳤는데 포인트가 아직 반영되지 않았습니다. 보통 얼마나 걸리나요?,포인트,적립,S002,주행 포인트 적립 지연,Y,Y,Y
VOC01413,포인트를 사용할 수 있는 곳,앱에 [금액] 포인트가 있는데 사용 가능한 항목을 확인하고 싶습니다.,포인트,사용,S003,포인트 사용처 문의,Y,Y,Y
VOC09730,운전점수와 포인트 관계,짧은 거리 주행도 포인트 적립 대상인지 문의드립니다.,포인트,적립기준,S015,포인트 적립 기준 문의,Y,Y,Y
VOC05135,등록 차량 변경 요청,차량을 교체해서 앱의 등록 정보를 수정하고 싶습니다. 앱에서 확인이 어려워 문의드립니다.,차량,차량정보,S008,차량정보 변경,Y,Y,Y
VOC02121,앱 로그인이 안 됩니다,기존에 사용하던 계정으로 접속되지 않아 문의드립니다.,회원,로그인,S004,로그인 오류,Y,Y,Y
VOC04655,보험료 할인 혜택이 궁금합니다 앱에서 확인이 어려워 문의드립니다.,안전운전 점수와 보험료 할인 적용 기준을 안내해주세요.,보험,할인,S007,보험료 할인 적용 문의,Y,Y,Y
VOC01257,포인트 반영이 늦어지고 있습니다,방금 운전한 기록은 보이는데 포인트는 처리 중으로 표시됩니다.,포인트,적립,S002,주행 포인트 적립 지연,Y,Y,Y
VOC01691,보유 포인트 사용 방법,포인트 사용 가능한 서비스와 제한 조건이 궁금합니다. 처리 방법을 안내해주세요.,포인트,사용,S003,포인트 사용처 문의,Y,Y,Y
VOC05709,서비스 계정을 삭제하고 싶어요,더 이상 서비스를 이용하지 않아 회원 탈퇴를 진행하고 싶습니다.,회원,계정관리,S009,회원 탈퇴,Y,Y,Y
VOC01933,적립 포인트는 어디서 쓰나요,앱에 [포인트수량] 포인트가 있는데 사용 가능한 항목을 확인하고 싶습니다.,포인트,사용,S003,포인트 사용처 문의,Y,Y,Y
VOC04326,안전운전 할인 적용 여부 문의,앱에는 할인 대상이라고 나오는데 실제 보험료에 적용됐는지 알고 싶습니다. 동일 현상이 반복되고 있습니다.,보험,할인,S007,보험료 할인 적용 문의,Y,Y,Y
VOC04549,보험료 할인이 반영됐나요,안전운전 점수와 보험료 할인 적용 기준을 안내해주세요. 확인 부탁드립니다. 필요한 확인 항목이 있다면 안내 부탁드립니다.,보험,할인,S007,보험료 할인 적용 문의,Y,Y,Y
VOC04579,주행점수 할인 확인 요청 관련 기준도 함께 알려주세요.,안전운전 점수와 보험료 할인 적용 기준을 안내해주세요.,보험,할인,S007,보험료 할인 적용 문의,Y,Y,Y
VOC02598,앱 로그인이 되지 않습니다,기존에 사용하던 계정으로 접속되지 않아 확인 요청드립니다. 앱을 다시 실행해도 같은 상태입니다.,회원,로그인,S004,로그인 오류,Y,Y,Y
VOC08217,증권 정보 수정 문의,보험 계약 정보 중 일부 항목이 잘못되어 수정 요청드립니다.,보험,계약정보,S013,계약정보 불일치,Y,Y,Y
VOC02726,비밀번호가 기억나지 않아요,비밀번호 찾기 과정에서 [기존전화번호]로 인증번호가 오지 않습니다. 이전에 정상적으로 이용한 적이 있습니다.,회원,계정관리,S005,비밀번호 재설정,Y,Y,Y
VOC00473,운전했는데 포인트가 안 들어왔어요 빠른 확인 요청드립니다.,지난 주행 건에 대한 포인트를 받지 못했습니다. 확인 부탁드립니다. 빠른 확인 요청드립니다.,포인트,적립,S001,주행 포인트 미적립,Y,Y,Y
VOC08982,회원정보의 전화번호가 다릅니다 빠른 확인 요청드립니다.,새 번호로 본인 인증을 진행하는 방법을 알려주세요.,회원,회원정보,S014,휴대전화 번호 변경,Y,Y,Y
VOC01527,적립 포인트는 어디서 쓰나요 확인 부탁드립니다.,보험료 결제 외에도 포인트를 사용할 수 있는 곳이 있나요? 관련 기준도 함께 알려주세요. 필요한 확인 항목이 있다면 안내 부탁드립니다.,포인트,사용,S003,포인트 사용처 문의,Y,Y,Y
VOC03243,비밀번호 찾기 인증 오류,비밀번호 찾기 과정에서 [전화번호]로 인증번호가 오지 않습니다. 앱을 다시 실행해도 같은 상태입니다.,회원,계정관리,S005,비밀번호 재설정,Y,Y,Y
VOC02510,로그인 화면에서 넘어가지 않아요,기존에 사용하던 계정으로 접속되지 않아 문의합니다. 앱에서 확인이 어려워 문의드립니다.,회원,로그인,S004,로그인 오류,Y,Y,Y
VOC06137,잘못 차감된 포인트 문의 처리 방법을 안내해주세요.,포인트 사용 이력과 실제 잔액이 맞지 않습니다.,포인트,차감,S010,포인트 오차감,Y,Y,Y
VOC02336,로그인 화면에서 넘어가지 않아요,아이디와 비밀번호를 입력해도 로그인 오류가 발생합니다. 관련 기준도 함께 알려주세요.,회원,로그인,S004,로그인 오류,Y,Y,Y
VOC00301,운전했는데 포인트가 안 들어왔어요,[출발지]에서 [도착지]까지 구간을 운전했는데 적립 내역이 확인정상적으로 처리되지 않습니다. 처리 방법을 안내해주세요.,포인트,적립,S001,주행 포인트 미적립,Y,Y,Y
VOC02345,계속 로그인에 실패합니다 확인 부탁드립니다.,아이디와 비밀번호를 입력해도 로그인 오류가 발생합니다.,회원,로그인,S004,로그인 오류,Y,Y,Y
VOC00818,포인트 반영이 늦어지고 있습니다,[주행종료시간]에 주행을 종료했습니다. 포인트 반영 예정 시간을 알고 싶습니다. 필요한 확인 항목이 있다면 안내 부탁드립니다.,포인트,적립,S002,주행 포인트 적립 지연,Y,Y,Y
VOC09105,휴대전화 번호를 변경하고 싶습니다,새 번호로 본인 인증을 진행하는 방법을 알려주세요.,회원,회원정보,S014,휴대전화 번호 변경,Y,Y,Y
VOC04364,주행점수 할인 확인 요청 관련 기준도 함께 알려주세요.,현재 운전점수 기준으로 받을 수 있는 보험료 할인율이 궁금합니다. 처리 방법을 안내해주세요.,보험,할인,S007,보험료 할인 적용 문의,Y,Y,Y
VOC06925,앱 화면이 멈춥니다,재설치 후에도 동일하게 앱이 강제 종료됩니다.,앱,오류,S011,앱 실행 오류,Y,Y,Y
VOC01700,보유 포인트 사용 방법,포인트 사용 가능한 서비스와 제한 조건이 궁금합니다.,포인트,사용,S003,포인트 사용처 문의,Y,Y,Y
VOC04108,보험료 할인이 반영됐나요,안전운전 점수와 보험료 할인 적용 기준을 안내해주세요.,보험,할인,S007,보험료 할인 적용 문의,Y,Y,Y
VOC01441,적립 포인트는 어디서 쓰나요,앱에 [포인트수량] 포인트가 있는데 사용 가능한 항목을 확인하고 싶습니다.,포인트,사용,S003,포인트 사용처 문의,Y,Y,Y
VOC03224,새 비밀번호 등록 문의,비밀번호가 기억나지 않아 재설정하려고 합니다.,회원,계정관리,S005,비밀번호 재설정,Y,Y,Y
VOC01844,보유 포인트 사용 방법,현재 보유한 포인트를 어디에서 사용할 수 있는지 알려주세요.,포인트,사용,S003,포인트 사용처 문의,Y,Y,Y
VOC00329,주행 포인트 미적립 문의 앱에서 확인이 어려워 문의드립니다.,주행 조건을 충족한 것으로 보이는데 포인트가 0으로 표시됩니다.,포인트,적립,S001,주행 포인트 미적립,Y,Y,Y
VOC08893,기존 전화번호 변경 문의,번호 변경 후 로그인 인증 문자가 이전 번호로 발송됩니다.,회원,회원정보,S014,휴대전화 번호 변경,Y,Y,Y
VOC09036,회원정보의 전화번호가 다릅니다 확인 부탁드립니다.,새 번호로 본인 인증을 진행하는 방법을 알려주세요. 관련 기준도 함께 알려주세요. 필요한 확인 항목이 있다면 안내 부탁드립니다.,회원,회원정보,S014,휴대전화 번호 변경,Y,Y,Y
VOC06752,앱 화면이 멈춥니다,앱을 열면 흰 화면만 보이고 아무 기능도 사용할 수 없습니다.,앱,오류,S011,앱 실행 오류,Y,Y,Y
VOC01782,보유 포인트 사용 방법,포인트 사용 가능한 서비스와 제한 조건이 궁금합니다.,포인트,사용,S003,포인트 사용처 문의,Y,Y,Y
VOC09635,포인트 적립 기준이 궁금합니다,포인트를 받기 위한 최소 주행 조건이 확인하고 싶습니다.,포인트,적립기준,S015,포인트 적립 기준 문의,Y,Y,Y
VOC08443,계약정보가 다르게 표시됩니다 확인 부탁드립니다.,보험 계약 정보 중 일부 항목이 잘못되어 수정 요청드립니다. 필요한 확인 항목이 있다면 안내 부탁드립니다.,보험,계약정보,S013,계약정보 불일치,Y,Y,Y
VOC04147,보험료 할인 혜택이 궁금합니다,현재 운전점수 기준으로 받을 수 있는 보험료 할인율이 궁금합니다.,보험,할인,S007,보험료 할인 적용 문의,Y,Y,Y
VOC08177,계약 차량 정보 불일치 빠른 확인 요청드립니다.,갱신한 계약이 앱에서 이전 계약으로 보입니다.,보험,계약정보,S013,계약정보 불일치,Y,Y,Y
VOC01075,운전 후 포인트 반영 시간 문의 확인 부탁드립니다.,"포인트가 바로 들어오는지, 일정 시간이 필요한지 문의드립니다. 빠른 확인 요청드립니다.",포인트,적립,S002,주행 포인트 적립 지연,Y,Y,Y
VOC08992,휴대전화 번호를 변경하고 싶습니다,새 번호로 본인 인증을 진행하는 방법을 확인 부탁드립니다. 앱에서 확인이 어려워 문의드립니다.,회원,회원정보,S014,휴대전화 번호 변경,Y,Y,Y
VOC01228,포인트 적립 처리 중 문의,방금 운전한 기록은 보이는데 포인트는 처리 중으로 표시됩니다.,포인트,적립,S002,주행 포인트 적립 지연,Y,Y,Y
VOC06693,앱 실행 중 오류가 발생합니다,재설치 후에도 동일하게 앱이 강제 종료됩니다.,앱,오류,S011,앱 실행 오류,Y,Y,Y
VOC07364,사건번호 처리 상태 확인,제출한 서류가 정상적으로 접수됐는지 알고 싶습니다. 빠른 확인 요청드립니다.,사고,처리현황,S012,사고 처리 진행 문의,Y,Y,Y
VOC09562,어떤 주행이 포인트 대상인가요,주행거리와 운전점수에 따라 포인트가 어떻게 산정되는지 알고 싶습니다.,포인트,적립기준,S015,포인트 적립 기준 문의,Y,Y,Y
VOC05236,앱 차량정보 수정 문의,기존 차량을 삭제하고 새 차량을 등록하는 방법을 알려주세요. 앱에서 확인이 어려워 문의드립니다.,차량,차량정보,S008,차량정보 변경,Y,Y,Y
VOC05158,앱 차량정보 수정 문의 빠른 확인 요청드립니다.,보험 계약 차량은 변경됐는데 앱에는 이전 차량이 표시됩니다.,차량,차량정보,S008,차량정보 변경,Y,Y,Y
VOC00595,주행 후 포인트가 없습니다,운전 기록은 정상적으로 보이지만 포인트가 들어오지 않았습니다. 앱을 다시 실행해도 같은 상태입니다.,포인트,적립,S001,주행 포인트 미적립,Y,Y,Y
VOC09007,휴대전화 번호를 변경하고 싶습니다,등록된 연락처가 실제 사용하는 번호와 달라 수정 요청드립니다.,회원,회원정보,S014,휴대전화 번호 변경,Y,Y,Y
VOC00780,포인트 반영이 늦어지고 있습니다,[주행종료시간]에 주행을 종료했습니다. 포인트 반영 예정 시간을 알고 싶습니다.,포인트,적립,S002,주행 포인트 적립 지연,Y,Y,Y
VOC07241,업데이트 후 앱이 열리지 않아요 확인 부탁드립니다.,업데이트 이후 첫 화면에서 멈추고 다음으로 넘어가지 않습니다. 확인 부탁드립니다.,앱,오류,S011,앱 실행 오류,Y,Y,Y
VOC06464,포인트 차감 내역이 이상합니다 관련 기준도 함께 알려주세요.,어제 확인한 잔액과 오늘 잔액이 달라서 문의드립니다.,포인트,차감,S010,포인트 오차감,Y,Y,Y
VOC04967,차량을 변경했습니다,기존 차량을 삭제하고 새 차량을 등록하는 방법을 알려주세요.,차량,차량정보,S008,차량정보 변경,Y,Y,Y
VOC05288,앱 차량정보 수정 문의,기존 차량 [차량번호]에서 새 차량 [새차량번호]로 변경했습니다. 필요한 확인 항목이 있다면 안내 부탁드립니다.,차량,차량정보,S008,차량정보 변경,Y,Y,Y
VOC09099,새 번호로 인증받고 싶어요,등록된 연락처가 실제 사용하는 번호와 달라 수정 요청드립니다. 확인 부탁드립니다.,회원,회원정보,S014,휴대전화 번호 변경,Y,Y,Y
VOC06553,잘못 차감된 포인트 문의,포인트 내역에 알 수 없는 차감 기록이 있습니다.,포인트,차감,S010,포인트 오차감,Y,Y,Y
VOC00928,포인트 적립 처리 중 문의,방금 운전한 기록은 보이는데 포인트는 처리 중으로 표시됩니다.,포인트,적립,S002,주행 포인트 적립 지연,Y,Y,Y
VOC08790,휴대전화 번호를 변경하고 싶습니다 처리 방법을 안내해주세요.,기존 번호 [기존전화번호]에서 새 번호 [변경전화번호]로 변경하고 싶습니다. 빠른 확인 요청드립니다.,회원,회원정보,S014,휴대전화 번호 변경,Y,Y,Y
VOC00221,포인트가 누락된 것 같습니다,지난 주행 건에 대한 포인트를 받지 못했습니다. 확인 부탁드립니다.,포인트,적립,S001,주행 포인트 미적립,Y,Y,Y
VOC06707,앱 화면이 멈춥니다,앱을 실행하면 [에러코드] 오류가 표시되고 바로 종료됩니다. 동일 현상이 반복되고 있습니다.,앱,오류,S011,앱 실행 오류,Y,Y,Y
VOC05340,더 이상 서비스를 이용하지 않습니다 확인 부탁드립니다.,계정과 저장된 개인정보를 삭제하는 절차를 확인 부탁드립니다. 처리 방법을 안내해주세요.,회원,계정관리,S009,회원 탈퇴,Y,Y,Y
VOC06186,포인트가 갑자기 줄었습니다,어제 확인한 잔액과 오늘 잔액이 달라서 문의합니다. 확인 부탁드립니다.,포인트,차감,S010,포인트 오차감,Y,Y,Y
VOC06643,포인트 차감 내역이 이상합니다,사용한 적이 없는데 [포인트수량] 포인트가 차감된 것으로 표시됩니다.,포인트,차감,S010,포인트 오차감,Y,Y,Y
VOC03776,앱에서 운전 기록 확인 불가 처리 방법을 안내해주세요.,운전을 완료했지만 최근 주행 목록에 추가되지 않았습니다.,주행,주행기록,S006,주행기록 미반영,Y,Y,Y
VOC00078,포인트가 누락된 것 같습니다,[출발지]-[도착지] 구간을 운전했는데 적립 내역이 확인되지 않습니다. 관련 기준도 함께 알려주세요.,포인트,적립,S001,주행 포인트 미적립,Y,Y,Y
VOC03528,운전한 내역이 앱에 없습니다 앱에서 확인이 어려워 문의드립니다.,차량은 정상적으로 운행했는데 주행 데이터가 수집되지 않은 것 같습니다.,주행,주행기록,S006,주행기록 미반영,Y,Y,Y
VOC06475,포인트 잔액 오류,포인트 내역에 알 수 없는 차감 기록이 있습니다. 앱에서 확인이 어려워 문의드립니다.,포인트,차감,S010,포인트 오차감,Y,Y,Y
VOC01063,포인트 반영이 늦어지고 있습니다 앱에서 확인이 어려워 문의드립니다.,주행 후 몇 시간이 지났는데 아직 적립 대기 상태입니다.,포인트,적립,S002,주행 포인트 적립 지연,Y,Y,Y
VOC06043,포인트 잔액 오류,사용한 적이 없는데 [금액] 포인트가 차감된 것으로 표시됩니다.,포인트,차감,S010,포인트 오차감,Y,Y,Y
VOC02563,아이디 입력 후 접속 오류,아이디와 비밀번호를 입력해도 로그인 오류가 발생합니다.,회원,로그인,S004,로그인 오류,Y,Y,Y
VOC08109,계약정보가 다르게 표시됩니다,앱에 표시된 계약자명이 [계약자명]으로 되어 있는데 실제 정보와 다릅니다. 확인 부탁드립니다.,보험,계약정보,S013,계약정보 불일치,Y,Y,Y
VOC04124,보험료 할인 혜택이 궁금합니다,앱에는 할인 대상이라고 나오는데 실제 보험료에 적용됐는지 알고 싶습니다. 앱을 다시 실행해도 같은 상태입니다.,보험,할인,S007,보험료 할인 적용 문의,Y,Y,Y
VOC04728,등록 차량 변경 요청,차량번호 변경 후 주행 서비스 연결 방법을 문의드립니다. 관련 기준도 함께 알려주세요.,차량,차량정보,S008,차량정보 변경,Y,Y,Y
VOC06409,잘못 차감된 포인트 문의,결제를 취소했는데 차감된 포인트가 복구되지 않았습니다. 앱에서 확인이 어려워 문의드립니다.,포인트,차감,S010,포인트 오차감,Y,Y,Y
VOC09891,운전점수와 포인트 관계,포인트 지급 대상과 제외 조건을 자세히 안내해주세요. 확인 부탁드립니다.,포인트,적립기준,S015,포인트 적립 기준 문의,Y,Y,Y
VOC03802,운전한 내역이 앱에 없습니다,주행 종료 후에도 거리와 시간이 0으로 표시됩니다.,주행,주행기록,S006,주행기록 미반영,Y,Y,Y
VOC01468,포인트를 사용할 수 있는 곳 관련 기준도 함께 알려주세요.,현재 보유한 포인트를 어디에서 사용할 수 있는지 확인 부탁드립니다.,포인트,사용,S003,포인트 사용처 문의,Y,Y,Y
VOC00702,운전 후 포인트 반영 시간 문의,오늘 주행을 마쳤는데 포인트가 아직 반영되지 않았습니다. 보통 얼마나 걸리나요?,포인트,적립,S002,주행 포인트 적립 지연,Y,Y,Y
VOC09510,어떤 주행이 포인트 대상인가요,주행거리와 운전점수에 따라 포인트가 어떻게 산정되는지 알고 싶습니다. 빠른 확인 요청드립니다.,포인트,적립기준,S015,포인트 적립 기준 문의,Y,Y,Y
VOC06343,잘못 차감된 포인트 문의,사용한 적이 없는데 [포인트수량] 포인트가 차감된 것으로 표시됩니다. 현재 화면에서 직접 수정할 수 없습니다.,포인트,차감,S010,포인트 오차감,Y,Y,Y
VOC09984,어떤 주행이 포인트 대상인가요,짧은 거리 주행도 포인트 적립 대상인지 문의합니다. 필요한 확인 항목이 있다면 안내 부탁드립니다.,포인트,적립기준,S015,포인트 적립 기준 문의,Y,Y,Y
VOC06645,사용하지 않은 포인트가 차감됐어요,포인트 사용 이력과 실제 잔액이 맞지 않습니다.,포인트,차감,S010,포인트 오차감,Y,Y,Y
VOC00338,주행 포인트가 적립되지 않았습니다,주행 조건을 충족한 것으로 보이는데 포인트가 0으로 표시됩니다. 처리 방법을 안내해주세요.,포인트,적립,S001,주행 포인트 미적립,Y,Y,Y
VOC01929,보유 포인트 사용 방법,보험료 결제 외에도 포인트를 사용할 수 있는 곳이 있나요? 빠른 확인 요청드립니다.,포인트,사용,S003,포인트 사용처 문의,Y,Y,Y
VOC00493,주행 포인트가 적립되지 않았습니다,운전 기록은 정상적으로 보이지만 포인트가 들어오지 않았습니다. 이전에 정상적으로 이용한 적이 있습니다.,포인트,적립,S001,주행 포인트 미적립,Y,Y,Y
VOC00678,운전 후 포인트 반영 시간 문의,오늘 주행을 마쳤는데 포인트가 아직 반영되지 않았습니다. 보통 얼마나 걸리나요?,포인트,적립,S002,주행 포인트 적립 지연,Y,Y,Y
VOC01445,보유 포인트 사용 방법,보험료 결제 외에도 포인트를 사용할 수 있는 곳이 있나요?,포인트,사용,S003,포인트 사용처 문의,Y,Y,Y
VOC03810,주행 데이터가 반영되지 않았어요 처리 방법을 안내해주세요.,운전을 완료했지만 최근 주행 목록에 추가되지 않았습니다.,주행,주행기록,S006,주행기록 미반영,Y,Y,Y
VOC08718,새 번호로 인증받고 싶어요,휴대전화 번호를 바꿨는데 앱 회원정보에는 이전 번호가 표시됩니다.,회원,회원정보,S014,휴대전화 번호 변경,Y,Y,Y
VOC06007,잘못 차감된 포인트 문의,어제 확인한 잔액과 오늘 잔액이 달라서 확인 요청드립니다.,포인트,차감,S010,포인트 오차감,Y,Y,Y
VOC04866,등록 차량 변경 요청,보험 계약 차량은 변경됐는데 앱에는 이전 차량이 표시됩니다. 관련 기준도 함께 알려주세요. 현재 화면에서 직접 수정할 수 없습니다.,차량,차량정보,S008,차량정보 변경,Y,Y,Y
VOC02454,계속 로그인에 실패합니다 빠른 확인 요청드립니다.,로그인 버튼을 눌러도 화면이 그대로입니다.,회원,로그인,S004,로그인 오류,Y,Y,Y
VOC02166,아이디 입력 후 접속 오류,[오류코드] 메시지가 표시되면서 앱에 접속할 수 없습니다.,회원,로그인,S004,로그인 오류,Y,Y,Y
VOC04993,차량을 변경했습니다,기존 차량 [차량번호]에서 새 차량 [변경차량번호]로 변경했습니다. 앱에서 확인이 어려워 문의드립니다.,차량,차량정보,S008,차량정보 변경,Y,Y,Y
VOC01421,포인트 사용 가능 서비스 문의 빠른 확인 요청드립니다.,보험료 결제 외에도 포인트를 사용할 수 있는 곳이 있나요?,포인트,사용,S003,포인트 사용처 문의,Y,Y,Y
VOC00829,포인트가 아직 처리되지 않았어요 확인 부탁드립니다.,오늘 주행을 마쳤는데 포인트가 아직 반영되지 않았습니다. 보통 얼마나 걸리나요?,포인트,적립,S002,주행 포인트 적립 지연,Y,Y,Y
VOC01057,운전 후 포인트 반영 시간 문의,[시간]에 주행을 종료했습니다. 포인트 반영 예정 시간을 알고 싶습니다.,포인트,적립,S002,주행 포인트 적립 지연,Y,Y,Y
VOC04516,계약 할인 적용 상태 문의 관련 기준도 함께 알려주세요.,갱신 계약에 주행분석 할인 혜택이 반영되는지 문의드립니다. 현재 화면에서 직접 수정할 수 없습니다.,보험,할인,S007,보험료 할인 적용 문의,Y,Y,Y
VOC09090,회원정보의 전화번호가 다릅니다,번호 변경 후 로그인 인증 문자가 이전 번호로 발송됩니다.,회원,회원정보,S014,휴대전화 번호 변경,Y,Y,Y
VOC02795,비밀번호가 기억나지 않아요 앱에서 확인이 어려워 문의드립니다.,비밀번호가 기억나지 않아 재설정하려고 합니다.,회원,계정관리,S005,비밀번호 재설정,Y,Y,Y
VOC03806,주행기록이 보이지 않습니다,[날짜]에 [출발지]에서 [도착지]까지 구간을 운전했는데 앱에서 기록이 보이지 않습니다.,주행,주행기록,S006,주행기록 미반영,Y,Y,Y
VOC08635,계약 차량 정보 불일치,보험 계약 정보 중 일부 항목이 잘못되어 수정 요청드립니다.,보험,계약정보,S013,계약정보 불일치,Y,Y,Y
VOC03252,비밀번호를 재설정하고 싶습니다,비밀번호가 기억나지 않아 재설정하려고 합니다.,회원,계정관리,S005,비밀번호 재설정,Y,Y,Y
VOC02583,아이디 입력 후 접속 오류 빠른 확인 요청드립니다.,로그인 버튼을 눌러도 화면이 그대로입니다. 빠른 확인 요청드립니다. 이전에 정상적으로 이용한 적이 있습니다.,회원,로그인,S004,로그인 오류,Y,Y,Y
VOC02459,앱 로그인이 되지 않습니다,기존에 사용하던 계정으로 접속되지 않아 문의드립니다. 앱에서 확인이 어려워 문의드립니다.,회원,로그인,S004,로그인 오류,Y,Y,Y
VOC08780,새 번호로 인증받고 싶어요,번호 변경 후 로그인 인증 문자가 이전 번호로 발송됩니다. 확인 부탁드립니다.,회원,회원정보,S014,휴대전화 번호 변경,Y,Y,Y
VOC00445,운전했는데 포인트가 안 들어왔어요,지난 주행 건에 대한 포인트를 받지 못했습니다. 확인 부탁드립니다. 앱에서 확인이 어려워 문의드립니다.,포인트,적립,S001,주행 포인트 미적립,Y,Y,Y
VOC05154,앱 차량정보 수정 문의,기존 차량을 삭제하고 새 차량을 등록하는 방법을 알려주세요. 현재 화면에서 직접 수정할 수 없습니다.,차량,차량정보,S008,차량정보 변경,Y,Y,Y
VOC09300,기존 전화번호 변경 문의,휴대전화 번호를 바꿨는데 앱 회원정보에는 이전 번호가 표시됩니다. 필요한 확인 항목이 있다면 안내 부탁드립니다.,회원,회원정보,S014,휴대전화 번호 변경,Y,Y,Y
VOC08913,새 번호로 인증받고 싶어요,기존 번호 [기존전화번호]에서 새 번호 [새전화번호]로 변경하고 싶습니다.,회원,회원정보,S014,휴대전화 번호 변경,Y,Y,Y
VOC02738,비밀번호 찾기 인증 오류,비밀번호 찾기 과정에서 [기존전화번호]로 인증번호가 오지 않습니다. 이전에 정상적으로 이용한 적이 있습니다.,회원,계정관리,S005,비밀번호 재설정,Y,Y,Y
VOC06901,앱이 계속 종료됩니다,앱을 열면 흰 화면만 보이고 아무 기능도 사용할 수 없습니다. 앱에서 확인이 어려워 문의드립니다.,앱,오류,S011,앱 실행 오류,Y,Y,Y
VOC07555,접수한 사고는 어떻게 진행되고 있나요,제출한 서류가 정상적으로 접수됐는지 알고 싶습니다.,사고,처리현황,S012,사고 처리 진행 문의,Y,Y,Y
VOC00188,주행 포인트 미적립 문의,주행 조건을 충족한 것으로 보이는데 포인트가 0으로 표시됩니다. 관련 기준도 함께 알려주세요.,포인트,적립,S001,주행 포인트 미적립,Y,Y,Y
VOC09707,주행 포인트 산정 방법 문의,짧은 거리 주행도 포인트 적립 대상인지 문의드립니다.,포인트,적립기준,S015,포인트 적립 기준 문의,Y,Y,Y
VOC03155,새 비밀번호 등록 문의,비밀번호 찾기 과정에서 [기존전화번호]로 인증번호가 오지 않습니다.,회원,계정관리,S005,비밀번호 재설정,Y,Y,Y
VOC00714,포인트 반영이 늦어지고 있습니다,주행 후 몇 시간이 지났는데 아직 적립 대기 상태입니다.,포인트,적립,S002,주행 포인트 적립 지연,Y,Y,Y
VOC09096,기존 전화번호 변경 문의,휴대전화 번호를 바꿨는데 앱 회원정보에는 이전 번호가 표시됩니다. 앱에서 확인이 어려워 문의드립니다. 이전에 정상적으로 이용한 적이 있습니다.,회원,회원정보,S014,휴대전화 번호 변경,Y,Y,Y
VOC08512,증권 정보 수정 문의,갱신한 계약이 앱에서 이전 계약으로 보입니다.,보험,계약정보,S013,계약정보 불일치,Y,Y,Y
VOC03399,운전한 내역이 앱에 없습니다 빠른 확인 요청드립니다.,주행 종료 후에도 거리와 시간이 0으로 표시됩니다.,주행,주행기록,S006,주행기록 미반영,Y,Y,Y
VOC01890,포인트 사용처가 궁금합니다,보험료 결제 외에도 포인트를 사용할 수 있는 곳이 있나요?,포인트,사용,S003,포인트 사용처 문의,Y,Y,Y
VOC00332,주행 포인트가 적립되지 않았습니다,지난 주행 건에 대한 포인트를 받지 못했습니다. 확인 부탁드립니다.,포인트,적립,S001,주행 포인트 미적립,Y,Y,Y
VOC04976,기존 차량 삭제 후 신규 등록,보험 계약 차량은 변경됐는데 앱에는 이전 차량이 표시됩니다.,차량,차량정보,S008,차량정보 변경,Y,Y,Y
VOC04178,보험료 할인 혜택이 궁금합니다,앱에는 할인 대상이라고 나오는데 실제 보험료에 적용됐는지 알고 싶습니다.,보험,할인,S007,보험료 할인 적용 문의,Y,Y,Y
VOC06367,잘못 차감된 포인트 문의,결제를 취소했는데 차감된 포인트가 복구되지 않았습니다. 빠른 확인 요청드립니다. 이전에 정상적으로 이용한 적이 있습니다.,포인트,차감,S010,포인트 오차감,Y,Y,Y
VOC07588,접수한 사고는 어떻게 진행되고 있나요 확인 부탁드립니다.,보상 심사가 어느 단계까지 진행됐는지 확인 부탁드립니다. 확인 부탁드립니다.,사고,처리현황,S012,사고 처리 진행 문의,Y,Y,Y
VOC01495,포인트 사용 가능 서비스 문의,앱에 [차감금액] 포인트가 있는데 사용 가능한 항목을 확인하고 싶습니다.,포인트,사용,S003,포인트 사용처 문의,Y,Y,Y
VOC05998,가입 정보 삭제 요청 확인 부탁드립니다.,더 이상 서비스를 이용하지 않아 회원 탈퇴를 진행하고 싶습니다.,회원,계정관리,S009,회원 탈퇴,Y,Y,Y
VOC03722,앱에서 운전 기록 확인 불가 확인 부탁드립니다.,주행 종료 후에도 거리와 시간이 0으로 표시됩니다. 필요한 확인 항목이 있다면 안내 부탁드립니다.,주행,주행기록,S006,주행기록 미반영,Y,Y,Y
VOC01010,포인트 반영이 늦어지고 있습니다,"포인트가 바로 들어오는지, 일정 시간이 필요한지 문의드립니다. 현재 화면에서 직접 수정할 수 없습니다.",포인트,적립,S002,주행 포인트 적립 지연,Y,Y,Y
VOC03533,최근 주행기록 누락 문의 빠른 확인 요청드립니다.,주행 종료 후에도 거리와 시간이 0으로 표시됩니다. 앱에서 확인이 어려워 문의드립니다.,주행,주행기록,S006,주행기록 미반영,Y,Y,Y
VOC07299,업데이트 후 앱이 열리지 않아요,재설치 후에도 동일하게 앱이 강제 종료됩니다.,앱,오류,S011,앱 실행 오류,Y,Y,Y
VOC05121,기존 차량 삭제 후 신규 등록,기존 차량을 삭제하고 새 차량을 등록하는 방법을 안내 부탁드립니다.,차량,차량정보,S008,차량정보 변경,Y,Y,Y
VOC06435,포인트 잔액 오류 관련 기준도 함께 알려주세요.,결제를 취소했는데 차감된 포인트가 복구되지 않았습니다.,포인트,차감,S010,포인트 오차감,Y,Y,Y
VOC01036,주행 포인트는 언제 들어오나요 빠른 확인 요청드립니다.,[시간]에 주행을 종료했습니다. 포인트 반영 예정 시간을 알고 싶습니다. 처리 방법을 안내해주세요.,포인트,적립,S002,주행 포인트 적립 지연,Y,Y,Y
VOC06171,사용하지 않은 포인트가 차감됐어요,어제 확인한 잔액과 오늘 잔액이 달라서 문의드립니다. 빠른 확인 요청드립니다.,포인트,차감,S010,포인트 오차감,Y,Y,Y
VOC09621,포인트 지급 조건 안내 요청,짧은 거리 주행도 포인트 적립 대상인지 문의드립니다. 앱에서 확인이 어려워 문의드립니다.,포인트,적립기준,S015,포인트 적립 기준 문의,Y,Y,Y
VOC06282,사용하지 않은 포인트가 차감됐어요,포인트 사용 이력과 실제 잔액이 맞지 않습니다.,포인트,차감,S010,포인트 오차감,Y,Y,Y
VOC08877,등록 연락처 수정 요청 앱에서 확인이 어려워 문의드립니다.,번호 변경 후 로그인 인증 문자가 이전 번호로 발송됩니다.,회원,회원정보,S014,휴대전화 번호 변경,Y,Y,Y
VOC09983,포인트 지급 조건 안내 요청 앱에서 확인이 어려워 문의드립니다.,급가속이나 급감속 기록이 포인트 적립에 영향을 주나요? 빠른 확인 요청드립니다.,포인트,적립기준,S015,포인트 적립 기준 문의,Y,Y,Y
VOC07775,사건번호 처리 상태 확인,제출한 서류가 정상적으로 접수됐는지 알고 싶습니다. 빠른 확인 요청드립니다. 현재 화면에서 직접 수정할 수 없습니다.,사고,처리현황,S012,사고 처리 진행 문의,Y,Y,Y
VOC08840,기존 전화번호 변경 문의,새 번호로 본인 인증을 진행하는 방법을 알려주세요.,회원,회원정보,S014,휴대전화 번호 변경,Y,Y,Y
VOC04519,계약 할인 적용 상태 문의,갱신 계약에 주행분석 할인 혜택이 반영되는지 문의드립니다. 확인 부탁드립니다.,보험,할인,S007,보험료 할인 적용 문의,Y,Y,Y
VOC02672,비밀번호 찾기 인증 오류,비밀번호가 기억나지 않아 재설정하려고 합니다.,회원,계정관리,S005,비밀번호 재설정,Y,Y,Y
VOC05325,등록 차량 변경 요청 확인 부탁드립니다.,차량번호 변경 후 주행 서비스 연결 방법을 문의드립니다. 관련 기준도 함께 알려주세요. 동일 현상이 반복되고 있습니다.,차량,차량정보,S008,차량정보 변경,Y,Y,Y
VOC05090,차량을 변경했습니다,기존 차량을 삭제하고 새 차량을 등록하는 방법을 알려주세요.,차량,차량정보,S008,차량정보 변경,Y,Y,Y
VOC02289,아이디 입력 후 접속 오류,아이디와 비밀번호를 입력해도 로그인 오류가 발생합니다.,회원,로그인,S004,로그인 오류,Y,Y,Y
VOC00990,주행 포인트는 언제 들어오나요,오늘 주행을 마쳤는데 포인트가 아직 반영되지 않았습니다. 보통 얼마나 걸리나요? 현재 화면에서 직접 수정할 수 없습니다.,포인트,적립,S002,주행 포인트 적립 지연,Y,Y,Y
VOC09346,어떤 주행이 포인트 대상인가요,포인트 지급 대상과 제외 조건을 자세히 안내해주세요.,포인트,적립기준,S015,포인트 적립 기준 문의,Y,Y,Y
VOC08194,계약 차량 정보 불일치,증권번호 [계약번호]의 차량정보가 현재 차량과 일치하지 않습니다.,보험,계약정보,S013,계약정보 불일치,Y,Y,Y
VOC08199,보험 계약자 정보 오류,보험 계약 정보 중 일부 항목이 잘못되어 수정 요청드립니다. 앱에서 확인이 어려워 문의드립니다.,보험,계약정보,S013,계약정보 불일치,Y,Y,Y
VOC03508,운전한 내역이 앱에 없습니다,차량은 정상적으로 운행했는데 주행 데이터가 수집되지 않은 것 같습니다. 앱을 다시 실행해도 같은 상태입니다.,주행,주행기록,S006,주행기록 미반영,Y,Y,Y
VOC00745,포인트 반영이 늦어지고 있습니다,오늘 주행을 마쳤는데 포인트가 아직 반영되지 않았습니다. 보통 얼마나 걸리나요?,포인트,적립,S002,주행 포인트 적립 지연,Y,Y,Y
VOC02286,계정 접속이 불가능합니다 빠른 확인 요청드립니다.,여러 번 시도했지만 인증 후 다시 로그인 화면으로 돌아옵니다.,회원,로그인,S004,로그인 오류,Y,Y,Y
VOC09680,운전점수와 포인트 관계,포인트 지급 대상과 제외 조건을 자세히 안내해주세요.,포인트,적립기준,S015,포인트 적립 기준 문의,Y,Y,Y
VOC04682,등록 차량 변경 요청 확인 부탁드립니다.,차량번호 변경 후 주행 서비스 연결 방법을 문의드립니다.,차량,차량정보,S008,차량정보 변경,Y,Y,Y
VOC07330,앱 화면이 멈춥니다 빠른 확인 요청드립니다.,업데이트 이후 첫 화면에서 멈추고 다음으로 넘어가지 않습니다. 처리 방법을 안내해주세요.,앱,오류,S011,앱 실행 오류,Y,Y,Y
VOC08057,보험 계약자 정보 오류 확인 부탁드립니다.,앱에 표시된 계약자명이 [계약자명]으로 되어 있는데 실제 정보와 다릅니다.,보험,계약정보,S013,계약정보 불일치,Y,Y,Y
VOC02567,로그인 화면에서 넘어가지 않아요,기존에 사용하던 계정으로 접속되지 않아 문의드립니다.,회원,로그인,S004,로그인 오류,Y,Y,Y
VOC01476,포인트 사용처가 궁금합니다,현재 보유한 포인트를 어디에서 사용할 수 있는지 확인 부탁드립니다.,포인트,사용,S003,포인트 사용처 문의,Y,Y,Y
VOC04019,계약 할인 적용 상태 문의,앱에는 할인 대상이라고 나오는데 실제 보험료에 적용됐는지 알고 싶습니다. 동일 현상이 반복되고 있습니다.,보험,할인,S007,보험료 할인 적용 문의,Y,Y,Y
VOC06060,포인트 차감 내역이 이상합니다 처리 방법을 안내해주세요.,어제 확인한 잔액과 오늘 잔액이 달라서 문의드립니다.,포인트,차감,S010,포인트 오차감,Y,Y,Y
VOC03661,앱에서 운전 기록 확인 불가 관련 기준도 함께 알려주세요.,주행 종료 후에도 거리와 시간이 0으로 표시됩니다.,주행,주행기록,S006,주행기록 미반영,Y,Y,Y
VOC07342,접수한 사고는 어떻게 진행되고 있나요,보상 심사가 어느 단계까지 진행됐는지 확인 부탁드립니다. 앱에서 확인이 어려워 문의드립니다.,사고,처리현황,S012,사고 처리 진행 문의,Y,Y,Y
VOC01509,포인트 사용 가능 서비스 문의 처리 방법을 안내해주세요.,포인트 사용 가능한 서비스와 제한 조건이 궁금합니다. 관련 기준도 함께 알려주세요.,포인트,사용,S003,포인트 사용처 문의,Y,Y,Y
VOC04136,안전운전 할인 적용 여부 문의 앱에서 확인이 어려워 문의드립니다.,갱신 계약에 주행분석 할인 혜택이 반영되는지 문의드립니다. 빠른 확인 요청드립니다.,보험,할인,S007,보험료 할인 적용 문의,Y,Y,Y
VOC01579,포인트 사용처가 궁금합니다 확인 부탁드립니다.,적립된 포인트의 사용처와 사용 절차를 안내 부탁드립니다.,포인트,사용,S003,포인트 사용처 문의,Y,Y,Y
VOC01081,주행 포인트는 언제 들어오나요,[주행종료시간]에 주행을 종료했습니다. 포인트 반영 예정 시간을 알고 싶습니다.,포인트,적립,S002,주행 포인트 적립 지연,Y,Y,Y
VOC01429,적립 포인트는 어디서 쓰나요,현재 보유한 포인트를 어디에서 사용할 수 있는지 알려주세요.,포인트,사용,S003,포인트 사용처 문의,Y,Y,Y
VOC05492,회원 탈퇴를 요청합니다,본인 인증 후 탈퇴가 완료되지 않아 확인 부탁드립니다.,회원,계정관리,S009,회원 탈퇴,Y,Y,Y
VOC02773,새 비밀번호 등록 문의,본인 인증 후 비밀번호 재설정 화면으로 이동하지 않습니다. 앱에서 확인이 어려워 문의드립니다.,회원,계정관리,S005,비밀번호 재설정,Y,Y,Y
VOC05859,회원 탈퇴를 요청합니다,본인 인증 후 탈퇴가 완료되지 않아 확인 부탁드립니다.,회원,계정관리,S009,회원 탈퇴,Y,Y,Y
VOC01704,포인트 사용 가능 서비스 문의 앱에서 확인이 어려워 문의드립니다.,앱에 [포인트수량] 포인트가 있는데 사용 가능한 항목을 확인하고 싶습니다.,포인트,사용,S003,포인트 사용처 문의,Y,Y,Y
VOC09862,주행 포인트 산정 방법 문의,주행거리와 운전점수에 따라 포인트가 어떻게 산정되는지 알고 싶습니다.,포인트,적립기준,S015,포인트 적립 기준 문의,Y,Y,Y
VOC02625,계정 접속이 불가능합니다 빠른 확인 요청드립니다.,여러 번 시도했지만 인증 후 다시 로그인 화면으로 돌아옵니다.,회원,로그인,S004,로그인 오류,Y,Y,Y
VOC01488,포인트 사용 가능 서비스 문의,적립된 포인트의 사용처와 사용 절차를 안내 부탁드립니다.,포인트,사용,S003,포인트 사용처 문의,Y,Y,Y
VOC04150,주행점수 할인 확인 요청,현재 운전점수 기준으로 받을 수 있는 보험료 할인율이 궁금합니다.,보험,할인,S007,보험료 할인 적용 문의,Y,Y,Y
VOC09281,휴대전화 번호를 변경하고 싶습니다,기존 번호 [전화번호]에서 새 번호 [새전화번호]로 변경하고 싶습니다.,회원,회원정보,S014,휴대전화 번호 변경,Y,Y,Y
VOC06800,앱이 계속 종료됩니다,앱을 실행하면 [오류코드] 오류가 표시되고 바로 종료됩니다. 앱에서 확인이 어려워 문의드립니다. 필요한 확인 항목이 있다면 안내 부탁드립니다.,앱,오류,S011,앱 실행 오류,Y,Y,Y
VOC09712,주행 포인트 산정 방법 문의,짧은 거리 주행도 포인트 적립 대상인지 문의드립니다. 앱에서 확인이 어려워 문의드립니다.,포인트,적립기준,S015,포인트 적립 기준 문의,Y,Y,Y
VOC03021,비밀번호 변경이 되지 않습니다,새 비밀번호를 입력했지만 변경이 완료되지 않습니다.,회원,계정관리,S005,비밀번호 재설정,Y,Y,Y
VOC09486,포인트 적립 기준이 안내받고 싶습니다,포인트 지급 대상과 제외 조건을 자세히 안내해주세요. 필요한 확인 항목이 있다면 안내 부탁드립니다.,포인트,적립기준,S015,포인트 적립 기준 문의,Y,Y,Y
VOC00966,운전 후 포인트 반영 시간 문의,[주행종료시간]에 주행을 종료했습니다. 포인트 반영 예정 시간을 알고 싶습니다.,포인트,적립,S002,주행 포인트 적립 지연,Y,Y,Y
VOC05511,앱 회원 탈퇴 방법 문의,앱에서 탈퇴 메뉴를 찾을 수 없어 문의드립니다.,회원,계정관리,S009,회원 탈퇴,Y,Y,Y
VOC01432,보유 포인트 사용 방법,적립된 포인트의 사용처와 사용 절차를 안내 부탁드립니다. 관련 기준도 함께 알려주세요.,포인트,사용,S003,포인트 사용처 문의,Y,Y,Y
VOC09061,회원정보의 전화번호가 다릅니다 빠른 확인 요청드립니다.,휴대전화 번호를 바꿨는데 앱 회원정보에는 이전 번호가 표시됩니다.,회원,회원정보,S014,휴대전화 번호 변경,Y,Y,Y
VOC08714,기존 전화번호 변경 문의 빠른 확인 요청드립니다.,등록된 연락처가 실제 사용하는 번호와 달라 수정 요청드립니다.,회원,회원정보,S014,휴대전화 번호 변경,Y,Y,Y
VOC02470,아이디 입력 후 접속 오류,[에러코드] 메시지가 표시되면서 앱에 접속할 수 없습니다. 확인 부탁드립니다.,회원,로그인,S004,로그인 오류,Y,Y,Y
VOC02271,계정 접속이 불가능합니다,기존에 사용하던 계정으로 접속되지 않아 문의드립니다.,회원,로그인,S004,로그인 오류,Y,Y,Y
VOC07047,앱이 계속 종료됩니다 관련 기준도 함께 알려주세요.,재설치 후에도 동일하게 앱이 강제 종료됩니다.,앱,오류,S011,앱 실행 오류,Y,Y,Y
VOC03775,운전한 내역이 앱에 없습니다,주행 종료 후에도 거리와 시간이 0으로 표시됩니다. 처리 방법을 안내해주세요. 앱을 다시 실행해도 같은 상태입니다.,주행,주행기록,S006,주행기록 미반영,Y,Y,Y
VOC05741,더 이상 서비스를 이용하지 않습니다,계정과 저장된 개인정보를 삭제하는 절차를 확인 부탁드립니다.,회원,계정관리,S009,회원 탈퇴,Y,Y,Y
VOC03746,앱에서 운전 기록 확인 불가,주행 종료 후에도 거리와 시간이 0으로 표시됩니다.,주행,주행기록,S006,주행기록 미반영,Y,Y,Y
VOC07001,앱이 계속 종료됩니다 앱에서 확인이 어려워 문의드립니다.,앱을 실행하면 [에러코드] 오류가 표시되고 바로 종료됩니다. 처리 방법을 안내해주세요.,앱,오류,S011,앱 실행 오류,Y,Y,Y
VOC09639,주행 포인트 산정 방법 문의,급가속이나 급감속 기록이 포인트 적립에 영향을 주나요?,포인트,적립기준,S015,포인트 적립 기준 문의,Y,Y,Y
VOC02447,로그인 화면에서 넘어가지 않아요,[오류코드] 메시지가 표시되면서 앱에 접속할 수 없습니다. 동일 현상이 반복되고 있습니다.,회원,로그인,S004,로그인 오류,Y,Y,Y
VOC01142,포인트가 아직 처리되지 않았어요,오늘 주행을 마쳤는데 포인트가 아직 반영되지 않았습니다. 보통 얼마나 걸리나요? 이전에 정상적으로 이용한 적이 있습니다.,포인트,적립,S002,주행 포인트 적립 지연,Y,Y,Y
VOC05517,더 이상 서비스를 이용하지 않습니다,앱에서 탈퇴 메뉴를 찾을 수 없어 확인 요청드립니다.,회원,계정관리,S009,회원 탈퇴,Y,Y,Y
VOC07488,접수한 사고는 어떻게 진행되고 있나요,보상 심사가 어느 단계까지 진행됐는지 확인 부탁드립니다.,사고,처리현황,S012,사고 처리 진행 문의,Y,Y,Y
VOC08792,기존 전화번호 변경 문의,등록된 연락처가 실제 사용하는 번호와 달라 수정 요청드립니다.,회원,회원정보,S014,휴대전화 번호 변경,Y,Y,Y
VOC00298,주행 후 포인트가 없습니다,지난 주행 건에 대한 포인트를 받지 못했습니다. 확인 부탁드립니다.,포인트,적립,S001,주행 포인트 미적립,Y,Y,Y
VOC03737,앱에서 운전 기록 확인 불가,해당 시간대의 운전 내역이 누락되어 확인 요청드립니다. 관련 기준도 함께 알려주세요.,주행,주행기록,S006,주행기록 미반영,Y,Y,Y
VOC04059,보험료 할인 혜택이 안내받고 싶습니다,앱에는 할인 대상이라고 나오는데 실제 보험료에 적용됐는지 알고 싶습니다.,보험,할인,S007,보험료 할인 적용 문의,Y,Y,Y
VOC04611,계약 할인 적용 상태 문의,앱에는 할인 대상이라고 나오는데 실제 보험료에 적용됐는지 알고 싶습니다.,보험,할인,S007,보험료 할인 적용 문의,Y,Y,Y
VOC00485,포인트가 누락된 것 같습니다 처리 방법을 안내해주세요.,[출발지]에서 [도착지]까지 구간을 운전했는데 적립 내역이 확인되지 않습니다.,포인트,적립,S001,주행 포인트 미적립,Y,Y,Y
VOC02228,계정 접속이 불가능합니다,기존에 사용하던 계정으로 접속되지 않아 확인 요청드립니다. 앱에서 확인이 어려워 문의드립니다.,회원,로그인,S004,로그인 오류,Y,Y,Y
VOC02468,계속 로그인에 실패합니다,여러 번 시도했지만 인증 후 다시 로그인 화면으로 돌아옵니다. 빠른 확인 요청드립니다. 현재 화면에서 직접 수정할 수 없습니다.,회원,로그인,S004,로그인 오류,Y,Y,Y
VOC09500,어떤 주행이 포인트 대상인가요,포인트 지급 대상과 제외 조건을 자세히 안내해주세요.,포인트,적립기준,S015,포인트 적립 기준 문의,Y,Y,Y
VOC06306,사용하지 않은 포인트가 차감됐어요,사용한 적이 없는데 [차감금액] 포인트가 차감된 것으로 표시됩니다. 관련 기준도 함께 알려주세요.,포인트,차감,S010,포인트 오차감,Y,Y,Y
VOC08514,계약정보가 다르게 표시됩니다 확인 부탁드립니다.,갱신한 계약이 앱에서 이전 계약으로 보입니다. 확인 부탁드립니다.,보험,계약정보,S013,계약정보 불일치,Y,Y,Y
VOC02115,앱 로그인이 되지 않습니다,[오류코드] 메시지가 표시되면서 앱에 접속할 수 없습니다.,회원,로그인,S004,로그인 오류,Y,Y,Y
VOC01022,주행 포인트는 언제 들어오나요 빠른 확인 요청드립니다.,"포인트가 바로 들어오는지, 일정 시간이 필요한지 확인 요청드립니다.",포인트,적립,S002,주행 포인트 적립 지연,Y,Y,Y
VOC04858,새 차량으로 바꾸고 싶어요 빠른 확인 요청드립니다.,차량을 교체해서 앱의 등록 정보를 수정하고 싶습니다.,차량,차량정보,S008,차량정보 변경,Y,Y,Y
VOC02290,로그인 화면에서 넘어가지 않아요,아이디와 비밀번호를 입력해도 로그인 오류가 발생합니다.,회원,로그인,S004,로그인 오류,Y,Y,Y
VOC07700,사고 처리 진행 상황 문의,보상 심사가 어느 단계까지 진행됐는지 확인 부탁드립니다.,사고,처리현황,S012,사고 처리 진행 문의,Y,Y,Y
VOC02077,앱 로그인이 되지 않습니다,[오류코드] 메시지가 표시되면서 앱에 접속할 수 없습니다.,회원,로그인,S004,로그인 오류,Y,Y,Y
VOC09503,포인트 지급 조건 안내 요청,포인트 지급 대상과 제외 조건을 자세히 안내해주세요.,포인트,적립기준,S015,포인트 적립 기준 문의,Y,Y,Y
VOC08090,계약정보가 다르게 표시됩니다,앱에 표시된 계약자명이 [이름]으로 되어 있는데 실제 정보와 다릅니다.,보험,계약정보,S013,계약정보 불일치,Y,Y,Y
VOC09000,기존 전화번호 변경 문의 빠른 확인 요청드립니다.,번호 변경 후 로그인 인증 문자가 이전 번호로 발송됩니다.,회원,회원정보,S014,휴대전화 번호 변경,Y,Y,Y
VOC04409,보험료 할인이 반영됐나요,안전운전 점수와 보험료 할인 적용 기준을 안내해주세요.,보험,할인,S007,보험료 할인 적용 문의,Y,Y,Y
VOC04903,기존 차량 삭제 후 신규 등록,차량을 교체해서 앱의 등록 정보를 수정하고 싶습니다.,차량,차량정보,S008,차량정보 변경,Y,Y,Y
VOC02186,계정 접속이 불가능합니다,아이디와 비밀번호를 입력해도 로그인 오류가 발생합니다.,회원,로그인,S004,로그인 오류,Y,Y,Y
VOC02057,계속 로그인에 실패합니다 처리 방법을 안내해주세요.,아이디와 비밀번호를 입력해도 로그인 오류가 발생합니다.,회원,로그인,S004,로그인 오류,Y,Y,Y
VOC07033,앱 실행 중 오류가 발생합니다,특정 메뉴에 들어가면 화면이 멈추는 현상이 반복됩니다.,앱,오류,S011,앱 실행 오류,Y,Y,Y
VOC08102,계약 차량 정보 불일치 앱에서 확인이 어려워 문의드립니다.,보험 계약 정보 중 일부 항목이 잘못되어 수정 요청드립니다.,보험,계약정보,S013,계약정보 불일치,Y,Y,Y
VOC07008,서비스 실행 불가 문의,특정 메뉴에 들어가면 화면이 멈추는 현상이 반복됩니다. 빠른 확인 요청드립니다.,앱,오류,S011,앱 실행 오류,Y,Y,Y
VOC09475,운전점수와 포인트 관계,주행거리와 운전점수에 따라 포인트가 어떻게 산정되는지 알고 싶습니다. 관련 기준도 함께 알려주세요.,포인트,적립기준,S015,포인트 적립 기준 문의,Y,Y,Y
VOC09899,포인트 지급 조건 안내 요청,포인트 지급 대상과 제외 조건을 자세히 안내해주세요.,포인트,적립기준,S015,포인트 적립 기준 문의,Y,Y,Y
VOC02066,계정 접속이 불가능합니다 확인 부탁드립니다.,기존에 사용하던 계정으로 접속되지 않아 문의드립니다.,회원,로그인,S004,로그인 오류,Y,Y,Y
VOC00170,주행 포인트가 적립되지 않았습니다 관련 기준도 함께 알려주세요.,[접수일]에 주행을 완료했는데 포인트가 아직 적립되지 않았습니다.,포인트,적립,S001,주행 포인트 미적립,Y,Y,Y
VOC09744,포인트 지급 조건 안내 요청,짧은 거리 주행도 포인트 적립 대상인지 문의드립니다. 현재 화면에서 직접 수정할 수 없습니다.,포인트,적립기준,S015,포인트 적립 기준 문의,Y,Y,Y
VOC08516,증권 정보 수정 문의 확인 부탁드립니다.,갱신한 계약이 앱에서 이전 계약으로 보입니다. 처리 방법을 안내해주세요.,보험,계약정보,S013,계약정보 불일치,Y,Y,Y
VOC02632,로그인 화면에서 넘어가지 않아요,로그인 버튼을 눌러도 화면이 그대로입니다.,회원,로그인,S004,로그인 오류,Y,Y,Y
VOC07605,사고 접수 후 연락이 없습니다,사고 접수 이후 진행 상황 안내를 받지 못했습니다. 처리 방법을 안내해주세요.,사고,처리현황,S012,사고 처리 진행 문의,Y,Y,Y
VOC05115,앱 차량정보 수정 문의,기존 차량을 삭제하고 새 차량을 등록하는 방법을 알려주세요.,차량,차량정보,S008,차량정보 변경,Y,Y,Y
VOC02957,비밀번호가 기억나지 않아요,본인 인증 후 비밀번호 재설정 화면으로 이동하지 않습니다. 빠른 확인 요청드립니다.,회원,계정관리,S005,비밀번호 재설정,Y,Y,Y
VOC07807,사고 처리 진행 상황 문의,제출한 서류가 정상적으로 접수됐는지 알고 싶습니다. 확인 부탁드립니다.,사고,처리현황,S012,사고 처리 진행 문의,Y,Y,Y
VOC02338,계속 로그인에 실패합니다,[오류코드] 메시지가 표시되면서 앱에 접속할 수 없습니다.,회원,로그인,S004,로그인 오류,Y,Y,Y
VOC09818,운전점수와 포인트 관계,포인트를 받기 위한 최소 주행 조건이 궁금합니다.,포인트,적립기준,S015,포인트 적립 기준 문의,Y,Y,Y
VOC03598,주행 데이터가 반영되지 않았어요,주행 종료 후에도 거리와 시간이 0으로 표시됩니다.,주행,주행기록,S006,주행기록 미반영,Y,Y,Y
VOC01886,포인트 사용 가능 서비스 문의,적립된 포인트의 사용처와 사용 절차를 안내 부탁드립니다.,포인트,사용,S003,포인트 사용처 문의,Y,Y,Y
VOC02430,앱 로그인이 되지 않습니다,기존에 사용하던 계정으로 접속되지 않아 문의드립니다.,회원,로그인,S004,로그인 오류,Y,Y,Y
VOC00180,포인트가 누락된 것 같습니다,지난 주행 건에 대한 포인트를 받지 못했습니다. 확인 부탁드립니다.,포인트,적립,S001,주행 포인트 미적립,Y,Y,Y
VOC00879,포인트 적립 처리 중 문의 앱에서 확인이 어려워 문의드립니다.,"포인트가 바로 들어오는지, 일정 시간이 필요한지 확인 요청드립니다. 빠른 확인 요청드립니다.",포인트,적립,S002,주행 포인트 적립 지연,Y,Y,Y
VOC00618,포인트가 누락된 것 같습니다,[주행일]에 주행을 완료했는데 포인트가 아직 적립되지 않았습니다. 처리 방법을 안내해주세요.,포인트,적립,S001,주행 포인트 미적립,Y,Y,Y
VOC07225,앱 실행 중 오류가 발생합니다,업데이트 이후 첫 화면에서 멈추고 다음으로 넘어가지 않습니다. 동일 현상이 반복되고 있습니다.,앱,오류,S011,앱 실행 오류,Y,Y,Y
VOC04039,계약 할인 적용 상태 문의 관련 기준도 함께 알려주세요.,증권번호 [계약번호] 계약에 안전운전 할인이 적용됐는지 확인하고 싶습니다.,보험,할인,S007,보험료 할인 적용 문의,Y,Y,Y
VOC02478,앱 로그인이 정상적으로 처리되지 않습니다,[오류코드] 메시지가 표시되면서 앱에 접속할 수 없습니다. 앱을 다시 실행해도 같은 상태입니다.,회원,로그인,S004,로그인 오류,Y,Y,Y
VOC09230,회원정보의 전화번호가 다릅니다,새 번호로 본인 인증을 진행하는 방법을 확인 부탁드립니다.,회원,회원정보,S014,휴대전화 번호 변경,Y,Y,Y
VOC05362,가입 정보 삭제 요청,회원 탈퇴 시 남은 포인트와 주행기록이 어떻게 처리되는지 궁금합니다.,회원,계정관리,S009,회원 탈퇴,Y,Y,Y
VOC04675,기존 차량 삭제 후 신규 등록 빠른 확인 요청드립니다.,차량을 교체해서 앱의 등록 정보를 수정하고 싶습니다.,차량,차량정보,S008,차량정보 변경,Y,Y,Y
VOC00643,주행 포인트 미적립 문의,운전 기록은 정상적으로 보이지만 포인트가 들어오지 않았습니다.,포인트,적립,S001,주행 포인트 미적립,Y,Y,Y
VOC09896,어떤 주행이 포인트 대상인가요,포인트 지급 대상과 제외 조건을 자세히 안내해주세요.,포인트,적립기준,S015,포인트 적립 기준 문의,Y,Y,Y
VOC08026,증권 정보 수정 문의,갱신한 계약이 앱에서 이전 계약으로 보입니다. 빠른 확인 요청드립니다.,보험,계약정보,S013,계약정보 불일치,Y,Y,Y
VOC01531,보유 포인트 사용 방법,적립된 포인트의 사용처와 사용 절차를 안내 부탁드립니다.,포인트,사용,S003,포인트 사용처 문의,Y,Y,Y
VOC04786,기존 차량 삭제 후 신규 등록,기존 차량을 삭제하고 새 차량을 등록하는 방법을 알려주세요. 확인 부탁드립니다.,차량,차량정보,S008,차량정보 변경,Y,Y,Y
VOC06988,앱이 계속 종료됩니다,특정 메뉴에 들어가면 화면이 멈추는 현상이 반복됩니다.,앱,오류,S011,앱 실행 오류,Y,Y,Y
VOC07657,사건번호 처리 상태 확인 확인 부탁드립니다.,사고 접수 이후 진행 상황 안내를 받지 못했습니다. 관련 기준도 함께 알려주세요.,사고,처리현황,S012,사고 처리 진행 문의,Y,Y,Y
VOC00953,포인트 반영이 늦어지고 있습니다,[주행종료시간]에 주행을 종료했습니다. 포인트 반영 예정 시간을 알고 싶습니다.,포인트,적립,S002,주행 포인트 적립 지연,Y,Y,Y
VOC05222,차량을 변경했습니다,차량번호 변경 후 주행 서비스 연결 방법을 문의합니다. 필요한 확인 항목이 있다면 안내 부탁드립니다.,차량,차량정보,S008,차량정보 변경,Y,Y,Y
VOC05237,새 차량으로 바꾸고 싶어요,차량번호 변경 후 주행 서비스 연결 방법을 확인 요청드립니다.,차량,차량정보,S008,차량정보 변경,Y,Y,Y
VOC05477,더 이상 서비스를 이용하지 않습니다,회원 탈퇴 시 남은 포인트와 주행기록이 어떻게 처리되는지 궁금합니다. 관련 기준도 함께 알려주세요.,회원,계정관리,S009,회원 탈퇴,Y,Y,Y
VOC01850,포인트 사용처가 궁금합니다,현재 보유한 포인트를 어디에서 사용할 수 있는지 알려주세요. 관련 기준도 함께 알려주세요.,포인트,사용,S003,포인트 사용처 문의,Y,Y,Y
VOC05103,새 차량으로 바꾸고 싶어요 앱에서 확인이 어려워 문의드립니다.,기존 차량 [차량번호]에서 새 차량 [변경차량번호]로 변경했습니다.,차량,차량정보,S008,차량정보 변경,Y,Y,Y
VOC07238,앱 실행 중 오류가 발생합니다,앱을 실행하면 [에러코드] 오류가 표시되고 바로 종료됩니다.,앱,오류,S011,앱 실행 오류,Y,Y,Y
VOC05653,더 이상 서비스를 이용하지 않습니다,더 이상 서비스를 이용하지 않아 회원 탈퇴를 진행하고 싶습니다. 처리 방법을 안내해주세요. 현재 화면에서 직접 수정할 수 없습니다.,회원,계정관리,S009,회원 탈퇴,Y,Y,Y
VOC03783,운전한 내역이 앱에 없습니다 관련 기준도 함께 알려주세요.,차량은 정상적으로 운행했는데 주행 데이터가 수집되지 않은 것 같습니다.,주행,주행기록,S006,주행기록 미반영,Y,Y,Y
VOC06259,사용하지 않은 포인트가 차감됐어요,어제 확인한 잔액과 오늘 잔액이 달라서 확인 요청드립니다.,포인트,차감,S010,포인트 오차감,Y,Y,Y
VOC04324,보험료 할인 혜택이 궁금합니다 관련 기준도 함께 알려주세요.,안전운전 점수와 보험료 할인 적용 기준을 안내해주세요.,보험,할인,S007,보험료 할인 적용 문의,Y,Y,Y
VOC09965,운전점수와 포인트 관계,급가속이나 급감속 기록이 포인트 적립에 영향을 주나요? 빠른 확인 요청드립니다.,포인트,적립기준,S015,포인트 적립 기준 문의,Y,Y,Y
VOC00455,주행 포인트 미적립 문의,주행 조건을 충족한 것으로 보이는데 포인트가 0으로 표시됩니다.,포인트,적립,S001,주행 포인트 미적립,Y,Y,Y
VOC05302,등록 차량 변경 요청,기존 차량 [차량번호]에서 새 차량 [변경차량번호]로 변경했습니다. 처리 방법을 안내해주세요.,차량,차량정보,S008,차량정보 변경,Y,Y,Y
VOC09791,운전점수와 포인트 관계,포인트 지급 대상과 제외 조건을 자세히 안내해주세요.,포인트,적립기준,S015,포인트 적립 기준 문의,Y,Y,Y
VOC05422,회원 탈퇴를 요청합니다,회원 탈퇴 시 남은 포인트와 주행기록이 어떻게 처리되는지 궁금합니다.,회원,계정관리,S009,회원 탈퇴,Y,Y,Y
VOC06177,잘못 차감된 포인트 문의,포인트 내역에 알 수 없는 차감 기록이 있습니다.,포인트,차감,S010,포인트 오차감,Y,Y,Y
VOC05178,차량을 변경했습니다 처리 방법을 안내해주세요.,기존 차량을 삭제하고 새 차량을 등록하는 방법을 알려주세요. 현재 화면에서 직접 수정할 수 없습니다.,차량,차량정보,S008,차량정보 변경,Y,Y,Y
VOC01149,운전 후 포인트 반영 시간 문의 확인 부탁드립니다.,오늘 주행을 마쳤는데 포인트가 아직 반영되지 않았습니다. 보통 얼마나 걸리나요? 관련 기준도 함께 알려주세요.,포인트,적립,S002,주행 포인트 적립 지연,Y,Y,Y
VOC05873,앱 회원 탈퇴 방법 문의,앱에서 탈퇴 메뉴를 찾을 수 없어 문의드립니다.,회원,계정관리,S009,회원 탈퇴,Y,Y,Y
VOC04607,주행점수 할인 확인 요청,안전운전 점수와 보험료 할인 적용 기준을 안내해주세요. 앱에서 확인이 어려워 문의드립니다. 현재 화면에서 직접 수정할 수 없습니다.,보험,할인,S007,보험료 할인 적용 문의,Y,Y,Y
VOC08048,증권 정보 수정 문의,증권번호 [증권번호]의 차량정보가 현재 차량과 일치하지 않습니다. 확인 부탁드립니다.,보험,계약정보,S013,계약정보 불일치,Y,Y,Y
VOC09263,새 번호로 인증받고 싶어요 확인 부탁드립니다.,기존 번호 [기존전화번호]에서 새 번호 [변경전화번호]로 변경하고 싶습니다.,회원,회원정보,S014,휴대전화 번호 변경,Y,Y,Y
VOC04301,보험료 할인 혜택이 궁금합니다,갱신 계약에 주행분석 할인 혜택이 반영되는지 문의드립니다. 확인 부탁드립니다.,보험,할인,S007,보험료 할인 적용 문의,Y,Y,Y
VOC08134,앱의 계약 내용이 맞지 않아요,계약 기간과 보험료 정보가 가입 당시 안내와 다르게 표시됩니다.,보험,계약정보,S013,계약정보 불일치,Y,Y,Y
VOC09415,어떤 주행이 포인트 대상인가요 관련 기준도 함께 알려주세요.,포인트 지급 대상과 제외 조건을 자세히 안내해주세요. 현재 화면에서 직접 수정할 수 없습니다.,포인트,적립기준,S015,포인트 적립 기준 문의,Y,Y,Y
VOC08815,새 번호로 인증받고 싶어요,번호 변경 후 로그인 인증 문자가 이전 번호로 발송됩니다.,회원,회원정보,S014,휴대전화 번호 변경,Y,Y,Y
VOC03701,주행 데이터가 반영되지 않았어요 앱에서 확인이 어려워 문의드립니다.,해당 시간대의 운전 내역이 누락되어 확인 요청드립니다.,주행,주행기록,S006,주행기록 미반영,Y,Y,Y
VOC09411,운전점수와 포인트 관계,포인트를 받기 위한 최소 주행 조건이 궁금합니다. 앱에서 확인이 어려워 문의드립니다. 필요한 확인 항목이 있다면 안내 부탁드립니다.,포인트,적립기준,S015,포인트 적립 기준 문의,Y,Y,Y
VOC05569,회원 탈퇴를 요청합니다 관련 기준도 함께 알려주세요.,계정과 저장된 개인정보를 삭제하는 절차를 알려주세요. 관련 기준도 함께 알려주세요.,회원,계정관리,S009,회원 탈퇴,Y,Y,Y
VOC00010,운전했는데 포인트가 안 들어왔어요,운전 기록은 정상적으로 보이지만 포인트가 들어오지 않았습니다.,포인트,적립,S001,주행 포인트 미적립,Y,Y,Y
VOC01883,적립 포인트는 어디서 쓰나요,현재 보유한 포인트를 어디에서 사용할 수 있는지 알려주세요.,포인트,사용,S003,포인트 사용처 문의,Y,Y,Y
VOC03800,최근 주행기록 누락 문의 처리 방법을 안내해주세요.,해당 시간대의 운전 내역이 누락되어 확인 요청드립니다.,주행,주행기록,S006,주행기록 미반영,Y,Y,Y
VOC02912,비밀번호 찾기 인증 오류,본인 인증 후 비밀번호 재설정 화면으로 이동하지 않습니다.,회원,계정관리,S005,비밀번호 재설정,Y,Y,Y
VOC07831,보상 처리 단계 문의,[날짜]에 접수한 사고의 담당자 배정 여부가 궁금합니다. 이전에 정상적으로 이용한 적이 있습니다.,사고,처리현황,S012,사고 처리 진행 문의,Y,Y,Y
VOC09909,주행 포인트 산정 방법 문의 앱에서 확인이 어려워 문의드립니다.,짧은 거리 주행도 포인트 적립 대상인지 확인 요청드립니다.,포인트,적립기준,S015,포인트 적립 기준 문의,Y,Y,Y
VOC09466,어떤 주행이 포인트 대상인가요,짧은 거리 주행도 포인트 적립 대상인지 문의드립니다.,포인트,적립기준,S015,포인트 적립 기준 문의,Y,Y,Y
VOC07627,사고 처리 진행 상황 문의,보상 심사가 어느 단계까지 진행됐는지 확인 부탁드립니다. 확인 부탁드립니다.,사고,처리현황,S012,사고 처리 진행 문의,Y,Y,Y
VOC03778,주행 데이터가 반영되지 않았어요,[접수일]에 [주행구간] 구간을 운전했는데 앱에서 기록이 보이지 않습니다. 앱에서 확인이 어려워 문의드립니다.,주행,주행기록,S006,주행기록 미반영,Y,Y,Y
VOC04897,기존 차량 삭제 후 신규 등록,기존 차량을 삭제하고 새 차량을 등록하는 방법을 확인 부탁드립니다.,차량,차량정보,S008,차량정보 변경,Y,Y,Y
VOC07601,보상 처리 단계 문의,사고 접수 이후 진행 상황 안내를 받지 못했습니다.,사고,처리현황,S012,사고 처리 진행 문의,Y,Y,Y
VOC02406,로그인 화면에서 넘어가지 않아요,기존에 사용하던 계정으로 접속되지 않아 문의드립니다.,회원,로그인,S004,로그인 오류,Y,Y,Y
VOC05996,더 이상 서비스를 이용하지 않습니다 확인 부탁드립니다.,본인 인증 후 탈퇴가 완료되지 않아 확인 부탁드립니다.,회원,계정관리,S009,회원 탈퇴,Y,Y,Y
VOC06793,앱이 계속 종료됩니다 처리 방법을 안내해주세요.,특정 메뉴에 들어가면 화면이 멈추는 현상이 반복됩니다. 확인 부탁드립니다. 이전에 정상적으로 이용한 적이 있습니다.,앱,오류,S011,앱 실행 오류,Y,Y,Y
VOC04020,계약 할인 적용 상태 문의,앱에는 할인 대상이라고 나오는데 실제 보험료에 적용됐는지 알고 싶습니다. 앱을 다시 실행해도 같은 상태입니다.,보험,할인,S007,보험료 할인 적용 문의,Y,Y,Y
VOC04905,등록 차량 변경 요청,기존 차량 [기존차량번호]에서 새 차량 [새차량번호]로 변경했습니다.,차량,차량정보,S008,차량정보 변경,Y,Y,Y
VOC00530,포인트가 누락된 것 같습니다 빠른 확인 요청드립니다.,지난 주행 건에 대한 포인트를 받지 못했습니다. 확인 부탁드립니다.,포인트,적립,S001,주행 포인트 미적립,Y,Y,Y
VOC01155,운전 후 포인트 반영 시간 문의 빠른 확인 요청드립니다.,"포인트가 바로 들어오는지, 일정 시간이 필요한지 문의합니다. 확인 부탁드립니다.",포인트,적립,S002,주행 포인트 적립 지연,Y,Y,Y
VOC03937,앱에서 운전 기록 확인 불가 앱에서 확인이 어려워 문의드립니다.,주행 종료 후에도 거리와 시간이 0으로 표시됩니다. 필요한 확인 항목이 있다면 안내 부탁드립니다.,주행,주행기록,S006,주행기록 미반영,Y,Y,Y
VOC01813,포인트 사용처가 궁금합니다 처리 방법을 안내해주세요.,보험료 결제 외에도 포인트를 사용할 수 있는 곳이 있나요? 처리 방법을 안내해주세요. 앱을 다시 실행해도 같은 상태입니다.,포인트,사용,S003,포인트 사용처 문의,Y,Y,Y
VOC05810,가입 정보 삭제 요청,회원 탈퇴 시 남은 포인트와 주행기록이 어떻게 처리되는지 궁금합니다. 앱에서 확인이 어려워 문의드립니다.,회원,계정관리,S009,회원 탈퇴,Y,Y,Y
VOC00153,운전했는데 포인트가 안 들어왔어요,운전 기록은 정상적으로 보이지만 포인트가 들어오지 않았습니다. 이전에 정상적으로 이용한 적이 있습니다.,포인트,적립,S001,주행 포인트 미적립,Y,Y,Y
VOC04244,계약 할인 적용 상태 문의,갱신 계약에 주행분석 할인 혜택이 반영되는지 문의드립니다. 앱을 다시 실행해도 같은 상태입니다.,보험,할인,S007,보험료 할인 적용 문의,Y,Y,Y
VOC02243,계속 로그인에 실패합니다,아이디와 비밀번호를 입력해도 로그인 오류가 발생합니다.,회원,로그인,S004,로그인 오류,Y,Y,Y
VOC09071,휴대전화 번호를 변경하고 싶습니다,등록된 연락처가 실제 사용하는 번호와 달라 수정 요청드립니다. 앱을 다시 실행해도 같은 상태입니다.,회원,회원정보,S014,휴대전화 번호 변경,Y,Y,Y
VOC07528,사고 처리 진행 상황 문의 처리 방법을 안내해주세요.,보상 심사가 어느 단계까지 진행됐는지 확인 부탁드립니다.,사고,처리현황,S012,사고 처리 진행 문의,Y,Y,Y
VOC07040,앱 화면이 멈춥니다,특정 메뉴에 들어가면 화면이 멈추는 현상이 반복됩니다.,앱,오류,S011,앱 실행 오류,Y,Y,Y
VOC06876,업데이트 후 앱이 열리지 않아요 빠른 확인 요청드립니다.,앱을 열면 흰 화면만 보이고 아무 기능도 사용할 수 없습니다.,앱,오류,S011,앱 실행 오류,Y,Y,Y
VOC09359,운전점수와 포인트 관계 빠른 확인 요청드립니다.,포인트를 받기 위한 최소 주행 조건이 확인하고 싶습니다. 확인 부탁드립니다.,포인트,적립기준,S015,포인트 적립 기준 문의,Y,Y,Y
VOC07844,사건번호 처리 상태 확인,[날짜]에 접수한 사고의 담당자 배정 여부가 궁금합니다.,사고,처리현황,S012,사고 처리 진행 문의,Y,Y,Y
VOC05896,가입 정보 삭제 요청,더 이상 서비스를 이용하지 않아 회원 탈퇴를 진행하고 싶습니다.,회원,계정관리,S009,회원 탈퇴,Y,Y,Y
VOC03418,주행기록이 보이지 않습니다,차량은 정상적으로 운행했는데 주행 데이터가 수집되지 않은 것 같습니다. 앱에서 확인이 어려워 문의드립니다.,주행,주행기록,S006,주행기록 미반영,Y,Y,Y
VOC06836,앱 화면이 멈춥니다,앱을 실행하면 [오류코드] 오류가 표시되고 바로 종료됩니다.,앱,오류,S011,앱 실행 오류,Y,Y,Y
VOC08836,휴대전화 번호를 변경하고 싶습니다 처리 방법을 안내해주세요.,번호 변경 후 로그인 인증 문자가 이전 번호로 발송됩니다. 처리 방법을 안내해주세요.,회원,회원정보,S014,휴대전화 번호 변경,Y,Y,Y
VOC00699,포인트 적립 처리 중 문의,주행 후 몇 시간이 지났는데 아직 적립 대기 상태입니다.,포인트,적립,S002,주행 포인트 적립 지연,Y,Y,Y
VOC06378,포인트가 갑자기 줄었습니다,포인트 내역에 알 수 없는 차감 기록이 있습니다.,포인트,차감,S010,포인트 오차감,Y,Y,Y
VOC03284,비밀번호를 재설정하고 싶습니다,비밀번호 변경 절차와 조건을 안내해주세요. 빠른 확인 요청드립니다.,회원,계정관리,S005,비밀번호 재설정,Y,Y,Y
VOC04226,주행점수 할인 확인 요청,현재 운전점수 기준으로 받을 수 있는 보험료 할인율이 궁금합니다.,보험,할인,S007,보험료 할인 적용 문의,Y,Y,Y
VOC07538,사건번호 처리 상태 확인,[접수일]에 접수한 사고의 담당자 배정 여부가 궁금합니다.,사고,처리현황,S012,사고 처리 진행 문의,Y,Y,Y
VOC01409,적립 포인트는 어디서 쓰나요,앱에 [차감금액] 포인트가 있는데 사용 가능한 항목을 확인하고 싶습니다.,포인트,사용,S003,포인트 사용처 문의,Y,Y,Y
VOC05732,서비스 계정을 삭제하고 싶어요,회원 탈퇴 시 남은 포인트와 주행기록이 어떻게 처리되는지 궁금합니다. 현재 화면에서 직접 수정할 수 없습니다.,회원,계정관리,S009,회원 탈퇴,Y,Y,Y
VOC08347,보험 계약자 정보 오류,보험 계약 정보 중 일부 항목이 잘못되어 수정 요청드립니다. 앱에서 확인이 어려워 문의드립니다.,보험,계약정보,S013,계약정보 불일치,Y,Y,Y
VOC05198,기존 차량 삭제 후 신규 등록,기존 차량을 삭제하고 새 차량을 등록하는 방법을 알려주세요. 필요한 확인 항목이 있다면 안내 부탁드립니다.,차량,차량정보,S008,차량정보 변경,Y,Y,Y
VOC04086,계약 할인 적용 상태 문의,현재 운전점수 기준으로 받을 수 있는 보험료 할인율이 확인하고 싶습니다.,보험,할인,S007,보험료 할인 적용 문의,Y,Y,Y
VOC06401,잘못 차감된 포인트 문의,포인트 내역에 알 수 없는 차감 기록이 있습니다.,포인트,차감,S010,포인트 오차감,Y,Y,Y
VOC05829,회원 탈퇴를 요청합니다,회원 탈퇴 시 남은 포인트와 주행기록이 어떻게 처리되는지 궁금합니다. 앱을 다시 실행해도 같은 상태입니다.,회원,계정관리,S009,회원 탈퇴,Y,Y,Y
VOC09397,포인트 지급 조건 안내 요청,주행거리와 운전점수에 따라 포인트가 어떻게 산정되는지 알고 싶습니다. 빠른 확인 요청드립니다. 이전에 정상적으로 이용한 적이 있습니다.,포인트,적립기준,S015,포인트 적립 기준 문의,Y,Y,Y
VOC02267,앱 로그인이 되지 않습니다,아이디와 비밀번호를 입력해도 로그인 오류가 발생합니다.,회원,로그인,S004,로그인 오류,Y,Y,Y
VOC06738,앱 화면이 멈춥니다,업데이트 이후 첫 화면에서 멈추고 다음으로 넘어가지 않습니다. 필요한 확인 항목이 있다면 안내 부탁드립니다.,앱,오류,S011,앱 실행 오류,Y,Y,Y
VOC03002,비밀번호 찾기 인증 오류,비밀번호 찾기 과정에서 [기존전화번호]로 인증번호가 오지 않습니다.,회원,계정관리,S005,비밀번호 재설정,Y,Y,Y
VOC06355,포인트 차감 내역이 이상합니다 처리 방법을 안내해주세요.,포인트 사용 이력과 실제 잔액이 맞지 않습니다. 관련 기준도 함께 알려주세요.,포인트,차감,S010,포인트 오차감,Y,Y,Y
VOC05214,앱 차량정보 수정 문의,기존 차량을 삭제하고 새 차량을 등록하는 방법을 알려주세요.,차량,차량정보,S008,차량정보 변경,Y,Y,Y
VOC02039,계속 로그인에 실패합니다,여러 번 시도했지만 인증 후 다시 로그인 화면으로 돌아옵니다.,회원,로그인,S004,로그인 오류,Y,Y,Y
VOC06503,사용하지 않은 포인트가 차감됐어요,사용한 적이 없는데 [차감금액] 포인트가 차감된 것으로 표시됩니다. 빠른 확인 요청드립니다.,포인트,차감,S010,포인트 오차감,Y,Y,Y
VOC03857,운전한 내역이 앱에 없습니다,해당 시간대의 운전 내역이 누락되어 확인 요청드립니다. 관련 기준도 함께 알려주세요.,주행,주행기록,S006,주행기록 미반영,Y,Y,Y
VOC05882,가입 정보 삭제 요청,본인 인증 후 탈퇴가 완료되지 않아 확인 부탁드립니다. 동일 현상이 반복되고 있습니다.,회원,계정관리,S009,회원 탈퇴,Y,Y,Y
VOC09795,주행 포인트 산정 방법 문의,급가속이나 급감속 기록이 포인트 적립에 영향을 주나요?,포인트,적립기준,S015,포인트 적립 기준 문의,Y,Y,Y
VOC04014,주행점수 할인 확인 요청,안전운전 점수와 보험료 할인 적용 기준을 안내해주세요.,보험,할인,S007,보험료 할인 적용 문의,Y,Y,Y
VOC05861,가입 정보 삭제 요청,본인 인증 후 탈퇴가 완료되지 않아 확인 부탁드립니다. 처리 방법을 안내해주세요.,회원,계정관리,S009,회원 탈퇴,Y,Y,Y
VOC01830,보유 포인트 사용 방법,보험료 결제 외에도 포인트를 사용할 수 있는 곳이 있나요? 처리 방법을 안내해주세요.,포인트,사용,S003,포인트 사용처 문의,Y,Y,Y
VOC00659,주행 포인트가 적립되지 않았습니다,지난 주행 건에 대한 포인트를 받지 못했습니다. 확인 부탁드립니다.,포인트,적립,S001,주행 포인트 미적립,Y,Y,Y
VOC03205,비밀번호가 기억나지 않아요,비밀번호 변경 절차와 조건을 안내해주세요.,회원,계정관리,S005,비밀번호 재설정,Y,Y,Y
VOC00539,운전했는데 포인트가 안 들어왔어요,[접수일]에 주행을 완료했는데 포인트가 아직 적립되지 않았습니다.,포인트,적립,S001,주행 포인트 미적립,Y,Y,Y
VOC08998,새 번호로 인증받고 싶어요,등록된 연락처가 실제 사용하는 번호와 달라 수정 요청드립니다. 이전에 정상적으로 이용한 적이 있습니다.,회원,회원정보,S014,휴대전화 번호 변경,Y,Y,Y
VOC06212,사용하지 않은 포인트가 차감됐어요,사용한 적이 없는데 [차감금액] 포인트가 차감된 것으로 표시됩니다.,포인트,차감,S010,포인트 오차감,Y,Y,Y
VOC09343,주행 포인트 산정 방법 문의 앱에서 확인이 어려워 문의드립니다.,짧은 거리 주행도 포인트 적립 대상인지 확인 요청드립니다.,포인트,적립기준,S015,포인트 적립 기준 문의,Y,Y,Y
VOC02138,아이디 입력 후 접속 오류,여러 번 시도했지만 인증 후 다시 로그인 화면으로 돌아옵니다.,회원,로그인,S004,로그인 오류,Y,Y,Y
VOC03025,비밀번호가 기억나지 않아요,새 비밀번호를 입력했지만 변경이 완료되지 않습니다. 빠른 확인 요청드립니다.,회원,계정관리,S005,비밀번호 재설정,Y,Y,Y
VOC01193,포인트 반영이 늦어지고 있습니다,"포인트가 바로 들어오는지, 일정 시간이 필요한지 문의드립니다.",포인트,적립,S002,주행 포인트 적립 지연,Y,Y,Y
VOC02363,로그인 화면에서 넘어가지 않아요,로그인 버튼을 눌러도 화면이 그대로입니다.,회원,로그인,S004,로그인 오류,Y,Y,Y
VOC06564,사용하지 않은 포인트가 차감됐어요,어제 확인한 잔액과 오늘 잔액이 달라서 문의드립니다.,포인트,차감,S010,포인트 오차감,Y,Y,Y
VOC06428,포인트 잔액 오류,포인트 내역에 알 수 없는 차감 기록이 있습니다. 동일 현상이 반복되고 있습니다.,포인트,차감,S010,포인트 오차감,Y,Y,Y
VOC00860,주행 포인트는 언제 들어오나요,[접수시간]에 주행을 종료했습니다. 포인트 반영 예정 시간을 알고 싶습니다. 필요한 확인 항목이 있다면 안내 부탁드립니다.,포인트,적립,S002,주행 포인트 적립 지연,Y,Y,Y
VOC09842,운전점수와 포인트 관계,급가속이나 급감속 기록이 포인트 적립에 영향을 주나요? 빠른 확인 요청드립니다.,포인트,적립기준,S015,포인트 적립 기준 문의,Y,Y,Y
VOC09295,새 번호로 인증받고 싶어요,새 번호로 본인 인증을 진행하는 방법을 안내 부탁드립니다.,회원,회원정보,S014,휴대전화 번호 변경,Y,Y,Y
VOC06548,포인트 차감 내역이 이상합니다,포인트 내역에 알 수 없는 차감 기록이 있습니다.,포인트,차감,S010,포인트 오차감,Y,Y,Y
VOC09177,새 번호로 인증받고 싶어요,기존 번호 [기존전화번호]에서 새 번호 [새전화번호]로 변경하고 싶습니다. 처리 방법을 안내해주세요.,회원,회원정보,S014,휴대전화 번호 변경,Y,Y,Y
VOC09970,주행 포인트 산정 방법 문의,포인트 지급 대상과 제외 조건을 자세히 안내해주세요. 동일 현상이 반복되고 있습니다.,포인트,적립기준,S015,포인트 적립 기준 문의,Y,Y,Y
VOC08145,앱의 계약 내용이 맞지 않아요,앱에 표시된 계약자명이 [계약자명]으로 되어 있는데 실제 정보와 다릅니다. 현재 화면에서 직접 수정할 수 없습니다.,보험,계약정보,S013,계약정보 불일치,Y,Y,Y
VOC09396,주행 포인트 산정 방법 문의,포인트를 받기 위한 최소 주행 조건이 궁금합니다.,포인트,적립기준,S015,포인트 적립 기준 문의,Y,Y,Y
VOC02107,앱 로그인이 안 됩니다,로그인 버튼을 눌러도 화면이 그대로입니다.,회원,로그인,S004,로그인 오류,Y,Y,Y
VOC06883,앱 실행 중 오류가 발생합니다 확인 부탁드립니다.,업데이트 이후 첫 화면에서 멈추고 다음으로 넘어가지 않습니다.,앱,오류,S011,앱 실행 오류,Y,Y,Y
VOC02237,계정 접속이 불가능합니다,기존에 사용하던 계정으로 접속되지 않아 문의드립니다.,회원,로그인,S004,로그인 오류,Y,Y,Y
VOC04435,보험료 할인 혜택이 확인하고 싶습니다,갱신 계약에 주행분석 할인 혜택이 반영되는지 문의드립니다.,보험,할인,S007,보험료 할인 적용 문의,Y,Y,Y
VOC06762,앱 화면이 멈춥니다,재설치 후에도 동일하게 앱이 강제 종료됩니다. 확인 부탁드립니다.,앱,오류,S011,앱 실행 오류,Y,Y,Y
VOC08206,계약 차량 정보 불일치,보험 계약 정보 중 일부 항목이 잘못되어 수정 요청드립니다.,보험,계약정보,S013,계약정보 불일치,Y,Y,Y
VOC03254,비밀번호 찾기 인증 오류 앱에서 확인이 어려워 문의드립니다.,비밀번호 찾기 과정에서 [기존전화번호]로 인증번호가 오지 않습니다. 확인 부탁드립니다.,회원,계정관리,S005,비밀번호 재설정,Y,Y,Y
VOC09916,주행 포인트 산정 방법 문의,포인트를 받기 위한 최소 주행 조건이 확인하고 싶습니다.,포인트,적립기준,S015,포인트 적립 기준 문의,Y,Y,Y
VOC00748,포인트 적립 처리 중 문의,[시간]에 주행을 종료했습니다. 포인트 반영 예정 시간을 알고 싶습니다. 빠른 확인 요청드립니다.,포인트,적립,S002,주행 포인트 적립 지연,Y,Y,Y
VOC00980,운전 후 포인트 반영 시간 문의 빠른 확인 요청드립니다.,오늘 주행을 마쳤는데 포인트가 아직 반영되지 않았습니다. 보통 얼마나 걸리나요?,포인트,적립,S002,주행 포인트 적립 지연,Y,Y,Y
VOC06199,포인트 잔액 오류,결제를 취소했는데 차감된 포인트가 복구되지 않았습니다. 빠른 확인 요청드립니다.,포인트,차감,S010,포인트 오차감,Y,Y,Y
VOC05943,회원 탈퇴를 요청합니다 빠른 확인 요청드립니다.,앱에서 탈퇴 메뉴를 찾을 수 없어 문의드립니다. 처리 방법을 안내해주세요.,회원,계정관리,S009,회원 탈퇴,Y,Y,Y
VOC00690,포인트 적립 처리 중 문의 앱에서 확인이 어려워 문의드립니다.,"포인트가 바로 들어오는지, 일정 시간이 필요한지 문의드립니다.",포인트,적립,S002,주행 포인트 적립 지연,Y,Y,Y
VOC07628,보상 처리 단계 문의,사고 접수 이후 진행 상황 안내를 받지 못했습니다. 현재 화면에서 직접 수정할 수 없습니다.,사고,처리현황,S012,사고 처리 진행 문의,Y,Y,Y
VOC09699,포인트 적립 기준이 궁금합니다,급가속이나 급감속 기록이 포인트 적립에 영향을 주나요?,포인트,적립기준,S015,포인트 적립 기준 문의,Y,Y,Y
VOC06069,사용하지 않은 포인트가 차감됐어요,결제를 취소했는데 차감된 포인트가 복구되지 않았습니다.,포인트,차감,S010,포인트 오차감,Y,Y,Y
VOC05578,서비스 계정을 삭제하고 싶어요,계정과 저장된 개인정보를 삭제하는 절차를 알려주세요.,회원,계정관리,S009,회원 탈퇴,Y,Y,Y
VOC03404,운전한 내역이 앱에 없습니다,해당 시간대의 운전 내역이 누락되어 확인 요청드립니다.,주행,주행기록,S006,주행기록 미반영,Y,Y,Y
VOC06947,서비스 실행 불가 문의 앱에서 확인이 어려워 문의드립니다.,앱을 실행하면 [오류코드] 오류가 표시되고 바로 종료됩니다. 이전에 정상적으로 이용한 적이 있습니다.,앱,오류,S011,앱 실행 오류,Y,Y,Y
VOC04232,보험료 할인 혜택이 궁금합니다,갱신 계약에 주행분석 할인 혜택이 반영되는지 문의드립니다. 빠른 확인 요청드립니다. 이전에 정상적으로 이용한 적이 있습니다.,보험,할인,S007,보험료 할인 적용 문의,Y,Y,Y
VOC08110,앱의 계약 내용이 맞지 않아요,앱에 표시된 계약자명이 [계약자명]으로 되어 있는데 실제 정보와 다릅니다.,보험,계약정보,S013,계약정보 불일치,Y,Y,Y
VOC06121,포인트가 갑자기 줄었습니다,사용한 적이 없는데 [포인트수량] 포인트가 차감된 것으로 표시됩니다.,포인트,차감,S010,포인트 오차감,Y,Y,Y
VOC06504,포인트가 갑자기 줄었습니다,사용한 적이 없는데 [포인트수량] 포인트가 차감된 것으로 표시됩니다.,포인트,차감,S010,포인트 오차감,Y,Y,Y
VOC08804,등록 연락처 수정 요청,기존 번호 [기존전화번호]에서 새 번호 [변경전화번호]로 변경하고 싶습니다.,회원,회원정보,S014,휴대전화 번호 변경,Y,Y,Y
VOC00417,포인트가 누락된 것 같습니다,지난 주행 건에 대한 포인트를 받지 못했습니다. 확인 부탁드립니다.,포인트,적립,S001,주행 포인트 미적립,Y,Y,Y
VOC03022,비밀번호를 재설정하고 싶습니다 관련 기준도 함께 알려주세요.,새 비밀번호를 입력했지만 변경이 완료되지 않습니다. 앱을 다시 실행해도 같은 상태입니다.,회원,계정관리,S005,비밀번호 재설정,Y,Y,Y
VOC04405,안전운전 할인 적용 여부 문의,증권번호 [계약번호] 계약에 안전운전 할인이 적용됐는지 확인하고 싶습니다.,보험,할인,S007,보험료 할인 적용 문의,Y,Y,Y
VOC06216,포인트가 갑자기 줄었습니다,어제 확인한 잔액과 오늘 잔액이 달라서 확인 요청드립니다.,포인트,차감,S010,포인트 오차감,Y,Y,Y
VOC05239,기존 차량 삭제 후 신규 등록,보험 계약 차량은 변경됐는데 앱에는 이전 차량이 표시됩니다.,차량,차량정보,S008,차량정보 변경,Y,Y,Y
VOC09265,등록 연락처 수정 요청 처리 방법을 안내해주세요.,새 번호로 본인 인증을 진행하는 방법을 알려주세요. 앱에서 확인이 어려워 문의드립니다.,회원,회원정보,S014,휴대전화 번호 변경,Y,Y,Y
VOC03169,비밀번호가 기억나지 않아요,비밀번호 찾기 과정에서 [전화번호]로 인증번호가 오지 않습니다.,회원,계정관리,S005,비밀번호 재설정,Y,Y,Y
VOC05348,서비스 계정을 삭제하고 싶어요,계정과 저장된 개인정보를 삭제하는 절차를 알려주세요.,회원,계정관리,S009,회원 탈퇴,Y,Y,Y
VOC09945,포인트 적립 기준이 궁금합니다,급가속이나 급감속 기록이 포인트 적립에 영향을 주나요?,포인트,적립기준,S015,포인트 적립 기준 문의,Y,Y,Y
VOC06935,업데이트 후 앱이 열리지 않아요,재설치 후에도 동일하게 앱이 강제 종료됩니다. 필요한 확인 항목이 있다면 안내 부탁드립니다.,앱,오류,S011,앱 실행 오류,Y,Y,Y
VOC00859,주행 포인트는 언제 들어오나요,주행 후 몇 시간이 지났는데 아직 적립 대기 상태입니다.,포인트,적립,S002,주행 포인트 적립 지연,Y,Y,Y
VOC00468,포인트가 누락된 것 같습니다 빠른 확인 요청드립니다.,[날짜]에 주행을 완료했는데 포인트가 아직 적립되지 않았습니다.,포인트,적립,S001,주행 포인트 미적립,Y,Y,Y
VOC00709,운전 후 포인트 반영 시간 문의,오늘 주행을 마쳤는데 포인트가 아직 반영되지 않았습니다. 보통 얼마나 걸리나요?,포인트,적립,S002,주행 포인트 적립 지연,Y,Y,Y
VOC01020,포인트가 아직 처리되지 않았어요 확인 부탁드립니다.,주행 후 몇 시간이 지났는데 아직 적립 대기 상태입니다.,포인트,적립,S002,주행 포인트 적립 지연,Y,Y,Y
VOC08128,앱의 계약 내용이 맞지 않아요,앱에 표시된 계약자명이 [이름]으로 되어 있는데 실제 정보와 다릅니다. 앱을 다시 실행해도 같은 상태입니다.,보험,계약정보,S013,계약정보 불일치,Y,Y,Y
VOC01860,포인트를 사용할 수 있는 곳,적립된 포인트의 사용처와 사용 절차를 안내 부탁드립니다.,포인트,사용,S003,포인트 사용처 문의,Y,Y,Y
VOC05176,앱 차량정보 수정 문의,차량을 교체해서 앱의 등록 정보를 수정하고 싶습니다.,차량,차량정보,S008,차량정보 변경,Y,Y,Y
VOC09797,포인트 지급 조건 안내 요청,짧은 거리 주행도 포인트 적립 대상인지 문의드립니다. 동일 현상이 반복되고 있습니다.,포인트,적립기준,S015,포인트 적립 기준 문의,Y,Y,Y
VOC00886,주행 포인트는 언제 들어오나요 확인 부탁드립니다.,방금 운전한 기록은 보이는데 포인트는 처리 중으로 표시됩니다.,포인트,적립,S002,주행 포인트 적립 지연,Y,Y,Y
VOC09385,운전점수와 포인트 관계,짧은 거리 주행도 포인트 적립 대상인지 문의드립니다.,포인트,적립기준,S015,포인트 적립 기준 문의,Y,Y,Y
VOC05519,가입 정보 삭제 요청 빠른 확인 요청드립니다.,더 이상 서비스를 이용하지 않아 회원 탈퇴를 진행하고 싶습니다.,회원,계정관리,S009,회원 탈퇴,Y,Y,Y
VOC08000,사고 접수 후 연락이 없습니다,사건번호 [사건번호]와 관련해 현재 처리 단계를 확인하고 싶습니다. 필요한 확인 항목이 있다면 안내 부탁드립니다.,사고,처리현황,S012,사고 처리 진행 문의,Y,Y,Y
VOC06888,앱 실행 중 오류가 발생합니다,앱을 열면 흰 화면만 보이고 아무 기능도 사용할 수 없습니다.,앱,오류,S011,앱 실행 오류,Y,Y,Y
VOC01585,포인트를 사용할 수 있는 곳 관련 기준도 함께 알려주세요.,포인트 사용 가능한 서비스와 제한 조건이 궁금합니다.,포인트,사용,S003,포인트 사용처 문의,Y,Y,Y
VOC09228,기존 전화번호 변경 문의,새 번호로 본인 인증을 진행하는 방법을 알려주세요. 처리 방법을 안내해주세요.,회원,회원정보,S014,휴대전화 번호 변경,Y,Y,Y
VOC01196,포인트 적립 처리 중 문의,오늘 주행을 마쳤는데 포인트가 아직 반영되지 않았습니다. 보통 얼마나 걸리나요?,포인트,적립,S002,주행 포인트 적립 지연,Y,Y,Y
VOC08984,기존 전화번호 변경 문의,등록된 연락처가 실제 사용하는 번호와 달라 수정 요청드립니다. 빠른 확인 요청드립니다.,회원,회원정보,S014,휴대전화 번호 변경,Y,Y,Y
VOC02945,비밀번호 변경이 되지 않습니다,비밀번호가 기억나지 않아 재설정하려고 합니다. 동일 현상이 반복되고 있습니다.,회원,계정관리,S005,비밀번호 재설정,Y,Y,Y
VOC09355,어떤 주행이 포인트 대상인가요,주행거리와 운전점수에 따라 포인트가 어떻게 산정되는지 알고 싶습니다. 이전에 정상적으로 이용한 적이 있습니다.,포인트,적립기준,S015,포인트 적립 기준 문의,Y,Y,Y
VOC09801,포인트 지급 조건 안내 요청 앱에서 확인이 어려워 문의드립니다.,포인트를 받기 위한 최소 주행 조건이 궁금합니다. 앱을 다시 실행해도 같은 상태입니다.,포인트,적립기준,S015,포인트 적립 기준 문의,Y,Y,Y
VOC04123,안전운전 할인 적용 여부 문의 확인 부탁드립니다.,현재 운전점수 기준으로 받을 수 있는 보험료 할인율이 궁금합니다.,보험,할인,S007,보험료 할인 적용 문의,Y,Y,Y
VOC08226,계약 차량 정보 불일치 확인 부탁드립니다.,보험 계약 정보 중 일부 항목이 잘못되어 수정 요청드립니다. 동일 현상이 반복되고 있습니다.,보험,계약정보,S013,계약정보 불일치,Y,Y,Y
VOC02777,비밀번호를 재설정하고 싶습니다,비밀번호 찾기 과정에서 [기존전화번호]로 인증번호가 오지 않습니다. 동일 현상이 반복되고 있습니다.,회원,계정관리,S005,비밀번호 재설정,Y,Y,Y
VOC07914,사건번호 처리 상태 확인,제출한 서류가 정상적으로 접수됐는지 알고 싶습니다.,사고,처리현황,S012,사고 처리 진행 문의,Y,Y,Y
VOC04212,보험료 할인이 반영됐나요 확인 부탁드립니다.,앱에는 할인 대상이라고 나오는데 실제 보험료에 적용됐는지 알고 싶습니다.,보험,할인,S007,보험료 할인 적용 문의,Y,Y,Y
VOC01510,적립 포인트는 어디서 쓰나요 처리 방법을 안내해주세요.,적립된 포인트의 사용처와 사용 절차를 안내 부탁드립니다. 확인 부탁드립니다.,포인트,사용,S003,포인트 사용처 문의,Y,Y,Y
VOC00698,포인트가 아직 처리되지 않았어요,주행 후 몇 시간이 지났는데 아직 적립 대기 상태입니다.,포인트,적립,S002,주행 포인트 적립 지연,Y,Y,Y
VOC03353,앱에서 운전 기록 확인 불가,해당 시간대의 운전 내역이 누락되어 확인 요청드립니다.,주행,주행기록,S006,주행기록 미반영,Y,Y,Y
VOC00231,주행 포인트가 적립되지 않았습니다 빠른 확인 요청드립니다.,지난 주행 건에 대한 포인트를 받지 못했습니다. 확인 부탁드립니다.,포인트,적립,S001,주행 포인트 미적립,Y,Y,Y
VOC05307,등록 차량 변경 요청,기존 차량을 삭제하고 새 차량을 등록하는 방법을 알려주세요.,차량,차량정보,S008,차량정보 변경,Y,Y,Y
VOC00636,포인트가 누락된 것 같습니다,운전 기록은 정상적으로 보이지만 포인트가 들어오지 않았습니다. 이전에 정상적으로 이용한 적이 있습니다.,포인트,적립,S001,주행 포인트 미적립,Y,Y,Y
VOC03559,최근 주행기록 누락 문의,[접수일]에 [출발지]-[도착지] 구간을 운전했는데 앱에서 기록이 보이지 않습니다. 이전에 정상적으로 이용한 적이 있습니다.,주행,주행기록,S006,주행기록 미반영,Y,Y,Y
VOC03092,새 비밀번호 등록 문의 확인 부탁드립니다.,비밀번호 찾기 과정에서 [전화번호]로 인증번호가 오지 않습니다.,회원,계정관리,S005,비밀번호 재설정,Y,Y,Y
VOC05542,가입 정보 삭제 요청,더 이상 서비스를 이용하지 않아 회원 탈퇴를 진행하고 싶습니다. 확인 부탁드립니다.,회원,계정관리,S009,회원 탈퇴,Y,Y,Y
VOC02480,로그인 화면에서 넘어가지 않아요,로그인 버튼을 눌러도 화면이 그대로입니다.,회원,로그인,S004,로그인 오류,Y,Y,Y
VOC09514,포인트 지급 조건 안내 요청 빠른 확인 요청드립니다.,포인트 지급 대상과 제외 조건을 자세히 안내해주세요.,포인트,적립기준,S015,포인트 적립 기준 문의,Y,Y,Y
VOC09423,포인트 지급 조건 안내 요청,급가속이나 급감속 기록이 포인트 적립에 영향을 주나요?,포인트,적립기준,S015,포인트 적립 기준 문의,Y,Y,Y
VOC09753,주행 포인트 산정 방법 문의 빠른 확인 요청드립니다.,짧은 거리 주행도 포인트 적립 대상인지 문의합니다.,포인트,적립기준,S015,포인트 적립 기준 문의,Y,Y,Y
VOC05894,앱 회원 탈퇴 방법 문의,더 이상 서비스를 이용하지 않아 회원 탈퇴를 진행하고 싶습니다.,회원,계정관리,S009,회원 탈퇴,Y,Y,Y
VOC06835,앱 화면이 멈춥니다 관련 기준도 함께 알려주세요.,업데이트 이후 첫 화면에서 멈추고 다음으로 넘어가지 않습니다. 처리 방법을 안내해주세요.,앱,오류,S011,앱 실행 오류,Y,Y,Y
VOC02835,비밀번호를 재설정하고 싶습니다,비밀번호 찾기 과정에서 [기존전화번호]로 인증번호가 오지 않습니다.,회원,계정관리,S005,비밀번호 재설정,Y,Y,Y
VOC03950,주행 데이터가 반영되지 않았어요,해당 시간대의 운전 내역이 누락되어 확인 요청드립니다. 빠른 확인 요청드립니다.,주행,주행기록,S006,주행기록 미반영,Y,Y,Y
VOC04860,등록 차량 변경 요청,기존 차량 [차량번호]에서 새 차량 [변경차량번호]로 변경했습니다. 앱에서 확인이 어려워 문의드립니다.,차량,차량정보,S008,차량정보 변경,Y,Y,Y
VOC02005,아이디 입력 후 접속 오류,로그인 버튼을 눌러도 화면이 그대로입니다. 처리 방법을 안내해주세요.,회원,로그인,S004,로그인 오류,Y,Y,Y
VOC07175,서비스 실행 불가 문의,앱을 열면 흰 화면만 보이고 아무 기능도 사용할 수 없습니다.,앱,오류,S011,앱 실행 오류,Y,Y,Y
VOC05292,새 차량으로 바꾸고 싶어요 앱에서 확인이 어려워 문의드립니다.,기존 차량 [기존차량번호]에서 새 차량 [변경차량번호]로 변경했습니다.,차량,차량정보,S008,차량정보 변경,Y,Y,Y
VOC02921,새 비밀번호 등록 문의,본인 인증 후 비밀번호 재설정 화면으로 이동하지 않습니다.,회원,계정관리,S005,비밀번호 재설정,Y,Y,Y
VOC00644,주행 포인트 미적립 문의,운전 기록은 정상적으로 보이지만 포인트가 들어오지 않았습니다. 동일 현상이 반복되고 있습니다.,포인트,적립,S001,주행 포인트 미적립,Y,Y,Y
VOC01499,포인트를 사용할 수 있는 곳,보험료 결제 외에도 포인트를 사용할 수 있는 곳이 있나요?,포인트,사용,S003,포인트 사용처 문의,Y,Y,Y
VOC03259,비밀번호 변경이 안 됩니다,비밀번호가 기억나지 않아 재설정하려고 합니다.,회원,계정관리,S005,비밀번호 재설정,Y,Y,Y
VOC07328,서비스 실행 불가 문의 확인 부탁드립니다.,앱을 열면 흰 화면만 보이고 아무 기능도 사용할 수 없습니다.,앱,오류,S011,앱 실행 오류,Y,Y,Y
VOC04636,계약 할인 적용 상태 문의,갱신 계약에 주행분석 할인 혜택이 반영되는지 문의드립니다.,보험,할인,S007,보험료 할인 적용 문의,Y,Y,Y
VOC07690,보상 처리 단계 문의,사건번호 [사고접수번호]와 관련해 현재 처리 단계를 확인하고 싶습니다.,사고,처리현황,S012,사고 처리 진행 문의,Y,Y,Y
VOC07254,업데이트 후 앱이 열리지 않아요,앱을 열면 흰 화면만 보이고 아무 기능도 사용할 수 없습니다. 이전에 정상적으로 이용한 적이 있습니다.,앱,오류,S011,앱 실행 오류,Y,Y,Y
VOC04170,보험료 할인 혜택이 확인하고 싶습니다,갱신 계약에 주행분석 할인 혜택이 반영되는지 문의드립니다. 빠른 확인 요청드립니다.,보험,할인,S007,보험료 할인 적용 문의,Y,Y,Y
VOC03895,앱에서 운전 기록 확인 불가,차량은 정상적으로 운행했는데 주행 데이터가 수집되지 않은 것 같습니다. 현재 화면에서 직접 수정할 수 없습니다.,주행,주행기록,S006,주행기록 미반영,Y,Y,Y
VOC03838,주행 데이터가 반영되지 않았어요,주행 종료 후에도 거리와 시간이 0으로 표시됩니다.,주행,주행기록,S006,주행기록 미반영,Y,Y,Y
VOC02453,앱 로그인이 되지 않습니다,기존에 사용하던 계정으로 접속되지 않아 문의드립니다.,회원,로그인,S004,로그인 오류,Y,Y,Y
VOC06024,사용하지 않은 포인트가 차감됐어요,사용한 적이 없는데 [금액] 포인트가 차감된 것으로 표시됩니다.,포인트,차감,S010,포인트 오차감,Y,Y,Y
VOC08202,보험 계약자 정보 오류 빠른 확인 요청드립니다.,증권번호 [증권번호]의 차량정보가 현재 차량과 일치하지 않습니다.,보험,계약정보,S013,계약정보 불일치,Y,Y,Y
VOC06931,서비스 실행 불가 문의 앱에서 확인이 어려워 문의드립니다.,재설치 후에도 동일하게 앱이 강제 종료됩니다. 필요한 확인 항목이 있다면 안내 부탁드립니다.,앱,오류,S011,앱 실행 오류,Y,Y,Y
VOC09091,등록 연락처 수정 요청,등록된 연락처가 실제 사용하는 번호와 달라 수정 요청드립니다.,회원,회원정보,S014,휴대전화 번호 변경,Y,Y,Y
VOC09443,포인트 지급 조건 안내 요청,주행거리와 운전점수에 따라 포인트가 어떻게 산정되는지 알고 싶습니다. 필요한 확인 항목이 있다면 안내 부탁드립니다.,포인트,적립기준,S015,포인트 적립 기준 문의,Y,Y,Y
VOC04748,앱 차량정보 수정 문의,기존 차량 [기존차량번호]에서 새 차량 [변경차량번호]로 변경했습니다.,차량,차량정보,S008,차량정보 변경,Y,Y,Y
VOC04526,보험료 할인이 반영됐나요,안전운전 점수와 보험료 할인 적용 기준을 안내해주세요.,보험,할인,S007,보험료 할인 적용 문의,Y,Y,Y
VOC04129,안전운전 할인 적용 여부 문의 확인 부탁드립니다.,갱신 계약에 주행분석 할인 혜택이 반영되는지 문의드립니다. 앱에서 확인이 어려워 문의드립니다.,보험,할인,S007,보험료 할인 적용 문의,Y,Y,Y
VOC03349,앱에서 운전 기록 확인 불가 관련 기준도 함께 알려주세요.,주행 종료 후에도 거리와 시간이 0으로 표시됩니다. 현재 화면에서 직접 수정할 수 없습니다.,주행,주행기록,S006,주행기록 미반영,Y,Y,Y
VOC03518,앱에서 운전 기록 확인 불가,주행 종료 후에도 거리와 시간이 0으로 표시됩니다.,주행,주행기록,S006,주행기록 미반영,Y,Y,Y
VOC04034,보험료 할인이 반영됐나요,안전운전 점수와 보험료 할인 적용 기준을 안내해주세요.,보험,할인,S007,보험료 할인 적용 문의,Y,Y,Y
VOC08213,증권 정보 수정 문의,보험 계약 정보 중 일부 항목이 잘못되어 수정 요청드립니다. 동일 현상이 반복되고 있습니다.,보험,계약정보,S013,계약정보 불일치,Y,Y,Y
VOC04874,새 차량으로 바꾸고 싶어요 빠른 확인 요청드립니다.,차량을 교체해서 앱의 등록 정보를 수정하고 싶습니다.,차량,차량정보,S008,차량정보 변경,Y,Y,Y
VOC01514,보유 포인트 사용 방법,보험료 결제 외에도 포인트를 사용할 수 있는 곳이 있나요? 관련 기준도 함께 알려주세요. 동일 현상이 반복되고 있습니다.,포인트,사용,S003,포인트 사용처 문의,Y,Y,Y
VOC06245,사용하지 않은 포인트가 차감됐어요,사용한 적이 없는데 [포인트수량] 포인트가 차감된 것으로 표시됩니다.,포인트,차감,S010,포인트 오차감,Y,Y,Y
VOC02663,아이디 입력 후 접속 오류,기존에 사용하던 계정으로 접속되지 않아 문의드립니다. 처리 방법을 안내해주세요.,회원,로그인,S004,로그인 오류,Y,Y,Y
VOC07779,보상 처리 단계 문의 확인 부탁드립니다.,사건번호 [사건번호]와 관련해 현재 처리 단계를 확인하고 싶습니다.,사고,처리현황,S012,사고 처리 진행 문의,Y,Y,Y
VOC05604,앱 회원 탈퇴 방법 문의,더 이상 서비스를 이용하지 않아 회원 탈퇴를 진행하고 싶습니다.,회원,계정관리,S009,회원 탈퇴,Y,Y,Y
VOC06115,잘못 차감된 포인트 문의 관련 기준도 함께 알려주세요.,결제를 취소했는데 차감된 포인트가 복구되지 않았습니다.,포인트,차감,S010,포인트 오차감,Y,Y,Y
VOC01587,보유 포인트 사용 방법,현재 보유한 포인트를 어디에서 사용할 수 있는지 안내 부탁드립니다. 이전에 정상적으로 이용한 적이 있습니다.,포인트,사용,S003,포인트 사용처 문의,Y,Y,Y
VOC08396,계약 차량 정보 불일치,계약 기간과 보험료 정보가 가입 당시 안내와 다르게 표시됩니다. 필요한 확인 항목이 있다면 안내 부탁드립니다.,보험,계약정보,S013,계약정보 불일치,Y,Y,Y
VOC03070,비밀번호 찾기 인증 오류,본인 인증 후 비밀번호 재설정 화면으로 이동하지 않습니다.,회원,계정관리,S005,비밀번호 재설정,Y,Y,Y
VOC01506,보유 포인트 사용 방법,보험료 결제 외에도 포인트를 사용할 수 있는 곳이 있나요? 빠른 확인 요청드립니다.,포인트,사용,S003,포인트 사용처 문의,Y,Y,Y
VOC03621,주행기록이 보이지 않습니다,운전을 완료했지만 최근 주행 목록에 추가되지 않았습니다.,주행,주행기록,S006,주행기록 미반영,Y,Y,Y
VOC07961,사건번호 처리 상태 확인 관련 기준도 함께 알려주세요.,보상 심사가 어느 단계까지 진행됐는지 확인 부탁드립니다.,사고,처리현황,S012,사고 처리 진행 문의,Y,Y,Y
VOC08343,계약 차량 정보 불일치 관련 기준도 함께 알려주세요.,보험 계약 정보 중 일부 항목이 잘못되어 수정 요청드립니다.,보험,계약정보,S013,계약정보 불일치,Y,Y,Y
VOC04003,주행점수 할인 확인 요청,앱에는 할인 대상이라고 나오는데 실제 보험료에 적용됐는지 알고 싶습니다. 이전에 정상적으로 이용한 적이 있습니다.,보험,할인,S007,보험료 할인 적용 문의,Y,Y,Y
VOC01006,운전 후 포인트 반영 시간 문의,[주행종료시간]에 주행을 종료했습니다. 포인트 반영 예정 시간을 알고 싶습니다.,포인트,적립,S002,주행 포인트 적립 지연,Y,Y,Y
VOC00708,포인트 적립 처리 중 문의,주행 후 몇 시간이 지났는데 아직 적립 대기 상태입니다.,포인트,적립,S002,주행 포인트 적립 지연,Y,Y,Y
VOC00217,주행 포인트 미적립 문의 관련 기준도 함께 알려주세요.,[날짜]에 주행을 완료했는데 포인트가 아직 적립되지 않았습니다. 처리 방법을 안내해주세요.,포인트,적립,S001,주행 포인트 미적립,Y,Y,Y
VOC00562,주행 포인트가 적립되지 않았습니다,운전 기록은 정상적으로 보이지만 포인트가 들어오지 않았습니다.,포인트,적립,S001,주행 포인트 미적립,Y,Y,Y
VOC01666,적립 포인트는 어디서 쓰나요,앱에 [차감금액] 포인트가 있는데 사용 가능한 항목을 확인하고 싶습니다.,포인트,사용,S003,포인트 사용처 문의,Y,Y,Y
VOC03890,최근 주행기록 누락 문의 관련 기준도 함께 알려주세요.,운전을 완료했지만 최근 주행 목록에 추가되지 않았습니다.,주행,주행기록,S006,주행기록 미반영,Y,Y,Y
VOC00282,주행 포인트가 적립되지 않았습니다,[주행구간] 구간을 운전했는데 적립 내역이 확인되지 않습니다.,포인트,적립,S001,주행 포인트 미적립,Y,Y,Y
VOC06905,서비스 실행 불가 문의 관련 기준도 함께 알려주세요.,특정 메뉴에 들어가면 화면이 멈추는 현상이 반복됩니다. 처리 방법을 안내해주세요.,앱,오류,S011,앱 실행 오류,Y,Y,Y
VOC01300,주행 포인트는 언제 들어오나요 관련 기준도 함께 알려주세요.,오늘 주행을 마쳤는데 포인트가 아직 반영되지 않았습니다. 보통 얼마나 걸리나요?,포인트,적립,S002,주행 포인트 적립 지연,Y,Y,Y
VOC05520,앱 회원 탈퇴 방법 문의,앱에서 탈퇴 메뉴를 찾을 수 없어 문의드립니다.,회원,계정관리,S009,회원 탈퇴,Y,Y,Y
VOC04172,계약 할인 적용 상태 문의,안전운전 점수와 보험료 할인 적용 기준을 안내해주세요. 앱에서 확인이 어려워 문의드립니다.,보험,할인,S007,보험료 할인 적용 문의,Y,Y,Y
VOC09561,주행 포인트 산정 방법 문의,포인트 지급 대상과 제외 조건을 자세히 안내해주세요. 이전에 정상적으로 이용한 적이 있습니다.,포인트,적립기준,S015,포인트 적립 기준 문의,Y,Y,Y
VOC02582,아이디 입력 후 접속 오류,로그인 버튼을 눌러도 화면이 그대로입니다.,회원,로그인,S004,로그인 오류,Y,Y,Y
VOC03160,새 비밀번호 등록 문의 처리 방법을 안내해주세요.,새 비밀번호를 입력했지만 변경이 완료되지 않습니다.,회원,계정관리,S005,비밀번호 재설정,Y,Y,Y
VOC06985,앱이 계속 종료됩니다 빠른 확인 요청드립니다.,업데이트 이후 첫 화면에서 멈추고 다음으로 넘어가지 않습니다. 앱을 다시 실행해도 같은 상태입니다.,앱,오류,S011,앱 실행 오류,Y,Y,Y
VOC05660,앱 회원 탈퇴 방법 문의,앱에서 탈퇴 메뉴를 찾을 수 없어 문의드립니다. 앱에서 확인이 어려워 문의드립니다. 동일 현상이 반복되고 있습니다.,회원,계정관리,S009,회원 탈퇴,Y,Y,Y
VOC02298,로그인 화면에서 넘어가지 않아요,로그인 버튼을 눌러도 화면이 그대로입니다.,회원,로그인,S004,로그인 오류,Y,Y,Y
VOC03440,운전한 내역이 앱에 없습니다,운전을 완료했지만 최근 주행 목록에 추가되지 않았습니다. 관련 기준도 함께 알려주세요. 현재 화면에서 직접 수정할 수 없습니다.,주행,주행기록,S006,주행기록 미반영,Y,Y,Y
VOC03360,최근 주행기록 누락 문의,운전을 완료했지만 최근 주행 목록에 추가되지 않았습니다. 앱에서 확인이 어려워 문의드립니다.,주행,주행기록,S006,주행기록 미반영,Y,Y,Y
VOC09546,포인트 적립 기준이 궁금합니다,주행거리와 운전점수에 따라 포인트가 어떻게 산정되는지 알고 싶습니다. 처리 방법을 안내해주세요.,포인트,적립기준,S015,포인트 적립 기준 문의,Y,Y,Y
VOC01498,포인트를 사용할 수 있는 곳 앱에서 확인이 어려워 문의드립니다.,포인트 사용 가능한 서비스와 제한 조건이 궁금합니다.,포인트,사용,S003,포인트 사용처 문의,Y,Y,Y
VOC09135,회원정보의 전화번호가 다릅니다 관련 기준도 함께 알려주세요.,기존 번호 [기존전화번호]에서 새 번호 [새전화번호]로 변경하고 싶습니다.,회원,회원정보,S014,휴대전화 번호 변경,Y,Y,Y
VOC06986,앱 실행 중 오류가 발생합니다 확인 부탁드립니다.,재설치 후에도 동일하게 앱이 강제 종료됩니다. 이전에 정상적으로 이용한 적이 있습니다.,앱,오류,S011,앱 실행 오류,Y,Y,Y
VOC00303,포인트가 누락된 것 같습니다 처리 방법을 안내해주세요.,[주행구간] 구간을 운전했는데 적립 내역이 확인되지 않습니다.,포인트,적립,S001,주행 포인트 미적립,Y,Y,Y
VOC01525,포인트 사용처가 확인하고 싶습니다,적립된 포인트의 사용처와 사용 절차를 안내 부탁드립니다.,포인트,사용,S003,포인트 사용처 문의,Y,Y,Y
VOC00315,포인트가 누락된 것 같습니다,주행 조건을 충족한 것으로 보이는데 포인트가 0으로 표시됩니다.,포인트,적립,S001,주행 포인트 미적립,Y,Y,Y
VOC04132,계약 할인 적용 상태 문의,앱에는 할인 대상이라고 나오는데 실제 보험료에 적용됐는지 알고 싶습니다. 동일 현상이 반복되고 있습니다.,보험,할인,S007,보험료 할인 적용 문의,Y,Y,Y
VOC01730,포인트 사용처가 궁금합니다 확인 부탁드립니다.,적립된 포인트의 사용처와 사용 절차를 안내 부탁드립니다.,포인트,사용,S003,포인트 사용처 문의,Y,Y,Y
VOC04734,앱 차량정보 수정 문의 관련 기준도 함께 알려주세요.,차량을 교체해서 앱의 등록 정보를 수정하고 싶습니다. 빠른 확인 요청드립니다.,차량,차량정보,S008,차량정보 변경,Y,Y,Y
VOC06563,포인트 차감 내역이 이상합니다,포인트 내역에 알 수 없는 차감 기록이 있습니다.,포인트,차감,S010,포인트 오차감,Y,Y,Y
VOC02476,아이디 입력 후 접속 오류,기존에 사용하던 계정으로 접속되지 않아 문의드립니다.,회원,로그인,S004,로그인 오류,Y,Y,Y
VOC03605,운전한 내역이 앱에 없습니다,주행 종료 후에도 거리와 시간이 0으로 표시됩니다. 필요한 확인 항목이 있다면 안내 부탁드립니다.,주행,주행기록,S006,주행기록 미반영,Y,Y,Y
VOC01556,적립 포인트는 어디서 쓰나요,현재 보유한 포인트를 어디에서 사용할 수 있는지 알려주세요.,포인트,사용,S003,포인트 사용처 문의,Y,Y,Y
VOC06992,앱 화면이 멈춥니다,특정 메뉴에 들어가면 화면이 멈추는 현상이 반복됩니다.,앱,오류,S011,앱 실행 오류,Y,Y,Y
VOC00839,주행 포인트는 언제 들어오나요,"포인트가 바로 들어오는지, 일정 시간이 필요한지 문의드립니다. 앱에서 확인이 어려워 문의드립니다.",포인트,적립,S002,주행 포인트 적립 지연,Y,Y,Y
VOC08680,휴대전화 번호를 변경하고 싶습니다,새 번호로 본인 인증을 진행하는 방법을 알려주세요.,회원,회원정보,S014,휴대전화 번호 변경,Y,Y,Y
VOC01332,주행 포인트는 언제 들어오나요,방금 운전한 기록은 보이는데 포인트는 처리 중으로 표시됩니다. 앱에서 확인이 어려워 문의드립니다. 앱을 다시 실행해도 같은 상태입니다.,포인트,적립,S002,주행 포인트 적립 지연,Y,Y,Y
VOC08061,계약정보가 다르게 표시됩니다,앱에 표시된 계약자명이 [계약자명]으로 되어 있는데 실제 정보와 다릅니다.,보험,계약정보,S013,계약정보 불일치,Y,Y,Y
VOC05599,서비스 계정을 삭제하고 싶어요,회원 탈퇴 시 남은 포인트와 주행기록이 어떻게 처리되는지 궁금합니다. 처리 방법을 안내해주세요.,회원,계정관리,S009,회원 탈퇴,Y,Y,Y
VOC04694,앱 차량정보 수정 문의 관련 기준도 함께 알려주세요.,보험 계약 차량은 변경됐는데 앱에는 이전 차량이 표시됩니다.,차량,차량정보,S008,차량정보 변경,Y,Y,Y
VOC09577,운전점수와 포인트 관계,급가속이나 급감속 기록이 포인트 적립에 영향을 주나요?,포인트,적립기준,S015,포인트 적립 기준 문의,Y,Y,Y
VOC09145,회원정보의 전화번호가 다릅니다,휴대전화 번호를 바꿨는데 앱 회원정보에는 이전 번호가 표시됩니다.,회원,회원정보,S014,휴대전화 번호 변경,Y,Y,Y
VOC01066,운전 후 포인트 반영 시간 문의,방금 운전한 기록은 보이는데 포인트는 처리 중으로 표시됩니다.,포인트,적립,S002,주행 포인트 적립 지연,Y,Y,Y
VOC09576,주행 포인트 산정 방법 문의,급가속이나 급감속 기록이 포인트 적립에 영향을 주나요?,포인트,적립기준,S015,포인트 적립 기준 문의,Y,Y,Y
VOC09678,포인트 지급 조건 안내 요청 관련 기준도 함께 알려주세요.,주행거리와 운전점수에 따라 포인트가 어떻게 산정되는지 알고 싶습니다.,포인트,적립기준,S015,포인트 적립 기준 문의,Y,Y,Y
VOC04296,보험료 할인 혜택이 궁금합니다,증권번호 [증권번호] 계약에 안전운전 할인이 적용됐는지 확인하고 싶습니다. 동일 현상이 반복되고 있습니다.,보험,할인,S007,보험료 할인 적용 문의,Y,Y,Y
VOC06354,포인트가 갑자기 줄었습니다 확인 부탁드립니다.,포인트 내역에 알 수 없는 차감 기록이 있습니다.,포인트,차감,S010,포인트 오차감,Y,Y,Y
VOC01137,포인트가 아직 처리되지 않았어요,오늘 주행을 마쳤는데 포인트가 아직 반영되지 않았습니다. 보통 얼마나 걸리나요?,포인트,적립,S002,주행 포인트 적립 지연,Y,Y,Y
VOC05994,가입 정보 삭제 요청 빠른 확인 요청드립니다.,앱에서 탈퇴 메뉴를 찾을 수 없어 문의드립니다.,회원,계정관리,S009,회원 탈퇴,Y,Y,Y
VOC09245,기존 전화번호 변경 문의,등록된 연락처가 실제 사용하는 번호와 달라 수정 요청드립니다. 필요한 확인 항목이 있다면 안내 부탁드립니다.,회원,회원정보,S014,휴대전화 번호 변경,Y,Y,Y
VOC06679,앱이 계속 종료됩니다,특정 메뉴에 들어가면 화면이 멈추는 현상이 반복됩니다. 필요한 확인 항목이 있다면 안내 부탁드립니다.,앱,오류,S011,앱 실행 오류,Y,Y,Y
VOC09798,포인트 지급 조건 안내 요청 확인 부탁드립니다.,급가속이나 급감속 기록이 포인트 적립에 영향을 주나요?,포인트,적립기준,S015,포인트 적립 기준 문의,Y,Y,Y
VOC03987,주행 데이터가 반영되지 않았어요 관련 기준도 함께 알려주세요.,주행 종료 후에도 거리와 시간이 0으로 표시됩니다. 앱을 다시 실행해도 같은 상태입니다.,주행,주행기록,S006,주행기록 미반영,Y,Y,Y
VOC07822,접수한 사고는 어떻게 진행되고 있나요,사건번호 [사건번호]와 관련해 현재 처리 단계를 확인하고 싶습니다.,사고,처리현황,S012,사고 처리 진행 문의,Y,Y,Y
VOC08827,새 번호로 인증받고 싶어요,새 번호로 본인 인증을 진행하는 방법을 알려주세요.,회원,회원정보,S014,휴대전화 번호 변경,Y,Y,Y
VOC04662,안전운전 할인 적용 여부 문의,갱신 계약에 주행분석 할인 혜택이 반영되는지 문의드립니다.,보험,할인,S007,보험료 할인 적용 문의,Y,Y,Y
VOC06214,잘못 차감된 포인트 문의,포인트 사용 이력과 실제 잔액이 맞지 않습니다.,포인트,차감,S010,포인트 오차감,Y,Y,Y
VOC09028,회원정보의 전화번호가 다릅니다,휴대전화 번호를 바꿨는데 앱 회원정보에는 이전 번호가 표시됩니다. 앱을 다시 실행해도 같은 상태입니다.,회원,회원정보,S014,휴대전화 번호 변경,Y,Y,Y
VOC05452,서비스 계정을 삭제하고 싶어요,회원 탈퇴 시 남은 포인트와 주행기록이 어떻게 처리되는지 궁금합니다.,회원,계정관리,S009,회원 탈퇴,Y,Y,Y
VOC06053,포인트 잔액 오류,어제 확인한 잔액과 오늘 잔액이 달라서 확인 요청드립니다.,포인트,차감,S010,포인트 오차감,Y,Y,Y
VOC07311,앱 화면이 멈춥니다,재설치 후에도 동일하게 앱이 강제 종료됩니다. 필요한 확인 항목이 있다면 안내 부탁드립니다.,앱,오류,S011,앱 실행 오류,Y,Y,Y
VOC03740,앱에서 운전 기록 확인 불가,해당 시간대의 운전 내역이 누락되어 확인 요청드립니다.,주행,주행기록,S006,주행기록 미반영,Y,Y,Y
VOC09441,포인트 지급 조건 안내 요청,주행거리와 운전점수에 따라 포인트가 어떻게 산정되는지 알고 싶습니다.,포인트,적립기준,S015,포인트 적립 기준 문의,Y,Y,Y
VOC01497,적립 포인트는 어디서 쓰나요,포인트 사용 가능한 서비스와 제한 조건이 궁금합니다.,포인트,사용,S003,포인트 사용처 문의,Y,Y,Y
VOC06123,포인트 잔액 오류,사용한 적이 없는데 [금액] 포인트가 차감된 것으로 표시됩니다.,포인트,차감,S010,포인트 오차감,Y,Y,Y
VOC04563,주행점수 할인 확인 요청,갱신 계약에 주행분석 할인 혜택이 반영되는지 문의드립니다.,보험,할인,S007,보험료 할인 적용 문의,Y,Y,Y
VOC07305,앱 실행 중 오류가 발생합니다,앱을 열면 흰 화면만 보이고 아무 기능도 사용할 수 없습니다. 필요한 확인 항목이 있다면 안내 부탁드립니다.,앱,오류,S011,앱 실행 오류,Y,Y,Y
VOC07020,앱이 계속 종료됩니다,재설치 후에도 동일하게 앱이 강제 종료됩니다. 현재 화면에서 직접 수정할 수 없습니다.,앱,오류,S011,앱 실행 오류,Y,Y,Y
VOC01408,포인트 사용처가 궁금합니다,앱에 [차감금액] 포인트가 있는데 사용 가능한 항목을 확인하고 싶습니다.,포인트,사용,S003,포인트 사용처 문의,Y,Y,Y
VOC02589,아이디 입력 후 접속 오류 관련 기준도 함께 알려주세요.,기존에 사용하던 계정으로 접속되지 않아 문의드립니다.,회원,로그인,S004,로그인 오류,Y,Y,Y
VOC06957,앱 실행 중 오류가 발생합니다,앱을 실행하면 [오류코드] 오류가 표시되고 바로 종료됩니다. 이전에 정상적으로 이용한 적이 있습니다.,앱,오류,S011,앱 실행 오류,Y,Y,Y
VOC06610,포인트가 갑자기 줄었습니다,사용한 적이 없는데 [금액] 포인트가 차감된 것으로 표시됩니다. 확인 부탁드립니다.,포인트,차감,S010,포인트 오차감,Y,Y,Y
VOC06864,앱 실행 중 오류가 발생합니다,업데이트 이후 첫 화면에서 멈추고 다음으로 넘어가지 않습니다.,앱,오류,S011,앱 실행 오류,Y,Y,Y
VOC06111,포인트 차감 내역이 이상합니다,포인트 사용 이력과 실제 잔액이 맞지 않습니다.,포인트,차감,S010,포인트 오차감,Y,Y,Y
VOC03448,최근 주행기록 누락 문의 관련 기준도 함께 알려주세요.,해당 시간대의 운전 내역이 누락되어 확인 요청드립니다. 이전에 정상적으로 이용한 적이 있습니다.,주행,주행기록,S006,주행기록 미반영,Y,Y,Y
VOC09113,등록 연락처 수정 요청 빠른 확인 요청드립니다.,휴대전화 번호를 바꿨는데 앱 회원정보에는 이전 번호가 표시됩니다.,회원,회원정보,S014,휴대전화 번호 변경,Y,Y,Y
VOC08638,앱의 계약 내용이 맞지 않아요,앱에 표시된 계약자명이 [이름]으로 되어 있는데 실제 정보와 다릅니다. 빠른 확인 요청드립니다.,보험,계약정보,S013,계약정보 불일치,Y,Y,Y
VOC09998,포인트 적립 기준이 궁금합니다 확인 부탁드립니다.,포인트를 받기 위한 최소 주행 조건이 확인하고 싶습니다. 확인 부탁드립니다.,포인트,적립기준,S015,포인트 적립 기준 문의,Y,Y,Y
VOC05551,회원 탈퇴를 요청합니다,앱에서 탈퇴 메뉴를 찾을 수 없어 문의드립니다. 빠른 확인 요청드립니다.,회원,계정관리,S009,회원 탈퇴,Y,Y,Y
VOC05238,새 차량으로 바꾸고 싶어요 빠른 확인 요청드립니다.,차량번호 변경 후 주행 서비스 연결 방법을 확인 요청드립니다.,차량,차량정보,S008,차량정보 변경,Y,Y,Y
VOC05665,앱 회원 탈퇴 방법 문의,회원 탈퇴 시 남은 포인트와 주행기록이 어떻게 처리되는지 궁금합니다. 빠른 확인 요청드립니다. 동일 현상이 반복되고 있습니다.,회원,계정관리,S009,회원 탈퇴,Y,Y,Y
VOC09368,주행 포인트 산정 방법 문의,포인트 지급 대상과 제외 조건을 자세히 안내해주세요.,포인트,적립기준,S015,포인트 적립 기준 문의,Y,Y,Y
VOC00867,포인트 적립 처리 중 문의,오늘 주행을 마쳤는데 포인트가 아직 반영되지 않았습니다. 보통 얼마나 걸리나요? 앱에서 확인이 어려워 문의드립니다.,포인트,적립,S002,주행 포인트 적립 지연,Y,Y,Y
VOC02130,앱 로그인이 되지 않습니다 처리 방법을 안내해주세요.,기존에 사용하던 계정으로 접속되지 않아 문의합니다.,회원,로그인,S004,로그인 오류,Y,Y,Y
VOC06381,포인트 차감 내역이 이상합니다,결제를 취소했는데 차감된 포인트가 복구되지 않았습니다.,포인트,차감,S010,포인트 오차감,Y,Y,Y
VOC01415,포인트 사용 가능 서비스 문의,적립된 포인트의 사용처와 사용 절차를 안내 부탁드립니다. 앱을 다시 실행해도 같은 상태입니다.,포인트,사용,S003,포인트 사용처 문의,Y,Y,Y
VOC02082,계정 접속이 불가능합니다,여러 번 시도했지만 인증 후 다시 로그인 화면으로 돌아옵니다. 이전에 정상적으로 이용한 적이 있습니다.,회원,로그인,S004,로그인 오류,Y,Y,Y
VOC05559,앱 회원 탈퇴 방법 문의 앱에서 확인이 어려워 문의드립니다.,더 이상 서비스를 이용하지 않아 회원 탈퇴를 진행하고 싶습니다.,회원,계정관리,S009,회원 탈퇴,Y,Y,Y
VOC04500,보험료 할인 혜택이 궁금합니다,안전운전 점수와 보험료 할인 적용 기준을 안내해주세요. 필요한 확인 항목이 있다면 안내 부탁드립니다.,보험,할인,S007,보험료 할인 적용 문의,Y,Y,Y
VOC04512,안전운전 할인 적용 여부 문의,현재 운전점수 기준으로 받을 수 있는 보험료 할인율이 궁금합니다.,보험,할인,S007,보험료 할인 적용 문의,Y,Y,Y
VOC05560,가입 정보 삭제 요청 처리 방법을 안내해주세요.,더 이상 서비스를 이용하지 않아 회원 탈퇴를 진행하고 싶습니다.,회원,계정관리,S009,회원 탈퇴,Y,Y,Y
VOC01597,포인트를 사용할 수 있는 곳,포인트 사용 가능한 서비스와 제한 조건이 확인하고 싶습니다.,포인트,사용,S003,포인트 사용처 문의,Y,Y,Y
VOC03957,최근 주행기록 누락 문의,차량은 정상적으로 운행했는데 주행 데이터가 수집되지 않은 것 같습니다. 처리 방법을 안내해주세요.,주행,주행기록,S006,주행기록 미반영,Y,Y,Y
VOC06027,잘못 차감된 포인트 문의 처리 방법을 안내해주세요.,결제를 취소했는데 차감된 포인트가 복구되지 않았습니다.,포인트,차감,S010,포인트 오차감,Y,Y,Y
VOC03804,주행 데이터가 반영되지 않았어요 관련 기준도 함께 알려주세요.,[날짜]에 [출발지]에서 [도착지]까지 구간을 운전했는데 앱에서 기록이 보이지 않습니다.,주행,주행기록,S006,주행기록 미반영,Y,Y,Y
VOC01295,포인트 반영이 늦어지고 있습니다 처리 방법을 안내해주세요.,오늘 주행을 마쳤는데 포인트가 아직 반영되지 않았습니다. 보통 얼마나 걸리나요?,포인트,적립,S002,주행 포인트 적립 지연,Y,Y,Y
VOC07794,사고 처리 진행 상황 문의 처리 방법을 안내해주세요.,사고 접수 이후 진행 상황 안내를 받지 못했습니다.,사고,처리현황,S012,사고 처리 진행 문의,Y,Y,Y
VOC02739,새 비밀번호 등록 문의 관련 기준도 함께 알려주세요.,비밀번호 찾기 과정에서 [전화번호]로 인증번호가 오지 않습니다.,회원,계정관리,S005,비밀번호 재설정,Y,Y,Y
VOC08849,휴대전화 번호를 변경하고 싶습니다,등록된 연락처가 실제 사용하는 번호와 달라 수정 요청드립니다.,회원,회원정보,S014,휴대전화 번호 변경,Y,Y,Y
VOC06648,포인트 차감 내역이 이상합니다,포인트 내역에 알 수 없는 차감 기록이 있습니다.,포인트,차감,S010,포인트 오차감,Y,Y,Y
VOC07165,앱 화면이 멈춥니다,재설치 후에도 동일하게 앱이 강제 종료됩니다.,앱,오류,S011,앱 실행 오류,Y,Y,Y
VOC05057,차량을 변경했습니다,기존 차량 [기존차량번호]에서 새 차량 [새차량번호]로 변경했습니다.,차량,차량정보,S008,차량정보 변경,Y,Y,Y
VOC01678,포인트를 사용할 수 있는 곳 빠른 확인 요청드립니다.,앱에 [금액] 포인트가 있는데 사용 가능한 항목을 확인하고 싶습니다.,포인트,사용,S003,포인트 사용처 문의,Y,Y,Y
VOC07664,사건번호 처리 상태 확인,보상 심사가 어느 단계까지 진행됐는지 확인 부탁드립니다.,사고,처리현황,S012,사고 처리 진행 문의,Y,Y,Y
VOC06696,서비스 실행 불가 문의,앱을 실행하면 [오류코드] 오류가 표시되고 바로 종료됩니다.,앱,오류,S011,앱 실행 오류,Y,Y,Y
VOC03037,비밀번호가 기억나지 않아요,본인 인증 후 비밀번호 재설정 화면으로 이동하지 않습니다. 필요한 확인 항목이 있다면 안내 부탁드립니다.,회원,계정관리,S005,비밀번호 재설정,Y,Y,Y
VOC08335,계약 차량 정보 불일치,증권번호 [계약번호]의 차량정보가 현재 차량과 일치하지 않습니다.,보험,계약정보,S013,계약정보 불일치,Y,Y,Y
VOC09933,주행 포인트 산정 방법 문의,짧은 거리 주행도 포인트 적립 대상인지 문의드립니다.,포인트,적립기준,S015,포인트 적립 기준 문의,Y,Y,Y
VOC09047,휴대전화 번호를 변경하고 싶습니다,등록된 연락처가 실제 사용하는 번호와 달라 수정 요청드립니다.,회원,회원정보,S014,휴대전화 번호 변경,Y,Y,Y
VOC02357,앱 로그인이 되지 않습니다,아이디와 비밀번호를 입력해도 로그인 오류가 발생합니다.,회원,로그인,S004,로그인 오류,Y,Y,Y
VOC06705,앱이 계속 종료됩니다,앱을 실행하면 [오류코드] 오류가 표시되고 바로 종료됩니다.,앱,오류,S011,앱 실행 오류,Y,Y,Y
VOC05765,회원 탈퇴를 요청합니다 빠른 확인 요청드립니다.,앱에서 탈퇴 메뉴를 찾을 수 없어 문의드립니다.,회원,계정관리,S009,회원 탈퇴,Y,Y,Y
VOC03718,주행 데이터가 반영되지 않았어요,운전을 완료했지만 최근 주행 목록에 추가되지 않았습니다.,주행,주행기록,S006,주행기록 미반영,Y,Y,Y
VOC01267,주행 포인트는 언제 들어오나요 처리 방법을 안내해주세요.,"포인트가 바로 들어오는지, 일정 시간이 필요한지 문의드립니다.",포인트,적립,S002,주행 포인트 적립 지연,Y,Y,Y
VOC01935,포인트 사용처가 확인하고 싶습니다,포인트 사용 가능한 서비스와 제한 조건이 궁금합니다. 확인 부탁드립니다.,포인트,사용,S003,포인트 사용처 문의,Y,Y,Y
VOC03013,비밀번호를 재설정하고 싶습니다,비밀번호 찾기 과정에서 [기존전화번호]로 인증번호가 오지 않습니다. 확인 부탁드립니다.,회원,계정관리,S005,비밀번호 재설정,Y,Y,Y
VOC04637,보험료 할인 혜택이 궁금합니다 확인 부탁드립니다.,앱에는 할인 대상이라고 나오는데 실제 보험료에 적용됐는지 알고 싶습니다. 빠른 확인 요청드립니다.,보험,할인,S007,보험료 할인 적용 문의,Y,Y,Y
VOC05290,기존 차량 삭제 후 신규 등록,기존 차량을 삭제하고 새 차량을 등록하는 방법을 확인 부탁드립니다.,차량,차량정보,S008,차량정보 변경,Y,Y,Y
VOC05661,가입 정보 삭제 요청,더 이상 서비스를 이용하지 않아 회원 탈퇴를 진행하고 싶습니다.,회원,계정관리,S009,회원 탈퇴,Y,Y,Y
VOC07078,서비스 실행 불가 문의,특정 메뉴에 들어가면 화면이 멈추는 현상이 반복됩니다.,앱,오류,S011,앱 실행 오류,Y,Y,Y
VOC04265,주행점수 할인 확인 요청,앱에는 할인 대상이라고 나오는데 실제 보험료에 적용됐는지 알고 싶습니다. 관련 기준도 함께 알려주세요.,보험,할인,S007,보험료 할인 적용 문의,Y,Y,Y
VOC09705,운전점수와 포인트 관계,포인트 지급 대상과 제외 조건을 자세히 안내해주세요.,포인트,적립기준,S015,포인트 적립 기준 문의,Y,Y,Y
VOC00810,주행 포인트는 언제 들어오나요 처리 방법을 안내해주세요.,[주행종료시간]에 주행을 종료했습니다. 포인트 반영 예정 시간을 알고 싶습니다. 앱에서 확인이 어려워 문의드립니다.,포인트,적립,S002,주행 포인트 적립 지연,Y,Y,Y
VOC09107,휴대전화 번호를 변경하고 싶습니다,기존 번호 [전화번호]에서 새 번호 [변경전화번호]로 변경하고 싶습니다. 필요한 확인 항목이 있다면 안내 부탁드립니다.,회원,회원정보,S014,휴대전화 번호 변경,Y,Y,Y
VOC09084,기존 전화번호 변경 문의,등록된 연락처가 실제 사용하는 번호와 달라 수정 요청드립니다.,회원,회원정보,S014,휴대전화 번호 변경,Y,Y,Y
VOC05748,앱 회원 탈퇴 방법 문의,계정과 저장된 개인정보를 삭제하는 절차를 알려주세요. 앱에서 확인이 어려워 문의드립니다. 필요한 확인 항목이 있다면 안내 부탁드립니다.,회원,계정관리,S009,회원 탈퇴,Y,Y,Y
VOC09183,회원정보의 전화번호가 다릅니다,새 번호로 본인 인증을 진행하는 방법을 알려주세요. 처리 방법을 안내해주세요.,회원,회원정보,S014,휴대전화 번호 변경,Y,Y,Y
VOC00817,포인트가 아직 처리되지 않았어요 앱에서 확인이 어려워 문의드립니다.,오늘 주행을 마쳤는데 포인트가 아직 반영되지 않았습니다. 보통 얼마나 걸리나요?,포인트,적립,S002,주행 포인트 적립 지연,Y,Y,Y
VOC03871,운전한 내역이 앱에 없습니다 확인 부탁드립니다.,운전을 완료했지만 최근 주행 목록에 추가되지 않았습니다.,주행,주행기록,S006,주행기록 미반영,Y,Y,Y
VOC04322,주행점수 할인 확인 요청,앱에는 할인 대상이라고 나오는데 실제 보험료에 적용됐는지 알고 싶습니다.,보험,할인,S007,보험료 할인 적용 문의,Y,Y,Y
VOC08930,회원정보의 전화번호가 다릅니다,등록된 연락처가 실제 사용하는 번호와 달라 수정 요청드립니다. 현재 화면에서 직접 수정할 수 없습니다.,회원,회원정보,S014,휴대전화 번호 변경,Y,Y,Y
VOC06602,포인트 차감 내역이 이상합니다,포인트 내역에 알 수 없는 차감 기록이 있습니다. 이전에 정상적으로 이용한 적이 있습니다.,포인트,차감,S010,포인트 오차감,Y,Y,Y
VOC09511,주행 포인트 산정 방법 문의,짧은 거리 주행도 포인트 적립 대상인지 문의합니다. 이전에 정상적으로 이용한 적이 있습니다.,포인트,적립기준,S015,포인트 적립 기준 문의,Y,Y,Y
VOC05034,새 차량으로 바꾸고 싶어요,기존 차량 [차량번호]에서 새 차량 [새차량번호]로 변경했습니다. 관련 기준도 함께 알려주세요.,차량,차량정보,S008,차량정보 변경,Y,Y,Y
VOC01455,포인트 사용처가 궁금합니다,앱에 [차감금액] 포인트가 있는데 사용 가능한 항목을 확인하고 싶습니다.,포인트,사용,S003,포인트 사용처 문의,Y,Y,Y
VOC02806,비밀번호 찾기 인증 오류,새 비밀번호를 입력했지만 변경이 완료정상적으로 처리되지 않습니다. 앱에서 확인이 어려워 문의드립니다.,회원,계정관리,S005,비밀번호 재설정,Y,Y,Y
VOC07879,보상 처리 단계 문의,보상 심사가 어느 단계까지 진행됐는지 확인 부탁드립니다. 이전에 정상적으로 이용한 적이 있습니다.,사고,처리현황,S012,사고 처리 진행 문의,Y,Y,Y
VOC01709,포인트 사용 가능 서비스 문의,현재 보유한 포인트를 어디에서 사용할 수 있는지 알려주세요. 처리 방법을 안내해주세요. 이전에 정상적으로 이용한 적이 있습니다.,포인트,사용,S003,포인트 사용처 문의,Y,Y,Y
VOC03485,운전한 내역이 앱에 없습니다,해당 시간대의 운전 내역이 누락되어 확인 요청드립니다.,주행,주행기록,S006,주행기록 미반영,Y,Y,Y
VOC09534,주행 포인트 산정 방법 문의,포인트를 받기 위한 최소 주행 조건이 안내받고 싶습니다.,포인트,적립기준,S015,포인트 적립 기준 문의,Y,Y,Y
VOC04238,계약 할인 적용 상태 문의,앱에는 할인 대상이라고 나오는데 실제 보험료에 적용됐는지 알고 싶습니다.,보험,할인,S007,보험료 할인 적용 문의,Y,Y,Y
VOC04175,보험료 할인이 반영됐나요 처리 방법을 안내해주세요.,안전운전 점수와 보험료 할인 적용 기준을 안내해주세요. 필요한 확인 항목이 있다면 안내 부탁드립니다.,보험,할인,S007,보험료 할인 적용 문의,Y,Y,Y
VOC06286,포인트 차감 내역이 이상합니다,사용한 적이 없는데 [차감금액] 포인트가 차감된 것으로 표시됩니다. 현재 화면에서 직접 수정할 수 없습니다.,포인트,차감,S010,포인트 오차감,Y,Y,Y
VOC01136,포인트 적립 처리 중 문의 빠른 확인 요청드립니다.,[접수시간]에 주행을 종료했습니다. 포인트 반영 예정 시간을 알고 싶습니다.,포인트,적립,S002,주행 포인트 적립 지연,Y,Y,Y
VOC08369,앱의 계약 내용이 맞지 않아요,증권번호 [증권번호]의 차량정보가 현재 차량과 일치하지 않습니다.,보험,계약정보,S013,계약정보 불일치,Y,Y,Y
VOC04320,계약 할인 적용 상태 문의 처리 방법을 안내해주세요.,갱신 계약에 주행분석 할인 혜택이 반영되는지 문의드립니다.,보험,할인,S007,보험료 할인 적용 문의,Y,Y,Y
VOC05231,등록 차량 변경 요청,보험 계약 차량은 변경됐는데 앱에는 이전 차량이 표시됩니다.,차량,차량정보,S008,차량정보 변경,Y,Y,Y
VOC00505,주행 포인트가 적립되지 않았습니다,[주행구간] 구간을 운전했는데 적립 내역이 확인되지 않습니다.,포인트,적립,S001,주행 포인트 미적립,Y,Y,Y
VOC02503,계속 로그인에 실패합니다,[오류코드] 메시지가 표시되면서 앱에 접속할 수 없습니다.,회원,로그인,S004,로그인 오류,Y,Y,Y
VOC05502,더 이상 서비스를 이용하지 않습니다,회원 탈퇴 시 남은 포인트와 주행기록이 어떻게 처리되는지 궁금합니다.,회원,계정관리,S009,회원 탈퇴,Y,Y,Y
VOC00843,포인트 반영이 늦어지고 있습니다 확인 부탁드립니다.,오늘 주행을 마쳤는데 포인트가 아직 반영되지 않았습니다. 보통 얼마나 걸리나요?,포인트,적립,S002,주행 포인트 적립 지연,Y,Y,Y
VOC02203,로그인 화면에서 넘어가지 않아요 확인 부탁드립니다.,[에러코드] 메시지가 표시되면서 앱에 접속할 수 없습니다.,회원,로그인,S004,로그인 오류,Y,Y,Y
VOC07485,사고 처리 진행 상황 문의 빠른 확인 요청드립니다.,제출한 서류가 정상적으로 접수됐는지 알고 싶습니다.,사고,처리현황,S012,사고 처리 진행 문의,Y,Y,Y
VOC02939,비밀번호 변경이 되지 않습니다 빠른 확인 요청드립니다.,비밀번호 찾기 과정에서 [전화번호]로 인증번호가 오지 않습니다. 처리 방법을 안내해주세요. 동일 현상이 반복되고 있습니다.,회원,계정관리,S005,비밀번호 재설정,Y,Y,Y
VOC02799,비밀번호 변경이 되지 않습니다,비밀번호 찾기 과정에서 [전화번호]로 인증번호가 오지 않습니다. 처리 방법을 안내해주세요. 앱을 다시 실행해도 같은 상태입니다.,회원,계정관리,S005,비밀번호 재설정,Y,Y,Y
VOC01035,포인트 반영이 늦어지고 있습니다,[시간]에 주행을 종료했습니다. 포인트 반영 예정 시간을 알고 싶습니다. 앱에서 확인이 어려워 문의드립니다.,포인트,적립,S002,주행 포인트 적립 지연,Y,Y,Y
VOC09966,포인트 지급 조건 안내 요청 관련 기준도 함께 알려주세요.,포인트를 받기 위한 최소 주행 조건이 안내받고 싶습니다. 앱을 다시 실행해도 같은 상태입니다.,포인트,적립기준,S015,포인트 적립 기준 문의,Y,Y,Y
VOC08352,계약정보가 다르게 표시됩니다 관련 기준도 함께 알려주세요.,갱신한 계약이 앱에서 이전 계약으로 보입니다.,보험,계약정보,S013,계약정보 불일치,Y,Y,Y
VOC03090,비밀번호가 기억나지 않아요 관련 기준도 함께 알려주세요.,새 비밀번호를 입력했지만 변경이 완료되지 않습니다.,회원,계정관리,S005,비밀번호 재설정,Y,Y,Y
VOC09117,등록 연락처 수정 요청,휴대전화 번호를 바꿨는데 앱 회원정보에는 이전 번호가 표시됩니다.,회원,회원정보,S014,휴대전화 번호 변경,Y,Y,Y
VOC08492,보험 계약자 정보 오류,갱신한 계약이 앱에서 이전 계약으로 보입니다. 앱에서 확인이 어려워 문의드립니다.,보험,계약정보,S013,계약정보 불일치,Y,Y,Y
VOC02534,로그인 화면에서 넘어가지 않아요,여러 번 시도했지만 인증 후 다시 로그인 화면으로 돌아옵니다. 빠른 확인 요청드립니다.,회원,로그인,S004,로그인 오류,Y,Y,Y
VOC02414,계속 로그인에 실패합니다 앱에서 확인이 어려워 문의드립니다.,여러 번 시도했지만 인증 후 다시 로그인 화면으로 돌아옵니다. 현재 화면에서 직접 수정할 수 없습니다.,회원,로그인,S004,로그인 오류,Y,Y,Y
VOC07531,사고 접수 후 연락이 없습니다,제출한 서류가 정상적으로 접수됐는지 알고 싶습니다.,사고,처리현황,S012,사고 처리 진행 문의,Y,Y,Y
VOC04236,보험료 할인이 반영됐나요 처리 방법을 안내해주세요.,안전운전 점수와 보험료 할인 적용 기준을 안내해주세요.,보험,할인,S007,보험료 할인 적용 문의,Y,Y,Y
VOC09902,어떤 주행이 포인트 대상인가요 확인 부탁드립니다.,포인트 지급 대상과 제외 조건을 자세히 안내해주세요.,포인트,적립기준,S015,포인트 적립 기준 문의,Y,Y,Y
VOC04274,보험료 할인 혜택이 확인하고 싶습니다 앱에서 확인이 어려워 문의드립니다.,앱에는 할인 대상이라고 나오는데 실제 보험료에 적용됐는지 알고 싶습니다.,보험,할인,S007,보험료 할인 적용 문의,Y,Y,Y
VOC07967,사고 처리 진행 상황 문의,제출한 서류가 정상적으로 접수됐는지 알고 싶습니다.,사고,처리현황,S012,사고 처리 진행 문의,Y,Y,Y
VOC06893,앱이 계속 종료됩니다,앱을 열면 흰 화면만 보이고 아무 기능도 사용할 수 없습니다. 처리 방법을 안내해주세요. 필요한 확인 항목이 있다면 안내 부탁드립니다.,앱,오류,S011,앱 실행 오류,Y,Y,Y
VOC06458,포인트가 갑자기 줄었습니다 확인 부탁드립니다.,결제를 취소했는데 차감된 포인트가 복구되지 않았습니다.,포인트,차감,S010,포인트 오차감,Y,Y,Y
VOC08274,계약정보가 다르게 표시됩니다,갱신한 계약이 앱에서 이전 계약으로 보입니다. 확인 부탁드립니다.,보험,계약정보,S013,계약정보 불일치,Y,Y,Y
VOC06079,포인트 잔액 오류,사용한 적이 없는데 [차감금액] 포인트가 차감된 것으로 표시됩니다.,포인트,차감,S010,포인트 오차감,Y,Y,Y
VOC02536,계정 접속이 불가능합니다,기존에 사용하던 계정으로 접속되지 않아 문의드립니다. 동일 현상이 반복되고 있습니다.,회원,로그인,S004,로그인 오류,Y,Y,Y
VOC01728,포인트를 사용할 수 있는 곳,현재 보유한 포인트를 어디에서 사용할 수 있는지 알려주세요.,포인트,사용,S003,포인트 사용처 문의,Y,Y,Y
VOC04615,보험료 할인이 반영됐나요 확인 부탁드립니다.,앱에는 할인 대상이라고 나오는데 실제 보험료에 적용됐는지 알고 싶습니다. 처리 방법을 안내해주세요.,보험,할인,S007,보험료 할인 적용 문의,Y,Y,Y
VOC09161,등록 연락처 수정 요청,등록된 연락처가 실제 사용하는 번호와 달라 수정 요청드립니다. 관련 기준도 함께 알려주세요.,회원,회원정보,S014,휴대전화 번호 변경,Y,Y,Y
VOC03615,최근 주행기록 누락 문의,해당 시간대의 운전 내역이 누락되어 확인 요청드립니다.,주행,주행기록,S006,주행기록 미반영,Y,Y,Y
VOC06629,포인트가 갑자기 줄었습니다,포인트 사용 이력과 실제 잔액이 맞지 않습니다. 처리 방법을 안내해주세요.,포인트,차감,S010,포인트 오차감,Y,Y,Y
VOC05535,서비스 계정을 삭제하고 싶어요,본인 인증 후 탈퇴가 완료되지 않아 확인 부탁드립니다. 처리 방법을 안내해주세요.,회원,계정관리,S009,회원 탈퇴,Y,Y,Y
VOC09509,포인트 지급 조건 안내 요청,주행거리와 운전점수에 따라 포인트가 어떻게 산정되는지 알고 싶습니다. 빠른 확인 요청드립니다.,포인트,적립기준,S015,포인트 적립 기준 문의,Y,Y,Y
VOC04437,주행점수 할인 확인 요청,현재 운전점수 기준으로 받을 수 있는 보험료 할인율이 안내받고 싶습니다. 처리 방법을 안내해주세요. 현재 화면에서 직접 수정할 수 없습니다.,보험,할인,S007,보험료 할인 적용 문의,Y,Y,Y
VOC04938,새 차량으로 바꾸고 싶어요,차량번호 변경 후 주행 서비스 연결 방법을 문의드립니다.,차량,차량정보,S008,차량정보 변경,Y,Y,Y
VOC04288,주행점수 할인 확인 요청 관련 기준도 함께 알려주세요.,증권번호 [계약번호] 계약에 안전운전 할인이 적용됐는지 확인하고 싶습니다. 현재 화면에서 직접 수정할 수 없습니다.,보험,할인,S007,보험료 할인 적용 문의,Y,Y,Y
VOC08229,계약 차량 정보 불일치,계약 기간과 보험료 정보가 가입 당시 안내와 다르게 표시됩니다.,보험,계약정보,S013,계약정보 불일치,Y,Y,Y
VOC06527,사용하지 않은 포인트가 차감됐어요,사용한 적이 없는데 [금액] 포인트가 차감된 것으로 표시됩니다. 동일 현상이 반복되고 있습니다.,포인트,차감,S010,포인트 오차감,Y,Y,Y
VOC04344,보험료 할인이 반영됐나요,현재 운전점수 기준으로 받을 수 있는 보험료 할인율이 안내받고 싶습니다.,보험,할인,S007,보험료 할인 적용 문의,Y,Y,Y
VOC09045,새 번호로 인증받고 싶어요 앱에서 확인이 어려워 문의드립니다.,휴대전화 번호를 바꿨는데 앱 회원정보에는 이전 번호가 표시됩니다. 앱에서 확인이 어려워 문의드립니다. 동일 현상이 반복되고 있습니다.,회원,회원정보,S014,휴대전화 번호 변경,Y,Y,Y
VOC03535,주행기록이 보이지 않습니다,차량은 정상적으로 운행했는데 주행 데이터가 수집되지 않은 것 같습니다.,주행,주행기록,S006,주행기록 미반영,Y,Y,Y
VOC00752,포인트 적립 처리 중 문의,[접수시간]에 주행을 종료했습니다. 포인트 반영 예정 시간을 알고 싶습니다.,포인트,적립,S002,주행 포인트 적립 지연,Y,Y,Y
VOC05085,기존 차량 삭제 후 신규 등록,기존 차량 [기존차량번호]에서 새 차량 [새차량번호]로 변경했습니다.,차량,차량정보,S008,차량정보 변경,Y,Y,Y
VOC04433,보험료 할인 혜택이 궁금합니다,갱신 계약에 주행분석 할인 혜택이 반영되는지 문의합니다. 확인 부탁드립니다.,보험,할인,S007,보험료 할인 적용 문의,Y,Y,Y
VOC06019,사용하지 않은 포인트가 차감됐어요,포인트 사용 이력과 실제 잔액이 맞지 않습니다. 확인 부탁드립니다.,포인트,차감,S010,포인트 오차감,Y,Y,Y
VOC00694,주행 포인트는 언제 들어오나요,주행 후 몇 시간이 지났는데 아직 적립 대기 상태입니다.,포인트,적립,S002,주행 포인트 적립 지연,Y,Y,Y
VOC00149,포인트가 누락된 것 같습니다,[주행일]에 주행을 완료했는데 포인트가 아직 적립되지 않았습니다.,포인트,적립,S001,주행 포인트 미적립,Y,Y,Y
VOC02950,비밀번호 찾기 인증 오류,비밀번호가 기억나지 않아 재설정하려고 합니다.,회원,계정관리,S005,비밀번호 재설정,Y,Y,Y
VOC08257,보험 계약자 정보 오류,갱신한 계약이 앱에서 이전 계약으로 보입니다.,보험,계약정보,S013,계약정보 불일치,Y,Y,Y
VOC06736,앱이 계속 종료됩니다 확인 부탁드립니다.,특정 메뉴에 들어가면 화면이 멈추는 현상이 반복됩니다.,앱,오류,S011,앱 실행 오류,Y,Y,Y
VOC08523,증권 정보 수정 문의,증권번호 [계약번호]의 차량정보가 현재 차량과 일치하지 않습니다.,보험,계약정보,S013,계약정보 불일치,Y,Y,Y
VOC02226,로그인 화면에서 넘어가지 않아요,기존에 사용하던 계정으로 접속되지 않아 문의드립니다. 동일 현상이 반복되고 있습니다.,회원,로그인,S004,로그인 오류,Y,Y,Y
VOC08916,등록 연락처 수정 요청,새 번호로 본인 인증을 진행하는 방법을 알려주세요.,회원,회원정보,S014,휴대전화 번호 변경,Y,Y,Y
VOC02375,로그인 화면에서 넘어가지 않아요,여러 번 시도했지만 인증 후 다시 로그인 화면으로 돌아옵니다.,회원,로그인,S004,로그인 오류,Y,Y,Y
VOC09684,포인트 적립 기준이 안내받고 싶습니다 앱에서 확인이 어려워 문의드립니다.,포인트를 받기 위한 최소 주행 조건이 궁금합니다.,포인트,적립기준,S015,포인트 적립 기준 문의,Y,Y,Y
VOC04873,등록 차량 변경 요청 확인 부탁드립니다.,기존 차량 [기존차량번호]에서 새 차량 [새차량번호]로 변경했습니다.,차량,차량정보,S008,차량정보 변경,Y,Y,Y
VOC02058,로그인 화면에서 넘어가지 않아요 관련 기준도 함께 알려주세요.,로그인 버튼을 눌러도 화면이 그대로입니다. 현재 화면에서 직접 수정할 수 없습니다.,회원,로그인,S004,로그인 오류,Y,Y,Y
VOC01505,보유 포인트 사용 방법,현재 보유한 포인트를 어디에서 사용할 수 있는지 알려주세요.,포인트,사용,S003,포인트 사용처 문의,Y,Y,Y
VOC04251,보험료 할인 혜택이 궁금합니다,현재 운전점수 기준으로 받을 수 있는 보험료 할인율이 궁금합니다. 동일 현상이 반복되고 있습니다.,보험,할인,S007,보험료 할인 적용 문의,Y,Y,Y
VOC06572,포인트가 갑자기 줄었습니다,포인트 사용 이력과 실제 잔액이 맞지 않습니다.,포인트,차감,S010,포인트 오차감,Y,Y,Y
VOC07803,보상 처리 단계 문의,사고 접수 이후 진행 상황 안내를 받지 못했습니다.,사고,처리현황,S012,사고 처리 진행 문의,Y,Y,Y
VOC06302,포인트 차감 내역이 이상합니다,포인트 사용 이력과 실제 잔액이 맞지 않습니다. 현재 화면에서 직접 수정할 수 없습니다.,포인트,차감,S010,포인트 오차감,Y,Y,Y
VOC06135,잘못 차감된 포인트 문의,포인트 내역에 알 수 없는 차감 기록이 있습니다.,포인트,차감,S010,포인트 오차감,Y,Y,Y
VOC00137,포인트가 누락된 것 같습니다,[주행일]에 주행을 완료했는데 포인트가 아직 적립되지 않았습니다. 이전에 정상적으로 이용한 적이 있습니다.,포인트,적립,S001,주행 포인트 미적립,Y,Y,Y
VOC04243,보험료 할인 혜택이 궁금합니다 앱에서 확인이 어려워 문의드립니다.,앱에는 할인 대상이라고 나오는데 실제 보험료에 적용됐는지 알고 싶습니다. 관련 기준도 함께 알려주세요.,보험,할인,S007,보험료 할인 적용 문의,Y,Y,Y
VOC00119,주행 포인트가 적립되지 않았습니다 처리 방법을 안내해주세요.,지난 주행 건에 대한 포인트를 받지 못했습니다. 확인 부탁드립니다.,포인트,적립,S001,주행 포인트 미적립,Y,Y,Y
VOC01668,포인트 사용 가능 서비스 문의 확인 부탁드립니다.,적립된 포인트의 사용처와 사용 절차를 안내 부탁드립니다.,포인트,사용,S003,포인트 사용처 문의,Y,Y,Y
VOC05463,회원 탈퇴를 요청합니다,더 이상 서비스를 이용하지 않아 회원 탈퇴를 진행하고 싶습니다.,회원,계정관리,S009,회원 탈퇴,Y,Y,Y
VOC03984,앱에서 운전 기록 확인 불가,해당 시간대의 운전 내역이 누락되어 확인 요청드립니다. 필요한 확인 항목이 있다면 안내 부탁드립니다.,주행,주행기록,S006,주행기록 미반영,Y,Y,Y
VOC07348,사고 처리 진행 상황 문의 빠른 확인 요청드립니다.,보상 심사가 어느 단계까지 진행됐는지 확인 부탁드립니다.,사고,처리현황,S012,사고 처리 진행 문의,Y,Y,Y
VOC06372,포인트 차감 내역이 이상합니다,포인트 내역에 알 수 없는 차감 기록이 있습니다.,포인트,차감,S010,포인트 오차감,Y,Y,Y
VOC04128,계약 할인 적용 상태 문의,앱에는 할인 대상이라고 나오는데 실제 보험료에 적용됐는지 알고 싶습니다. 처리 방법을 안내해주세요.,보험,할인,S007,보험료 할인 적용 문의,Y,Y,Y
VOC03201,비밀번호가 기억나지 않아요 빠른 확인 요청드립니다.,비밀번호 찾기 과정에서 [기존전화번호]로 인증번호가 오지 않습니다.,회원,계정관리,S005,비밀번호 재설정,Y,Y,Y
VOC09623,포인트 적립 기준이 궁금합니다,포인트 지급 대상과 제외 조건을 자세히 안내해주세요.,포인트,적립기준,S015,포인트 적립 기준 문의,Y,Y,Y
VOC08056,계약정보가 다르게 표시됩니다,갱신한 계약이 앱에서 이전 계약으로 보입니다.,보험,계약정보,S013,계약정보 불일치,Y,Y,Y
VOC02054,계정 접속이 불가능합니다,기존에 사용하던 계정으로 접속되지 않아 확인 요청드립니다.,회원,로그인,S004,로그인 오류,Y,Y,Y
VOC04083,안전운전 할인 적용 여부 문의,앱에는 할인 대상이라고 나오는데 실제 보험료에 적용됐는지 알고 싶습니다.,보험,할인,S007,보험료 할인 적용 문의,Y,Y,Y
VOC03486,운전한 내역이 앱에 없습니다,차량은 정상적으로 운행했는데 주행 데이터가 수집되지 않은 것 같습니다. 앱을 다시 실행해도 같은 상태입니다.,주행,주행기록,S006,주행기록 미반영,Y,Y,Y
VOC02060,계정 접속이 불가능합니다 앱에서 확인이 어려워 문의드립니다.,아이디와 비밀번호를 입력해도 로그인 오류가 발생합니다.,회원,로그인,S004,로그인 오류,Y,Y,Y
VOC07434,사건번호 처리 상태 확인,제출한 서류가 정상적으로 접수됐는지 알고 싶습니다. 빠른 확인 요청드립니다.,사고,처리현황,S012,사고 처리 진행 문의,Y,Y,Y
VOC04608,안전운전 할인 적용 여부 문의,증권번호 [증권번호] 계약에 안전운전 할인이 적용됐는지 확인하고 싶습니다.,보험,할인,S007,보험료 할인 적용 문의,Y,Y,Y
VOC07553,사건번호 처리 상태 확인 확인 부탁드립니다.,보상 심사가 어느 단계까지 진행됐는지 확인 부탁드립니다.,사고,처리현황,S012,사고 처리 진행 문의,Y,Y,Y
VOC00248,주행 후 포인트가 없습니다,주행 조건을 충족한 것으로 보이는데 포인트가 0으로 표시됩니다.,포인트,적립,S001,주행 포인트 미적립,Y,Y,Y
VOC00544,운전했는데 포인트가 안 들어왔어요,운전 기록은 정상적으로 보이지만 포인트가 들어오지 않았습니다.,포인트,적립,S001,주행 포인트 미적립,Y,Y,Y
VOC03239,비밀번호 찾기 인증 오류,비밀번호 변경 절차와 조건을 안내해주세요.,회원,계정관리,S005,비밀번호 재설정,Y,Y,Y
VOC03659,주행기록이 보이지 않습니다,운전을 완료했지만 최근 주행 목록에 추가되지 않았습니다. 앱을 다시 실행해도 같은 상태입니다.,주행,주행기록,S006,주행기록 미반영,Y,Y,Y
VOC03190,비밀번호 변경이 되지 않습니다 처리 방법을 안내해주세요.,비밀번호 변경 절차와 조건을 안내해주세요.,회원,계정관리,S005,비밀번호 재설정,Y,Y,Y
VOC03133,비밀번호 변경이 정상적으로 처리되지 않습니다,비밀번호 변경 절차와 조건을 안내해주세요.,회원,계정관리,S005,비밀번호 재설정,Y,Y,Y
VOC06732,앱 화면이 멈춥니다,특정 메뉴에 들어가면 화면이 멈추는 현상이 반복됩니다.,앱,오류,S011,앱 실행 오류,Y,Y,Y
VOC09435,어떤 주행이 포인트 대상인가요,급가속이나 급감속 기록이 포인트 적립에 영향을 주나요? 관련 기준도 함께 알려주세요.,포인트,적립기준,S015,포인트 적립 기준 문의,Y,Y,Y
VOC02998,비밀번호가 기억나지 않아요,본인 인증 후 비밀번호 재설정 화면으로 이동하지 않습니다.,회원,계정관리,S005,비밀번호 재설정,Y,Y,Y
VOC03358,최근 주행기록 누락 문의,해당 시간대의 운전 내역이 누락되어 확인 요청드립니다.,주행,주행기록,S006,주행기록 미반영,Y,Y,Y
VOC08236,앱의 계약 내용이 맞지 않아요,보험 계약 정보 중 일부 항목이 잘못되어 수정 요청드립니다.,보험,계약정보,S013,계약정보 불일치,Y,Y,Y
VOC00946,운전 후 포인트 반영 시간 문의,방금 운전한 기록은 보이는데 포인트는 처리 중으로 표시됩니다. 확인 부탁드립니다.,포인트,적립,S002,주행 포인트 적립 지연,Y,Y,Y
VOC04079,안전운전 할인 적용 여부 문의,앱에는 할인 대상이라고 나오는데 실제 보험료에 적용됐는지 알고 싶습니다.,보험,할인,S007,보험료 할인 적용 문의,Y,Y,Y
VOC00684,포인트 반영이 늦어지고 있습니다,"포인트가 바로 들어오는지, 일정 시간이 필요한지 문의합니다. 앱에서 확인이 어려워 문의드립니다.",포인트,적립,S002,주행 포인트 적립 지연,Y,Y,Y
VOC03117,비밀번호 변경이 되지 않습니다,비밀번호 찾기 과정에서 [전화번호]로 인증번호가 오지 않습니다. 이전에 정상적으로 이용한 적이 있습니다.,회원,계정관리,S005,비밀번호 재설정,Y,Y,Y
VOC09372,운전점수와 포인트 관계,급가속이나 급감속 기록이 포인트 적립에 영향을 주나요?,포인트,적립기준,S015,포인트 적립 기준 문의,Y,Y,Y
VOC09631,포인트 지급 조건 안내 요청,포인트를 받기 위한 최소 주행 조건이 안내받고 싶습니다. 빠른 확인 요청드립니다.,포인트,적립기준,S015,포인트 적립 기준 문의,Y,Y,Y
VOC07999,접수한 사고는 어떻게 진행되고 있나요 처리 방법을 안내해주세요.,보상 심사가 어느 단계까지 진행됐는지 확인 부탁드립니다. 앱에서 확인이 어려워 문의드립니다.,사고,처리현황,S012,사고 처리 진행 문의,Y,Y,Y
VOC09911,운전점수와 포인트 관계,주행거리와 운전점수에 따라 포인트가 어떻게 산정되는지 알고 싶습니다.,포인트,적립기준,S015,포인트 적립 기준 문의,Y,Y,Y
VOC04499,보험료 할인 혜택이 궁금합니다,증권번호 [증권번호] 계약에 안전운전 할인이 적용됐는지 확인하고 싶습니다.,보험,할인,S007,보험료 할인 적용 문의,Y,Y,Y
VOC07143,앱 화면이 멈춥니다,재설치 후에도 동일하게 앱이 강제 종료됩니다.,앱,오류,S011,앱 실행 오류,Y,Y,Y
VOC05058,차량을 변경했습니다,차량을 교체해서 앱의 등록 정보를 수정하고 싶습니다.,차량,차량정보,S008,차량정보 변경,Y,Y,Y
VOC08187,앱의 계약 내용이 맞지 않아요,갱신한 계약이 앱에서 이전 계약으로 보입니다. 관련 기준도 함께 알려주세요. 동일 현상이 반복되고 있습니다.,보험,계약정보,S013,계약정보 불일치,Y,Y,Y
VOC08295,앱의 계약 내용이 맞지 않아요,계약 기간과 보험료 정보가 가입 당시 안내와 다르게 표시됩니다.,보험,계약정보,S013,계약정보 불일치,Y,Y,Y
VOC05590,회원 탈퇴를 요청합니다 관련 기준도 함께 알려주세요.,회원 탈퇴 시 남은 포인트와 주행기록이 어떻게 처리되는지 궁금합니다.,회원,계정관리,S009,회원 탈퇴,Y,Y,Y
VOC07970,사고 처리 진행 상황 문의 확인 부탁드립니다.,사건번호 [사건번호]와 관련해 현재 처리 단계를 확인하고 싶습니다.,사고,처리현황,S012,사고 처리 진행 문의,Y,Y,Y
VOC04069,보험료 할인 혜택이 확인하고 싶습니다 앱에서 확인이 어려워 문의드립니다.,갱신 계약에 주행분석 할인 혜택이 반영되는지 문의드립니다.,보험,할인,S007,보험료 할인 적용 문의,Y,Y,Y
VOC09547,포인트 지급 조건 안내 요청,주행거리와 운전점수에 따라 포인트가 어떻게 산정되는지 알고 싶습니다.,포인트,적립기준,S015,포인트 적립 기준 문의,Y,Y,Y
VOC04191,주행점수 할인 확인 요청 확인 부탁드립니다.,앱에는 할인 대상이라고 나오는데 실제 보험료에 적용됐는지 알고 싶습니다. 관련 기준도 함께 알려주세요. 앱을 다시 실행해도 같은 상태입니다.,보험,할인,S007,보험료 할인 적용 문의,Y,Y,Y
VOC08338,계약정보가 다르게 표시됩니다,계약 기간과 보험료 정보가 가입 당시 안내와 다르게 표시됩니다. 이전에 정상적으로 이용한 적이 있습니다.,보험,계약정보,S013,계약정보 불일치,Y,Y,Y
VOC02196,아이디 입력 후 접속 오류,기존에 사용하던 계정으로 접속되지 않아 문의합니다. 관련 기준도 함께 알려주세요.,회원,로그인,S004,로그인 오류,Y,Y,Y
VOC07959,사고 접수 후 연락이 없습니다,보상 심사가 어느 단계까지 진행됐는지 확인 부탁드립니다. 확인 부탁드립니다.,사고,처리현황,S012,사고 처리 진행 문의,Y,Y,Y
VOC03864,운전한 내역이 앱에 없습니다,운전을 완료했지만 최근 주행 목록에 추가되지 않았습니다. 관련 기준도 함께 알려주세요.,주행,주행기록,S006,주행기록 미반영,Y,Y,Y
VOC08483,계약정보가 다르게 표시됩니다,갱신한 계약이 앱에서 이전 계약으로 보입니다.,보험,계약정보,S013,계약정보 불일치,Y,Y,Y
VOC05406,앱 회원 탈퇴 방법 문의,더 이상 서비스를 이용하지 않아 회원 탈퇴를 진행하고 싶습니다.,회원,계정관리,S009,회원 탈퇴,Y,Y,Y
VOC03151,비밀번호를 재설정하고 싶습니다,새 비밀번호를 입력했지만 변경이 완료안 됩니다.,회원,계정관리,S005,비밀번호 재설정,Y,Y,Y
VOC05196,기존 차량 삭제 후 신규 등록,기존 차량을 삭제하고 새 차량을 등록하는 방법을 안내 부탁드립니다.,차량,차량정보,S008,차량정보 변경,Y,Y,Y
VOC01603,포인트를 사용할 수 있는 곳,현재 보유한 포인트를 어디에서 사용할 수 있는지 알려주세요. 확인 부탁드립니다.,포인트,사용,S003,포인트 사용처 문의,Y,Y,Y
VOC09668,포인트 지급 조건 안내 요청,포인트 지급 대상과 제외 조건을 자세히 안내해주세요.,포인트,적립기준,S015,포인트 적립 기준 문의,Y,Y,Y
VOC08468,앱의 계약 내용이 맞지 않아요 관련 기준도 함께 알려주세요.,앱에 표시된 계약자명이 [이름]으로 되어 있는데 실제 정보와 다릅니다.,보험,계약정보,S013,계약정보 불일치,Y,Y,Y
VOC07496,접수한 사고는 어떻게 진행되고 있나요,사건번호 [사고접수번호]와 관련해 현재 처리 단계를 확인하고 싶습니다. 이전에 정상적으로 이용한 적이 있습니다.,사고,처리현황,S012,사고 처리 진행 문의,Y,Y,Y
VOC06178,포인트가 갑자기 줄었습니다,사용한 적이 없는데 [차감금액] 포인트가 차감된 것으로 표시됩니다.,포인트,차감,S010,포인트 오차감,Y,Y,Y
VOC04260,보험료 할인 혜택이 확인하고 싶습니다,현재 운전점수 기준으로 받을 수 있는 보험료 할인율이 궁금합니다. 관련 기준도 함께 알려주세요. 이전에 정상적으로 이용한 적이 있습니다.,보험,할인,S007,보험료 할인 적용 문의,Y,Y,Y
VOC03006,비밀번호 찾기 인증 오류,새 비밀번호를 입력했지만 변경이 완료안 됩니다.,회원,계정관리,S005,비밀번호 재설정,Y,Y,Y
VOC02519,로그인 화면에서 넘어가지 않아요,아이디와 비밀번호를 입력해도 로그인 오류가 발생합니다. 처리 방법을 안내해주세요.,회원,로그인,S004,로그인 오류,Y,Y,Y
VOC05399,회원 탈퇴를 요청합니다,회원 탈퇴 시 남은 포인트와 주행기록이 어떻게 처리되는지 궁금합니다.,회원,계정관리,S009,회원 탈퇴,Y,Y,Y
VOC09110,등록 연락처 수정 요청,새 번호로 본인 인증을 진행하는 방법을 안내 부탁드립니다.,회원,회원정보,S014,휴대전화 번호 변경,Y,Y,Y
VOC07584,접수한 사고는 어떻게 진행되고 있나요,제출한 서류가 정상적으로 접수됐는지 알고 싶습니다.,사고,처리현황,S012,사고 처리 진행 문의,Y,Y,Y
VOC07156,앱 실행 중 오류가 발생합니다,업데이트 이후 첫 화면에서 멈추고 다음으로 넘어가지 않습니다. 처리 방법을 안내해주세요.,앱,오류,S011,앱 실행 오류,Y,Y,Y
VOC05199,기존 차량 삭제 후 신규 등록,보험 계약 차량은 변경됐는데 앱에는 이전 차량이 표시됩니다. 빠른 확인 요청드립니다.,차량,차량정보,S008,차량정보 변경,Y,Y,Y
VOC00009,포인트가 누락된 것 같습니다,주행 조건을 충족한 것으로 보이는데 포인트가 0으로 표시됩니다.,포인트,적립,S001,주행 포인트 미적립,Y,Y,Y
VOC01042,주행 포인트는 언제 들어오나요,[주행종료시간]에 주행을 종료했습니다. 포인트 반영 예정 시간을 알고 싶습니다.,포인트,적립,S002,주행 포인트 적립 지연,Y,Y,Y
VOC02061,로그인 화면에서 넘어가지 않아요,[에러코드] 메시지가 표시되면서 앱에 접속할 수 없습니다.,회원,로그인,S004,로그인 오류,Y,Y,Y
VOC08091,증권 정보 수정 문의,증권번호 [증권번호]의 차량정보가 현재 차량과 일치하지 않습니다.,보험,계약정보,S013,계약정보 불일치,Y,Y,Y
VOC01083,포인트가 아직 처리되지 않았어요,"포인트가 바로 들어오는지, 일정 시간이 필요한지 문의합니다.",포인트,적립,S002,주행 포인트 적립 지연,Y,Y,Y
VOC00044,주행 후 포인트가 없습니다,주행 조건을 충족한 것으로 보이는데 포인트가 0으로 표시됩니다.,포인트,적립,S001,주행 포인트 미적립,Y,Y,Y
VOC03766,운전한 내역이 앱에 없습니다,해당 시간대의 운전 내역이 누락되어 확인 요청드립니다.,주행,주행기록,S006,주행기록 미반영,Y,Y,Y
VOC04333,안전운전 할인 적용 여부 문의 관련 기준도 함께 알려주세요.,갱신 계약에 주행분석 할인 혜택이 반영되는지 문의드립니다. 처리 방법을 안내해주세요.,보험,할인,S007,보험료 할인 적용 문의,Y,Y,Y
VOC00407,주행 포인트 미적립 문의 처리 방법을 안내해주세요.,주행 조건을 충족한 것으로 보이는데 포인트가 0으로 표시됩니다.,포인트,적립,S001,주행 포인트 미적립,Y,Y,Y
VOC06373,포인트가 갑자기 줄었습니다,어제 확인한 잔액과 오늘 잔액이 달라서 문의드립니다.,포인트,차감,S010,포인트 오차감,Y,Y,Y
VOC02579,앱 로그인이 되지 않습니다,로그인 버튼을 눌러도 화면이 그대로입니다. 처리 방법을 안내해주세요.,회원,로그인,S004,로그인 오류,Y,Y,Y
VOC09989,어떤 주행이 포인트 대상인가요,짧은 거리 주행도 포인트 적립 대상인지 확인 요청드립니다. 처리 방법을 안내해주세요.,포인트,적립기준,S015,포인트 적립 기준 문의,Y,Y,Y
VOC06350,포인트 차감 내역이 이상합니다,사용한 적이 없는데 [포인트수량] 포인트가 차감된 것으로 표시됩니다.,포인트,차감,S010,포인트 오차감,Y,Y,Y
VOC07200,앱이 계속 종료됩니다,업데이트 이후 첫 화면에서 멈추고 다음으로 넘어가지 않습니다. 앱에서 확인이 어려워 문의드립니다.,앱,오류,S011,앱 실행 오류,Y,Y,Y
VOC07028,앱 실행 중 오류가 발생합니다,앱을 실행하면 [에러코드] 오류가 표시되고 바로 종료됩니다.,앱,오류,S011,앱 실행 오류,Y,Y,Y
VOC04597,주행점수 할인 확인 요청,갱신 계약에 주행분석 할인 혜택이 반영되는지 문의합니다. 앱을 다시 실행해도 같은 상태입니다.,보험,할인,S007,보험료 할인 적용 문의,Y,Y,Y
VOC05434,가입 정보 삭제 요청,더 이상 서비스를 이용하지 않아 회원 탈퇴를 진행하고 싶습니다. 동일 현상이 반복되고 있습니다.,회원,계정관리,S009,회원 탈퇴,Y,Y,Y
VOC01797,보유 포인트 사용 방법,앱에 [포인트수량] 포인트가 있는데 사용 가능한 항목을 확인하고 싶습니다.,포인트,사용,S003,포인트 사용처 문의,Y,Y,Y
VOC08103,계약정보가 다르게 표시됩니다,계약 기간과 보험료 정보가 가입 당시 안내와 다르게 표시됩니다.,보험,계약정보,S013,계약정보 불일치,Y,Y,Y
VOC01627,보유 포인트 사용 방법,포인트 사용 가능한 서비스와 제한 조건이 궁금합니다. 이전에 정상적으로 이용한 적이 있습니다.,포인트,사용,S003,포인트 사용처 문의,Y,Y,Y
VOC06287,사용하지 않은 포인트가 차감됐어요,어제 확인한 잔액과 오늘 잔액이 달라서 문의드립니다.,포인트,차감,S010,포인트 오차감,Y,Y,Y
VOC02743,비밀번호가 기억나지 않아요 확인 부탁드립니다.,비밀번호가 기억나지 않아 재설정하려고 합니다. 앱을 다시 실행해도 같은 상태입니다.,회원,계정관리,S005,비밀번호 재설정,Y,Y,Y
VOC01307,포인트 반영이 늦어지고 있습니다,방금 운전한 기록은 보이는데 포인트는 처리 중으로 표시됩니다.,포인트,적립,S002,주행 포인트 적립 지연,Y,Y,Y
VOC07088,앱이 계속 종료됩니다,앱을 열면 흰 화면만 보이고 아무 기능도 사용할 수 없습니다.,앱,오류,S011,앱 실행 오류,Y,Y,Y
VOC00948,포인트가 아직 처리되지 않았어요,주행 후 몇 시간이 지났는데 아직 적립 대기 상태입니다.,포인트,적립,S002,주행 포인트 적립 지연,Y,Y,Y
VOC08051,증권 정보 수정 문의,갱신한 계약이 앱에서 이전 계약으로 보입니다.,보험,계약정보,S013,계약정보 불일치,Y,Y,Y
VOC03451,주행 데이터가 반영되지 않았어요,해당 시간대의 운전 내역이 누락되어 확인 요청드립니다. 빠른 확인 요청드립니다.,주행,주행기록,S006,주행기록 미반영,Y,Y,Y
VOC07197,앱 화면이 멈춥니다,앱을 열면 흰 화면만 보이고 아무 기능도 사용할 수 없습니다. 이전에 정상적으로 이용한 적이 있습니다.,앱,오류,S011,앱 실행 오류,Y,Y,Y
VOC06438,포인트 차감 내역이 이상합니다,결제를 취소했는데 차감된 포인트가 복구되지 않았습니다. 현재 화면에서 직접 수정할 수 없습니다.,포인트,차감,S010,포인트 오차감,Y,Y,Y
VOC04165,보험료 할인이 반영됐나요,현재 운전점수 기준으로 받을 수 있는 보험료 할인율이 안내받고 싶습니다.,보험,할인,S007,보험료 할인 적용 문의,Y,Y,Y
VOC08817,등록 연락처 수정 요청,휴대전화 번호를 바꿨는데 앱 회원정보에는 이전 번호가 표시됩니다.,회원,회원정보,S014,휴대전화 번호 변경,Y,Y,Y
VOC08497,앱의 계약 내용이 맞지 않아요 확인 부탁드립니다.,계약 기간과 보험료 정보가 가입 당시 안내와 다르게 표시됩니다. 빠른 확인 요청드립니다. 필요한 확인 항목이 있다면 안내 부탁드립니다.,보험,계약정보,S013,계약정보 불일치,Y,Y,Y
VOC00236,주행 포인트 미적립 문의 확인 부탁드립니다.,주행 조건을 충족한 것으로 보이는데 포인트가 0으로 표시됩니다.,포인트,적립,S001,주행 포인트 미적립,Y,Y,Y
VOC06083,사용하지 않은 포인트가 차감됐어요,사용한 적이 없는데 [금액] 포인트가 차감된 것으로 표시됩니다.,포인트,차감,S010,포인트 오차감,Y,Y,Y
VOC00026,운전했는데 포인트가 안 들어왔어요,운전 기록은 정상적으로 보이지만 포인트가 들어오지 않았습니다.,포인트,적립,S001,주행 포인트 미적립,Y,Y,Y
VOC00177,주행 후 포인트가 없습니다,운전 기록은 정상적으로 보이지만 포인트가 들어오지 않았습니다. 현재 화면에서 직접 수정할 수 없습니다.,포인트,적립,S001,주행 포인트 미적립,Y,Y,Y
VOC05270,앱 차량정보 수정 문의 관련 기준도 함께 알려주세요.,기존 차량 [차량번호]에서 새 차량 [새차량번호]로 변경했습니다. 관련 기준도 함께 알려주세요.,차량,차량정보,S008,차량정보 변경,Y,Y,Y
VOC08399,앱의 계약 내용이 맞지 않아요,앱에 표시된 계약자명이 [이름]으로 되어 있는데 실제 정보와 다릅니다. 관련 기준도 함께 알려주세요.,보험,계약정보,S013,계약정보 불일치,Y,Y,Y
VOC03005,비밀번호가 기억나지 않아요,본인 인증 후 비밀번호 재설정 화면으로 이동하지 않습니다.,회원,계정관리,S005,비밀번호 재설정,Y,Y,Y
VOC02318,계정 접속이 불가능합니다,[에러코드] 메시지가 표시되면서 앱에 접속할 수 없습니다. 동일 현상이 반복되고 있습니다.,회원,로그인,S004,로그인 오류,Y,Y,Y
VOC09377,어떤 주행이 포인트 대상인가요 앱에서 확인이 어려워 문의드립니다.,포인트 지급 대상과 제외 조건을 자세히 안내해주세요. 동일 현상이 반복되고 있습니다.,포인트,적립기준,S015,포인트 적립 기준 문의,Y,Y,Y
VOC09662,포인트 적립 기준이 궁금합니다,포인트를 받기 위한 최소 주행 조건이 궁금합니다.,포인트,적립기준,S015,포인트 적립 기준 문의,Y,Y,Y
VOC04568,계약 할인 적용 상태 문의,증권번호 [계약번호] 계약에 안전운전 할인이 적용됐는지 확인하고 싶습니다.,보험,할인,S007,보험료 할인 적용 문의,Y,Y,Y
VOC07580,사고 접수 후 연락이 없습니다,제출한 서류가 정상적으로 접수됐는지 알고 싶습니다.,사고,처리현황,S012,사고 처리 진행 문의,Y,Y,Y
VOC01500,보유 포인트 사용 방법 관련 기준도 함께 알려주세요.,포인트 사용 가능한 서비스와 제한 조건이 궁금합니다.,포인트,사용,S003,포인트 사용처 문의,Y,Y,Y
VOC09211,회원정보의 전화번호가 다릅니다,새 번호로 본인 인증을 진행하는 방법을 알려주세요.,회원,회원정보,S014,휴대전화 번호 변경,Y,Y,Y
VOC05175,차량을 변경했습니다,보험 계약 차량은 변경됐는데 앱에는 이전 차량이 표시됩니다.,차량,차량정보,S008,차량정보 변경,Y,Y,Y
VOC05156,기존 차량 삭제 후 신규 등록 처리 방법을 안내해주세요.,차량을 교체해서 앱의 등록 정보를 수정하고 싶습니다.,차량,차량정보,S008,차량정보 변경,Y,Y,Y
VOC06210,포인트가 갑자기 줄었습니다,사용한 적이 없는데 [금액] 포인트가 차감된 것으로 표시됩니다. 이전에 정상적으로 이용한 적이 있습니다.,포인트,차감,S010,포인트 오차감,Y,Y,Y
VOC02521,계정 접속이 불가능합니다,기존에 사용하던 계정으로 접속되지 않아 문의드립니다. 관련 기준도 함께 알려주세요.,회원,로그인,S004,로그인 오류,Y,Y,Y
VOC06534,포인트 차감 내역이 이상합니다,포인트 내역에 알 수 없는 차감 기록이 있습니다.,포인트,차감,S010,포인트 오차감,Y,Y,Y
VOC03313,비밀번호 찾기 인증 오류,비밀번호 변경 절차와 조건을 안내해주세요. 확인 부탁드립니다.,회원,계정관리,S005,비밀번호 재설정,Y,Y,Y
VOC06264,포인트가 갑자기 줄었습니다,결제를 취소했는데 차감된 포인트가 복구되지 않았습니다.,포인트,차감,S010,포인트 오차감,Y,Y,Y
VOC02591,아이디 입력 후 접속 오류,로그인 버튼을 눌러도 화면이 그대로입니다.,회원,로그인,S004,로그인 오류,Y,Y,Y
VOC02213,아이디 입력 후 접속 오류,아이디와 비밀번호를 입력해도 로그인 오류가 발생합니다.,회원,로그인,S004,로그인 오류,Y,Y,Y
VOC08796,휴대전화 번호를 변경하고 싶습니다,등록된 연락처가 실제 사용하는 번호와 달라 수정 요청드립니다.,회원,회원정보,S014,휴대전화 번호 변경,Y,Y,Y
VOC03145,새 비밀번호 등록 문의,비밀번호 찾기 과정에서 [전화번호]로 인증번호가 오지 않습니다.,회원,계정관리,S005,비밀번호 재설정,Y,Y,Y
VOC03315,새 비밀번호 등록 문의,비밀번호 찾기 과정에서 [전화번호]로 인증번호가 오지 않습니다. 이전에 정상적으로 이용한 적이 있습니다.,회원,계정관리,S005,비밀번호 재설정,Y,Y,Y
VOC05820,앱 회원 탈퇴 방법 문의,회원 탈퇴 시 남은 포인트와 주행기록이 어떻게 처리되는지 궁금합니다.,회원,계정관리,S009,회원 탈퇴,Y,Y,Y
VOC01784,포인트를 사용할 수 있는 곳 앱에서 확인이 어려워 문의드립니다.,앱에 [차감금액] 포인트가 있는데 사용 가능한 항목을 확인하고 싶습니다. 확인 부탁드립니다.,포인트,사용,S003,포인트 사용처 문의,Y,Y,Y
VOC03135,비밀번호를 재설정하고 싶습니다,새 비밀번호를 입력했지만 변경이 완료되지 않습니다.,회원,계정관리,S005,비밀번호 재설정,Y,Y,Y
VOC08593,보험 계약자 정보 오류,앱에 표시된 계약자명이 [이름]으로 되어 있는데 실제 정보와 다릅니다.,보험,계약정보,S013,계약정보 불일치,Y,Y,Y
VOC06512,사용하지 않은 포인트가 차감됐어요,사용한 적이 없는데 [차감금액] 포인트가 차감된 것으로 표시됩니다.,포인트,차감,S010,포인트 오차감,Y,Y,Y
VOC08948,새 번호로 인증받고 싶어요,새 번호로 본인 인증을 진행하는 방법을 알려주세요. 관련 기준도 함께 알려주세요.,회원,회원정보,S014,휴대전화 번호 변경,Y,Y,Y
VOC09025,기존 전화번호 변경 문의,번호 변경 후 로그인 인증 문자가 이전 번호로 발송됩니다. 처리 방법을 안내해주세요.,회원,회원정보,S014,휴대전화 번호 변경,Y,Y,Y
VOC01654,포인트 사용 가능 서비스 문의,적립된 포인트의 사용처와 사용 절차를 안내 부탁드립니다.,포인트,사용,S003,포인트 사용처 문의,Y,Y,Y
VOC09003,새 번호로 인증받고 싶어요,등록된 연락처가 실제 사용하는 번호와 달라 수정 요청드립니다. 동일 현상이 반복되고 있습니다.,회원,회원정보,S014,휴대전화 번호 변경,Y,Y,Y
VOC07451,사건번호 처리 상태 확인 처리 방법을 안내해주세요.,사고 접수 이후 진행 상황 안내를 받지 못했습니다. 처리 방법을 안내해주세요.,사고,처리현황,S012,사고 처리 진행 문의,Y,Y,Y
VOC06509,잘못 차감된 포인트 문의,포인트 내역에 알 수 없는 차감 기록이 있습니다.,포인트,차감,S010,포인트 오차감,Y,Y,Y
VOC07522,접수한 사고는 어떻게 진행되고 있나요,사건번호 [사건번호]와 관련해 현재 처리 단계를 확인하고 싶습니다. 이전에 정상적으로 이용한 적이 있습니다.,사고,처리현황,S012,사고 처리 진행 문의,Y,Y,Y
VOC08820,회원정보의 전화번호가 다릅니다,등록된 연락처가 실제 사용하는 번호와 달라 수정 요청드립니다.,회원,회원정보,S014,휴대전화 번호 변경,Y,Y,Y
VOC06997,앱 실행 중 오류가 발생합니다,앱을 실행하면 [에러코드] 오류가 표시되고 바로 종료됩니다. 처리 방법을 안내해주세요. 현재 화면에서 직접 수정할 수 없습니다.,앱,오류,S011,앱 실행 오류,Y,Y,Y
VOC04268,보험료 할인 혜택이 궁금합니다 처리 방법을 안내해주세요.,증권번호 [계약번호] 계약에 안전운전 할인이 적용됐는지 확인하고 싶습니다. 빠른 확인 요청드립니다.,보험,할인,S007,보험료 할인 적용 문의,Y,Y,Y
VOC04099,주행점수 할인 확인 요청,갱신 계약에 주행분석 할인 혜택이 반영되는지 문의드립니다.,보험,할인,S007,보험료 할인 적용 문의,Y,Y,Y
VOC04999,앱 차량정보 수정 문의 관련 기준도 함께 알려주세요.,기존 차량 [기존차량번호]에서 새 차량 [새차량번호]로 변경했습니다. 현재 화면에서 직접 수정할 수 없습니다.,차량,차량정보,S008,차량정보 변경,Y,Y,Y
VOC03965,앱에서 운전 기록 확인 불가 확인 부탁드립니다.,주행 종료 후에도 거리와 시간이 0으로 표시됩니다. 처리 방법을 안내해주세요. 앱을 다시 실행해도 같은 상태입니다.,주행,주행기록,S006,주행기록 미반영,Y,Y,Y
VOC06430,포인트 차감 내역이 이상합니다,어제 확인한 잔액과 오늘 잔액이 달라서 문의드립니다.,포인트,차감,S010,포인트 오차감,Y,Y,Y
VOC02145,계속 로그인에 실패합니다,기존에 사용하던 계정으로 접속되지 않아 문의드립니다. 이전에 정상적으로 이용한 적이 있습니다.,회원,로그인,S004,로그인 오류,Y,Y,Y
VOC08062,보험 계약자 정보 오류,앱에 표시된 계약자명이 [이름]으로 되어 있는데 실제 정보와 다릅니다. 처리 방법을 안내해주세요. 필요한 확인 항목이 있다면 안내 부탁드립니다.,보험,계약정보,S013,계약정보 불일치,Y,Y,Y
VOC08671,회원정보의 전화번호가 다릅니다,새 번호로 본인 인증을 진행하는 방법을 안내 부탁드립니다.,회원,회원정보,S014,휴대전화 번호 변경,Y,Y,Y
VOC08314,증권 정보 수정 문의 처리 방법을 안내해주세요.,보험 계약 정보 중 일부 항목이 잘못되어 수정 요청드립니다.,보험,계약정보,S013,계약정보 불일치,Y,Y,Y
VOC02450,계정 접속이 불가능합니다,로그인 버튼을 눌러도 화면이 그대로입니다.,회원,로그인,S004,로그인 오류,Y,Y,Y
VOC00306,주행 포인트가 적립되지 않았습니다 빠른 확인 요청드립니다.,운전 기록은 정상적으로 보이지만 포인트가 들어오지 않았습니다. 앱에서 확인이 어려워 문의드립니다. 동일 현상이 반복되고 있습니다.,포인트,적립,S001,주행 포인트 미적립,Y,Y,Y
VOC09246,새 번호로 인증받고 싶어요,새 번호로 본인 인증을 진행하는 방법을 안내 부탁드립니다.,회원,회원정보,S014,휴대전화 번호 변경,Y,Y,Y
VOC06721,서비스 실행 불가 문의,앱을 열면 흰 화면만 보이고 아무 기능도 사용할 수 없습니다. 관련 기준도 함께 알려주세요.,앱,오류,S011,앱 실행 오류,Y,Y,Y
VOC06059,포인트 잔액 오류,포인트 사용 이력과 실제 잔액이 맞지 않습니다.,포인트,차감,S010,포인트 오차감,Y,Y,Y
VOC08183,앱의 계약 내용이 맞지 않아요 관련 기준도 함께 알려주세요.,앱에 표시된 계약자명이 [이름]으로 되어 있는데 실제 정보와 다릅니다.,보험,계약정보,S013,계약정보 불일치,Y,Y,Y
VOC04497,계약 할인 적용 상태 문의 앱에서 확인이 어려워 문의드립니다.,안전운전 점수와 보험료 할인 적용 기준을 안내해주세요. 앱을 다시 실행해도 같은 상태입니다.,보험,할인,S007,보험료 할인 적용 문의,Y,Y,Y
VOC02071,로그인 화면에서 넘어가지 않아요,기존에 사용하던 계정으로 접속되지 않아 문의드립니다. 처리 방법을 안내해주세요.,회원,로그인,S004,로그인 오류,Y,Y,Y
VOC02119,계정 접속이 불가능합니다 앱에서 확인이 어려워 문의드립니다.,[오류코드] 메시지가 표시되면서 앱에 접속할 수 없습니다.,회원,로그인,S004,로그인 오류,Y,Y,Y
VOC01685,포인트를 사용할 수 있는 곳,포인트 사용 가능한 서비스와 제한 조건이 궁금합니다.,포인트,사용,S003,포인트 사용처 문의,Y,Y,Y
VOC01789,보유 포인트 사용 방법,앱에 [포인트수량] 포인트가 있는데 사용 가능한 항목을 확인하고 싶습니다. 처리 방법을 안내해주세요.,포인트,사용,S003,포인트 사용처 문의,Y,Y,Y
VOC06631,잘못 차감된 포인트 문의,어제 확인한 잔액과 오늘 잔액이 달라서 문의드립니다.,포인트,차감,S010,포인트 오차감,Y,Y,Y
VOC02391,앱 로그인이 안 됩니다,[오류코드] 메시지가 표시되면서 앱에 접속할 수 없습니다. 동일 현상이 반복되고 있습니다.,회원,로그인,S004,로그인 오류,Y,Y,Y
VOC00564,운전했는데 포인트가 안 들어왔어요,지난 주행 건에 대한 포인트를 받지 못했습니다. 확인 부탁드립니다.,포인트,적립,S001,주행 포인트 미적립,Y,Y,Y
VOC01622,포인트 사용처가 궁금합니다,현재 보유한 포인트를 어디에서 사용할 수 있는지 안내 부탁드립니다. 동일 현상이 반복되고 있습니다.,포인트,사용,S003,포인트 사용처 문의,Y,Y,Y
VOC07170,앱이 계속 종료됩니다 처리 방법을 안내해주세요.,재설치 후에도 동일하게 앱이 강제 종료됩니다.,앱,오류,S011,앱 실행 오류,Y,Y,Y
VOC04195,보험료 할인이 반영됐나요,갱신 계약에 주행분석 할인 혜택이 반영되는지 문의드립니다.,보험,할인,S007,보험료 할인 적용 문의,Y,Y,Y
VOC08087,계약 차량 정보 불일치 확인 부탁드립니다.,보험 계약 정보 중 일부 항목이 잘못되어 수정 요청드립니다.,보험,계약정보,S013,계약정보 불일치,Y,Y,Y
VOC04218,계약 할인 적용 상태 문의,현재 운전점수 기준으로 받을 수 있는 보험료 할인율이 궁금합니다. 이전에 정상적으로 이용한 적이 있습니다.,보험,할인,S007,보험료 할인 적용 문의,Y,Y,Y
VOC09982,포인트 지급 조건 안내 요청,포인트를 받기 위한 최소 주행 조건이 확인하고 싶습니다.,포인트,적립기준,S015,포인트 적립 기준 문의,Y,Y,Y
VOC03815,최근 주행기록 누락 문의,운전을 완료했지만 최근 주행 목록에 추가되지 않았습니다. 빠른 확인 요청드립니다.,주행,주행기록,S006,주행기록 미반영,Y,Y,Y
VOC02657,로그인 화면에서 넘어가지 않아요,아이디와 비밀번호를 입력해도 로그인 오류가 발생합니다.,회원,로그인,S004,로그인 오류,Y,Y,Y
VOC00271,운전했는데 포인트가 안 들어왔어요,주행 조건을 충족한 것으로 보이는데 포인트가 0으로 표시됩니다.,포인트,적립,S001,주행 포인트 미적립,Y,Y,Y
VOC02507,아이디 입력 후 접속 오류 관련 기준도 함께 알려주세요.,여러 번 시도했지만 인증 후 다시 로그인 화면으로 돌아옵니다.,회원,로그인,S004,로그인 오류,Y,Y,Y
VOC08371,증권 정보 수정 문의,갱신한 계약이 앱에서 이전 계약으로 보입니다. 처리 방법을 안내해주세요.,보험,계약정보,S013,계약정보 불일치,Y,Y,Y
VOC03462,최근 주행기록 누락 문의,해당 시간대의 운전 내역이 누락되어 확인 요청드립니다.,주행,주행기록,S006,주행기록 미반영,Y,Y,Y
VOC04628,안전운전 할인 적용 여부 문의,현재 운전점수 기준으로 받을 수 있는 보험료 할인율이 안내받고 싶습니다.,보험,할인,S007,보험료 할인 적용 문의,Y,Y,Y
VOC03781,앱에서 운전 기록 확인 불가 앱에서 확인이 어려워 문의드립니다.,차량은 정상적으로 운행했는데 주행 데이터가 수집되지 않은 것 같습니다.,주행,주행기록,S006,주행기록 미반영,Y,Y,Y
VOC00097,주행 포인트가 적립되지 않았습니다 앱에서 확인이 어려워 문의드립니다.,[출발지]에서 [도착지]까지 구간을 운전했는데 적립 내역이 확인되지 않습니다. 필요한 확인 항목이 있다면 안내 부탁드립니다.,포인트,적립,S001,주행 포인트 미적립,Y,Y,Y
VOC09953,어떤 주행이 포인트 대상인가요 처리 방법을 안내해주세요.,짧은 거리 주행도 포인트 적립 대상인지 확인 요청드립니다.,포인트,적립기준,S015,포인트 적립 기준 문의,Y,Y,Y
VOC08434,앱의 계약 내용이 맞지 않아요,보험 계약 정보 중 일부 항목이 잘못되어 수정 요청드립니다.,보험,계약정보,S013,계약정보 불일치,Y,Y,Y
VOC03519,최근 주행기록 누락 문의 관련 기준도 함께 알려주세요.,해당 시간대의 운전 내역이 누락되어 확인 요청드립니다.,주행,주행기록,S006,주행기록 미반영,Y,Y,Y
VOC07795,사건번호 처리 상태 확인,보상 심사가 어느 단계까지 진행됐는지 확인 부탁드립니다.,사고,처리현황,S012,사고 처리 진행 문의,Y,Y,Y
VOC07784,사고 접수 후 연락이 없습니다 처리 방법을 안내해주세요.,보상 심사가 어느 단계까지 진행됐는지 확인 부탁드립니다. 빠른 확인 요청드립니다.,사고,처리현황,S012,사고 처리 진행 문의,Y,Y,Y
VOC00625,주행 포인트 미적립 문의 빠른 확인 요청드립니다.,운전 기록은 정상적으로 보이지만 포인트가 들어오지 않았습니다.,포인트,적립,S001,주행 포인트 미적립,Y,Y,Y
VOC00108,운전했는데 포인트가 안 들어왔어요,주행 조건을 충족한 것으로 보이는데 포인트가 0으로 표시됩니다. 확인 부탁드립니다.,포인트,적립,S001,주행 포인트 미적립,Y,Y,Y
VOC09652,포인트 적립 기준이 궁금합니다,급가속이나 급감속 기록이 포인트 적립에 영향을 주나요? 확인 부탁드립니다. 동일 현상이 반복되고 있습니다.,포인트,적립기준,S015,포인트 적립 기준 문의,Y,Y,Y
VOC01398,포인트를 사용할 수 있는 곳,현재 보유한 포인트를 어디에서 사용할 수 있는지 안내 부탁드립니다. 앱에서 확인이 어려워 문의드립니다.,포인트,사용,S003,포인트 사용처 문의,Y,Y,Y
VOC08389,증권 정보 수정 문의,갱신한 계약이 앱에서 이전 계약으로 보입니다. 앱을 다시 실행해도 같은 상태입니다.,보험,계약정보,S013,계약정보 불일치,Y,Y,Y
VOC01185,운전 후 포인트 반영 시간 문의,주행 후 몇 시간이 지났는데 아직 적립 대기 상태입니다. 빠른 확인 요청드립니다.,포인트,적립,S002,주행 포인트 적립 지연,Y,Y,Y
VOC08113,앱의 계약 내용이 맞지 않아요,갱신한 계약이 앱에서 이전 계약으로 보입니다.,보험,계약정보,S013,계약정보 불일치,Y,Y,Y
VOC08963,등록 연락처 수정 요청 앱에서 확인이 어려워 문의드립니다.,휴대전화 번호를 바꿨는데 앱 회원정보에는 이전 번호가 표시됩니다.,회원,회원정보,S014,휴대전화 번호 변경,Y,Y,Y
VOC04171,주행점수 할인 확인 요청,증권번호 [계약번호] 계약에 안전운전 할인이 적용됐는지 확인하고 싶습니다. 현재 화면에서 직접 수정할 수 없습니다.,보험,할인,S007,보험료 할인 적용 문의,Y,Y,Y
VOC01151,포인트 적립 처리 중 문의,오늘 주행을 마쳤는데 포인트가 아직 반영되지 않았습니다. 보통 얼마나 걸리나요? 확인 부탁드립니다.,포인트,적립,S002,주행 포인트 적립 지연,Y,Y,Y
VOC02147,계속 로그인에 실패합니다 앱에서 확인이 어려워 문의드립니다.,[오류코드] 메시지가 표시되면서 앱에 접속할 수 없습니다. 동일 현상이 반복되고 있습니다.,회원,로그인,S004,로그인 오류,Y,Y,Y
VOC03576,앱에서 운전 기록 확인 불가,차량은 정상적으로 운행했는데 주행 데이터가 수집되지 않은 것 같습니다. 확인 부탁드립니다.,주행,주행기록,S006,주행기록 미반영,Y,Y,Y
VOC09849,포인트 지급 조건 안내 요청,포인트를 받기 위한 최소 주행 조건이 궁금합니다.,포인트,적립기준,S015,포인트 적립 기준 문의,Y,Y,Y
VOC01976,포인트 사용처가 궁금합니다,보험료 결제 외에도 포인트를 사용할 수 있는 곳이 있나요?,포인트,사용,S003,포인트 사용처 문의,Y,Y,Y
VOC04472,안전운전 할인 적용 여부 문의,현재 운전점수 기준으로 받을 수 있는 보험료 할인율이 궁금합니다. 앱을 다시 실행해도 같은 상태입니다.,보험,할인,S007,보험료 할인 적용 문의,Y,Y,Y
VOC04581,보험료 할인이 반영됐나요,앱에는 할인 대상이라고 나오는데 실제 보험료에 적용됐는지 알고 싶습니다.,보험,할인,S007,보험료 할인 적용 문의,Y,Y,Y
VOC04397,보험료 할인이 반영됐나요,증권번호 [증권번호] 계약에 안전운전 할인이 적용됐는지 확인하고 싶습니다. 현재 화면에서 직접 수정할 수 없습니다.,보험,할인,S007,보험료 할인 적용 문의,Y,Y,Y
VOC04180,안전운전 할인 적용 여부 문의,현재 운전점수 기준으로 받을 수 있는 보험료 할인율이 궁금합니다. 이전에 정상적으로 이용한 적이 있습니다.,보험,할인,S007,보험료 할인 적용 문의,Y,Y,Y
VOC06575,포인트 차감 내역이 이상합니다,사용한 적이 없는데 [포인트수량] 포인트가 차감된 것으로 표시됩니다.,포인트,차감,S010,포인트 오차감,Y,Y,Y
VOC00676,운전 후 포인트 반영 시간 문의,주행 후 몇 시간이 지났는데 아직 적립 대기 상태입니다. 처리 방법을 안내해주세요.,포인트,적립,S002,주행 포인트 적립 지연,Y,Y,Y
VOC05981,회원 탈퇴를 요청합니다,계정과 저장된 개인정보를 삭제하는 절차를 알려주세요.,회원,계정관리,S009,회원 탈퇴,Y,Y,Y
VOC04277,안전운전 할인 적용 여부 문의,현재 운전점수 기준으로 받을 수 있는 보험료 할인율이 궁금합니다.,보험,할인,S007,보험료 할인 적용 문의,Y,Y,Y
VOC00129,주행 후 포인트가 없습니다,[날짜]에 주행을 완료했는데 포인트가 아직 적립되지 않았습니다.,포인트,적립,S001,주행 포인트 미적립,Y,Y,Y
VOC01944,포인트 사용 가능 서비스 문의 앱에서 확인이 어려워 문의드립니다.,앱에 [차감금액] 포인트가 있는데 사용 가능한 항목을 확인하고 싶습니다.,포인트,사용,S003,포인트 사용처 문의,Y,Y,Y
VOC05813,회원 탈퇴를 요청합니다,더 이상 서비스를 이용하지 않아 회원 탈퇴를 진행하고 싶습니다.,회원,계정관리,S009,회원 탈퇴,Y,Y,Y
VOC09213,휴대전화 번호를 변경하고 싶습니다 처리 방법을 안내해주세요.,번호 변경 후 로그인 인증 문자가 이전 번호로 발송됩니다. 앱을 다시 실행해도 같은 상태입니다.,회원,회원정보,S014,휴대전화 번호 변경,Y,Y,Y
VOC03612,최근 주행기록 누락 문의,차량은 정상적으로 운행했는데 주행 데이터가 수집되지 않은 것 같습니다.,주행,주행기록,S006,주행기록 미반영,Y,Y,Y
VOC05631,앱 회원 탈퇴 방법 문의,계정과 저장된 개인정보를 삭제하는 절차를 확인 부탁드립니다. 필요한 확인 항목이 있다면 안내 부탁드립니다.,회원,계정관리,S009,회원 탈퇴,Y,Y,Y
VOC01401,보유 포인트 사용 방법 처리 방법을 안내해주세요.,보험료 결제 외에도 포인트를 사용할 수 있는 곳이 있나요?,포인트,사용,S003,포인트 사용처 문의,Y,Y,Y
VOC08238,계약 차량 정보 불일치,계약 기간과 보험료 정보가 가입 당시 안내와 다르게 표시됩니다. 관련 기준도 함께 알려주세요.,보험,계약정보,S013,계약정보 불일치,Y,Y,Y
VOC01249,포인트 적립 처리 중 문의 빠른 확인 요청드립니다.,"포인트가 바로 들어오는지, 일정 시간이 필요한지 문의드립니다.",포인트,적립,S002,주행 포인트 적립 지연,Y,Y,Y
VOC00591,주행 포인트 미적립 문의,[출발지]-[도착지] 구간을 운전했는데 적립 내역이 확인정상적으로 처리되지 않습니다.,포인트,적립,S001,주행 포인트 미적립,Y,Y,Y
VOC09626,포인트 지급 조건 안내 요청,포인트를 받기 위한 최소 주행 조건이 궁금합니다.,포인트,적립기준,S015,포인트 적립 기준 문의,Y,Y,Y
VOC08901,기존 전화번호 변경 문의 빠른 확인 요청드립니다.,기존 번호 [전화번호]에서 새 번호 [변경전화번호]로 변경하고 싶습니다.,회원,회원정보,S014,휴대전화 번호 변경,Y,Y,Y
VOC04951,등록 차량 변경 요청 처리 방법을 안내해주세요.,기존 차량을 삭제하고 새 차량을 등록하는 방법을 알려주세요.,차량,차량정보,S008,차량정보 변경,Y,Y,Y
VOC07397,사건번호 처리 상태 확인,사건번호 [사건번호]와 관련해 현재 처리 단계를 확인하고 싶습니다. 처리 방법을 안내해주세요.,사고,처리현황,S012,사고 처리 진행 문의,Y,Y,Y
VOC08938,휴대전화 번호를 변경하고 싶습니다 확인 부탁드립니다.,기존 번호 [기존전화번호]에서 새 번호 [새전화번호]로 변경하고 싶습니다.,회원,회원정보,S014,휴대전화 번호 변경,Y,Y,Y
VOC01526,포인트 사용처가 궁금합니다,현재 보유한 포인트를 어디에서 사용할 수 있는지 확인 부탁드립니다.,포인트,사용,S003,포인트 사용처 문의,Y,Y,Y
VOC06408,포인트가 갑자기 줄었습니다,포인트 사용 이력과 실제 잔액이 맞지 않습니다.,포인트,차감,S010,포인트 오차감,Y,Y,Y
VOC09050,새 번호로 인증받고 싶어요 앱에서 확인이 어려워 문의드립니다.,등록된 연락처가 실제 사용하는 번호와 달라 수정 요청드립니다. 동일 현상이 반복되고 있습니다.,회원,회원정보,S014,휴대전화 번호 변경,Y,Y,Y
VOC08745,등록 연락처 수정 요청 빠른 확인 요청드립니다.,번호 변경 후 로그인 인증 문자가 이전 번호로 발송됩니다. 확인 부탁드립니다.,회원,회원정보,S014,휴대전화 번호 변경,Y,Y,Y
VOC04899,차량을 변경했습니다,기존 차량 [기존차량번호]에서 새 차량 [새차량번호]로 변경했습니다. 앱에서 확인이 어려워 문의드립니다.,차량,차량정보,S008,차량정보 변경,Y,Y,Y
VOC04396,보험료 할인이 반영됐나요,안전운전 점수와 보험료 할인 적용 기준을 안내해주세요. 처리 방법을 안내해주세요.,보험,할인,S007,보험료 할인 적용 문의,Y,Y,Y
VOC04360,주행점수 할인 확인 요청 빠른 확인 요청드립니다.,갱신 계약에 주행분석 할인 혜택이 반영되는지 문의드립니다.,보험,할인,S007,보험료 할인 적용 문의,Y,Y,Y
VOC04021,안전운전 할인 적용 여부 문의,현재 운전점수 기준으로 받을 수 있는 보험료 할인율이 궁금합니다.,보험,할인,S007,보험료 할인 적용 문의,Y,Y,Y
VOC07368,접수한 사고는 어떻게 진행되고 있나요,[날짜]에 접수한 사고의 담당자 배정 여부가 안내받고 싶습니다.,사고,처리현황,S012,사고 처리 진행 문의,Y,Y,Y
VOC06907,앱 화면이 멈춥니다 빠른 확인 요청드립니다.,앱을 실행하면 [오류코드] 오류가 표시되고 바로 종료됩니다.,앱,오류,S011,앱 실행 오류,Y,Y,Y
VOC09602,운전점수와 포인트 관계,포인트를 받기 위한 최소 주행 조건이 궁금합니다. 빠른 확인 요청드립니다. 앱을 다시 실행해도 같은 상태입니다.,포인트,적립기준,S015,포인트 적립 기준 문의,Y,Y,Y
VOC05038,차량을 변경했습니다 빠른 확인 요청드립니다.,기존 차량을 삭제하고 새 차량을 등록하는 방법을 알려주세요. 앱에서 확인이 어려워 문의드립니다.,차량,차량정보,S008,차량정보 변경,Y,Y,Y
VOC06432,포인트 잔액 오류 확인 부탁드립니다.,사용한 적이 없는데 [포인트수량] 포인트가 차감된 것으로 표시됩니다.,포인트,차감,S010,포인트 오차감,Y,Y,Y
VOC06980,앱이 계속 종료됩니다,재설치 후에도 동일하게 앱이 강제 종료됩니다.,앱,오류,S011,앱 실행 오류,Y,Y,Y
VOC07577,보상 처리 단계 문의,제출한 서류가 정상적으로 접수됐는지 알고 싶습니다.,사고,처리현황,S012,사고 처리 진행 문의,Y,Y,Y
VOC02533,아이디 입력 후 접속 오류,기존에 사용하던 계정으로 접속되지 않아 문의드립니다.,회원,로그인,S004,로그인 오류,Y,Y,Y
VOC02185,로그인 화면에서 넘어가지 않아요,여러 번 시도했지만 인증 후 다시 로그인 화면으로 돌아옵니다. 앱을 다시 실행해도 같은 상태입니다.,회원,로그인,S004,로그인 오류,Y,Y,Y
VOC02755,비밀번호 변경이 되지 않습니다 확인 부탁드립니다.,새 비밀번호를 입력했지만 변경이 완료되지 않습니다.,회원,계정관리,S005,비밀번호 재설정,Y,Y,Y
VOC01948,포인트를 사용할 수 있는 곳,포인트 사용 가능한 서비스와 제한 조건이 궁금합니다.,포인트,사용,S003,포인트 사용처 문의,Y,Y,Y
VOC02959,비밀번호 변경이 되지 않습니다,비밀번호 변경 절차와 조건을 안내해주세요. 빠른 확인 요청드립니다. 현재 화면에서 직접 수정할 수 없습니다.,회원,계정관리,S005,비밀번호 재설정,Y,Y,Y
VOC01013,운전 후 포인트 반영 시간 문의,"포인트가 바로 들어오는지, 일정 시간이 필요한지 문의드립니다.",포인트,적립,S002,주행 포인트 적립 지연,Y,Y,Y
VOC09404,포인트 적립 기준이 궁금합니다,급가속이나 급감속 기록이 포인트 적립에 영향을 주나요?,포인트,적립기준,S015,포인트 적립 기준 문의,Y,Y,Y
VOC07924,사고 처리 진행 상황 문의,[주행일]에 접수한 사고의 담당자 배정 여부가 궁금합니다. 이전에 정상적으로 이용한 적이 있습니다.,사고,처리현황,S012,사고 처리 진행 문의,Y,Y,Y
VOC06406,사용하지 않은 포인트가 차감됐어요,어제 확인한 잔액과 오늘 잔액이 달라서 문의합니다. 앱에서 확인이 어려워 문의드립니다.,포인트,차감,S010,포인트 오차감,Y,Y,Y
VOC09531,어떤 주행이 포인트 대상인가요,포인트 지급 대상과 제외 조건을 자세히 안내해주세요.,포인트,적립기준,S015,포인트 적립 기준 문의,Y,Y,Y
VOC01165,운전 후 포인트 반영 시간 문의,[접수시간]에 주행을 종료했습니다. 포인트 반영 예정 시간을 알고 싶습니다.,포인트,적립,S002,주행 포인트 적립 지연,Y,Y,Y
VOC03466,운전한 내역이 앱에 없습니다,해당 시간대의 운전 내역이 누락되어 확인 요청드립니다. 이전에 정상적으로 이용한 적이 있습니다.,주행,주행기록,S006,주행기록 미반영,Y,Y,Y
VOC05655,더 이상 서비스를 이용하지 않습니다 빠른 확인 요청드립니다.,계정과 저장된 개인정보를 삭제하는 절차를 확인 부탁드립니다.,회원,계정관리,S009,회원 탈퇴,Y,Y,Y
VOC07009,앱 화면이 멈춥니다,재설치 후에도 동일하게 앱이 강제 종료됩니다.,앱,오류,S011,앱 실행 오류,Y,Y,Y
VOC02954,비밀번호 변경이 되지 않습니다,비밀번호 찾기 과정에서 [전화번호]로 인증번호가 오지 않습니다.,회원,계정관리,S005,비밀번호 재설정,Y,Y,Y
VOC03917,주행기록이 보이지 않습니다,[주행일]에 [출발지]-[도착지] 구간을 운전했는데 앱에서 기록이 보이지 않습니다. 앱에서 확인이 어려워 문의드립니다. 현재 화면에서 직접 수정할 수 없습니다.,주행,주행기록,S006,주행기록 미반영,Y,Y,Y
VOC04469,보험료 할인 혜택이 궁금합니다,갱신 계약에 주행분석 할인 혜택이 반영되는지 확인 요청드립니다.,보험,할인,S007,보험료 할인 적용 문의,Y,Y,Y
VOC01671,보유 포인트 사용 방법,포인트 사용 가능한 서비스와 제한 조건이 궁금합니다. 필요한 확인 항목이 있다면 안내 부탁드립니다.,포인트,사용,S003,포인트 사용처 문의,Y,Y,Y
VOC08038,보험 계약자 정보 오류,앱에 표시된 계약자명이 [이름]으로 되어 있는데 실제 정보와 다릅니다.,보험,계약정보,S013,계약정보 불일치,Y,Y,Y
VOC01753,포인트 사용 가능 서비스 문의,보험료 결제 외에도 포인트를 사용할 수 있는 곳이 있나요?,포인트,사용,S003,포인트 사용처 문의,Y,Y,Y
VOC05963,가입 정보 삭제 요청,더 이상 서비스를 이용하지 않아 회원 탈퇴를 진행하고 싶습니다.,회원,계정관리,S009,회원 탈퇴,Y,Y,Y
VOC07344,사건번호 처리 상태 확인,[주행일]에 접수한 사고의 담당자 배정 여부가 궁금합니다. 필요한 확인 항목이 있다면 안내 부탁드립니다.,사고,처리현황,S012,사고 처리 진행 문의,Y,Y,Y
VOC07517,사건번호 처리 상태 확인,보상 심사가 어느 단계까지 진행됐는지 확인 부탁드립니다.,사고,처리현황,S012,사고 처리 진행 문의,Y,Y,Y
VOC04981,앱 차량정보 수정 문의,차량을 교체해서 앱의 등록 정보를 수정하고 싶습니다.,차량,차량정보,S008,차량정보 변경,Y,Y,Y
VOC03494,앱에서 운전 기록 확인 불가,차량은 정상적으로 운행했는데 주행 데이터가 수집되지 않은 것 같습니다.,주행,주행기록,S006,주행기록 미반영,Y,Y,Y
VOC05054,기존 차량 삭제 후 신규 등록,보험 계약 차량은 변경됐는데 앱에는 이전 차량이 표시됩니다.,차량,차량정보,S008,차량정보 변경,Y,Y,Y
VOC00757,운전 후 포인트 반영 시간 문의 빠른 확인 요청드립니다.,[시간]에 주행을 종료했습니다. 포인트 반영 예정 시간을 알고 싶습니다. 앱에서 확인이 어려워 문의드립니다.,포인트,적립,S002,주행 포인트 적립 지연,Y,Y,Y
VOC05581,회원 탈퇴를 요청합니다,더 이상 서비스를 이용하지 않아 회원 탈퇴를 진행하고 싶습니다. 확인 부탁드립니다.,회원,계정관리,S009,회원 탈퇴,Y,Y,Y
VOC03794,최근 주행기록 누락 문의,주행 종료 후에도 거리와 시간이 0으로 표시됩니다. 확인 부탁드립니다.,주행,주행기록,S006,주행기록 미반영,Y,Y,Y
VOC04847,차량을 변경했습니다,차량번호 변경 후 주행 서비스 연결 방법을 문의드립니다.,차량,차량정보,S008,차량정보 변경,Y,Y,Y
VOC02477,로그인 화면에서 넘어가지 않아요 확인 부탁드립니다.,아이디와 비밀번호를 입력해도 로그인 오류가 발생합니다.,회원,로그인,S004,로그인 오류,Y,Y,Y
VOC08034,앱의 계약 내용이 맞지 않아요,앱에 표시된 계약자명이 [계약자명]으로 되어 있는데 실제 정보와 다릅니다.,보험,계약정보,S013,계약정보 불일치,Y,Y,Y
VOC08584,계약 차량 정보 불일치 처리 방법을 안내해주세요.,계약 기간과 보험료 정보가 가입 당시 안내와 다르게 표시됩니다. 처리 방법을 안내해주세요.,보험,계약정보,S013,계약정보 불일치,Y,Y,Y
VOC03419,주행 데이터가 반영되지 않았어요,운전을 완료했지만 최근 주행 목록에 추가되지 않았습니다.,주행,주행기록,S006,주행기록 미반영,Y,Y,Y
VOC07392,사고 처리 진행 상황 문의 앱에서 확인이 어려워 문의드립니다.,사건번호 [사고접수번호]와 관련해 현재 처리 단계를 확인하고 싶습니다. 확인 부탁드립니다.,사고,처리현황,S012,사고 처리 진행 문의,Y,Y,Y
VOC07288,앱 화면이 멈춥니다,업데이트 이후 첫 화면에서 멈추고 다음으로 넘어가지 않습니다. 앱에서 확인이 어려워 문의드립니다.,앱,오류,S011,앱 실행 오류,Y,Y,Y
VOC09229,새 번호로 인증받고 싶어요,새 번호로 본인 인증을 진행하는 방법을 알려주세요. 관련 기준도 함께 알려주세요.,회원,회원정보,S014,휴대전화 번호 변경,Y,Y,Y
VOC04879,앱 차량정보 수정 문의,기존 차량 [차량번호]에서 새 차량 [새차량번호]로 변경했습니다. 빠른 확인 요청드립니다.,차량,차량정보,S008,차량정보 변경,Y,Y,Y
VOC01280,포인트 적립 처리 중 문의 처리 방법을 안내해주세요.,오늘 주행을 마쳤는데 포인트가 아직 반영되지 않았습니다. 보통 얼마나 걸리나요? 확인 부탁드립니다. 앱을 다시 실행해도 같은 상태입니다.,포인트,적립,S002,주행 포인트 적립 지연,Y,Y,Y
VOC07890,접수한 사고는 어떻게 진행되고 있나요,[날짜]에 접수한 사고의 담당자 배정 여부가 궁금합니다.,사고,처리현황,S012,사고 처리 진행 문의,Y,Y,Y
VOC05066,앱 차량정보 수정 문의,기존 차량을 삭제하고 새 차량을 등록하는 방법을 알려주세요. 동일 현상이 반복되고 있습니다.,차량,차량정보,S008,차량정보 변경,Y,Y,Y
VOC02244,계속 로그인에 실패합니다 처리 방법을 안내해주세요.,[에러코드] 메시지가 표시되면서 앱에 접속할 수 없습니다.,회원,로그인,S004,로그인 오류,Y,Y,Y
VOC07486,접수한 사고는 어떻게 진행되고 있나요 확인 부탁드립니다.,사고 접수 이후 진행 상황 안내를 받지 못했습니다.,사고,처리현황,S012,사고 처리 진행 문의,Y,Y,Y
VOC00962,주행 포인트는 언제 들어오나요,오늘 주행을 마쳤는데 포인트가 아직 반영되지 않았습니다. 보통 얼마나 걸리나요?,포인트,적립,S002,주행 포인트 적립 지연,Y,Y,Y
VOC00545,주행 포인트가 적립되지 않았습니다,주행 조건을 충족한 것으로 보이는데 포인트가 0으로 표시됩니다. 필요한 확인 항목이 있다면 안내 부탁드립니다.,포인트,적립,S001,주행 포인트 미적립,Y,Y,Y
VOC02479,계정 접속이 불가능합니다 관련 기준도 함께 알려주세요.,기존에 사용하던 계정으로 접속되지 않아 문의드립니다. 앱에서 확인이 어려워 문의드립니다.,회원,로그인,S004,로그인 오류,Y,Y,Y
VOC01743,포인트를 사용할 수 있는 곳 관련 기준도 함께 알려주세요.,현재 보유한 포인트를 어디에서 사용할 수 있는지 확인 부탁드립니다.,포인트,사용,S003,포인트 사용처 문의,Y,Y,Y
VOC05468,서비스 계정을 삭제하고 싶어요 앱에서 확인이 어려워 문의드립니다.,회원 탈퇴 시 남은 포인트와 주행기록이 어떻게 처리되는지 확인하고 싶습니다. 관련 기준도 함께 알려주세요.,회원,계정관리,S009,회원 탈퇴,Y,Y,Y
VOC02862,새 비밀번호 등록 문의 관련 기준도 함께 알려주세요.,본인 인증 후 비밀번호 재설정 화면으로 이동하지 않습니다.,회원,계정관리,S005,비밀번호 재설정,Y,Y,Y
VOC09427,운전점수와 포인트 관계,주행거리와 운전점수에 따라 포인트가 어떻게 산정되는지 알고 싶습니다.,포인트,적립기준,S015,포인트 적립 기준 문의,Y,Y,Y
VOC08430,계약 차량 정보 불일치,보험 계약 정보 중 일부 항목이 잘못되어 수정 요청드립니다.,보험,계약정보,S013,계약정보 불일치,Y,Y,Y
VOC08678,휴대전화 번호를 변경하고 싶습니다,번호 변경 후 로그인 인증 문자가 이전 번호로 발송됩니다.,회원,회원정보,S014,휴대전화 번호 변경,Y,Y,Y
VOC00599,주행 후 포인트가 없습니다 관련 기준도 함께 알려주세요.,[접수일]에 주행을 완료했는데 포인트가 아직 적립되지 않았습니다.,포인트,적립,S001,주행 포인트 미적립,Y,Y,Y
VOC03698,주행 데이터가 반영되지 않았어요,주행 종료 후에도 거리와 시간이 0으로 표시됩니다.,주행,주행기록,S006,주행기록 미반영,Y,Y,Y
VOC01809,적립 포인트는 어디서 쓰나요 빠른 확인 요청드립니다.,포인트 사용 가능한 서비스와 제한 조건이 궁금합니다. 필요한 확인 항목이 있다면 안내 부탁드립니다.,포인트,사용,S003,포인트 사용처 문의,Y,Y,Y
VOC04764,차량을 변경했습니다 처리 방법을 안내해주세요.,기존 차량을 삭제하고 새 차량을 등록하는 방법을 알려주세요.,차량,차량정보,S008,차량정보 변경,Y,Y,Y
VOC02774,비밀번호 변경이 되지 않습니다,새 비밀번호를 입력했지만 변경이 완료되지 않습니다.,회원,계정관리,S005,비밀번호 재설정,Y,Y,Y
VOC05785,더 이상 서비스를 이용하지 않습니다,앱에서 탈퇴 메뉴를 찾을 수 없어 확인 요청드립니다.,회원,계정관리,S009,회원 탈퇴,Y,Y,Y
VOC06769,업데이트 후 앱이 열리지 않아요,업데이트 이후 첫 화면에서 멈추고 다음으로 넘어가지 않습니다. 동일 현상이 반복되고 있습니다.,앱,오류,S011,앱 실행 오류,Y,Y,Y
VOC00584,주행 포인트 미적립 문의 처리 방법을 안내해주세요.,운전 기록은 정상적으로 보이지만 포인트가 들어오지 않았습니다. 확인 부탁드립니다.,포인트,적립,S001,주행 포인트 미적립,Y,Y,Y
VOC04185,보험료 할인이 반영됐나요,앱에는 할인 대상이라고 나오는데 실제 보험료에 적용됐는지 알고 싶습니다.,보험,할인,S007,보험료 할인 적용 문의,Y,Y,Y
VOC01128,주행 포인트는 언제 들어오나요 빠른 확인 요청드립니다.,[시간]에 주행을 종료했습니다. 포인트 반영 예정 시간을 알고 싶습니다.,포인트,적립,S002,주행 포인트 적립 지연,Y,Y,Y
VOC09773,포인트 적립 기준이 궁금합니다,주행거리와 운전점수에 따라 포인트가 어떻게 산정되는지 알고 싶습니다. 필요한 확인 항목이 있다면 안내 부탁드립니다.,포인트,적립기준,S015,포인트 적립 기준 문의,Y,Y,Y
VOC01336,포인트 사용처가 안내받고 싶습니다,현재 보유한 포인트를 어디에서 사용할 수 있는지 알려주세요. 확인 부탁드립니다.,포인트,사용,S003,포인트 사용처 문의,Y,Y,Y
VOC07426,접수한 사고는 어떻게 진행되고 있나요,제출한 서류가 정상적으로 접수됐는지 알고 싶습니다.,사고,처리현황,S012,사고 처리 진행 문의,Y,Y,Y
VOC03688,주행기록이 보이지 않습니다,주행 종료 후에도 거리와 시간이 0으로 표시됩니다.,주행,주행기록,S006,주행기록 미반영,Y,Y,Y
VOC01091,포인트 반영이 늦어지고 있습니다 처리 방법을 안내해주세요.,주행 후 몇 시간이 지났는데 아직 적립 대기 상태입니다.,포인트,적립,S002,주행 포인트 적립 지연,Y,Y,Y
VOC04038,안전운전 할인 적용 여부 문의,앱에는 할인 대상이라고 나오는데 실제 보험료에 적용됐는지 알고 싶습니다.,보험,할인,S007,보험료 할인 적용 문의,Y,Y,Y
VOC09284,기존 전화번호 변경 문의,새 번호로 본인 인증을 진행하는 방법을 알려주세요.,회원,회원정보,S014,휴대전화 번호 변경,Y,Y,Y
VOC08175,보험 계약자 정보 오류 빠른 확인 요청드립니다.,계약 기간과 보험료 정보가 가입 당시 안내와 다르게 표시됩니다.,보험,계약정보,S013,계약정보 불일치,Y,Y,Y
VOC07475,사고 처리 진행 상황 문의,사건번호 [사고접수번호]와 관련해 현재 처리 단계를 확인하고 싶습니다.,사고,처리현황,S012,사고 처리 진행 문의,Y,Y,Y
VOC06469,사용하지 않은 포인트가 차감됐어요,포인트 사용 이력과 실제 잔액이 맞지 않습니다. 관련 기준도 함께 알려주세요.,포인트,차감,S010,포인트 오차감,Y,Y,Y
VOC02691,비밀번호 찾기 인증 오류 처리 방법을 안내해주세요.,새 비밀번호를 입력했지만 변경이 완료되지 않습니다. 빠른 확인 요청드립니다.,회원,계정관리,S005,비밀번호 재설정,Y,Y,Y
VOC09223,기존 전화번호 변경 문의,휴대전화 번호를 바꿨는데 앱 회원정보에는 이전 번호가 표시됩니다. 확인 부탁드립니다.,회원,회원정보,S014,휴대전화 번호 변경,Y,Y,Y
VOC01598,포인트 사용처가 궁금합니다,보험료 결제 외에도 포인트를 사용할 수 있는 곳이 있나요?,포인트,사용,S003,포인트 사용처 문의,Y,Y,Y
VOC09080,휴대전화 번호를 변경하고 싶습니다,휴대전화 번호를 바꿨는데 앱 회원정보에는 이전 번호가 표시됩니다.,회원,회원정보,S014,휴대전화 번호 변경,Y,Y,Y
VOC01482,보유 포인트 사용 방법,현재 보유한 포인트를 어디에서 사용할 수 있는지 알려주세요.,포인트,사용,S003,포인트 사용처 문의,Y,Y,Y
VOC08624,계약 차량 정보 불일치 관련 기준도 함께 알려주세요.,갱신한 계약이 앱에서 이전 계약으로 보입니다.,보험,계약정보,S013,계약정보 불일치,Y,Y,Y
VOC03450,앱에서 운전 기록 확인 불가 관련 기준도 함께 알려주세요.,[접수일]에 [출발지]-[도착지] 구간을 운전했는데 앱에서 기록이 보이지 않습니다. 앱을 다시 실행해도 같은 상태입니다.,주행,주행기록,S006,주행기록 미반영,Y,Y,Y
VOC08822,새 번호로 인증받고 싶어요,휴대전화 번호를 바꿨는데 앱 회원정보에는 이전 번호가 표시됩니다.,회원,회원정보,S014,휴대전화 번호 변경,Y,Y,Y
VOC00669,포인트 반영이 늦어지고 있습니다,오늘 주행을 마쳤는데 포인트가 아직 반영되지 않았습니다. 보통 얼마나 걸리나요? 확인 부탁드립니다.,포인트,적립,S002,주행 포인트 적립 지연,Y,Y,Y
VOC04679,기존 차량 삭제 후 신규 등록,기존 차량 [기존차량번호]에서 새 차량 [변경차량번호]로 변경했습니다. 현재 화면에서 직접 수정할 수 없습니다.,차량,차량정보,S008,차량정보 변경,Y,Y,Y
VOC07370,보상 처리 단계 문의,보상 심사가 어느 단계까지 진행됐는지 확인 부탁드립니다. 확인 부탁드립니다.,사고,처리현황,S012,사고 처리 진행 문의,Y,Y,Y
VOC06627,포인트 잔액 오류,결제를 취소했는데 차감된 포인트가 복구되지 않았습니다.,포인트,차감,S010,포인트 오차감,Y,Y,Y
VOC06963,앱 화면이 멈춥니다 처리 방법을 안내해주세요.,업데이트 이후 첫 화면에서 멈추고 다음으로 넘어가지 않습니다.,앱,오류,S011,앱 실행 오류,Y,Y,Y
VOC08477,증권 정보 수정 문의,증권번호 [계약번호]의 차량정보가 현재 차량과 일치하지 않습니다. 앱에서 확인이 어려워 문의드립니다.,보험,계약정보,S013,계약정보 불일치,Y,Y,Y
VOC06349,포인트 잔액 오류,결제를 취소했는데 차감된 포인트가 복구되지 않았습니다.,포인트,차감,S010,포인트 오차감,Y,Y,Y
VOC02190,계정 접속이 불가능합니다,로그인 버튼을 눌러도 화면이 그대로입니다.,회원,로그인,S004,로그인 오류,Y,Y,Y
VOC06588,잘못 차감된 포인트 문의,포인트 사용 이력과 실제 잔액이 맞지 않습니다.,포인트,차감,S010,포인트 오차감,Y,Y,Y
VOC03527,앱에서 운전 기록 확인 불가 처리 방법을 안내해주세요.,해당 시간대의 운전 내역이 누락되어 확인 요청드립니다.,주행,주행기록,S006,주행기록 미반영,Y,Y,Y
VOC04204,계약 할인 적용 상태 문의,갱신 계약에 주행분석 할인 혜택이 반영되는지 문의드립니다.,보험,할인,S007,보험료 할인 적용 문의,Y,Y,Y
VOC02016,계속 로그인에 실패합니다,[에러코드] 메시지가 표시되면서 앱에 접속할 수 없습니다.,회원,로그인,S004,로그인 오류,Y,Y,Y
VOC03414,앱에서 운전 기록 확인 불가 확인 부탁드립니다.,운전을 완료했지만 최근 주행 목록에 추가되지 않았습니다. 앱에서 확인이 어려워 문의드립니다. 필요한 확인 항목이 있다면 안내 부탁드립니다.,주행,주행기록,S006,주행기록 미반영,Y,Y,Y
VOC09143,기존 전화번호 변경 문의,휴대전화 번호를 바꿨는데 앱 회원정보에는 이전 번호가 표시됩니다. 관련 기준도 함께 알려주세요. 이전에 정상적으로 이용한 적이 있습니다.,회원,회원정보,S014,휴대전화 번호 변경,Y,Y,Y
VOC07142,앱이 계속 종료됩니다,앱을 실행하면 [에러코드] 오류가 표시되고 바로 종료됩니다.,앱,오류,S011,앱 실행 오류,Y,Y,Y
VOC00656,주행 포인트 미적립 문의,주행 조건을 충족한 것으로 보이는데 포인트가 0으로 표시됩니다.,포인트,적립,S001,주행 포인트 미적립,Y,Y,Y
VOC00279,주행 포인트가 적립되지 않았습니다 처리 방법을 안내해주세요.,주행 조건을 충족한 것으로 보이는데 포인트가 0으로 표시됩니다.,포인트,적립,S001,주행 포인트 미적립,Y,Y,Y
VOC06951,서비스 실행 불가 문의,업데이트 이후 첫 화면에서 멈추고 다음으로 넘어가지 않습니다. 빠른 확인 요청드립니다. 이전에 정상적으로 이용한 적이 있습니다.,앱,오류,S011,앱 실행 오류,Y,Y,Y
VOC02877,비밀번호 변경이 안 됩니다,비밀번호 변경 절차와 조건을 안내해주세요. 관련 기준도 함께 알려주세요.,회원,계정관리,S005,비밀번호 재설정,Y,Y,Y
VOC07513,보상 처리 단계 문의,[날짜]에 접수한 사고의 담당자 배정 여부가 궁금합니다.,사고,처리현황,S012,사고 처리 진행 문의,Y,Y,Y
VOC07805,사고 접수 후 연락이 없습니다 빠른 확인 요청드립니다.,사고 접수 이후 진행 상황 안내를 받지 못했습니다.,사고,처리현황,S012,사고 처리 진행 문의,Y,Y,Y
VOC00542,주행 포인트 미적립 문의,주행 조건을 충족한 것으로 보이는데 포인트가 0으로 표시됩니다. 앱을 다시 실행해도 같은 상태입니다.,포인트,적립,S001,주행 포인트 미적립,Y,Y,Y
VOC00302,포인트가 누락된 것 같습니다,운전 기록은 정상적으로 보이지만 포인트가 들어오지 않았습니다. 관련 기준도 함께 알려주세요.,포인트,적립,S001,주행 포인트 미적립,Y,Y,Y
VOC08360,보험 계약자 정보 오류,앱에 표시된 계약자명이 [계약자명]으로 되어 있는데 실제 정보와 다릅니다. 관련 기준도 함께 알려주세요.,보험,계약정보,S013,계약정보 불일치,Y,Y,Y
VOC05588,서비스 계정을 삭제하고 싶어요,회원 탈퇴 시 남은 포인트와 주행기록이 어떻게 처리되는지 궁금합니다.,회원,계정관리,S009,회원 탈퇴,Y,Y,Y
VOC06400,사용하지 않은 포인트가 차감됐어요,포인트 사용 이력과 실제 잔액이 맞지 않습니다.,포인트,차감,S010,포인트 오차감,Y,Y,Y
VOC04588,주행점수 할인 확인 요청,갱신 계약에 주행분석 할인 혜택이 반영되는지 문의드립니다. 처리 방법을 안내해주세요.,보험,할인,S007,보험료 할인 적용 문의,Y,Y,Y
VOC01141,포인트가 아직 처리되지 않았어요 처리 방법을 안내해주세요.,방금 운전한 기록은 보이는데 포인트는 처리 중으로 표시됩니다.,포인트,적립,S002,주행 포인트 적립 지연,Y,Y,Y
VOC02258,앱 로그인이 정상적으로 처리되지 않습니다,[오류코드] 메시지가 표시되면서 앱에 접속할 수 없습니다. 앱에서 확인이 어려워 문의드립니다.,회원,로그인,S004,로그인 오류,Y,Y,Y
VOC02854,새 비밀번호 등록 문의,본인 인증 후 비밀번호 재설정 화면으로 이동하지 않습니다.,회원,계정관리,S005,비밀번호 재설정,Y,Y,Y
VOC08784,새 번호로 인증받고 싶어요,기존 번호 [전화번호]에서 새 번호 [변경전화번호]로 변경하고 싶습니다.,회원,회원정보,S014,휴대전화 번호 변경,Y,Y,Y
VOC09964,포인트 적립 기준이 궁금합니다 앱에서 확인이 어려워 문의드립니다.,짧은 거리 주행도 포인트 적립 대상인지 문의드립니다. 빠른 확인 요청드립니다.,포인트,적립기준,S015,포인트 적립 기준 문의,Y,Y,Y
VOC00911,포인트 적립 처리 중 문의,주행 후 몇 시간이 지났는데 아직 적립 대기 상태입니다.,포인트,적립,S002,주행 포인트 적립 지연,Y,Y,Y
VOC09612,어떤 주행이 포인트 대상인가요,주행거리와 운전점수에 따라 포인트가 어떻게 산정되는지 알고 싶습니다. 처리 방법을 안내해주세요.,포인트,적립기준,S015,포인트 적립 기준 문의,Y,Y,Y
VOC09695,어떤 주행이 포인트 대상인가요,포인트를 받기 위한 최소 주행 조건이 궁금합니다. 확인 부탁드립니다.,포인트,적립기준,S015,포인트 적립 기준 문의,Y,Y,Y
VOC09444,주행 포인트 산정 방법 문의,주행거리와 운전점수에 따라 포인트가 어떻게 산정되는지 알고 싶습니다.,포인트,적립기준,S015,포인트 적립 기준 문의,Y,Y,Y
VOC01805,포인트를 사용할 수 있는 곳,현재 보유한 포인트를 어디에서 사용할 수 있는지 알려주세요.,포인트,사용,S003,포인트 사용처 문의,Y,Y,Y
VOC09880,운전점수와 포인트 관계,포인트 지급 대상과 제외 조건을 자세히 안내해주세요. 현재 화면에서 직접 수정할 수 없습니다.,포인트,적립기준,S015,포인트 적립 기준 문의,Y,Y,Y
VOC08583,보험 계약자 정보 오류,계약 기간과 보험료 정보가 가입 당시 안내와 다르게 표시됩니다.,보험,계약정보,S013,계약정보 불일치,Y,Y,Y
VOC06869,업데이트 후 앱이 열리지 않아요 확인 부탁드립니다.,특정 메뉴에 들어가면 화면이 멈추는 현상이 반복됩니다.,앱,오류,S011,앱 실행 오류,Y,Y,Y
VOC02051,계정 접속이 불가능합니다,로그인 버튼을 눌러도 화면이 그대로입니다.,회원,로그인,S004,로그인 오류,Y,Y,Y
VOC08939,회원정보의 전화번호가 다릅니다 확인 부탁드립니다.,기존 번호 [기존전화번호]에서 새 번호 [새전화번호]로 변경하고 싶습니다. 앱에서 확인이 어려워 문의드립니다.,회원,회원정보,S014,휴대전화 번호 변경,Y,Y,Y
VOC02750,새 비밀번호 등록 문의,비밀번호가 기억나지 않아 재설정하려고 합니다.,회원,계정관리,S005,비밀번호 재설정,Y,Y,Y
VOC02385,앱 로그인이 되지 않습니다 관련 기준도 함께 알려주세요.,아이디와 비밀번호를 입력해도 로그인 오류가 발생합니다.,회원,로그인,S004,로그인 오류,Y,Y,Y
VOC04219,보험료 할인 혜택이 안내받고 싶습니다,안전운전 점수와 보험료 할인 적용 기준을 안내해주세요.,보험,할인,S007,보험료 할인 적용 문의,Y,Y,Y
VOC09536,운전점수와 포인트 관계,주행거리와 운전점수에 따라 포인트가 어떻게 산정되는지 알고 싶습니다.,포인트,적립기준,S015,포인트 적립 기준 문의,Y,Y,Y
VOC03165,비밀번호 찾기 인증 오류,비밀번호 변경 절차와 조건을 안내해주세요.,회원,계정관리,S005,비밀번호 재설정,Y,Y,Y
VOC01646,포인트 사용 가능 서비스 문의,현재 보유한 포인트를 어디에서 사용할 수 있는지 알려주세요. 현재 화면에서 직접 수정할 수 없습니다.,포인트,사용,S003,포인트 사용처 문의,Y,Y,Y
VOC00070,주행 포인트 미적립 문의,운전 기록은 정상적으로 보이지만 포인트가 들어오지 않았습니다. 확인 부탁드립니다.,포인트,적립,S001,주행 포인트 미적립,Y,Y,Y
VOC02762,비밀번호가 기억나지 않아요,비밀번호가 기억나지 않아 재설정하려고 합니다.,회원,계정관리,S005,비밀번호 재설정,Y,Y,Y
VOC07265,업데이트 후 앱이 열리지 않아요,재설치 후에도 동일하게 앱이 강제 종료됩니다.,앱,오류,S011,앱 실행 오류,Y,Y,Y
VOC08205,계약정보가 다르게 표시됩니다 빠른 확인 요청드립니다.,보험 계약 정보 중 일부 항목이 잘못되어 수정 요청드립니다.,보험,계약정보,S013,계약정보 불일치,Y,Y,Y
VOC00495,주행 포인트가 적립되지 않았습니다,주행 조건을 충족한 것으로 보이는데 포인트가 0으로 표시됩니다. 빠른 확인 요청드립니다.,포인트,적립,S001,주행 포인트 미적립,Y,Y,Y
VOC08983,회원정보의 전화번호가 다릅니다,휴대전화 번호를 바꿨는데 앱 회원정보에는 이전 번호가 표시됩니다. 동일 현상이 반복되고 있습니다.,회원,회원정보,S014,휴대전화 번호 변경,Y,Y,Y
VOC02239,계정 접속이 불가능합니다,여러 번 시도했지만 인증 후 다시 로그인 화면으로 돌아옵니다.,회원,로그인,S004,로그인 오류,Y,Y,Y
VOC03663,주행 데이터가 반영되지 않았어요,운전을 완료했지만 최근 주행 목록에 추가되지 않았습니다. 처리 방법을 안내해주세요.,주행,주행기록,S006,주행기록 미반영,Y,Y,Y
VOC05807,앱 회원 탈퇴 방법 문의 처리 방법을 안내해주세요.,앱에서 탈퇴 메뉴를 찾을 수 없어 문의드립니다.,회원,계정관리,S009,회원 탈퇴,Y,Y,Y
VOC02098,앱 로그인이 되지 않습니다,여러 번 시도했지만 인증 후 다시 로그인 화면으로 돌아옵니다. 관련 기준도 함께 알려주세요.,회원,로그인,S004,로그인 오류,Y,Y,Y
VOC01842,적립 포인트는 어디서 쓰나요,현재 보유한 포인트를 어디에서 사용할 수 있는지 알려주세요. 관련 기준도 함께 알려주세요.,포인트,사용,S003,포인트 사용처 문의,Y,Y,Y
VOC08833,기존 전화번호 변경 문의,번호 변경 후 로그인 인증 문자가 이전 번호로 발송됩니다.,회원,회원정보,S014,휴대전화 번호 변경,Y,Y,Y
VOC02492,앱 로그인이 되지 않습니다 빠른 확인 요청드립니다.,로그인 버튼을 눌러도 화면이 그대로입니다. 확인 부탁드립니다.,회원,로그인,S004,로그인 오류,Y,Y,Y
VOC06710,서비스 실행 불가 문의,업데이트 이후 첫 화면에서 멈추고 다음으로 넘어가지 않습니다.,앱,오류,S011,앱 실행 오류,Y,Y,Y
VOC01100,포인트 반영이 늦어지고 있습니다,주행 후 몇 시간이 지났는데 아직 적립 대기 상태입니다. 확인 부탁드립니다.,포인트,적립,S002,주행 포인트 적립 지연,Y,Y,Y
VOC00575,주행 후 포인트가 없습니다,지난 주행 건에 대한 포인트를 받지 못했습니다. 확인 부탁드립니다.,포인트,적립,S001,주행 포인트 미적립,Y,Y,Y
VOC02802,새 비밀번호 등록 문의,본인 인증 후 비밀번호 재설정 화면으로 이동하지 않습니다. 관련 기준도 함께 알려주세요.,회원,계정관리,S005,비밀번호 재설정,Y,Y,Y
VOC08414,계약정보가 다르게 표시됩니다,증권번호 [증권번호]의 차량정보가 현재 차량과 일치하지 않습니다.,보험,계약정보,S013,계약정보 불일치,Y,Y,Y
VOC04176,주행점수 할인 확인 요청 앱에서 확인이 어려워 문의드립니다.,앱에는 할인 대상이라고 나오는데 실제 보험료에 적용됐는지 알고 싶습니다.,보험,할인,S007,보험료 할인 적용 문의,Y,Y,Y
VOC09936,운전점수와 포인트 관계,짧은 거리 주행도 포인트 적립 대상인지 문의드립니다. 필요한 확인 항목이 있다면 안내 부탁드립니다.,포인트,적립기준,S015,포인트 적립 기준 문의,Y,Y,Y
VOC01974,포인트 사용 가능 서비스 문의,보험료 결제 외에도 포인트를 사용할 수 있는 곳이 있나요? 앱에서 확인이 어려워 문의드립니다. 앱을 다시 실행해도 같은 상태입니다.,포인트,사용,S003,포인트 사용처 문의,Y,Y,Y
VOC02505,로그인 화면에서 넘어가지 않아요,기존에 사용하던 계정으로 접속되지 않아 문의드립니다. 빠른 확인 요청드립니다. 앱을 다시 실행해도 같은 상태입니다.,회원,로그인,S004,로그인 오류,Y,Y,Y
VOC03471,운전한 내역이 앱에 없습니다,주행 종료 후에도 거리와 시간이 0으로 표시됩니다.,주행,주행기록,S006,주행기록 미반영,Y,Y,Y
VOC09433,포인트 지급 조건 안내 요청,포인트 지급 대상과 제외 조건을 자세히 안내해주세요.,포인트,적립기준,S015,포인트 적립 기준 문의,Y,Y,Y
VOC09267,등록 연락처 수정 요청,기존 번호 [전화번호]에서 새 번호 [새전화번호]로 변경하고 싶습니다.,회원,회원정보,S014,휴대전화 번호 변경,Y,Y,Y
VOC00342,주행 포인트 미적립 문의,[출발지]에서 [도착지]까지 구간을 운전했는데 적립 내역이 확인되지 않습니다.,포인트,적립,S001,주행 포인트 미적립,Y,Y,Y
VOC08752,기존 전화번호 변경 문의,휴대전화 번호를 바꿨는데 앱 회원정보에는 이전 번호가 표시됩니다.,회원,회원정보,S014,휴대전화 번호 변경,Y,Y,Y
VOC06904,앱이 계속 종료됩니다,앱을 실행하면 [오류코드] 오류가 표시되고 바로 종료됩니다.,앱,오류,S011,앱 실행 오류,Y,Y,Y
VOC08288,계약 차량 정보 불일치,앱에 표시된 계약자명이 [이름]으로 되어 있는데 실제 정보와 다릅니다. 앱을 다시 실행해도 같은 상태입니다.,보험,계약정보,S013,계약정보 불일치,Y,Y,Y
VOC03075,새 비밀번호 등록 문의,새 비밀번호를 입력했지만 변경이 완료되지 않습니다.,회원,계정관리,S005,비밀번호 재설정,Y,Y,Y
VOC07727,사건번호 처리 상태 확인,보상 심사가 어느 단계까지 진행됐는지 확인 부탁드립니다. 현재 화면에서 직접 수정할 수 없습니다.,사고,처리현황,S012,사고 처리 진행 문의,Y,Y,Y
VOC06313,포인트 차감 내역이 이상합니다,포인트 사용 이력과 실제 잔액이 맞지 않습니다. 동일 현상이 반복되고 있습니다.,포인트,차감,S010,포인트 오차감,Y,Y,Y
VOC05905,앱 회원 탈퇴 방법 문의 앱에서 확인이 어려워 문의드립니다.,더 이상 서비스를 이용하지 않아 회원 탈퇴를 진행하고 싶습니다.,회원,계정관리,S009,회원 탈퇴,Y,Y,Y
VOC01892,보유 포인트 사용 방법,보험료 결제 외에도 포인트를 사용할 수 있는 곳이 있나요?,포인트,사용,S003,포인트 사용처 문의,Y,Y,Y
VOC08573,계약 차량 정보 불일치,갱신한 계약이 앱에서 이전 계약으로 보입니다.,보험,계약정보,S013,계약정보 불일치,Y,Y,Y
VOC07195,앱이 계속 종료됩니다,재설치 후에도 동일하게 앱이 강제 종료됩니다. 확인 부탁드립니다.,앱,오류,S011,앱 실행 오류,Y,Y,Y
VOC09275,휴대전화 번호를 변경하고 싶습니다,휴대전화 번호를 바꿨는데 앱 회원정보에는 이전 번호가 표시됩니다.,회원,회원정보,S014,휴대전화 번호 변경,Y,Y,Y
VOC06604,포인트 차감 내역이 이상합니다 관련 기준도 함께 알려주세요.,포인트 사용 이력과 실제 잔액이 맞지 않습니다. 관련 기준도 함께 알려주세요.,포인트,차감,S010,포인트 오차감,Y,Y,Y
VOC03520,주행 데이터가 반영되지 않았어요,주행 종료 후에도 거리와 시간이 0으로 표시됩니다. 처리 방법을 안내해주세요. 앱을 다시 실행해도 같은 상태입니다.,주행,주행기록,S006,주행기록 미반영,Y,Y,Y
VOC09108,회원정보의 전화번호가 다릅니다 처리 방법을 안내해주세요.,등록된 연락처가 실제 사용하는 번호와 달라 수정 요청드립니다.,회원,회원정보,S014,휴대전화 번호 변경,Y,Y,Y
VOC09675,어떤 주행이 포인트 대상인가요,주행거리와 운전점수에 따라 포인트가 어떻게 산정되는지 알고 싶습니다.,포인트,적립기준,S015,포인트 적립 기준 문의,Y,Y,Y
VOC03436,주행 데이터가 반영되지 않았어요,해당 시간대의 운전 내역이 누락되어 확인 요청드립니다. 빠른 확인 요청드립니다.,주행,주행기록,S006,주행기록 미반영,Y,Y,Y
VOC00042,포인트가 누락된 것 같습니다,운전 기록은 정상적으로 보이지만 포인트가 들어오지 않았습니다. 동일 현상이 반복되고 있습니다.,포인트,적립,S001,주행 포인트 미적립,Y,Y,Y
VOC02187,계정 접속이 불가능합니다,여러 번 시도했지만 인증 후 다시 로그인 화면으로 돌아옵니다. 관련 기준도 함께 알려주세요.,회원,로그인,S004,로그인 오류,Y,Y,Y
VOC06327,포인트가 갑자기 줄었습니다,포인트 사용 이력과 실제 잔액이 맞지 않습니다. 처리 방법을 안내해주세요.,포인트,차감,S010,포인트 오차감,Y,Y,Y
VOC00035,주행 포인트가 적립되지 않았습니다,운전 기록은 정상적으로 보이지만 포인트가 들어오지 않았습니다. 앱에서 확인이 어려워 문의드립니다.,포인트,적립,S001,주행 포인트 미적립,Y,Y,Y
VOC00693,주행 포인트는 언제 들어오나요,오늘 주행을 마쳤는데 포인트가 아직 반영되지 않았습니다. 보통 얼마나 걸리나요?,포인트,적립,S002,주행 포인트 적립 지연,Y,Y,Y
VOC03739,최근 주행기록 누락 문의,[접수일]에 [주행구간] 구간을 운전했는데 앱에서 기록이 보이지 않습니다.,주행,주행기록,S006,주행기록 미반영,Y,Y,Y
VOC01871,적립 포인트는 어디서 쓰나요 확인 부탁드립니다.,앱에 [차감금액] 포인트가 있는데 사용 가능한 항목을 확인하고 싶습니다. 앱을 다시 실행해도 같은 상태입니다.,포인트,사용,S003,포인트 사용처 문의,Y,Y,Y
VOC02462,앱 로그인이 안 됩니다 앱에서 확인이 어려워 문의드립니다.,여러 번 시도했지만 인증 후 다시 로그인 화면으로 돌아옵니다.,회원,로그인,S004,로그인 오류,Y,Y,Y
VOC06877,앱 실행 중 오류가 발생합니다 관련 기준도 함께 알려주세요.,특정 메뉴에 들어가면 화면이 멈추는 현상이 반복됩니다. 처리 방법을 안내해주세요. 앱을 다시 실행해도 같은 상태입니다.,앱,오류,S011,앱 실행 오류,Y,Y,Y
VOC00888,주행 포인트는 언제 들어오나요,주행 후 몇 시간이 지났는데 아직 적립 대기 상태입니다.,포인트,적립,S002,주행 포인트 적립 지연,Y,Y,Y
VOC09769,주행 포인트 산정 방법 문의,급가속이나 급감속 기록이 포인트 적립에 영향을 주나요?,포인트,적립기준,S015,포인트 적립 기준 문의,Y,Y,Y
VOC09138,회원정보의 전화번호가 다릅니다,기존 번호 [전화번호]에서 새 번호 [새전화번호]로 변경하고 싶습니다.,회원,회원정보,S014,휴대전화 번호 변경,Y,Y,Y
VOC00125,운전했는데 포인트가 안 들어왔어요,[주행구간] 구간을 운전했는데 적립 내역이 확인정상적으로 처리되지 않습니다.,포인트,적립,S001,주행 포인트 미적립,Y,Y,Y
VOC02444,로그인 화면에서 넘어가지 않아요,[에러코드] 메시지가 표시되면서 앱에 접속할 수 없습니다.,회원,로그인,S004,로그인 오류,Y,Y,Y
VOC06633,포인트 잔액 오류,결제를 취소했는데 차감된 포인트가 복구되지 않았습니다.,포인트,차감,S010,포인트 오차감,Y,Y,Y
VOC06510,잘못 차감된 포인트 문의,포인트 사용 이력과 실제 잔액이 맞지 않습니다. 빠른 확인 요청드립니다.,포인트,차감,S010,포인트 오차감,Y,Y,Y
VOC06242,포인트 차감 내역이 이상합니다 처리 방법을 안내해주세요.,결제를 취소했는데 차감된 포인트가 복구되지 않았습니다.,포인트,차감,S010,포인트 오차감,Y,Y,Y
VOC00862,포인트가 아직 처리되지 않았어요,주행 후 몇 시간이 지났는데 아직 적립 대기 상태입니다.,포인트,적립,S002,주행 포인트 적립 지연,Y,Y,Y
VOC09696,어떤 주행이 포인트 대상인가요,주행거리와 운전점수에 따라 포인트가 어떻게 산정되는지 알고 싶습니다.,포인트,적립기준,S015,포인트 적립 기준 문의,Y,Y,Y
VOC08917,등록 연락처 수정 요청 확인 부탁드립니다.,새 번호로 본인 인증을 진행하는 방법을 알려주세요. 확인 부탁드립니다.,회원,회원정보,S014,휴대전화 번호 변경,Y,Y,Y
VOC09856,포인트 지급 조건 안내 요청,급가속이나 급감속 기록이 포인트 적립에 영향을 주나요? 앱에서 확인이 어려워 문의드립니다.,포인트,적립기준,S015,포인트 적립 기준 문의,Y,Y,Y
VOC02154,앱 로그인이 되지 않습니다,여러 번 시도했지만 인증 후 다시 로그인 화면으로 돌아옵니다.,회원,로그인,S004,로그인 오류,Y,Y,Y
VOC06501,사용하지 않은 포인트가 차감됐어요 빠른 확인 요청드립니다.,결제를 취소했는데 차감된 포인트가 복구되지 않았습니다.,포인트,차감,S010,포인트 오차감,Y,Y,Y
VOC05318,차량을 변경했습니다,기존 차량 [차량번호]에서 새 차량 [변경차량번호]로 변경했습니다.,차량,차량정보,S008,차량정보 변경,Y,Y,Y
VOC05409,서비스 계정을 삭제하고 싶어요,본인 인증 후 탈퇴가 완료되지 않아 확인 부탁드립니다.,회원,계정관리,S009,회원 탈퇴,Y,Y,Y
VOC03378,최근 주행기록 누락 문의,[주행일]에 [출발지]-[도착지] 구간을 운전했는데 앱에서 기록이 보이지 않습니다.,주행,주행기록,S006,주행기록 미반영,Y,Y,Y
VOC01315,주행 포인트는 언제 들어오나요 빠른 확인 요청드립니다.,오늘 주행을 마쳤는데 포인트가 아직 반영되지 않았습니다. 보통 얼마나 걸리나요?,포인트,적립,S002,주행 포인트 적립 지연,Y,Y,Y
VOC07107,앱 실행 중 오류가 발생합니다 앱에서 확인이 어려워 문의드립니다.,특정 메뉴에 들어가면 화면이 멈추는 현상이 반복됩니다. 확인 부탁드립니다. 앱을 다시 실행해도 같은 상태입니다.,앱,오류,S011,앱 실행 오류,Y,Y,Y
VOC01517,적립 포인트는 어디서 쓰나요,현재 보유한 포인트를 어디에서 사용할 수 있는지 확인 부탁드립니다.,포인트,사용,S003,포인트 사용처 문의,Y,Y,Y
VOC00529,주행 후 포인트가 없습니다,주행 조건을 충족한 것으로 보이는데 포인트가 0으로 표시됩니다. 이전에 정상적으로 이용한 적이 있습니다.,포인트,적립,S001,주행 포인트 미적립,Y,Y,Y
VOC07545,사건번호 처리 상태 확인,보상 심사가 어느 단계까지 진행됐는지 확인 부탁드립니다.,사고,처리현황,S012,사고 처리 진행 문의,Y,Y,Y
VOC00449,운전했는데 포인트가 안 들어왔어요,주행 조건을 충족한 것으로 보이는데 포인트가 0으로 표시됩니다.,포인트,적립,S001,주행 포인트 미적립,Y,Y,Y
VOC01656,포인트를 사용할 수 있는 곳,포인트 사용 가능한 서비스와 제한 조건이 궁금합니다.,포인트,사용,S003,포인트 사용처 문의,Y,Y,Y
VOC03379,운전한 내역이 앱에 없습니다,운전을 완료했지만 최근 주행 목록에 추가되지 않았습니다.,주행,주행기록,S006,주행기록 미반영,Y,Y,Y
VOC00314,주행 후 포인트가 없습니다 처리 방법을 안내해주세요.,[접수일]에 주행을 완료했는데 포인트가 아직 적립되지 않았습니다.,포인트,적립,S001,주행 포인트 미적립,Y,Y,Y
VOC04677,앱 차량정보 수정 문의,차량번호 변경 후 주행 서비스 연결 방법을 문의드립니다. 확인 부탁드립니다.,차량,차량정보,S008,차량정보 변경,Y,Y,Y
VOC01363,보유 포인트 사용 방법 앱에서 확인이 어려워 문의드립니다.,보험료 결제 외에도 포인트를 사용할 수 있는 곳이 있나요?,포인트,사용,S003,포인트 사용처 문의,Y,Y,Y
VOC08209,보험 계약자 정보 오류 확인 부탁드립니다.,계약 기간과 보험료 정보가 가입 당시 안내와 다르게 표시됩니다. 관련 기준도 함께 알려주세요.,보험,계약정보,S013,계약정보 불일치,Y,Y,Y
VOC00357,주행 포인트가 적립되지 않았습니다 빠른 확인 요청드립니다.,[날짜]에 주행을 완료했는데 포인트가 아직 적립되지 않았습니다.,포인트,적립,S001,주행 포인트 미적립,Y,Y,Y
VOC09608,주행 포인트 산정 방법 문의,급가속이나 급감속 기록이 포인트 적립에 영향을 주나요?,포인트,적립기준,S015,포인트 적립 기준 문의,Y,Y,Y
VOC07458,사고 접수 후 연락이 없습니다,사고 접수 이후 진행 상황 안내를 받지 못했습니다. 빠른 확인 요청드립니다.,사고,처리현황,S012,사고 처리 진행 문의,Y,Y,Y
VOC08572,계약정보가 다르게 표시됩니다,갱신한 계약이 앱에서 이전 계약으로 보입니다.,보험,계약정보,S013,계약정보 불일치,Y,Y,Y
VOC04855,차량을 변경했습니다,차량을 교체해서 앱의 등록 정보를 수정하고 싶습니다.,차량,차량정보,S008,차량정보 변경,Y,Y,Y
VOC01328,포인트 반영이 늦어지고 있습니다,[주행종료시간]에 주행을 종료했습니다. 포인트 반영 예정 시간을 알고 싶습니다.,포인트,적립,S002,주행 포인트 적립 지연,Y,Y,Y
VOC09702,주행 포인트 산정 방법 문의 확인 부탁드립니다.,짧은 거리 주행도 포인트 적립 대상인지 확인 요청드립니다.,포인트,적립기준,S015,포인트 적립 기준 문의,Y,Y,Y
VOC04600,보험료 할인 혜택이 확인하고 싶습니다,갱신 계약에 주행분석 할인 혜택이 반영되는지 문의드립니다. 이전에 정상적으로 이용한 적이 있습니다.,보험,할인,S007,보험료 할인 적용 문의,Y,Y,Y
VOC01970,포인트 사용 가능 서비스 문의 빠른 확인 요청드립니다.,앱에 [포인트수량] 포인트가 있는데 사용 가능한 항목을 확인하고 싶습니다. 관련 기준도 함께 알려주세요.,포인트,사용,S003,포인트 사용처 문의,Y,Y,Y
VOC07915,사건번호 처리 상태 확인,사건번호 [사고접수번호]와 관련해 현재 처리 단계를 확인하고 싶습니다. 관련 기준도 함께 알려주세요. 이전에 정상적으로 이용한 적이 있습니다.,사고,처리현황,S012,사고 처리 진행 문의,Y,Y,Y
VOC04050,보험료 할인이 반영됐나요,갱신 계약에 주행분석 할인 혜택이 반영되는지 문의드립니다.,보험,할인,S007,보험료 할인 적용 문의,Y,Y,Y
VOC02867,새 비밀번호 등록 문의,본인 인증 후 비밀번호 재설정 화면으로 이동하지 않습니다.,회원,계정관리,S005,비밀번호 재설정,Y,Y,Y
VOC05048,등록 차량 변경 요청,차량을 교체해서 앱의 등록 정보를 수정하고 싶습니다. 관련 기준도 함께 알려주세요.,차량,차량정보,S008,차량정보 변경,Y,Y,Y
VOC06473,사용하지 않은 포인트가 차감됐어요,포인트 사용 이력과 실제 잔액이 맞지 않습니다. 처리 방법을 안내해주세요.,포인트,차감,S010,포인트 오차감,Y,Y,Y
VOC01243,포인트 반영이 늦어지고 있습니다,"포인트가 바로 들어오는지, 일정 시간이 필요한지 문의드립니다. 현재 화면에서 직접 수정할 수 없습니다.",포인트,적립,S002,주행 포인트 적립 지연,Y,Y,Y
VOC06671,앱 화면이 멈춥니다,재설치 후에도 동일하게 앱이 강제 종료됩니다.,앱,오류,S011,앱 실행 오류,Y,Y,Y
VOC08922,새 번호로 인증받고 싶어요,새 번호로 본인 인증을 진행하는 방법을 알려주세요. 앱에서 확인이 어려워 문의드립니다. 필요한 확인 항목이 있다면 안내 부탁드립니다.,회원,회원정보,S014,휴대전화 번호 변경,Y,Y,Y
VOC05095,기존 차량 삭제 후 신규 등록,기존 차량을 삭제하고 새 차량을 등록하는 방법을 알려주세요. 필요한 확인 항목이 있다면 안내 부탁드립니다.,차량,차량정보,S008,차량정보 변경,Y,Y,Y
VOC00086,주행 포인트가 적립되지 않았습니다 관련 기준도 함께 알려주세요.,[접수일]에 주행을 완료했는데 포인트가 아직 적립되지 않았습니다.,포인트,적립,S001,주행 포인트 미적립,Y,Y,Y
VOC01899,포인트를 사용할 수 있는 곳,현재 보유한 포인트를 어디에서 사용할 수 있는지 알려주세요. 확인 부탁드립니다. 앱을 다시 실행해도 같은 상태입니다.,포인트,사용,S003,포인트 사용처 문의,Y,Y,Y
VOC08301,계약 차량 정보 불일치,갱신한 계약이 앱에서 이전 계약으로 보입니다.,보험,계약정보,S013,계약정보 불일치,Y,Y,Y
VOC04351,안전운전 할인 적용 여부 문의 빠른 확인 요청드립니다.,갱신 계약에 주행분석 할인 혜택이 반영되는지 문의합니다.,보험,할인,S007,보험료 할인 적용 문의,Y,Y,Y
VOC00114,주행 포인트 미적립 문의,주행 조건을 충족한 것으로 보이는데 포인트가 0으로 표시됩니다. 처리 방법을 안내해주세요.,포인트,적립,S001,주행 포인트 미적립,Y,Y,Y
VOC07003,업데이트 후 앱이 열리지 않아요 확인 부탁드립니다.,특정 메뉴에 들어가면 화면이 멈추는 현상이 반복됩니다.,앱,오류,S011,앱 실행 오류,Y,Y,Y
VOC03484,최근 주행기록 누락 문의,해당 시간대의 운전 내역이 누락되어 확인 요청드립니다.,주행,주행기록,S006,주행기록 미반영,Y,Y,Y
VOC03789,최근 주행기록 누락 문의,차량은 정상적으로 운행했는데 주행 데이터가 수집되지 않은 것 같습니다.,주행,주행기록,S006,주행기록 미반영,Y,Y,Y
VOC04273,안전운전 할인 적용 여부 문의,앱에는 할인 대상이라고 나오는데 실제 보험료에 적용됐는지 알고 싶습니다. 관련 기준도 함께 알려주세요.,보험,할인,S007,보험료 할인 적용 문의,Y,Y,Y
VOC06969,서비스 실행 불가 문의,업데이트 이후 첫 화면에서 멈추고 다음으로 넘어가지 않습니다.,앱,오류,S011,앱 실행 오류,Y,Y,Y
VOC07833,사고 접수 후 연락이 없습니다,제출한 서류가 정상적으로 접수됐는지 알고 싶습니다.,사고,처리현황,S012,사고 처리 진행 문의,Y,Y,Y
VOC01786,보유 포인트 사용 방법,보험료 결제 외에도 포인트를 사용할 수 있는 곳이 있나요? 이전에 정상적으로 이용한 적이 있습니다.,포인트,사용,S003,포인트 사용처 문의,Y,Y,Y
VOC07811,사고 처리 진행 상황 문의,사고 접수 이후 진행 상황 안내를 받지 못했습니다.,사고,처리현황,S012,사고 처리 진행 문의,Y,Y,Y
VOC02091,아이디 입력 후 접속 오류,아이디와 비밀번호를 입력해도 로그인 오류가 발생합니다. 현재 화면에서 직접 수정할 수 없습니다.,회원,로그인,S004,로그인 오류,Y,Y,Y
VOC00381,주행 후 포인트가 없습니다,[주행일]에 주행을 완료했는데 포인트가 아직 적립되지 않았습니다.,포인트,적립,S001,주행 포인트 미적립,Y,Y,Y
VOC04067,안전운전 할인 적용 여부 문의,안전운전 점수와 보험료 할인 적용 기준을 안내해주세요.,보험,할인,S007,보험료 할인 적용 문의,Y,Y,Y
VOC09416,어떤 주행이 포인트 대상인가요,짧은 거리 주행도 포인트 적립 대상인지 확인 요청드립니다.,포인트,적립기준,S015,포인트 적립 기준 문의,Y,Y,Y
VOC06750,앱이 계속 종료됩니다,업데이트 이후 첫 화면에서 멈추고 다음으로 넘어가지 않습니다.,앱,오류,S011,앱 실행 오류,Y,Y,Y
VOC09469,운전점수와 포인트 관계 빠른 확인 요청드립니다.,급가속이나 급감속 기록이 포인트 적립에 영향을 주나요?,포인트,적립기준,S015,포인트 적립 기준 문의,Y,Y,Y
VOC03220,새 비밀번호 등록 문의,본인 인증 후 비밀번호 재설정 화면으로 이동하지 않습니다.,회원,계정관리,S005,비밀번호 재설정,Y,Y,Y
VOC08326,계약 차량 정보 불일치,계약 기간과 보험료 정보가 가입 당시 안내와 다르게 표시됩니다.,보험,계약정보,S013,계약정보 불일치,Y,Y,Y
VOC05843,회원 탈퇴를 요청합니다,앱에서 탈퇴 메뉴를 찾을 수 없어 문의드립니다.,회원,계정관리,S009,회원 탈퇴,Y,Y,Y
VOC01982,보유 포인트 사용 방법,포인트 사용 가능한 서비스와 제한 조건이 궁금합니다. 처리 방법을 안내해주세요. 현재 화면에서 직접 수정할 수 없습니다.,포인트,사용,S003,포인트 사용처 문의,Y,Y,Y
VOC07064,앱 실행 중 오류가 발생합니다,업데이트 이후 첫 화면에서 멈추고 다음으로 넘어가지 않습니다. 처리 방법을 안내해주세요.,앱,오류,S011,앱 실행 오류,Y,Y,Y
VOC05791,회원 탈퇴를 요청합니다,회원 탈퇴 시 남은 포인트와 주행기록이 어떻게 처리되는지 궁금합니다.,회원,계정관리,S009,회원 탈퇴,Y,Y,Y
VOC05036,등록 차량 변경 요청,기존 차량을 삭제하고 새 차량을 등록하는 방법을 안내 부탁드립니다.,차량,차량정보,S008,차량정보 변경,Y,Y,Y
VOC05834,더 이상 서비스를 이용하지 않습니다,더 이상 서비스를 이용하지 않아 회원 탈퇴를 진행하고 싶습니다. 처리 방법을 안내해주세요.,회원,계정관리,S009,회원 탈퇴,Y,Y,Y
VOC05024,앱 차량정보 수정 문의,보험 계약 차량은 변경됐는데 앱에는 이전 차량이 표시됩니다. 빠른 확인 요청드립니다.,차량,차량정보,S008,차량정보 변경,Y,Y,Y
VOC05593,회원 탈퇴를 요청합니다 빠른 확인 요청드립니다.,본인 인증 후 탈퇴가 완료되지 않아 확인 부탁드립니다.,회원,계정관리,S009,회원 탈퇴,Y,Y,Y
VOC01696,적립 포인트는 어디서 쓰나요,보험료 결제 외에도 포인트를 사용할 수 있는 곳이 있나요?,포인트,사용,S003,포인트 사용처 문의,Y,Y,Y
VOC04954,앱 차량정보 수정 문의,기존 차량 [기존차량번호]에서 새 차량 [변경차량번호]로 변경했습니다. 처리 방법을 안내해주세요.,차량,차량정보,S008,차량정보 변경,Y,Y,Y
VOC06601,포인트 차감 내역이 이상합니다 앱에서 확인이 어려워 문의드립니다.,사용한 적이 없는데 [금액] 포인트가 차감된 것으로 표시됩니다. 관련 기준도 함께 알려주세요.,포인트,차감,S010,포인트 오차감,Y,Y,Y
VOC08684,새 번호로 인증받고 싶어요 앱에서 확인이 어려워 문의드립니다.,번호 변경 후 로그인 인증 문자가 이전 번호로 발송됩니다.,회원,회원정보,S014,휴대전화 번호 변경,Y,Y,Y
VOC03971,운전한 내역이 앱에 없습니다 처리 방법을 안내해주세요.,해당 시간대의 운전 내역이 누락되어 확인 요청드립니다.,주행,주행기록,S006,주행기록 미반영,Y,Y,Y
VOC09969,운전점수와 포인트 관계,주행거리와 운전점수에 따라 포인트가 어떻게 산정되는지 알고 싶습니다. 필요한 확인 항목이 있다면 안내 부탁드립니다.,포인트,적립기준,S015,포인트 적립 기준 문의,Y,Y,Y
VOC07448,접수한 사고는 어떻게 진행되고 있나요,보상 심사가 어느 단계까지 진행됐는지 확인 부탁드립니다. 확인 부탁드립니다.,사고,처리현황,S012,사고 처리 진행 문의,Y,Y,Y
VOC04357,보험료 할인이 반영됐나요 빠른 확인 요청드립니다.,갱신 계약에 주행분석 할인 혜택이 반영되는지 문의드립니다. 앱에서 확인이 어려워 문의드립니다.,보험,할인,S007,보험료 할인 적용 문의,Y,Y,Y
VOC08566,보험 계약자 정보 오류,증권번호 [증권번호]의 차량정보가 현재 차량과 일치하지 않습니다. 관련 기준도 함께 알려주세요.,보험,계약정보,S013,계약정보 불일치,Y,Y,Y
VOC09549,어떤 주행이 포인트 대상인가요,포인트를 받기 위한 최소 주행 조건이 궁금합니다. 앱을 다시 실행해도 같은 상태입니다.,포인트,적립기준,S015,포인트 적립 기준 문의,Y,Y,Y
VOC04825,기존 차량 삭제 후 신규 등록 확인 부탁드립니다.,보험 계약 차량은 변경됐는데 앱에는 이전 차량이 표시됩니다. 이전에 정상적으로 이용한 적이 있습니다.,차량,차량정보,S008,차량정보 변경,Y,Y,Y
VOC09706,운전점수와 포인트 관계 빠른 확인 요청드립니다.,급가속이나 급감속 기록이 포인트 적립에 영향을 주나요?,포인트,적립기준,S015,포인트 적립 기준 문의,Y,Y,Y
VOC06944,앱 화면이 멈춥니다,특정 메뉴에 들어가면 화면이 멈추는 현상이 반복됩니다. 빠른 확인 요청드립니다.,앱,오류,S011,앱 실행 오류,Y,Y,Y
VOC00224,운전했는데 포인트가 안 들어왔어요 앱에서 확인이 어려워 문의드립니다.,[접수일]에 주행을 완료했는데 포인트가 아직 적립되지 않았습니다. 빠른 확인 요청드립니다.,포인트,적립,S001,주행 포인트 미적립,Y,Y,Y
VOC03875,주행 데이터가 반영되지 않았어요,[접수일]에 [출발지]에서 [도착지]까지 구간을 운전했는데 앱에서 기록이 보이지 않습니다.,주행,주행기록,S006,주행기록 미반영,Y,Y,Y
VOC09824,주행 포인트 산정 방법 문의,짧은 거리 주행도 포인트 적립 대상인지 문의드립니다.,포인트,적립기준,S015,포인트 적립 기준 문의,Y,Y,Y
VOC04422,안전운전 할인 적용 여부 문의 확인 부탁드립니다.,안전운전 점수와 보험료 할인 적용 기준을 안내해주세요.,보험,할인,S007,보험료 할인 적용 문의,Y,Y,Y
VOC00647,주행 포인트 미적립 문의,[출발지]-[도착지] 구간을 운전했는데 적립 내역이 확인되지 않습니다.,포인트,적립,S001,주행 포인트 미적립,Y,Y,Y
VOC02001,적립 포인트는 어디서 쓰나요 빠른 확인 요청드립니다.,적립된 포인트의 사용처와 사용 절차를 안내 부탁드립니다. 이전에 정상적으로 이용한 적이 있습니다.,포인트,사용,S003,포인트 사용처 문의,Y,Y,Y
VOC09041,휴대전화 번호를 변경하고 싶습니다,기존 번호 [전화번호]에서 새 번호 [새전화번호]로 변경하고 싶습니다.,회원,회원정보,S014,휴대전화 번호 변경,Y,Y,Y
VOC01034,포인트가 아직 처리되지 않았어요,[시간]에 주행을 종료했습니다. 포인트 반영 예정 시간을 알고 싶습니다. 앱에서 확인이 어려워 문의드립니다.,포인트,적립,S002,주행 포인트 적립 지연,Y,Y,Y
VOC07908,접수한 사고는 어떻게 진행되고 있나요,사고 접수 이후 진행 상황 안내를 받지 못했습니다.,사고,처리현황,S012,사고 처리 진행 문의,Y,Y,Y
VOC06536,포인트 잔액 오류,어제 확인한 잔액과 오늘 잔액이 달라서 문의드립니다. 처리 방법을 안내해주세요.,포인트,차감,S010,포인트 오차감,Y,Y,Y
VOC05035,차량을 변경했습니다 관련 기준도 함께 알려주세요.,기존 차량 [기존차량번호]에서 새 차량 [변경차량번호]로 변경했습니다. 확인 부탁드립니다.,차량,차량정보,S008,차량정보 변경,Y,Y,Y
VOC00578,주행 후 포인트가 없습니다,[출발지]-[도착지] 구간을 운전했는데 적립 내역이 확인되지 않습니다.,포인트,적립,S001,주행 포인트 미적립,Y,Y,Y
VOC07340,사고 처리 진행 상황 문의,[접수일]에 접수한 사고의 담당자 배정 여부가 안내받고 싶습니다.,사고,처리현황,S012,사고 처리 진행 문의,Y,Y,Y
VOC04087,보험료 할인이 반영됐나요,앱에는 할인 대상이라고 나오는데 실제 보험료에 적용됐는지 알고 싶습니다.,보험,할인,S007,보험료 할인 적용 문의,Y,Y,Y
VOC07524,보상 처리 단계 문의,[접수일]에 접수한 사고의 담당자 배정 여부가 궁금합니다.,사고,처리현황,S012,사고 처리 진행 문의,Y,Y,Y
VOC09656,어떤 주행이 포인트 대상인가요 확인 부탁드립니다.,포인트를 받기 위한 최소 주행 조건이 궁금합니다.,포인트,적립기준,S015,포인트 적립 기준 문의,Y,Y,Y
VOC04958,앱 차량정보 수정 문의,기존 차량 [기존차량번호]에서 새 차량 [새차량번호]로 변경했습니다. 처리 방법을 안내해주세요.,차량,차량정보,S008,차량정보 변경,Y,Y,Y
VOC00484,주행 포인트 미적립 문의,주행 조건을 충족한 것으로 보이는데 포인트가 0으로 표시됩니다.,포인트,적립,S001,주행 포인트 미적립,Y,Y,Y
VOC05283,앱 차량정보 수정 문의,기존 차량을 삭제하고 새 차량을 등록하는 방법을 알려주세요. 앱을 다시 실행해도 같은 상태입니다.,차량,차량정보,S008,차량정보 변경,Y,Y,Y
VOC07662,보상 처리 단계 문의,보상 심사가 어느 단계까지 진행됐는지 확인 부탁드립니다.,사고,처리현황,S012,사고 처리 진행 문의,Y,Y,Y
VOC05500,앱 회원 탈퇴 방법 문의 빠른 확인 요청드립니다.,회원 탈퇴 시 남은 포인트와 주행기록이 어떻게 처리되는지 궁금합니다.,회원,계정관리,S009,회원 탈퇴,Y,Y,Y
VOC01731,적립 포인트는 어디서 쓰나요,적립된 포인트의 사용처와 사용 절차를 안내 부탁드립니다.,포인트,사용,S003,포인트 사용처 문의,Y,Y,Y
VOC03760,최근 주행기록 누락 문의,차량은 정상적으로 운행했는데 주행 데이터가 수집되지 않은 것 같습니다. 앱을 다시 실행해도 같은 상태입니다.,주행,주행기록,S006,주행기록 미반영,Y,Y,Y
VOC08329,증권 정보 수정 문의,증권번호 [증권번호]의 차량정보가 현재 차량과 일치하지 않습니다.,보험,계약정보,S013,계약정보 불일치,Y,Y,Y
VOC08405,보험 계약자 정보 오류,증권번호 [계약번호]의 차량정보가 현재 차량과 일치하지 않습니다. 앱에서 확인이 어려워 문의드립니다.,보험,계약정보,S013,계약정보 불일치,Y,Y,Y
VOC00882,포인트가 아직 처리되지 않았어요,"포인트가 바로 들어오는지, 일정 시간이 필요한지 문의드립니다. 확인 부탁드립니다.",포인트,적립,S002,주행 포인트 적립 지연,Y,Y,Y
VOC07745,접수한 사고는 어떻게 진행되고 있나요,[날짜]에 접수한 사고의 담당자 배정 여부가 궁금합니다. 관련 기준도 함께 알려주세요.,사고,처리현황,S012,사고 처리 진행 문의,Y,Y,Y
VOC09020,등록 연락처 수정 요청,등록된 연락처가 실제 사용하는 번호와 달라 수정 요청드립니다.,회원,회원정보,S014,휴대전화 번호 변경,Y,Y,Y
VOC09599,포인트 지급 조건 안내 요청,포인트 지급 대상과 제외 조건을 자세히 안내해주세요.,포인트,적립기준,S015,포인트 적립 기준 문의,Y,Y,Y
VOC03682,주행기록이 보이지 않습니다 앱에서 확인이 어려워 문의드립니다.,운전을 완료했지만 최근 주행 목록에 추가되지 않았습니다.,주행,주행기록,S006,주행기록 미반영,Y,Y,Y
VOC04229,보험료 할인이 반영됐나요 관련 기준도 함께 알려주세요.,증권번호 [계약번호] 계약에 안전운전 할인이 적용됐는지 확인하고 싶습니다.,보험,할인,S007,보험료 할인 적용 문의,Y,Y,Y
VOC06850,업데이트 후 앱이 열리지 않아요,앱을 열면 흰 화면만 보이고 아무 기능도 사용할 수 없습니다.,앱,오류,S011,앱 실행 오류,Y,Y,Y
VOC01163,포인트 반영이 늦어지고 있습니다,주행 후 몇 시간이 지났는데 아직 적립 대기 상태입니다.,포인트,적립,S002,주행 포인트 적립 지연,Y,Y,Y
VOC02410,계속 로그인에 실패합니다,기존에 사용하던 계정으로 접속되지 않아 문의드립니다.,회원,로그인,S004,로그인 오류,Y,Y,Y
VOC06081,포인트 차감 내역이 이상합니다,포인트 내역에 알 수 없는 차감 기록이 있습니다.,포인트,차감,S010,포인트 오차감,Y,Y,Y
VOC01542,포인트 사용 가능 서비스 문의,적립된 포인트의 사용처와 사용 절차를 안내 부탁드립니다.,포인트,사용,S003,포인트 사용처 문의,Y,Y,Y
VOC00014,주행 후 포인트가 없습니다,지난 주행 건에 대한 포인트를 받지 못했습니다. 확인 부탁드립니다.,포인트,적립,S001,주행 포인트 미적립,Y,Y,Y
VOC01120,주행 포인트는 언제 들어오나요,방금 운전한 기록은 보이는데 포인트는 처리 중으로 표시됩니다. 처리 방법을 안내해주세요.,포인트,적립,S002,주행 포인트 적립 지연,Y,Y,Y
VOC07648,사고 처리 진행 상황 문의 관련 기준도 함께 알려주세요.,[접수일]에 접수한 사고의 담당자 배정 여부가 확인하고 싶습니다. 필요한 확인 항목이 있다면 안내 부탁드립니다.,사고,처리현황,S012,사고 처리 진행 문의,Y,Y,Y
VOC00926,포인트 반영이 늦어지고 있습니다,오늘 주행을 마쳤는데 포인트가 아직 반영되지 않았습니다. 보통 얼마나 걸리나요?,포인트,적립,S002,주행 포인트 적립 지연,Y,Y,Y
VOC02137,계정 접속이 불가능합니다,기존에 사용하던 계정으로 접속되지 않아 문의드립니다. 현재 화면에서 직접 수정할 수 없습니다.,회원,로그인,S004,로그인 오류,Y,Y,Y
VOC04415,안전운전 할인 적용 여부 문의,증권번호 [증권번호] 계약에 안전운전 할인이 적용됐는지 확인하고 싶습니다. 처리 방법을 안내해주세요. 필요한 확인 항목이 있다면 안내 부탁드립니다.,보험,할인,S007,보험료 할인 적용 문의,Y,Y,Y
VOC07482,사건번호 처리 상태 확인,사건번호 [사건번호]와 관련해 현재 처리 단계를 확인하고 싶습니다.,사고,처리현황,S012,사고 처리 진행 문의,Y,Y,Y
VOC03636,주행기록이 보이지 않습니다,[주행일]에 [출발지]에서 [도착지]까지 구간을 운전했는데 앱에서 기록이 보이지 않습니다.,주행,주행기록,S006,주행기록 미반영,Y,Y,Y
VOC01451,보유 포인트 사용 방법,보험료 결제 외에도 포인트를 사용할 수 있는 곳이 있나요? 빠른 확인 요청드립니다.,포인트,사용,S003,포인트 사용처 문의,Y,Y,Y
VOC00828,포인트가 아직 처리되지 않았어요 앱에서 확인이 어려워 문의드립니다.,방금 운전한 기록은 보이는데 포인트는 처리 중으로 표시됩니다.,포인트,적립,S002,주행 포인트 적립 지연,Y,Y,Y
VOC02421,로그인 화면에서 넘어가지 않아요,로그인 버튼을 눌러도 화면이 그대로입니다. 이전에 정상적으로 이용한 적이 있습니다.,회원,로그인,S004,로그인 오류,Y,Y,Y
VOC00815,포인트가 아직 처리되지 않았어요,주행 후 몇 시간이 지났는데 아직 적립 대기 상태입니다. 앱을 다시 실행해도 같은 상태입니다.,포인트,적립,S002,주행 포인트 적립 지연,Y,Y,Y
VOC08619,보험 계약자 정보 오류,증권번호 [증권번호]의 차량정보가 현재 차량과 일치하지 않습니다. 현재 화면에서 직접 수정할 수 없습니다.,보험,계약정보,S013,계약정보 불일치,Y,Y,Y
VOC01215,운전 후 포인트 반영 시간 문의,오늘 주행을 마쳤는데 포인트가 아직 반영되지 않았습니다. 보통 얼마나 걸리나요?,포인트,적립,S002,주행 포인트 적립 지연,Y,Y,Y
VOC02874,새 비밀번호 등록 문의,본인 인증 후 비밀번호 재설정 화면으로 이동하지 않습니다.,회원,계정관리,S005,비밀번호 재설정,Y,Y,Y
VOC06576,잘못 차감된 포인트 문의,어제 확인한 잔액과 오늘 잔액이 달라서 문의드립니다.,포인트,차감,S010,포인트 오차감,Y,Y,Y
VOC07177,서비스 실행 불가 문의,앱을 실행하면 [오류코드] 오류가 표시되고 바로 종료됩니다.,앱,오류,S011,앱 실행 오류,Y,Y,Y
VOC00005,주행 포인트 미적립 문의,[출발지]-[도착지] 구간을 운전했는데 적립 내역이 확인되지 않습니다.,포인트,적립,S001,주행 포인트 미적립,Y,Y,Y
VOC03309,비밀번호 변경이 되지 않습니다,새 비밀번호를 입력했지만 변경이 완료되지 않습니다.,회원,계정관리,S005,비밀번호 재설정,Y,Y,Y
VOC09362,어떤 주행이 포인트 대상인가요,주행거리와 운전점수에 따라 포인트가 어떻게 산정되는지 알고 싶습니다. 관련 기준도 함께 알려주세요.,포인트,적립기준,S015,포인트 적립 기준 문의,Y,Y,Y
VOC01719,포인트 사용 가능 서비스 문의 확인 부탁드립니다.,보험료 결제 외에도 포인트를 사용할 수 있는 곳이 있나요?,포인트,사용,S003,포인트 사용처 문의,Y,Y,Y
VOC06487,포인트 잔액 오류,어제 확인한 잔액과 오늘 잔액이 달라서 확인 요청드립니다. 필요한 확인 항목이 있다면 안내 부탁드립니다.,포인트,차감,S010,포인트 오차감,Y,Y,Y
VOC00755,운전 후 포인트 반영 시간 문의,주행 후 몇 시간이 지났는데 아직 적립 대기 상태입니다.,포인트,적립,S002,주행 포인트 적립 지연,Y,Y,Y
VOC06196,잘못 차감된 포인트 문의 관련 기준도 함께 알려주세요.,어제 확인한 잔액과 오늘 잔액이 달라서 문의합니다.,포인트,차감,S010,포인트 오차감,Y,Y,Y
VOC06423,잘못 차감된 포인트 문의,사용한 적이 없는데 [포인트수량] 포인트가 차감된 것으로 표시됩니다.,포인트,차감,S010,포인트 오차감,Y,Y,Y
VOC02096,계정 접속이 불가능합니다,기존에 사용하던 계정으로 접속되지 않아 문의드립니다.,회원,로그인,S004,로그인 오류,Y,Y,Y
VOC07147,업데이트 후 앱이 열리지 않아요,재설치 후에도 동일하게 앱이 강제 종료됩니다.,앱,오류,S011,앱 실행 오류,Y,Y,Y
VOC02674,비밀번호를 재설정하고 싶습니다,비밀번호 찾기 과정에서 [기존전화번호]로 인증번호가 오지 않습니다. 이전에 정상적으로 이용한 적이 있습니다.,회원,계정관리,S005,비밀번호 재설정,Y,Y,Y
VOC07201,서비스 실행 불가 문의 확인 부탁드립니다.,재설치 후에도 동일하게 앱이 강제 종료됩니다.,앱,오류,S011,앱 실행 오류,Y,Y,Y
VOC05456,더 이상 서비스를 이용하지 않습니다 처리 방법을 안내해주세요.,계정과 저장된 개인정보를 삭제하는 절차를 안내 부탁드립니다.,회원,계정관리,S009,회원 탈퇴,Y,Y,Y
VOC09645,운전점수와 포인트 관계 빠른 확인 요청드립니다.,포인트를 받기 위한 최소 주행 조건이 궁금합니다. 확인 부탁드립니다.,포인트,적립기준,S015,포인트 적립 기준 문의,Y,Y,Y
VOC08380,계약정보가 다르게 표시됩니다 확인 부탁드립니다.,계약 기간과 보험료 정보가 가입 당시 안내와 다르게 표시됩니다.,보험,계약정보,S013,계약정보 불일치,Y,Y,Y
VOC00538,운전했는데 포인트가 안 들어왔어요,운전 기록은 정상적으로 보이지만 포인트가 들어오지 않았습니다.,포인트,적립,S001,주행 포인트 미적립,Y,Y,Y
VOC08152,앱의 계약 내용이 맞지 않아요,보험 계약 정보 중 일부 항목이 잘못되어 수정 요청드립니다. 이전에 정상적으로 이용한 적이 있습니다.,보험,계약정보,S013,계약정보 불일치,Y,Y,Y
VOC03582,운전한 내역이 앱에 없습니다,차량은 정상적으로 운행했는데 주행 데이터가 수집되지 않은 것 같습니다.,주행,주행기록,S006,주행기록 미반영,Y,Y,Y
VOC00254,포인트가 누락된 것 같습니다,[출발지]에서 [도착지]까지 구간을 운전했는데 적립 내역이 확인안 됩니다. 필요한 확인 항목이 있다면 안내 부탁드립니다.,포인트,적립,S001,주행 포인트 미적립,Y,Y,Y
VOC06008,포인트 잔액 오류 앱에서 확인이 어려워 문의드립니다.,포인트 내역에 알 수 없는 차감 기록이 있습니다. 확인 부탁드립니다.,포인트,차감,S010,포인트 오차감,Y,Y,Y
VOC06730,앱 화면이 멈춥니다,앱을 열면 흰 화면만 보이고 아무 기능도 사용할 수 없습니다. 확인 부탁드립니다.,앱,오류,S011,앱 실행 오류,Y,Y,Y
VOC08665,계약 차량 정보 불일치,보험 계약 정보 중 일부 항목이 잘못되어 수정 요청드립니다.,보험,계약정보,S013,계약정보 불일치,Y,Y,Y
VOC05467,앱 회원 탈퇴 방법 문의,회원 탈퇴 시 남은 포인트와 주행기록이 어떻게 처리되는지 궁금합니다. 현재 화면에서 직접 수정할 수 없습니다.,회원,계정관리,S009,회원 탈퇴,Y,Y,Y
VOC00356,주행 후 포인트가 없습니다,운전 기록은 정상적으로 보이지만 포인트가 들어오지 않았습니다. 현재 화면에서 직접 수정할 수 없습니다.,포인트,적립,S001,주행 포인트 미적립,Y,Y,Y
VOC00354,운전했는데 포인트가 안 들어왔어요,[주행일]에 주행을 완료했는데 포인트가 아직 적립되지 않았습니다.,포인트,적립,S001,주행 포인트 미적립,Y,Y,Y
VOC07756,보상 처리 단계 문의,제출한 서류가 정상적으로 접수됐는지 알고 싶습니다.,사고,처리현황,S012,사고 처리 진행 문의,Y,Y,Y
VOC00023,포인트가 누락된 것 같습니다 빠른 확인 요청드립니다.,지난 주행 건에 대한 포인트를 받지 못했습니다. 확인 부탁드립니다.,포인트,적립,S001,주행 포인트 미적립,Y,Y,Y
VOC01126,포인트 반영이 늦어지고 있습니다,방금 운전한 기록은 보이는데 포인트는 처리 중으로 표시됩니다. 처리 방법을 안내해주세요.,포인트,적립,S002,주행 포인트 적립 지연,Y,Y,Y
VOC01069,주행 포인트는 언제 들어오나요 확인 부탁드립니다.,[접수시간]에 주행을 종료했습니다. 포인트 반영 예정 시간을 알고 싶습니다.,포인트,적립,S002,주행 포인트 적립 지연,Y,Y,Y
VOC04645,주행점수 할인 확인 요청,앱에는 할인 대상이라고 나오는데 실제 보험료에 적용됐는지 알고 싶습니다. 처리 방법을 안내해주세요.,보험,할인,S007,보험료 할인 적용 문의,Y,Y,Y
VOC08289,계약 차량 정보 불일치,증권번호 [증권번호]의 차량정보가 현재 차량과 일치하지 않습니다.,보험,계약정보,S013,계약정보 불일치,Y,Y,Y
VOC00563,운전했는데 포인트가 안 들어왔어요,[출발지]에서 [도착지]까지 구간을 운전했는데 적립 내역이 확인되지 않습니다. 확인 부탁드립니다.,포인트,적립,S001,주행 포인트 미적립,Y,Y,Y
VOC07855,접수한 사고는 어떻게 진행되고 있나요,보상 심사가 어느 단계까지 진행됐는지 확인 부탁드립니다. 앱을 다시 실행해도 같은 상태입니다.,사고,처리현황,S012,사고 처리 진행 문의,Y,Y,Y
VOC04467,주행점수 할인 확인 요청,증권번호 [계약번호] 계약에 안전운전 할인이 적용됐는지 확인하고 싶습니다. 필요한 확인 항목이 있다면 안내 부탁드립니다.,보험,할인,S007,보험료 할인 적용 문의,Y,Y,Y
VOC00705,포인트가 아직 처리되지 않았어요 관련 기준도 함께 알려주세요.,"포인트가 바로 들어오는지, 일정 시간이 필요한지 문의합니다. 확인 부탁드립니다.",포인트,적립,S002,주행 포인트 적립 지연,Y,Y,Y
VOC05436,회원 탈퇴를 요청합니다 관련 기준도 함께 알려주세요.,앱에서 탈퇴 메뉴를 찾을 수 없어 확인 요청드립니다.,회원,계정관리,S009,회원 탈퇴,Y,Y,Y
VOC02873,비밀번호 찾기 인증 오류 확인 부탁드립니다.,비밀번호가 기억나지 않아 재설정하려고 합니다. 앱을 다시 실행해도 같은 상태입니다.,회원,계정관리,S005,비밀번호 재설정,Y,Y,Y
VOC04830,기존 차량 삭제 후 신규 등록,보험 계약 차량은 변경됐는데 앱에는 이전 차량이 표시됩니다.,차량,차량정보,S008,차량정보 변경,Y,Y,Y
VOC01168,포인트가 아직 처리되지 않았어요,[시간]에 주행을 종료했습니다. 포인트 반영 예정 시간을 알고 싶습니다.,포인트,적립,S002,주행 포인트 적립 지연,Y,Y,Y
VOC06577,사용하지 않은 포인트가 차감됐어요,포인트 내역에 알 수 없는 차감 기록이 있습니다.,포인트,차감,S010,포인트 오차감,Y,Y,Y
VOC07919,접수한 사고는 어떻게 진행되고 있나요 빠른 확인 요청드립니다.,[접수일]에 접수한 사고의 담당자 배정 여부가 확인하고 싶습니다. 현재 화면에서 직접 수정할 수 없습니다.,사고,처리현황,S012,사고 처리 진행 문의,Y,Y,Y
VOC02415,계속 로그인에 실패합니다,아이디와 비밀번호를 입력해도 로그인 오류가 발생합니다. 앱을 다시 실행해도 같은 상태입니다.,회원,로그인,S004,로그인 오류,Y,Y,Y
VOC02869,비밀번호 찾기 인증 오류,새 비밀번호를 입력했지만 변경이 완료정상적으로 처리되지 않습니다.,회원,계정관리,S005,비밀번호 재설정,Y,Y,Y
VOC09783,포인트 적립 기준이 확인하고 싶습니다,급가속이나 급감속 기록이 포인트 적립에 영향을 주나요? 관련 기준도 함께 알려주세요.,포인트,적립기준,S015,포인트 적립 기준 문의,Y,Y,Y
VOC07171,서비스 실행 불가 문의,재설치 후에도 동일하게 앱이 강제 종료됩니다. 처리 방법을 안내해주세요.,앱,오류,S011,앱 실행 오류,Y,Y,Y
VOC02640,계속 로그인에 실패합니다,로그인 버튼을 눌러도 화면이 그대로입니다. 처리 방법을 안내해주세요.,회원,로그인,S004,로그인 오류,Y,Y,Y
VOC09746,포인트 적립 기준이 궁금합니다,포인트를 받기 위한 최소 주행 조건이 확인하고 싶습니다. 동일 현상이 반복되고 있습니다.,포인트,적립기준,S015,포인트 적립 기준 문의,Y,Y,Y
VOC07059,앱이 계속 종료됩니다,재설치 후에도 동일하게 앱이 강제 종료됩니다.,앱,오류,S011,앱 실행 오류,Y,Y,Y
VOC02173,계정 접속이 불가능합니다,[에러코드] 메시지가 표시되면서 앱에 접속할 수 없습니다. 동일 현상이 반복되고 있습니다.,회원,로그인,S004,로그인 오류,Y,Y,Y
VOC01322,포인트 적립 처리 중 문의,"포인트가 바로 들어오는지, 일정 시간이 필요한지 문의드립니다.",포인트,적립,S002,주행 포인트 적립 지연,Y,Y,Y
VOC05531,회원 탈퇴를 요청합니다,회원 탈퇴 시 남은 포인트와 주행기록이 어떻게 처리되는지 궁금합니다. 앱에서 확인이 어려워 문의드립니다.,회원,계정관리,S009,회원 탈퇴,Y,Y,Y
VOC08424,계약 차량 정보 불일치,계약 기간과 보험료 정보가 가입 당시 안내와 다르게 표시됩니다.,보험,계약정보,S013,계약정보 불일치,Y,Y,Y
VOC03346,최근 주행기록 누락 문의,[날짜]에 [출발지]-[도착지] 구간을 운전했는데 앱에서 기록이 보이지 않습니다. 빠른 확인 요청드립니다.,주행,주행기록,S006,주행기록 미반영,Y,Y,Y
VOC05924,회원 탈퇴를 요청합니다,본인 인증 후 탈퇴가 완료되지 않아 확인 부탁드립니다. 앱에서 확인이 어려워 문의드립니다.,회원,계정관리,S009,회원 탈퇴,Y,Y,Y
VOC02329,계정 접속이 불가능합니다,여러 번 시도했지만 인증 후 다시 로그인 화면으로 돌아옵니다. 앱에서 확인이 어려워 문의드립니다.,회원,로그인,S004,로그인 오류,Y,Y,Y
VOC08353,계약 차량 정보 불일치,계약 기간과 보험료 정보가 가입 당시 안내와 다르게 표시됩니다. 처리 방법을 안내해주세요.,보험,계약정보,S013,계약정보 불일치,Y,Y,Y
VOC00603,운전했는데 포인트가 안 들어왔어요,주행 조건을 충족한 것으로 보이는데 포인트가 0으로 표시됩니다.,포인트,적립,S001,주행 포인트 미적립,Y,Y,Y
VOC01604,포인트 사용 가능 서비스 문의,앱에 [차감금액] 포인트가 있는데 사용 가능한 항목을 확인하고 싶습니다.,포인트,사용,S003,포인트 사용처 문의,Y,Y,Y
VOC05501,앱 회원 탈퇴 방법 문의 확인 부탁드립니다.,앱에서 탈퇴 메뉴를 찾을 수 없어 문의드립니다.,회원,계정관리,S009,회원 탈퇴,Y,Y,Y
VOC02531,아이디 입력 후 접속 오류,로그인 버튼을 눌러도 화면이 그대로입니다. 현재 화면에서 직접 수정할 수 없습니다.,회원,로그인,S004,로그인 오류,Y,Y,Y
VOC06570,포인트 잔액 오류,사용한 적이 없는데 [금액] 포인트가 차감된 것으로 표시됩니다.,포인트,차감,S010,포인트 오차감,Y,Y,Y
VOC09431,어떤 주행이 포인트 대상인가요,주행거리와 운전점수에 따라 포인트가 어떻게 산정되는지 알고 싶습니다.,포인트,적립기준,S015,포인트 적립 기준 문의,Y,Y,Y
VOC08421,앱의 계약 내용이 맞지 않아요 관련 기준도 함께 알려주세요.,앱에 표시된 계약자명이 [이름]으로 되어 있는데 실제 정보와 다릅니다.,보험,계약정보,S013,계약정보 불일치,Y,Y,Y
VOC07565,사고 처리 진행 상황 문의,사건번호 [사건번호]와 관련해 현재 처리 단계를 확인하고 싶습니다.,사고,처리현황,S012,사고 처리 진행 문의,Y,Y,Y
VOC06599,사용하지 않은 포인트가 차감됐어요 처리 방법을 안내해주세요.,포인트 사용 이력과 실제 잔액이 맞지 않습니다.,포인트,차감,S010,포인트 오차감,Y,Y,Y
VOC02981,비밀번호가 기억나지 않아요,비밀번호 찾기 과정에서 [전화번호]로 인증번호가 오지 않습니다.,회원,계정관리,S005,비밀번호 재설정,Y,Y,Y
VOC06830,서비스 실행 불가 문의 관련 기준도 함께 알려주세요.,앱을 열면 흰 화면만 보이고 아무 기능도 사용할 수 없습니다. 빠른 확인 요청드립니다.,앱,오류,S011,앱 실행 오류,Y,Y,Y
VOC01018,운전 후 포인트 반영 시간 문의,방금 운전한 기록은 보이는데 포인트는 처리 중으로 표시됩니다.,포인트,적립,S002,주행 포인트 적립 지연,Y,Y,Y
VOC00336,주행 포인트가 적립되지 않았습니다,[주행일]에 주행을 완료했는데 포인트가 아직 적립되지 않았습니다. 현재 화면에서 직접 수정할 수 없습니다.,포인트,적립,S001,주행 포인트 미적립,Y,Y,Y
VOC05596,서비스 계정을 삭제하고 싶어요,계정과 저장된 개인정보를 삭제하는 절차를 알려주세요.,회원,계정관리,S009,회원 탈퇴,Y,Y,Y
VOC02248,아이디 입력 후 접속 오류,아이디와 비밀번호를 입력해도 로그인 오류가 발생합니다.,회원,로그인,S004,로그인 오류,Y,Y,Y
VOC05369,더 이상 서비스를 이용하지 않습니다,계정과 저장된 개인정보를 삭제하는 절차를 알려주세요.,회원,계정관리,S009,회원 탈퇴,Y,Y,Y
VOC00403,운전했는데 포인트가 안 들어왔어요,[출발지]-[도착지] 구간을 운전했는데 적립 내역이 확인되지 않습니다. 관련 기준도 함께 알려주세요.,포인트,적립,S001,주행 포인트 미적립,Y,Y,Y
VOC01736,포인트를 사용할 수 있는 곳 관련 기준도 함께 알려주세요.,보험료 결제 외에도 포인트를 사용할 수 있는 곳이 있나요? 확인 부탁드립니다. 필요한 확인 항목이 있다면 안내 부탁드립니다.,포인트,사용,S003,포인트 사용처 문의,Y,Y,Y
VOC08866,휴대전화 번호를 변경하고 싶습니다 관련 기준도 함께 알려주세요.,번호 변경 후 로그인 인증 문자가 이전 번호로 발송됩니다. 처리 방법을 안내해주세요. 현재 화면에서 직접 수정할 수 없습니다.,회원,회원정보,S014,휴대전화 번호 변경,Y,Y,Y
VOC03521,최근 주행기록 누락 문의,[날짜]에 [출발지]에서 [도착지]까지 구간을 운전했는데 앱에서 기록이 보이지 않습니다. 관련 기준도 함께 알려주세요. 현재 화면에서 직접 수정할 수 없습니다.,주행,주행기록,S006,주행기록 미반영,Y,Y,Y
VOC03280,비밀번호 변경이 되지 않습니다,비밀번호 찾기 과정에서 [전화번호]로 인증번호가 오지 않습니다.,회원,계정관리,S005,비밀번호 재설정,Y,Y,Y
VOC09464,운전점수와 포인트 관계,급가속이나 급감속 기록이 포인트 적립에 영향을 주나요? 현재 화면에서 직접 수정할 수 없습니다.,포인트,적립기준,S015,포인트 적립 기준 문의,Y,Y,Y
VOC00759,포인트가 아직 처리되지 않았어요,방금 운전한 기록은 보이는데 포인트는 처리 중으로 표시됩니다.,포인트,적립,S002,주행 포인트 적립 지연,Y,Y,Y
VOC06940,앱 실행 중 오류가 발생합니다,앱을 실행하면 [에러코드] 오류가 표시되고 바로 종료됩니다.,앱,오류,S011,앱 실행 오류,Y,Y,Y
VOC03619,운전한 내역이 앱에 없습니다,[주행일]에 [출발지]-[도착지] 구간을 운전했는데 앱에서 기록이 보이지 않습니다. 관련 기준도 함께 알려주세요. 앱을 다시 실행해도 같은 상태입니다.,주행,주행기록,S006,주행기록 미반영,Y,Y,Y
VOC00913,포인트가 아직 처리되지 않았어요 확인 부탁드립니다.,"포인트가 바로 들어오는지, 일정 시간이 필요한지 문의합니다.",포인트,적립,S002,주행 포인트 적립 지연,Y,Y,Y
VOC03603,앱에서 운전 기록 확인 불가,운전을 완료했지만 최근 주행 목록에 추가되지 않았습니다.,주행,주행기록,S006,주행기록 미반영,Y,Y,Y
VOC01433,보유 포인트 사용 방법 빠른 확인 요청드립니다.,적립된 포인트의 사용처와 사용 절차를 안내 부탁드립니다.,포인트,사용,S003,포인트 사용처 문의,Y,Y,Y
VOC01978,보유 포인트 사용 방법,적립된 포인트의 사용처와 사용 절차를 안내 부탁드립니다. 처리 방법을 안내해주세요.,포인트,사용,S003,포인트 사용처 문의,Y,Y,Y
VOC09094,회원정보의 전화번호가 다릅니다,휴대전화 번호를 바꿨는데 앱 회원정보에는 이전 번호가 표시됩니다.,회원,회원정보,S014,휴대전화 번호 변경,Y,Y,Y
VOC07945,보상 처리 단계 문의 확인 부탁드립니다.,[접수일]에 접수한 사고의 담당자 배정 여부가 궁금합니다.,사고,처리현황,S012,사고 처리 진행 문의,Y,Y,Y
VOC08697,등록 연락처 수정 요청,번호 변경 후 로그인 인증 문자가 이전 번호로 발송됩니다.,회원,회원정보,S014,휴대전화 번호 변경,Y,Y,Y
VOC07735,사고 접수 후 연락이 없습니다,사건번호 [사고접수번호]와 관련해 현재 처리 단계를 확인하고 싶습니다. 필요한 확인 항목이 있다면 안내 부탁드립니다.,사고,처리현황,S012,사고 처리 진행 문의,Y,Y,Y
VOC02100,앱 로그인이 되지 않습니다,여러 번 시도했지만 인증 후 다시 로그인 화면으로 돌아옵니다.,회원,로그인,S004,로그인 오류,Y,Y,Y
VOC00558,주행 후 포인트가 없습니다,[접수일]에 주행을 완료했는데 포인트가 아직 적립되지 않았습니다. 앱에서 확인이 어려워 문의드립니다.,포인트,적립,S001,주행 포인트 미적립,Y,Y,Y
VOC00969,포인트 적립 처리 중 문의,[시간]에 주행을 종료했습니다. 포인트 반영 예정 시간을 알고 싶습니다.,포인트,적립,S002,주행 포인트 적립 지연,Y,Y,Y
VOC06291,사용하지 않은 포인트가 차감됐어요,결제를 취소했는데 차감된 포인트가 복구되지 않았습니다.,포인트,차감,S010,포인트 오차감,Y,Y,Y
VOC05738,서비스 계정을 삭제하고 싶어요,본인 인증 후 탈퇴가 완료되지 않아 확인 부탁드립니다.,회원,계정관리,S009,회원 탈퇴,Y,Y,Y
VOC05212,기존 차량 삭제 후 신규 등록,차량번호 변경 후 주행 서비스 연결 방법을 문의드립니다.,차량,차량정보,S008,차량정보 변경,Y,Y,Y
VOC04820,등록 차량 변경 요청,기존 차량을 삭제하고 새 차량을 등록하는 방법을 알려주세요. 현재 화면에서 직접 수정할 수 없습니다.,차량,차량정보,S008,차량정보 변경,Y,Y,Y
VOC04906,새 차량으로 바꾸고 싶어요,차량번호 변경 후 주행 서비스 연결 방법을 문의드립니다. 앱에서 확인이 어려워 문의드립니다. 동일 현상이 반복되고 있습니다.,차량,차량정보,S008,차량정보 변경,Y,Y,Y
VOC06220,포인트가 갑자기 줄었습니다,포인트 내역에 알 수 없는 차감 기록이 있습니다.,포인트,차감,S010,포인트 오차감,Y,Y,Y
VOC03488,최근 주행기록 누락 문의 처리 방법을 안내해주세요.,해당 시간대의 운전 내역이 누락되어 확인 요청드립니다.,주행,주행기록,S006,주행기록 미반영,Y,Y,Y
VOC03297,비밀번호를 재설정하고 싶습니다,비밀번호 변경 절차와 조건을 안내해주세요. 앱을 다시 실행해도 같은 상태입니다.,회원,계정관리,S005,비밀번호 재설정,Y,Y,Y
VOC05587,더 이상 서비스를 이용하지 않습니다 확인 부탁드립니다.,더 이상 서비스를 이용하지 않아 회원 탈퇴를 진행하고 싶습니다. 현재 화면에서 직접 수정할 수 없습니다.,회원,계정관리,S009,회원 탈퇴,Y,Y,Y
VOC00052,주행 후 포인트가 없습니다,지난 주행 건에 대한 포인트를 받지 못했습니다. 확인 부탁드립니다.,포인트,적립,S001,주행 포인트 미적립,Y,Y,Y
VOC00687,포인트 반영이 늦어지고 있습니다,[시간]에 주행을 종료했습니다. 포인트 반영 예정 시간을 알고 싶습니다. 관련 기준도 함께 알려주세요.,포인트,적립,S002,주행 포인트 적립 지연,Y,Y,Y
VOC03830,앱에서 운전 기록 확인 불가 빠른 확인 요청드립니다.,해당 시간대의 운전 내역이 누락되어 확인 요청드립니다.,주행,주행기록,S006,주행기록 미반영,Y,Y,Y
VOC07509,접수한 사고는 어떻게 진행되고 있나요,[접수일]에 접수한 사고의 담당자 배정 여부가 확인하고 싶습니다. 처리 방법을 안내해주세요. 동일 현상이 반복되고 있습니다.,사고,처리현황,S012,사고 처리 진행 문의,Y,Y,Y
VOC08476,증권 정보 수정 문의 확인 부탁드립니다.,계약 기간과 보험료 정보가 가입 당시 안내와 다르게 표시됩니다.,보험,계약정보,S013,계약정보 불일치,Y,Y,Y
VOC07749,사고 처리 진행 상황 문의,[접수일]에 접수한 사고의 담당자 배정 여부가 궁금합니다.,사고,처리현황,S012,사고 처리 진행 문의,Y,Y,Y
VOC08535,앱의 계약 내용이 맞지 않아요,계약 기간과 보험료 정보가 가입 당시 안내와 다르게 표시됩니다. 확인 부탁드립니다.,보험,계약정보,S013,계약정보 불일치,Y,Y,Y
VOC07021,앱 화면이 멈춥니다 관련 기준도 함께 알려주세요.,업데이트 이후 첫 화면에서 멈추고 다음으로 넘어가지 않습니다.,앱,오류,S011,앱 실행 오류,Y,Y,Y
VOC07849,사건번호 처리 상태 확인,제출한 서류가 정상적으로 접수됐는지 알고 싶습니다.,사고,처리현황,S012,사고 처리 진행 문의,Y,Y,Y
VOC08500,계약 차량 정보 불일치 확인 부탁드립니다.,보험 계약 정보 중 일부 항목이 잘못되어 수정 요청드립니다. 관련 기준도 함께 알려주세요.,보험,계약정보,S013,계약정보 불일치,Y,Y,Y
VOC05740,서비스 계정을 삭제하고 싶어요 앱에서 확인이 어려워 문의드립니다.,앱에서 탈퇴 메뉴를 찾을 수 없어 문의드립니다.,회원,계정관리,S009,회원 탈퇴,Y,Y,Y
VOC03932,최근 주행기록 누락 문의 관련 기준도 함께 알려주세요.,해당 시간대의 운전 내역이 누락되어 확인 요청드립니다. 이전에 정상적으로 이용한 적이 있습니다.,주행,주행기록,S006,주행기록 미반영,Y,Y,Y
VOC01369,적립 포인트는 어디서 쓰나요 앱에서 확인이 어려워 문의드립니다.,현재 보유한 포인트를 어디에서 사용할 수 있는지 알려주세요.,포인트,사용,S003,포인트 사용처 문의,Y,Y,Y
VOC06283,포인트 잔액 오류,어제 확인한 잔액과 오늘 잔액이 달라서 문의드립니다.,포인트,차감,S010,포인트 오차감,Y,Y,Y
VOC06411,사용하지 않은 포인트가 차감됐어요,결제를 취소했는데 차감된 포인트가 복구되지 않았습니다.,포인트,차감,S010,포인트 오차감,Y,Y,Y
VOC03213,비밀번호가 기억나지 않아요,비밀번호 변경 절차와 조건을 안내해주세요.,회원,계정관리,S005,비밀번호 재설정,Y,Y,Y
VOC07570,접수한 사고는 어떻게 진행되고 있나요 관련 기준도 함께 알려주세요.,사고 접수 이후 진행 상황 안내를 받지 못했습니다.,사고,처리현황,S012,사고 처리 진행 문의,Y,Y,Y
VOC01879,포인트 사용처가 궁금합니다 관련 기준도 함께 알려주세요.,현재 보유한 포인트를 어디에서 사용할 수 있는지 알려주세요. 확인 부탁드립니다. 동일 현상이 반복되고 있습니다.,포인트,사용,S003,포인트 사용처 문의,Y,Y,Y
VOC02931,비밀번호 변경이 안 됩니다,비밀번호 찾기 과정에서 [기존전화번호]로 인증번호가 오지 않습니다.,회원,계정관리,S005,비밀번호 재설정,Y,Y,Y
VOC08499,계약 차량 정보 불일치,보험 계약 정보 중 일부 항목이 잘못되어 수정 요청드립니다. 동일 현상이 반복되고 있습니다.,보험,계약정보,S013,계약정보 불일치,Y,Y,Y
VOC06936,앱이 계속 종료됩니다,앱을 열면 흰 화면만 보이고 아무 기능도 사용할 수 없습니다.,앱,오류,S011,앱 실행 오류,Y,Y,Y
VOC01952,포인트 사용처가 궁금합니다,적립된 포인트의 사용처와 사용 절차를 안내 부탁드립니다.,포인트,사용,S003,포인트 사용처 문의,Y,Y,Y
VOC09620,포인트 적립 기준이 궁금합니다,주행거리와 운전점수에 따라 포인트가 어떻게 산정되는지 알고 싶습니다.,포인트,적립기준,S015,포인트 적립 기준 문의,Y,Y,Y
VOC09722,포인트 지급 조건 안내 요청,급가속이나 급감속 기록이 포인트 적립에 영향을 주나요?,포인트,적립기준,S015,포인트 적립 기준 문의,Y,Y,Y
VOC08305,계약정보가 다르게 표시됩니다,증권번호 [계약번호]의 차량정보가 현재 차량과 일치하지 않습니다. 확인 부탁드립니다.,보험,계약정보,S013,계약정보 불일치,Y,Y,Y
VOC06226,포인트가 갑자기 줄었습니다,어제 확인한 잔액과 오늘 잔액이 달라서 문의드립니다. 현재 화면에서 직접 수정할 수 없습니다.,포인트,차감,S010,포인트 오차감,Y,Y,Y
VOC00499,운전했는데 포인트가 안 들어왔어요,주행 조건을 충족한 것으로 보이는데 포인트가 0으로 표시됩니다.,포인트,적립,S001,주행 포인트 미적립,Y,Y,Y
VOC07925,사고 처리 진행 상황 문의,[접수일]에 접수한 사고의 담당자 배정 여부가 안내받고 싶습니다.,사고,처리현황,S012,사고 처리 진행 문의,Y,Y,Y
VOC05760,앱 회원 탈퇴 방법 문의,앱에서 탈퇴 메뉴를 찾을 수 없어 문의드립니다. 앱에서 확인이 어려워 문의드립니다.,회원,계정관리,S009,회원 탈퇴,Y,Y,Y
VOC02313,앱 로그인이 되지 않습니다,로그인 버튼을 눌러도 화면이 그대로입니다.,회원,로그인,S004,로그인 오류,Y,Y,Y
VOC00244,포인트가 누락된 것 같습니다,운전 기록은 정상적으로 보이지만 포인트가 들어오지 않았습니다.,포인트,적립,S001,주행 포인트 미적립,Y,Y,Y
VOC09298,새 번호로 인증받고 싶어요,번호 변경 후 로그인 인증 문자가 이전 번호로 발송됩니다.,회원,회원정보,S014,휴대전화 번호 변경,Y,Y,Y
VOC03782,최근 주행기록 누락 문의,주행 종료 후에도 거리와 시간이 0으로 표시됩니다.,주행,주행기록,S006,주행기록 미반영,Y,Y,Y
VOC01186,주행 포인트는 언제 들어오나요,오늘 주행을 마쳤는데 포인트가 아직 반영되지 않았습니다. 보통 얼마나 걸리나요? 처리 방법을 안내해주세요.,포인트,적립,S002,주행 포인트 적립 지연,Y,Y,Y
VOC06975,서비스 실행 불가 문의,재설치 후에도 동일하게 앱이 강제 종료됩니다. 동일 현상이 반복되고 있습니다.,앱,오류,S011,앱 실행 오류,Y,Y,Y
VOC03539,최근 주행기록 누락 문의,해당 시간대의 운전 내역이 누락되어 확인 요청드립니다. 처리 방법을 안내해주세요.,주행,주행기록,S006,주행기록 미반영,Y,Y,Y
VOC01093,운전 후 포인트 반영 시간 문의 관련 기준도 함께 알려주세요.,방금 운전한 기록은 보이는데 포인트는 처리 중으로 표시됩니다.,포인트,적립,S002,주행 포인트 적립 지연,Y,Y,Y
VOC00740,포인트가 아직 처리되지 않았어요,오늘 주행을 마쳤는데 포인트가 아직 반영되지 않았습니다. 보통 얼마나 걸리나요?,포인트,적립,S002,주행 포인트 적립 지연,Y,Y,Y
VOC00626,주행 후 포인트가 없습니다 앱에서 확인이 어려워 문의드립니다.,운전 기록은 정상적으로 보이지만 포인트가 들어오지 않았습니다. 앱을 다시 실행해도 같은 상태입니다.,포인트,적립,S001,주행 포인트 미적립,Y,Y,Y
VOC07519,보상 처리 단계 문의,사건번호 [사고접수번호]와 관련해 현재 처리 단계를 확인하고 싶습니다.,사고,처리현황,S012,사고 처리 진행 문의,Y,Y,Y
VOC00365,주행 포인트가 적립되지 않았습니다,주행 조건을 충족한 것으로 보이는데 포인트가 0으로 표시됩니다.,포인트,적립,S001,주행 포인트 미적립,Y,Y,Y
VOC08729,휴대전화 번호를 변경하고 싶습니다,휴대전화 번호를 바꿨는데 앱 회원정보에는 이전 번호가 표시됩니다.,회원,회원정보,S014,휴대전화 번호 변경,Y,Y,Y
VOC05392,회원 탈퇴를 요청합니다,계정과 저장된 개인정보를 삭제하는 절차를 확인 부탁드립니다.,회원,계정관리,S009,회원 탈퇴,Y,Y,Y
VOC00645,포인트가 누락된 것 같습니다,주행 조건을 충족한 것으로 보이는데 포인트가 0으로 표시됩니다.,포인트,적립,S001,주행 포인트 미적립,Y,Y,Y
VOC00965,포인트 적립 처리 중 문의,[주행종료시간]에 주행을 종료했습니다. 포인트 반영 예정 시간을 알고 싶습니다.,포인트,적립,S002,주행 포인트 적립 지연,Y,Y,Y
VOC09915,어떤 주행이 포인트 대상인가요,포인트 지급 대상과 제외 조건을 자세히 안내해주세요.,포인트,적립기준,S015,포인트 적립 기준 문의,Y,Y,Y
VOC07505,사건번호 처리 상태 확인,사고 접수 이후 진행 상황 안내를 받지 못했습니다.,사고,처리현황,S012,사고 처리 진행 문의,Y,Y,Y
VOC08819,휴대전화 번호를 변경하고 싶습니다,기존 번호 [기존전화번호]에서 새 번호 [새전화번호]로 변경하고 싶습니다. 앱에서 확인이 어려워 문의드립니다. 동일 현상이 반복되고 있습니다.,회원,회원정보,S014,휴대전화 번호 변경,Y,Y,Y
VOC03861,주행기록이 보이지 않습니다 관련 기준도 함께 알려주세요.,차량은 정상적으로 운행했는데 주행 데이터가 수집되지 않은 것 같습니다.,주행,주행기록,S006,주행기록 미반영,Y,Y,Y
VOC07190,앱 실행 중 오류가 발생합니다,특정 메뉴에 들어가면 화면이 멈추는 현상이 반복됩니다.,앱,오류,S011,앱 실행 오류,Y,Y,Y
VOC01783,포인트 사용 가능 서비스 문의,포인트 사용 가능한 서비스와 제한 조건이 궁금합니다.,포인트,사용,S003,포인트 사용처 문의,Y,Y,Y
VOC07497,사고 접수 후 연락이 없습니다,보상 심사가 어느 단계까지 진행됐는지 확인 부탁드립니다.,사고,처리현황,S012,사고 처리 진행 문의,Y,Y,Y
VOC01532,포인트 사용처가 궁금합니다 앱에서 확인이 어려워 문의드립니다.,현재 보유한 포인트를 어디에서 사용할 수 있는지 알려주세요.,포인트,사용,S003,포인트 사용처 문의,Y,Y,Y
VOC06324,사용하지 않은 포인트가 차감됐어요 확인 부탁드립니다.,결제를 취소했는데 차감된 포인트가 복구되지 않았습니다. 확인 부탁드립니다.,포인트,차감,S010,포인트 오차감,Y,Y,Y
VOC04968,앱 차량정보 수정 문의,기존 차량을 삭제하고 새 차량을 등록하는 방법을 알려주세요.,차량,차량정보,S008,차량정보 변경,Y,Y,Y
VOC00043,주행 후 포인트가 없습니다 빠른 확인 요청드립니다.,주행 조건을 충족한 것으로 보이는데 포인트가 0으로 표시됩니다.,포인트,적립,S001,주행 포인트 미적립,Y,Y,Y
VOC03348,앱에서 운전 기록 확인 불가,[날짜]에 [출발지]에서 [도착지]까지 구간을 운전했는데 앱에서 기록이 보이지 않습니다. 필요한 확인 항목이 있다면 안내 부탁드립니다.,주행,주행기록,S006,주행기록 미반영,Y,Y,Y
VOC06590,사용하지 않은 포인트가 차감됐어요,결제를 취소했는데 차감된 포인트가 복구되지 않았습니다.,포인트,차감,S010,포인트 오차감,Y,Y,Y
VOC07693,사건번호 처리 상태 확인,보상 심사가 어느 단계까지 진행됐는지 확인 부탁드립니다.,사고,처리현황,S012,사고 처리 진행 문의,Y,Y,Y
VOC08919,기존 전화번호 변경 문의,새 번호로 본인 인증을 진행하는 방법을 안내 부탁드립니다.,회원,회원정보,S014,휴대전화 번호 변경,Y,Y,Y
VOC06515,사용하지 않은 포인트가 차감됐어요,포인트 사용 이력과 실제 잔액이 맞지 않습니다.,포인트,차감,S010,포인트 오차감,Y,Y,Y
VOC08950,회원정보의 전화번호가 다릅니다 처리 방법을 안내해주세요.,등록된 연락처가 실제 사용하는 번호와 달라 수정 요청드립니다. 확인 부탁드립니다.,회원,회원정보,S014,휴대전화 번호 변경,Y,Y,Y
VOC06369,사용하지 않은 포인트가 차감됐어요,어제 확인한 잔액과 오늘 잔액이 달라서 문의드립니다. 처리 방법을 안내해주세요.,포인트,차감,S010,포인트 오차감,Y,Y,Y
VOC07972,접수한 사고는 어떻게 진행되고 있나요,사고 접수 이후 진행 상황 안내를 받지 못했습니다. 확인 부탁드립니다.,사고,처리현황,S012,사고 처리 진행 문의,Y,Y,Y
VOC05083,등록 차량 변경 요청,보험 계약 차량은 변경됐는데 앱에는 이전 차량이 표시됩니다. 앱에서 확인이 어려워 문의드립니다.,차량,차량정보,S008,차량정보 변경,Y,Y,Y
VOC02230,계속 로그인에 실패합니다,아이디와 비밀번호를 입력해도 로그인 오류가 발생합니다.,회원,로그인,S004,로그인 오류,Y,Y,Y
VOC00400,운전했는데 포인트가 안 들어왔어요,[출발지]에서 [도착지]까지 구간을 운전했는데 적립 내역이 확인되지 않습니다.,포인트,적립,S001,주행 포인트 미적립,Y,Y,Y
VOC02925,새 비밀번호 등록 문의,본인 인증 후 비밀번호 재설정 화면으로 이동하지 않습니다. 앱에서 확인이 어려워 문의드립니다.,회원,계정관리,S005,비밀번호 재설정,Y,Y,Y
VOC09568,주행 포인트 산정 방법 문의 처리 방법을 안내해주세요.,짧은 거리 주행도 포인트 적립 대상인지 문의드립니다. 빠른 확인 요청드립니다.,포인트,적립기준,S015,포인트 적립 기준 문의,Y,Y,Y
VOC00734,포인트 적립 처리 중 문의 처리 방법을 안내해주세요.,"포인트가 바로 들어오는지, 일정 시간이 필요한지 문의드립니다. 처리 방법을 안내해주세요. 동일 현상이 반복되고 있습니다.",포인트,적립,S002,주행 포인트 적립 지연,Y,Y,Y
VOC09285,기존 전화번호 변경 문의 관련 기준도 함께 알려주세요.,기존 번호 [기존전화번호]에서 새 번호 [새전화번호]로 변경하고 싶습니다.,회원,회원정보,S014,휴대전화 번호 변경,Y,Y,Y
VOC07741,사고 처리 진행 상황 문의,[날짜]에 접수한 사고의 담당자 배정 여부가 궁금합니다. 앱을 다시 실행해도 같은 상태입니다.,사고,처리현황,S012,사고 처리 진행 문의,Y,Y,Y
VOC07994,사고 처리 진행 상황 문의,사고 접수 이후 진행 상황 안내를 받지 못했습니다.,사고,처리현황,S012,사고 처리 진행 문의,Y,Y,Y
VOC07295,앱 화면이 멈춥니다 확인 부탁드립니다.,재설치 후에도 동일하게 앱이 강제 종료됩니다. 처리 방법을 안내해주세요.,앱,오류,S011,앱 실행 오류,Y,Y,Y
VOC08710,회원정보의 전화번호가 다릅니다 관련 기준도 함께 알려주세요.,휴대전화 번호를 바꿨는데 앱 회원정보에는 이전 번호가 표시됩니다. 처리 방법을 안내해주세요.,회원,회원정보,S014,휴대전화 번호 변경,Y,Y,Y
VOC07066,앱 화면이 멈춥니다,앱을 실행하면 [에러코드] 오류가 표시되고 바로 종료됩니다. 앱을 다시 실행해도 같은 상태입니다.,앱,오류,S011,앱 실행 오류,Y,Y,Y
VOC03400,주행기록이 보이지 않습니다,운전을 완료했지만 최근 주행 목록에 추가되지 않았습니다.,주행,주행기록,S006,주행기록 미반영,Y,Y,Y
VOC09085,휴대전화 번호를 변경하고 싶습니다,휴대전화 번호를 바꿨는데 앱 회원정보에는 이전 번호가 표시됩니다.,회원,회원정보,S014,휴대전화 번호 변경,Y,Y,Y
VOC02251,앱 로그인이 되지 않습니다,여러 번 시도했지만 인증 후 다시 로그인 화면으로 돌아옵니다.,회원,로그인,S004,로그인 오류,Y,Y,Y
VOC09700,포인트 지급 조건 안내 요청,포인트 지급 대상과 제외 조건을 자세히 안내해주세요. 앱을 다시 실행해도 같은 상태입니다.,포인트,적립기준,S015,포인트 적립 기준 문의,Y,Y,Y
VOC06376,사용하지 않은 포인트가 차감됐어요 관련 기준도 함께 알려주세요.,결제를 취소했는데 차감된 포인트가 복구되지 않았습니다. 빠른 확인 요청드립니다.,포인트,차감,S010,포인트 오차감,Y,Y,Y
VOC05448,서비스 계정을 삭제하고 싶어요,회원 탈퇴 시 남은 포인트와 주행기록이 어떻게 처리되는지 궁금합니다.,회원,계정관리,S009,회원 탈퇴,Y,Y,Y
VOC00865,포인트가 아직 처리되지 않았어요 처리 방법을 안내해주세요.,[시간]에 주행을 종료했습니다. 포인트 반영 예정 시간을 알고 싶습니다.,포인트,적립,S002,주행 포인트 적립 지연,Y,Y,Y
VOC07191,앱이 계속 종료됩니다,업데이트 이후 첫 화면에서 멈추고 다음으로 넘어가지 않습니다.,앱,오류,S011,앱 실행 오류,Y,Y,Y
VOC02948,새 비밀번호 등록 문의,비밀번호가 기억나지 않아 재설정하려고 합니다.,회원,계정관리,S005,비밀번호 재설정,Y,Y,Y
VOC04743,차량을 변경했습니다,차량을 교체해서 앱의 등록 정보를 수정하고 싶습니다.,차량,차량정보,S008,차량정보 변경,Y,Y,Y
VOC02044,계속 로그인에 실패합니다,[에러코드] 메시지가 표시되면서 앱에 접속할 수 없습니다.,회원,로그인,S004,로그인 오류,Y,Y,Y
VOC01240,포인트가 아직 처리되지 않았어요 처리 방법을 안내해주세요.,주행 후 몇 시간이 지났는데 아직 적립 대기 상태입니다. 필요한 확인 항목이 있다면 안내 부탁드립니다.,포인트,적립,S002,주행 포인트 적립 지연,Y,Y,Y
VOC07378,사고 접수 후 연락이 없습니다,제출한 서류가 정상적으로 접수됐는지 알고 싶습니다.,사고,처리현황,S012,사고 처리 진행 문의,Y,Y,Y
VOC05220,앱 차량정보 수정 문의,보험 계약 차량은 변경됐는데 앱에는 이전 차량이 표시됩니다. 빠른 확인 요청드립니다.,차량,차량정보,S008,차량정보 변경,Y,Y,Y
VOC00304,운전했는데 포인트가 안 들어왔어요,운전 기록은 정상적으로 보이지만 포인트가 들어오지 않았습니다. 관련 기준도 함께 알려주세요.,포인트,적립,S001,주행 포인트 미적립,Y,Y,Y
VOC05138,등록 차량 변경 요청,기존 차량 [기존차량번호]에서 새 차량 [새차량번호]로 변경했습니다.,차량,차량정보,S008,차량정보 변경,Y,Y,Y
VOC08284,보험 계약자 정보 오류,보험 계약 정보 중 일부 항목이 잘못되어 수정 요청드립니다. 처리 방법을 안내해주세요. 동일 현상이 반복되고 있습니다.,보험,계약정보,S013,계약정보 불일치,Y,Y,Y
VOC07712,사고 접수 후 연락이 없습니다 확인 부탁드립니다.,제출한 서류가 정상적으로 접수됐는지 알고 싶습니다.,사고,처리현황,S012,사고 처리 진행 문의,Y,Y,Y
VOC05742,서비스 계정을 삭제하고 싶어요,더 이상 서비스를 이용하지 않아 회원 탈퇴를 진행하고 싶습니다. 처리 방법을 안내해주세요.,회원,계정관리,S009,회원 탈퇴,Y,Y,Y
VOC03405,최근 주행기록 누락 문의,운전을 완료했지만 최근 주행 목록에 추가되지 않았습니다. 관련 기준도 함께 알려주세요.,주행,주행기록,S006,주행기록 미반영,Y,Y,Y
VOC06778,앱 실행 중 오류가 발생합니다,특정 메뉴에 들어가면 화면이 멈추는 현상이 반복됩니다.,앱,오류,S011,앱 실행 오류,Y,Y,Y
VOC08891,기존 전화번호 변경 문의,번호 변경 후 로그인 인증 문자가 이전 번호로 발송됩니다. 확인 부탁드립니다.,회원,회원정보,S014,휴대전화 번호 변경,Y,Y,Y
VOC09764,운전점수와 포인트 관계,주행거리와 운전점수에 따라 포인트가 어떻게 산정되는지 알고 싶습니다. 앱에서 확인이 어려워 문의드립니다. 동일 현상이 반복되고 있습니다.,포인트,적립기준,S015,포인트 적립 기준 문의,Y,Y,Y
VOC07277,앱이 계속 종료됩니다,재설치 후에도 동일하게 앱이 강제 종료됩니다.,앱,오류,S011,앱 실행 오류,Y,Y,Y
VOC03647,운전한 내역이 앱에 없습니다,[접수일]에 [주행구간] 구간을 운전했는데 앱에서 기록이 보이지 않습니다.,주행,주행기록,S006,주행기록 미반영,Y,Y,Y
VOC00408,운전했는데 포인트가 안 들어왔어요,운전 기록은 정상적으로 보이지만 포인트가 들어오지 않았습니다. 이전에 정상적으로 이용한 적이 있습니다.,포인트,적립,S001,주행 포인트 미적립,Y,Y,Y
VOC07080,앱이 계속 종료됩니다,앱을 열면 흰 화면만 보이고 아무 기능도 사용할 수 없습니다.,앱,오류,S011,앱 실행 오류,Y,Y,Y
VOC01705,포인트를 사용할 수 있는 곳 빠른 확인 요청드립니다.,포인트 사용 가능한 서비스와 제한 조건이 안내받고 싶습니다.,포인트,사용,S003,포인트 사용처 문의,Y,Y,Y
VOC05690,서비스 계정을 삭제하고 싶어요,더 이상 서비스를 이용하지 않아 회원 탈퇴를 진행하고 싶습니다.,회원,계정관리,S009,회원 탈퇴,Y,Y,Y
VOC04895,앱 차량정보 수정 문의 빠른 확인 요청드립니다.,차량번호 변경 후 주행 서비스 연결 방법을 문의드립니다.,차량,차량정보,S008,차량정보 변경,Y,Y,Y
VOC04942,등록 차량 변경 요청,보험 계약 차량은 변경됐는데 앱에는 이전 차량이 표시됩니다.,차량,차량정보,S008,차량정보 변경,Y,Y,Y
VOC09861,포인트 지급 조건 안내 요청,포인트 지급 대상과 제외 조건을 자세히 안내해주세요.,포인트,적립기준,S015,포인트 적립 기준 문의,Y,Y,Y
VOC06751,서비스 실행 불가 문의,업데이트 이후 첫 화면에서 멈추고 다음으로 넘어가지 않습니다. 빠른 확인 요청드립니다.,앱,오류,S011,앱 실행 오류,Y,Y,Y
VOC06273,포인트 잔액 오류 앱에서 확인이 어려워 문의드립니다.,사용한 적이 없는데 [차감금액] 포인트가 차감된 것으로 표시됩니다. 확인 부탁드립니다.,포인트,차감,S010,포인트 오차감,Y,Y,Y
VOC00877,포인트 반영이 늦어지고 있습니다 확인 부탁드립니다.,주행 후 몇 시간이 지났는데 아직 적립 대기 상태입니다. 관련 기준도 함께 알려주세요.,포인트,적립,S002,주행 포인트 적립 지연,Y,Y,Y
VOC06415,포인트 잔액 오류 앱에서 확인이 어려워 문의드립니다.,포인트 사용 이력과 실제 잔액이 맞지 않습니다.,포인트,차감,S010,포인트 오차감,Y,Y,Y
VOC03195,비밀번호 변경이 되지 않습니다,비밀번호가 기억나지 않아 재설정하려고 합니다.,회원,계정관리,S005,비밀번호 재설정,Y,Y,Y
VOC04182,보험료 할인 혜택이 궁금합니다,현재 운전점수 기준으로 받을 수 있는 보험료 할인율이 안내받고 싶습니다. 관련 기준도 함께 알려주세요.,보험,할인,S007,보험료 할인 적용 문의,Y,Y,Y
VOC09567,운전점수와 포인트 관계,급가속이나 급감속 기록이 포인트 적립에 영향을 주나요?,포인트,적립기준,S015,포인트 적립 기준 문의,Y,Y,Y
VOC00178,주행 포인트 미적립 문의,운전 기록은 정상적으로 보이지만 포인트가 들어오지 않았습니다. 현재 화면에서 직접 수정할 수 없습니다.,포인트,적립,S001,주행 포인트 미적립,Y,Y,Y
VOC05856,회원 탈퇴를 요청합니다,회원 탈퇴 시 남은 포인트와 주행기록이 어떻게 처리되는지 궁금합니다.,회원,계정관리,S009,회원 탈퇴,Y,Y,Y
VOC09109,기존 전화번호 변경 문의,휴대전화 번호를 바꿨는데 앱 회원정보에는 이전 번호가 표시됩니다.,회원,회원정보,S014,휴대전화 번호 변경,Y,Y,Y
VOC04943,새 차량으로 바꾸고 싶어요,기존 차량 [기존차량번호]에서 새 차량 [새차량번호]로 변경했습니다.,차량,차량정보,S008,차량정보 변경,Y,Y,Y
VOC09445,주행 포인트 산정 방법 문의,포인트를 받기 위한 최소 주행 조건이 궁금합니다.,포인트,적립기준,S015,포인트 적립 기준 문의,Y,Y,Y
VOC02389,앱 로그인이 되지 않습니다 앱에서 확인이 어려워 문의드립니다.,여러 번 시도했지만 인증 후 다시 로그인 화면으로 돌아옵니다.,회원,로그인,S004,로그인 오류,Y,Y,Y
VOC00803,운전 후 포인트 반영 시간 문의,[접수시간]에 주행을 종료했습니다. 포인트 반영 예정 시간을 알고 싶습니다.,포인트,적립,S002,주행 포인트 적립 지연,Y,Y,Y
VOC04245,보험료 할인 혜택이 궁금합니다 관련 기준도 함께 알려주세요.,갱신 계약에 주행분석 할인 혜택이 반영되는지 문의드립니다.,보험,할인,S007,보험료 할인 적용 문의,Y,Y,Y
VOC04622,안전운전 할인 적용 여부 문의,안전운전 점수와 보험료 할인 적용 기준을 안내해주세요.,보험,할인,S007,보험료 할인 적용 문의,Y,Y,Y
VOC05073,앱 차량정보 수정 문의,차량번호 변경 후 주행 서비스 연결 방법을 문의드립니다. 관련 기준도 함께 알려주세요.,차량,차량정보,S008,차량정보 변경,Y,Y,Y
VOC03982,최근 주행기록 누락 문의,운전을 완료했지만 최근 주행 목록에 추가되지 않았습니다. 동일 현상이 반복되고 있습니다.,주행,주행기록,S006,주행기록 미반영,Y,Y,Y
VOC02176,계속 로그인에 실패합니다,아이디와 비밀번호를 입력해도 로그인 오류가 발생합니다.,회원,로그인,S004,로그인 오류,Y,Y,Y
VOC01664,포인트 사용 가능 서비스 문의 빠른 확인 요청드립니다.,포인트 사용 가능한 서비스와 제한 조건이 궁금합니다.,포인트,사용,S003,포인트 사용처 문의,Y,Y,Y
VOC04667,보험료 할인 혜택이 궁금합니다,안전운전 점수와 보험료 할인 적용 기준을 안내해주세요. 관련 기준도 함께 알려주세요.,보험,할인,S007,보험료 할인 적용 문의,Y,Y,Y
VOC03952,운전한 내역이 앱에 없습니다 빠른 확인 요청드립니다.,주행 종료 후에도 거리와 시간이 0으로 표시됩니다. 관련 기준도 함께 알려주세요.,주행,주행기록,S006,주행기록 미반영,Y,Y,Y
VOC04755,앱 차량정보 수정 문의,차량번호 변경 후 주행 서비스 연결 방법을 문의드립니다. 동일 현상이 반복되고 있습니다.,차량,차량정보,S008,차량정보 변경,Y,Y,Y
VOC07918,접수한 사고는 어떻게 진행되고 있나요,[날짜]에 접수한 사고의 담당자 배정 여부가 확인하고 싶습니다.,사고,처리현황,S012,사고 처리 진행 문의,Y,Y,Y
VOC01951,보유 포인트 사용 방법,앱에 [차감금액] 포인트가 있는데 사용 가능한 항목을 확인하고 싶습니다.,포인트,사용,S003,포인트 사용처 문의,Y,Y,Y
VOC09897,포인트 지급 조건 안내 요청,포인트 지급 대상과 제외 조건을 자세히 안내해주세요.,포인트,적립기준,S015,포인트 적립 기준 문의,Y,Y,Y
VOC02942,새 비밀번호 등록 문의,새 비밀번호를 입력했지만 변경이 완료되지 않습니다.,회원,계정관리,S005,비밀번호 재설정,Y,Y,Y
VOC00552,주행 후 포인트가 없습니다 앱에서 확인이 어려워 문의드립니다.,[주행일]에 주행을 완료했는데 포인트가 아직 적립되지 않았습니다. 확인 부탁드립니다.,포인트,적립,S001,주행 포인트 미적립,Y,Y,Y
VOC09803,어떤 주행이 포인트 대상인가요,포인트를 받기 위한 최소 주행 조건이 안내받고 싶습니다.,포인트,적립기준,S015,포인트 적립 기준 문의,Y,Y,Y
VOC04428,계약 할인 적용 상태 문의,앱에는 할인 대상이라고 나오는데 실제 보험료에 적용됐는지 알고 싶습니다.,보험,할인,S007,보험료 할인 적용 문의,Y,Y,Y
VOC01959,포인트 사용처가 궁금합니다 앱에서 확인이 어려워 문의드립니다.,포인트 사용 가능한 서비스와 제한 조건이 확인하고 싶습니다.,포인트,사용,S003,포인트 사용처 문의,Y,Y,Y
VOC01544,적립 포인트는 어디서 쓰나요 빠른 확인 요청드립니다.,앱에 [차감금액] 포인트가 있는데 사용 가능한 항목을 확인하고 싶습니다.,포인트,사용,S003,포인트 사용처 문의,Y,Y,Y
VOC05730,회원 탈퇴를 요청합니다,회원 탈퇴 시 남은 포인트와 주행기록이 어떻게 처리되는지 궁금합니다. 필요한 확인 항목이 있다면 안내 부탁드립니다.,회원,계정관리,S009,회원 탈퇴,Y,Y,Y
VOC07715,사고 처리 진행 상황 문의,보상 심사가 어느 단계까지 진행됐는지 확인 부탁드립니다.,사고,처리현황,S012,사고 처리 진행 문의,Y,Y,Y
VOC07182,앱이 계속 종료됩니다,업데이트 이후 첫 화면에서 멈추고 다음으로 넘어가지 않습니다. 앱에서 확인이 어려워 문의드립니다.,앱,오류,S011,앱 실행 오류,Y,Y,Y
VOC01238,주행 포인트는 언제 들어오나요 관련 기준도 함께 알려주세요.,방금 운전한 기록은 보이는데 포인트는 처리 중으로 표시됩니다. 앱에서 확인이 어려워 문의드립니다.,포인트,적립,S002,주행 포인트 적립 지연,Y,Y,Y
VOC00735,포인트 적립 처리 중 문의 빠른 확인 요청드립니다.,방금 운전한 기록은 보이는데 포인트는 처리 중으로 표시됩니다.,포인트,적립,S002,주행 포인트 적립 지연,Y,Y,Y
VOC00853,포인트 적립 처리 중 문의,주행 후 몇 시간이 지났는데 아직 적립 대기 상태입니다.,포인트,적립,S002,주행 포인트 적립 지연,Y,Y,Y
VOC04984,기존 차량 삭제 후 신규 등록,차량번호 변경 후 주행 서비스 연결 방법을 문의드립니다.,차량,차량정보,S008,차량정보 변경,Y,Y,Y
VOC02015,계정 접속이 불가능합니다 확인 부탁드립니다.,기존에 사용하던 계정으로 접속되지 않아 문의드립니다. 동일 현상이 반복되고 있습니다.,회원,로그인,S004,로그인 오류,Y,Y,Y
VOC02233,계속 로그인에 실패합니다 처리 방법을 안내해주세요.,기존에 사용하던 계정으로 접속되지 않아 문의드립니다.,회원,로그인,S004,로그인 오류,Y,Y,Y
VOC00536,주행 포인트 미적립 문의,[출발지]-[도착지] 구간을 운전했는데 적립 내역이 확인되지 않습니다.,포인트,적립,S001,주행 포인트 미적립,Y,Y,Y
VOC04580,보험료 할인이 반영됐나요,증권번호 [증권번호] 계약에 안전운전 할인이 적용됐는지 확인하고 싶습니다.,보험,할인,S007,보험료 할인 적용 문의,Y,Y,Y
VOC05564,앱 회원 탈퇴 방법 문의,계정과 저장된 개인정보를 삭제하는 절차를 알려주세요.,회원,계정관리,S009,회원 탈퇴,Y,Y,Y
VOC09196,기존 전화번호 변경 문의,등록된 연락처가 실제 사용하는 번호와 달라 수정 요청드립니다. 앱을 다시 실행해도 같은 상태입니다.,회원,회원정보,S014,휴대전화 번호 변경,Y,Y,Y
VOC02637,앱 로그인이 되지 않습니다,아이디와 비밀번호를 입력해도 로그인 오류가 발생합니다.,회원,로그인,S004,로그인 오류,Y,Y,Y
VOC02644,아이디 입력 후 접속 오류,기존에 사용하던 계정으로 접속되지 않아 문의드립니다. 빠른 확인 요청드립니다.,회원,로그인,S004,로그인 오류,Y,Y,Y
VOC04316,보험료 할인이 반영됐나요,앱에는 할인 대상이라고 나오는데 실제 보험료에 적용됐는지 알고 싶습니다.,보험,할인,S007,보험료 할인 적용 문의,Y,Y,Y
VOC06637,포인트가 갑자기 줄었습니다 확인 부탁드립니다.,포인트 사용 이력과 실제 잔액이 맞지 않습니다.,포인트,차감,S010,포인트 오차감,Y,Y,Y
VOC02180,로그인 화면에서 넘어가지 않아요,[에러코드] 메시지가 표시되면서 앱에 접속할 수 없습니다.,회원,로그인,S004,로그인 오류,Y,Y,Y
VOC06296,잘못 차감된 포인트 문의,포인트 사용 이력과 실제 잔액이 맞지 않습니다.,포인트,차감,S010,포인트 오차감,Y,Y,Y
VOC02836,비밀번호가 기억나지 않아요,본인 인증 후 비밀번호 재설정 화면으로 이동하지 않습니다.,회원,계정관리,S005,비밀번호 재설정,Y,Y,Y
VOC04462,안전운전 할인 적용 여부 문의,안전운전 점수와 보험료 할인 적용 기준을 안내해주세요.,보험,할인,S007,보험료 할인 적용 문의,Y,Y,Y
VOC08557,계약 차량 정보 불일치 빠른 확인 요청드립니다.,갱신한 계약이 앱에서 이전 계약으로 보입니다.,보험,계약정보,S013,계약정보 불일치,Y,Y,Y
VOC00349,주행 후 포인트가 없습니다,지난 주행 건에 대한 포인트를 받지 못했습니다. 확인 부탁드립니다. 빠른 확인 요청드립니다.,포인트,적립,S001,주행 포인트 미적립,Y,Y,Y
VOC06791,앱 실행 중 오류가 발생합니다 확인 부탁드립니다.,재설치 후에도 동일하게 앱이 강제 종료됩니다.,앱,오류,S011,앱 실행 오류,Y,Y,Y
VOC08385,계약정보가 다르게 표시됩니다 확인 부탁드립니다.,계약 기간과 보험료 정보가 가입 당시 안내와 다르게 표시됩니다. 빠른 확인 요청드립니다.,보험,계약정보,S013,계약정보 불일치,Y,Y,Y
VOC02370,아이디 입력 후 접속 오류,여러 번 시도했지만 인증 후 다시 로그인 화면으로 돌아옵니다.,회원,로그인,S004,로그인 오류,Y,Y,Y
VOC06824,앱 화면이 멈춥니다 확인 부탁드립니다.,앱을 실행하면 [오류코드] 오류가 표시되고 바로 종료됩니다.,앱,오류,S011,앱 실행 오류,Y,Y,Y
VOC08203,보험 계약자 정보 오류,앱에 표시된 계약자명이 [계약자명]으로 되어 있는데 실제 정보와 다릅니다. 필요한 확인 항목이 있다면 안내 부탁드립니다.,보험,계약정보,S013,계약정보 불일치,Y,Y,Y
VOC01132,포인트 반영이 늦어지고 있습니다,[주행종료시간]에 주행을 종료했습니다. 포인트 반영 예정 시간을 알고 싶습니다.,포인트,적립,S002,주행 포인트 적립 지연,Y,Y,Y
VOC06625,잘못 차감된 포인트 문의,어제 확인한 잔액과 오늘 잔액이 달라서 문의합니다.,포인트,차감,S010,포인트 오차감,Y,Y,Y
VOC06052,포인트 차감 내역이 이상합니다,포인트 내역에 알 수 없는 차감 기록이 있습니다.,포인트,차감,S010,포인트 오차감,Y,Y,Y
VOC04408,주행점수 할인 확인 요청,갱신 계약에 주행분석 할인 혜택이 반영되는지 문의드립니다.,보험,할인,S007,보험료 할인 적용 문의,Y,Y,Y
VOC01774,포인트를 사용할 수 있는 곳,적립된 포인트의 사용처와 사용 절차를 안내 부탁드립니다.,포인트,사용,S003,포인트 사용처 문의,Y,Y,Y
VOC09914,주행 포인트 산정 방법 문의,짧은 거리 주행도 포인트 적립 대상인지 문의드립니다. 빠른 확인 요청드립니다.,포인트,적립기준,S015,포인트 적립 기준 문의,Y,Y,Y
VOC07124,앱 실행 중 오류가 발생합니다,앱을 실행하면 [에러코드] 오류가 표시되고 바로 종료됩니다. 필요한 확인 항목이 있다면 안내 부탁드립니다.,앱,오류,S011,앱 실행 오류,Y,Y,Y
VOC02204,계정 접속이 불가능합니다,[오류코드] 메시지가 표시되면서 앱에 접속할 수 없습니다.,회원,로그인,S004,로그인 오류,Y,Y,Y
VOC02217,계속 로그인에 실패합니다,여러 번 시도했지만 인증 후 다시 로그인 화면으로 돌아옵니다. 빠른 확인 요청드립니다.,회원,로그인,S004,로그인 오류,Y,Y,Y
VOC04359,안전운전 할인 적용 여부 문의 앱에서 확인이 어려워 문의드립니다.,현재 운전점수 기준으로 받을 수 있는 보험료 할인율이 궁금합니다.,보험,할인,S007,보험료 할인 적용 문의,Y,Y,Y
VOC05050,앱 차량정보 수정 문의,보험 계약 차량은 변경됐는데 앱에는 이전 차량이 표시됩니다. 동일 현상이 반복되고 있습니다.,차량,차량정보,S008,차량정보 변경,Y,Y,Y
VOC05682,가입 정보 삭제 요청 관련 기준도 함께 알려주세요.,더 이상 서비스를 이용하지 않아 회원 탈퇴를 진행하고 싶습니다. 처리 방법을 안내해주세요.,회원,계정관리,S009,회원 탈퇴,Y,Y,Y
VOC09193,휴대전화 번호를 변경하고 싶습니다,새 번호로 본인 인증을 진행하는 방법을 알려주세요.,회원,회원정보,S014,휴대전화 번호 변경,Y,Y,Y
VOC02658,계속 로그인에 실패합니다,기존에 사용하던 계정으로 접속되지 않아 문의드립니다. 관련 기준도 함께 알려주세요.,회원,로그인,S004,로그인 오류,Y,Y,Y
VOC04166,안전운전 할인 적용 여부 문의 앱에서 확인이 어려워 문의드립니다.,앱에는 할인 대상이라고 나오는데 실제 보험료에 적용됐는지 알고 싶습니다. 처리 방법을 안내해주세요.,보험,할인,S007,보험료 할인 적용 문의,Y,Y,Y
VOC06792,서비스 실행 불가 문의,특정 메뉴에 들어가면 화면이 멈추는 현상이 반복됩니다.,앱,오류,S011,앱 실행 오류,Y,Y,Y
VOC06547,포인트 차감 내역이 이상합니다,어제 확인한 잔액과 오늘 잔액이 달라서 문의드립니다. 관련 기준도 함께 알려주세요.,포인트,차감,S010,포인트 오차감,Y,Y,Y
VOC07136,앱 실행 중 오류가 발생합니다,앱을 열면 흰 화면만 보이고 아무 기능도 사용할 수 없습니다.,앱,오류,S011,앱 실행 오류,Y,Y,Y
VOC02339,계속 로그인에 실패합니다,아이디와 비밀번호를 입력해도 로그인 오류가 발생합니다. 관련 기준도 함께 알려주세요.,회원,로그인,S004,로그인 오류,Y,Y,Y
VOC01059,운전 후 포인트 반영 시간 문의 관련 기준도 함께 알려주세요.,주행 후 몇 시간이 지났는데 아직 적립 대기 상태입니다.,포인트,적립,S002,주행 포인트 적립 지연,Y,Y,Y
VOC06703,앱 화면이 멈춥니다,앱을 실행하면 [오류코드] 오류가 표시되고 바로 종료됩니다.,앱,오류,S011,앱 실행 오류,Y,Y,Y
VOC01896,포인트를 사용할 수 있는 곳,포인트 사용 가능한 서비스와 제한 조건이 궁금합니다.,포인트,사용,S003,포인트 사용처 문의,Y,Y,Y
VOC09903,포인트 지급 조건 안내 요청,급가속이나 급감속 기록이 포인트 적립에 영향을 주나요?,포인트,적립기준,S015,포인트 적립 기준 문의,Y,Y,Y
VOC07798,사고 처리 진행 상황 문의 처리 방법을 안내해주세요.,보상 심사가 어느 단계까지 진행됐는지 확인 부탁드립니다.,사고,처리현황,S012,사고 처리 진행 문의,Y,Y,Y
VOC07104,서비스 실행 불가 문의,특정 메뉴에 들어가면 화면이 멈추는 현상이 반복됩니다.,앱,오류,S011,앱 실행 오류,Y,Y,Y
VOC08440,보험 계약자 정보 오류,보험 계약 정보 중 일부 항목이 잘못되어 수정 요청드립니다. 확인 부탁드립니다.,보험,계약정보,S013,계약정보 불일치,Y,Y,Y
VOC05041,차량을 변경했습니다,차량번호 변경 후 주행 서비스 연결 방법을 확인 요청드립니다.,차량,차량정보,S008,차량정보 변경,Y,Y,Y
VOC06568,사용하지 않은 포인트가 차감됐어요,포인트 사용 이력과 실제 잔액이 맞지 않습니다. 앱을 다시 실행해도 같은 상태입니다.,포인트,차감,S010,포인트 오차감,Y,Y,Y
VOC00972,포인트 반영이 늦어지고 있습니다,방금 운전한 기록은 보이는데 포인트는 처리 중으로 표시됩니다. 빠른 확인 요청드립니다.,포인트,적립,S002,주행 포인트 적립 지연,Y,Y,Y
VOC08940,새 번호로 인증받고 싶어요,휴대전화 번호를 바꿨는데 앱 회원정보에는 이전 번호가 표시됩니다.,회원,회원정보,S014,휴대전화 번호 변경,Y,Y,Y
VOC05504,더 이상 서비스를 이용하지 않습니다,더 이상 서비스를 이용하지 않아 회원 탈퇴를 진행하고 싶습니다.,회원,계정관리,S009,회원 탈퇴,Y,Y,Y
VOC02527,계속 로그인에 실패합니다,아이디와 비밀번호를 입력해도 로그인 오류가 발생합니다. 처리 방법을 안내해주세요.,회원,로그인,S004,로그인 오류,Y,Y,Y
VOC07286,서비스 실행 불가 문의,특정 메뉴에 들어가면 화면이 멈추는 현상이 반복됩니다. 관련 기준도 함께 알려주세요. 이전에 정상적으로 이용한 적이 있습니다.,앱,오류,S011,앱 실행 오류,Y,Y,Y
VOC03848,최근 주행기록 누락 문의 처리 방법을 안내해주세요.,[주행일]에 [출발지]에서 [도착지]까지 구간을 운전했는데 앱에서 기록이 보이지 않습니다. 앱에서 확인이 어려워 문의드립니다. 동일 현상이 반복되고 있습니다.,주행,주행기록,S006,주행기록 미반영,Y,Y,Y
VOC00355,주행 포인트 미적립 문의 관련 기준도 함께 알려주세요.,운전 기록은 정상적으로 보이지만 포인트가 들어오지 않았습니다. 확인 부탁드립니다.,포인트,적립,S001,주행 포인트 미적립,Y,Y,Y
VOC05141,등록 차량 변경 요청 처리 방법을 안내해주세요.,차량번호 변경 후 주행 서비스 연결 방법을 문의드립니다.,차량,차량정보,S008,차량정보 변경,Y,Y,Y
VOC00884,포인트가 아직 처리되지 않았어요,[시간]에 주행을 종료했습니다. 포인트 반영 예정 시간을 알고 싶습니다. 현재 화면에서 직접 수정할 수 없습니다.,포인트,적립,S002,주행 포인트 적립 지연,Y,Y,Y
VOC02456,아이디 입력 후 접속 오류,아이디와 비밀번호를 입력해도 로그인 오류가 발생합니다.,회원,로그인,S004,로그인 오류,Y,Y,Y
VOC02193,로그인 화면에서 넘어가지 않아요,아이디와 비밀번호를 입력해도 로그인 오류가 발생합니다.,회원,로그인,S004,로그인 오류,Y,Y,Y
VOC06619,포인트 잔액 오류,사용한 적이 없는데 [포인트수량] 포인트가 차감된 것으로 표시됩니다. 앱을 다시 실행해도 같은 상태입니다.,포인트,차감,S010,포인트 오차감,Y,Y,Y
VOC00270,주행 포인트가 적립되지 않았습니다 확인 부탁드립니다.,[출발지]-[도착지] 구간을 운전했는데 적립 내역이 확인되지 않습니다. 빠른 확인 요청드립니다.,포인트,적립,S001,주행 포인트 미적립,Y,Y,Y
VOC06965,업데이트 후 앱이 열리지 않아요,앱을 실행하면 [오류코드] 오류가 표시되고 바로 종료됩니다.,앱,오류,S011,앱 실행 오류,Y,Y,Y
VOC08064,증권 정보 수정 문의,앱에 표시된 계약자명이 [이름]으로 되어 있는데 실제 정보와 다릅니다.,보험,계약정보,S013,계약정보 불일치,Y,Y,Y
VOC08674,기존 전화번호 변경 문의,새 번호로 본인 인증을 진행하는 방법을 알려주세요.,회원,회원정보,S014,휴대전화 번호 변경,Y,Y,Y
VOC03924,운전한 내역이 앱에 없습니다,주행 종료 후에도 거리와 시간이 0으로 표시됩니다. 필요한 확인 항목이 있다면 안내 부탁드립니다.,주행,주행기록,S006,주행기록 미반영,Y,Y,Y
VOC05345,서비스 계정을 삭제하고 싶어요 관련 기준도 함께 알려주세요.,회원 탈퇴 시 남은 포인트와 주행기록이 어떻게 처리되는지 확인하고 싶습니다. 앱에서 확인이 어려워 문의드립니다.,회원,계정관리,S009,회원 탈퇴,Y,Y,Y
VOC03059,비밀번호가 기억나지 않아요,비밀번호 변경 절차와 조건을 안내해주세요.,회원,계정관리,S005,비밀번호 재설정,Y,Y,Y
VOC05227,새 차량으로 바꾸고 싶어요,기존 차량 [차량번호]에서 새 차량 [변경차량번호]로 변경했습니다.,차량,차량정보,S008,차량정보 변경,Y,Y,Y
VOC06758,서비스 실행 불가 문의 앱에서 확인이 어려워 문의드립니다.,앱을 열면 흰 화면만 보이고 아무 기능도 사용할 수 없습니다. 이전에 정상적으로 이용한 적이 있습니다.,앱,오류,S011,앱 실행 오류,Y,Y,Y
VOC09092,새 번호로 인증받고 싶어요,기존 번호 [전화번호]에서 새 번호 [변경전화번호]로 변경하고 싶습니다. 빠른 확인 요청드립니다.,회원,회원정보,S014,휴대전화 번호 변경,Y,Y,Y
VOC01698,적립 포인트는 어디서 쓰나요,적립된 포인트의 사용처와 사용 절차를 안내 부탁드립니다.,포인트,사용,S003,포인트 사용처 문의,Y,Y,Y
VOC06715,앱 화면이 멈춥니다,업데이트 이후 첫 화면에서 멈추고 다음으로 넘어가지 않습니다. 처리 방법을 안내해주세요.,앱,오류,S011,앱 실행 오류,Y,Y,Y
VOC06361,잘못 차감된 포인트 문의,포인트 내역에 알 수 없는 차감 기록이 있습니다.,포인트,차감,S010,포인트 오차감,Y,Y,Y
VOC02199,계속 로그인에 실패합니다,[에러코드] 메시지가 표시되면서 앱에 접속할 수 없습니다.,회원,로그인,S004,로그인 오류,Y,Y,Y
VOC09124,기존 전화번호 변경 문의 빠른 확인 요청드립니다.,새 번호로 본인 인증을 진행하는 방법을 알려주세요.,회원,회원정보,S014,휴대전화 번호 변경,Y,Y,Y
VOC02497,계정 접속이 불가능합니다 처리 방법을 안내해주세요.,기존에 사용하던 계정으로 접속되지 않아 문의드립니다. 관련 기준도 함께 알려주세요. 현재 화면에서 직접 수정할 수 없습니다.,회원,로그인,S004,로그인 오류,Y,Y,Y
VOC04481,보험료 할인 혜택이 궁금합니다,앱에는 할인 대상이라고 나오는데 실제 보험료에 적용됐는지 알고 싶습니다. 빠른 확인 요청드립니다.,보험,할인,S007,보험료 할인 적용 문의,Y,Y,Y
VOC05380,더 이상 서비스를 이용하지 않습니다,본인 인증 후 탈퇴가 완료되지 않아 확인 부탁드립니다.,회원,계정관리,S009,회원 탈퇴,Y,Y,Y
VOC05912,회원 탈퇴를 요청합니다,더 이상 서비스를 이용하지 않아 회원 탈퇴를 진행하고 싶습니다.,회원,계정관리,S009,회원 탈퇴,Y,Y,Y
VOC02715,비밀번호 찾기 인증 오류 관련 기준도 함께 알려주세요.,비밀번호 변경 절차와 조건을 안내해주세요.,회원,계정관리,S005,비밀번호 재설정,Y,Y,Y
VOC05541,가입 정보 삭제 요청 관련 기준도 함께 알려주세요.,계정과 저장된 개인정보를 삭제하는 절차를 안내 부탁드립니다. 확인 부탁드립니다.,회원,계정관리,S009,회원 탈퇴,Y,Y,Y
VOC07216,앱 실행 중 오류가 발생합니다 빠른 확인 요청드립니다.,앱을 실행하면 [오류코드] 오류가 표시되고 바로 종료됩니다. 확인 부탁드립니다.,앱,오류,S011,앱 실행 오류,Y,Y,Y
VOC08809,기존 전화번호 변경 문의,기존 번호 [기존전화번호]에서 새 번호 [변경전화번호]로 변경하고 싶습니다. 앱을 다시 실행해도 같은 상태입니다.,회원,회원정보,S014,휴대전화 번호 변경,Y,Y,Y
VOC04556,주행점수 할인 확인 요청,앱에는 할인 대상이라고 나오는데 실제 보험료에 적용됐는지 알고 싶습니다.,보험,할인,S007,보험료 할인 적용 문의,Y,Y,Y
VOC09836,포인트 지급 조건 안내 요청 처리 방법을 안내해주세요.,급가속이나 급감속 기록이 포인트 적립에 영향을 주나요?,포인트,적립기준,S015,포인트 적립 기준 문의,Y,Y,Y
VOC01079,포인트 반영이 늦어지고 있습니다,[시간]에 주행을 종료했습니다. 포인트 반영 예정 시간을 알고 싶습니다. 관련 기준도 함께 알려주세요. 앱을 다시 실행해도 같은 상태입니다.,포인트,적립,S002,주행 포인트 적립 지연,Y,Y,Y
VOC08267,계약 차량 정보 불일치,갱신한 계약이 앱에서 이전 계약으로 보입니다.,보험,계약정보,S013,계약정보 불일치,Y,Y,Y
VOC08933,기존 전화번호 변경 문의,기존 번호 [기존전화번호]에서 새 번호 [새전화번호]로 변경하고 싶습니다. 관련 기준도 함께 알려주세요.,회원,회원정보,S014,휴대전화 번호 변경,Y,Y,Y
VOC08929,회원정보의 전화번호가 다릅니다 관련 기준도 함께 알려주세요.,휴대전화 번호를 바꿨는데 앱 회원정보에는 이전 번호가 표시됩니다.,회원,회원정보,S014,휴대전화 번호 변경,Y,Y,Y
VOC00978,포인트 반영이 늦어지고 있습니다,"포인트가 바로 들어오는지, 일정 시간이 필요한지 문의드립니다.",포인트,적립,S002,주행 포인트 적립 지연,Y,Y,Y
VOC03772,주행기록이 보이지 않습니다,[접수일]에 [출발지]에서 [도착지]까지 구간을 운전했는데 앱에서 기록이 보이지 않습니다.,주행,주행기록,S006,주행기록 미반영,Y,Y,Y
VOC06954,서비스 실행 불가 문의,특정 메뉴에 들어가면 화면이 멈추는 현상이 반복됩니다. 앱에서 확인이 어려워 문의드립니다. 동일 현상이 반복되고 있습니다.,앱,오류,S011,앱 실행 오류,Y,Y,Y
VOC02830,비밀번호 변경이 되지 않습니다 앱에서 확인이 어려워 문의드립니다.,비밀번호 변경 절차와 조건을 안내해주세요.,회원,계정관리,S005,비밀번호 재설정,Y,Y,Y
VOC09451,포인트 지급 조건 안내 요청,포인트를 받기 위한 최소 주행 조건이 궁금합니다.,포인트,적립기준,S015,포인트 적립 기준 문의,Y,Y,Y
VOC04140,보험료 할인 혜택이 궁금합니다,앱에는 할인 대상이라고 나오는데 실제 보험료에 적용됐는지 알고 싶습니다.,보험,할인,S007,보험료 할인 적용 문의,Y,Y,Y
VOC07640,사건번호 처리 상태 확인,제출한 서류가 정상적으로 접수됐는지 알고 싶습니다. 동일 현상이 반복되고 있습니다.,사고,처리현황,S012,사고 처리 진행 문의,Y,Y,Y
VOC01862,적립 포인트는 어디서 쓰나요,포인트 사용 가능한 서비스와 제한 조건이 궁금합니다. 앱을 다시 실행해도 같은 상태입니다.,포인트,사용,S003,포인트 사용처 문의,Y,Y,Y
VOC09851,어떤 주행이 포인트 대상인가요,짧은 거리 주행도 포인트 적립 대상인지 문의드립니다.,포인트,적립기준,S015,포인트 적립 기준 문의,Y,Y,Y
VOC04969,차량을 변경했습니다,차량번호 변경 후 주행 서비스 연결 방법을 문의드립니다.,차량,차량정보,S008,차량정보 변경,Y,Y,Y
VOC02383,앱 로그인이 되지 않습니다,[에러코드] 메시지가 표시되면서 앱에 접속할 수 없습니다. 처리 방법을 안내해주세요.,회원,로그인,S004,로그인 오류,Y,Y,Y
VOC02557,로그인 화면에서 넘어가지 않아요,기존에 사용하던 계정으로 접속되지 않아 문의드립니다.,회원,로그인,S004,로그인 오류,Y,Y,Y
VOC01661,포인트 사용처가 궁금합니다,현재 보유한 포인트를 어디에서 사용할 수 있는지 알려주세요. 앱을 다시 실행해도 같은 상태입니다.,포인트,사용,S003,포인트 사용처 문의,Y,Y,Y
VOC03189,비밀번호 변경이 되지 않습니다,비밀번호 변경 절차와 조건을 안내해주세요.,회원,계정관리,S005,비밀번호 재설정,Y,Y,Y
VOC00549,주행 포인트가 적립되지 않았습니다,운전 기록은 정상적으로 보이지만 포인트가 들어오지 않았습니다.,포인트,적립,S001,주행 포인트 미적립,Y,Y,Y
VOC09349,어떤 주행이 포인트 대상인가요,포인트 지급 대상과 제외 조건을 자세히 안내해주세요.,포인트,적립기준,S015,포인트 적립 기준 문의,Y,Y,Y
VOC01869,포인트 사용 가능 서비스 문의,현재 보유한 포인트를 어디에서 사용할 수 있는지 알려주세요. 관련 기준도 함께 알려주세요.,포인트,사용,S003,포인트 사용처 문의,Y,Y,Y
VOC04552,보험료 할인 혜택이 안내받고 싶습니다 처리 방법을 안내해주세요.,증권번호 [계약번호] 계약에 안전운전 할인이 적용됐는지 확인하고 싶습니다. 앱에서 확인이 어려워 문의드립니다.,보험,할인,S007,보험료 할인 적용 문의,Y,Y,Y
VOC05431,가입 정보 삭제 요청 앱에서 확인이 어려워 문의드립니다.,계정과 저장된 개인정보를 삭제하는 절차를 알려주세요. 관련 기준도 함께 알려주세요.,회원,계정관리,S009,회원 탈퇴,Y,Y,Y
VOC05023,차량을 변경했습니다,보험 계약 차량은 변경됐는데 앱에는 이전 차량이 표시됩니다.,차량,차량정보,S008,차량정보 변경,Y,Y,Y
VOC02002,계정 접속이 불가능합니다,여러 번 시도했지만 인증 후 다시 로그인 화면으로 돌아옵니다.,회원,로그인,S004,로그인 오류,Y,Y,Y
VOC05064,차량을 변경했습니다,기존 차량을 삭제하고 새 차량을 등록하는 방법을 알려주세요. 확인 부탁드립니다.,차량,차량정보,S008,차량정보 변경,Y,Y,Y
VOC04160,보험료 할인 혜택이 궁금합니다 확인 부탁드립니다.,갱신 계약에 주행분석 할인 혜택이 반영되는지 문의드립니다.,보험,할인,S007,보험료 할인 적용 문의,Y,Y,Y
VOC00721,포인트가 아직 처리되지 않았어요,"포인트가 바로 들어오는지, 일정 시간이 필요한지 문의드립니다.",포인트,적립,S002,주행 포인트 적립 지연,Y,Y,Y
VOC06623,잘못 차감된 포인트 문의,어제 확인한 잔액과 오늘 잔액이 달라서 문의드립니다.,포인트,차감,S010,포인트 오차감,Y,Y,Y
VOC05379,회원 탈퇴를 요청합니다 확인 부탁드립니다.,더 이상 서비스를 이용하지 않아 회원 탈퇴를 진행하고 싶습니다. 현재 화면에서 직접 수정할 수 없습니다.,회원,계정관리,S009,회원 탈퇴,Y,Y,Y
VOC08246,앱의 계약 내용이 맞지 않아요,보험 계약 정보 중 일부 항목이 잘못되어 수정 요청드립니다.,보험,계약정보,S013,계약정보 불일치,Y,Y,Y
VOC09316,기존 전화번호 변경 문의,새 번호로 본인 인증을 진행하는 방법을 알려주세요.,회원,회원정보,S014,휴대전화 번호 변경,Y,Y,Y
VOC03742,최근 주행기록 누락 문의,[날짜]에 [출발지]에서 [도착지]까지 구간을 운전했는데 앱에서 기록이 보이지 않습니다.,주행,주행기록,S006,주행기록 미반영,Y,Y,Y
VOC05353,가입 정보 삭제 요청,회원 탈퇴 시 남은 포인트와 주행기록이 어떻게 처리되는지 궁금합니다.,회원,계정관리,S009,회원 탈퇴,Y,Y,Y
VOC09935,포인트 지급 조건 안내 요청 빠른 확인 요청드립니다.,짧은 거리 주행도 포인트 적립 대상인지 문의드립니다. 이전에 정상적으로 이용한 적이 있습니다.,포인트,적립기준,S015,포인트 적립 기준 문의,Y,Y,Y
VOC06742,앱이 계속 종료됩니다 앱에서 확인이 어려워 문의드립니다.,업데이트 이후 첫 화면에서 멈추고 다음으로 넘어가지 않습니다.,앱,오류,S011,앱 실행 오류,Y,Y,Y
VOC00749,포인트가 아직 처리되지 않았어요,방금 운전한 기록은 보이는데 포인트는 처리 중으로 표시됩니다.,포인트,적립,S002,주행 포인트 적립 지연,Y,Y,Y
VOC05188,앱 차량정보 수정 문의,차량번호 변경 후 주행 서비스 연결 방법을 문의드립니다. 앱에서 확인이 어려워 문의드립니다.,차량,차량정보,S008,차량정보 변경,Y,Y,Y
VOC06437,포인트 차감 내역이 이상합니다,포인트 사용 이력과 실제 잔액이 맞지 않습니다.,포인트,차감,S010,포인트 오차감,Y,Y,Y
VOC00753,주행 포인트는 언제 들어오나요 빠른 확인 요청드립니다.,"포인트가 바로 들어오는지, 일정 시간이 필요한지 확인 요청드립니다.",포인트,적립,S002,주행 포인트 적립 지연,Y,Y,Y
VOC08420,앱의 계약 내용이 맞지 않아요 관련 기준도 함께 알려주세요.,계약 기간과 보험료 정보가 가입 당시 안내와 다르게 표시됩니다. 현재 화면에서 직접 수정할 수 없습니다.,보험,계약정보,S013,계약정보 불일치,Y,Y,Y
VOC04612,안전운전 할인 적용 여부 문의,안전운전 점수와 보험료 할인 적용 기준을 안내해주세요.,보험,할인,S007,보험료 할인 적용 문의,Y,Y,Y
VOC00850,포인트가 아직 처리되지 않았어요,"포인트가 바로 들어오는지, 일정 시간이 필요한지 문의드립니다.",포인트,적립,S002,주행 포인트 적립 지연,Y,Y,Y
VOC00641,운전했는데 포인트가 안 들어왔어요,주행 조건을 충족한 것으로 보이는데 포인트가 0으로 표시됩니다.,포인트,적립,S001,주행 포인트 미적립,Y,Y,Y
VOC05908,회원 탈퇴를 요청합니다,더 이상 서비스를 이용하지 않아 회원 탈퇴를 진행하고 싶습니다.,회원,계정관리,S009,회원 탈퇴,Y,Y,Y
VOC02117,앱 로그인이 정상적으로 처리되지 않습니다,아이디와 비밀번호를 입력해도 로그인 오류가 발생합니다.,회원,로그인,S004,로그인 오류,Y,Y,Y
VOC01806,포인트 사용처가 궁금합니다,포인트 사용 가능한 서비스와 제한 조건이 궁금합니다. 앱에서 확인이 어려워 문의드립니다.,포인트,사용,S003,포인트 사용처 문의,Y,Y,Y
VOC06978,앱 화면이 멈춥니다 관련 기준도 함께 알려주세요.,업데이트 이후 첫 화면에서 멈추고 다음으로 넘어가지 않습니다.,앱,오류,S011,앱 실행 오류,Y,Y,Y
VOC08361,계약 차량 정보 불일치,증권번호 [계약번호]의 차량정보가 현재 차량과 일치하지 않습니다.,보험,계약정보,S013,계약정보 불일치,Y,Y,Y
VOC03124,비밀번호가 기억나지 않아요 확인 부탁드립니다.,비밀번호 변경 절차와 조건을 안내해주세요.,회원,계정관리,S005,비밀번호 재설정,Y,Y,Y
VOC03738,앱에서 운전 기록 확인 불가,주행 종료 후에도 거리와 시간이 0으로 표시됩니다. 처리 방법을 안내해주세요.,주행,주행기록,S006,주행기록 미반영,Y,Y,Y
VOC02473,아이디 입력 후 접속 오류 관련 기준도 함께 알려주세요.,[에러코드] 메시지가 표시되면서 앱에 접속할 수 없습니다.,회원,로그인,S004,로그인 오류,Y,Y,Y
VOC04853,앱 차량정보 수정 문의 확인 부탁드립니다.,기존 차량을 삭제하고 새 차량을 등록하는 방법을 알려주세요. 앱에서 확인이 어려워 문의드립니다.,차량,차량정보,S008,차량정보 변경,Y,Y,Y
VOC04125,보험료 할인 혜택이 궁금합니다,증권번호 [계약번호] 계약에 안전운전 할인이 적용됐는지 확인하고 싶습니다. 관련 기준도 함께 알려주세요.,보험,할인,S007,보험료 할인 적용 문의,Y,Y,Y
VOC03849,앱에서 운전 기록 확인 불가,주행 종료 후에도 거리와 시간이 0으로 표시됩니다. 앱에서 확인이 어려워 문의드립니다.,주행,주행기록,S006,주행기록 미반영,Y,Y,Y
VOC05704,가입 정보 삭제 요청,회원 탈퇴 시 남은 포인트와 주행기록이 어떻게 처리되는지 궁금합니다.,회원,계정관리,S009,회원 탈퇴,Y,Y,Y
VOC04598,계약 할인 적용 상태 문의,갱신 계약에 주행분석 할인 혜택이 반영되는지 문의드립니다.,보험,할인,S007,보험료 할인 적용 문의,Y,Y,Y
VOC08810,새 번호로 인증받고 싶어요,새 번호로 본인 인증을 진행하는 방법을 알려주세요.,회원,회원정보,S014,휴대전화 번호 변경,Y,Y,Y
VOC00479,주행 포인트가 적립되지 않았습니다 확인 부탁드립니다.,운전 기록은 정상적으로 보이지만 포인트가 들어오지 않았습니다.,포인트,적립,S001,주행 포인트 미적립,Y,Y,Y
VOC03203,비밀번호를 재설정하고 싶습니다,본인 인증 후 비밀번호 재설정 화면으로 이동하지 않습니다.,회원,계정관리,S005,비밀번호 재설정,Y,Y,Y
VOC05886,회원 탈퇴를 요청합니다 관련 기준도 함께 알려주세요.,회원 탈퇴 시 남은 포인트와 주행기록이 어떻게 처리되는지 궁금합니다.,회원,계정관리,S009,회원 탈퇴,Y,Y,Y
VOC03954,주행기록이 보이지 않습니다,[날짜]에 [출발지]-[도착지] 구간을 운전했는데 앱에서 기록이 보이지 않습니다. 앱에서 확인이 어려워 문의드립니다.,주행,주행기록,S006,주행기록 미반영,Y,Y,Y
VOC02460,로그인 화면에서 넘어가지 않아요,로그인 버튼을 눌러도 화면이 그대로입니다.,회원,로그인,S004,로그인 오류,Y,Y,Y
VOC06938,서비스 실행 불가 문의 확인 부탁드립니다.,앱을 열면 흰 화면만 보이고 아무 기능도 사용할 수 없습니다.,앱,오류,S011,앱 실행 오류,Y,Y,Y
VOC08611,증권 정보 수정 문의,보험 계약 정보 중 일부 항목이 잘못되어 수정 요청드립니다.,보험,계약정보,S013,계약정보 불일치,Y,Y,Y
VOC09904,어떤 주행이 포인트 대상인가요 빠른 확인 요청드립니다.,포인트를 받기 위한 최소 주행 조건이 궁금합니다. 처리 방법을 안내해주세요.,포인트,적립기준,S015,포인트 적립 기준 문의,Y,Y,Y
VOC08378,앱의 계약 내용이 맞지 않아요 처리 방법을 안내해주세요.,앱에 표시된 계약자명이 [이름]으로 되어 있는데 실제 정보와 다릅니다. 앱에서 확인이 어려워 문의드립니다.,보험,계약정보,S013,계약정보 불일치,Y,Y,Y
VOC08067,증권 정보 수정 문의,보험 계약 정보 중 일부 항목이 잘못되어 수정 요청드립니다. 필요한 확인 항목이 있다면 안내 부탁드립니다.,보험,계약정보,S013,계약정보 불일치,Y,Y,Y
VOC03803,주행 데이터가 반영되지 않았어요,해당 시간대의 운전 내역이 누락되어 확인 요청드립니다. 빠른 확인 요청드립니다. 동일 현상이 반복되고 있습니다.,주행,주행기록,S006,주행기록 미반영,Y,Y,Y
VOC06001,가입 정보 삭제 요청,앱에서 탈퇴 메뉴를 찾을 수 없어 확인 요청드립니다.,회원,계정관리,S009,회원 탈퇴,Y,Y,Y
VOC00967,포인트 반영이 늦어지고 있습니다 앱에서 확인이 어려워 문의드립니다.,오늘 주행을 마쳤는데 포인트가 아직 반영되지 않았습니다. 보통 얼마나 걸리나요?,포인트,적립,S002,주행 포인트 적립 지연,Y,Y,Y
VOC04891,기존 차량 삭제 후 신규 등록,기존 차량 [차량번호]에서 새 차량 [새차량번호]로 변경했습니다.,차량,차량정보,S008,차량정보 변경,Y,Y,Y
VOC06325,잘못 차감된 포인트 문의,포인트 사용 이력과 실제 잔액이 맞지 않습니다.,포인트,차감,S010,포인트 오차감,Y,Y,Y
VOC07334,앱 실행 중 오류가 발생합니다,앱을 실행하면 [오류코드] 오류가 표시되고 바로 종료됩니다.,앱,오류,S011,앱 실행 오류,Y,Y,Y
VOC01586,포인트 사용처가 확인하고 싶습니다 관련 기준도 함께 알려주세요.,보험료 결제 외에도 포인트를 사용할 수 있는 곳이 있나요?,포인트,사용,S003,포인트 사용처 문의,Y,Y,Y
VOC07789,사건번호 처리 상태 확인,보상 심사가 어느 단계까지 진행됐는지 확인 부탁드립니다. 처리 방법을 안내해주세요. 필요한 확인 항목이 있다면 안내 부탁드립니다.,사고,처리현황,S012,사고 처리 진행 문의,Y,Y,Y
VOC05725,앱 회원 탈퇴 방법 문의,본인 인증 후 탈퇴가 완료되지 않아 확인 부탁드립니다. 처리 방법을 안내해주세요.,회원,계정관리,S009,회원 탈퇴,Y,Y,Y
VOC02547,아이디 입력 후 접속 오류,기존에 사용하던 계정으로 접속되지 않아 문의드립니다.,회원,로그인,S004,로그인 오류,Y,Y,Y
VOC06038,사용하지 않은 포인트가 차감됐어요,사용한 적이 없는데 [금액] 포인트가 차감된 것으로 표시됩니다.,포인트,차감,S010,포인트 오차감,Y,Y,Y
VOC02894,새 비밀번호 등록 문의,비밀번호 변경 절차와 조건을 안내해주세요. 앱에서 확인이 어려워 문의드립니다.,회원,계정관리,S005,비밀번호 재설정,Y,Y,Y
VOC03286,비밀번호 찾기 인증 오류 관련 기준도 함께 알려주세요.,본인 인증 후 비밀번호 재설정 화면으로 이동하지 않습니다.,회원,계정관리,S005,비밀번호 재설정,Y,Y,Y
VOC01576,포인트 사용 가능 서비스 문의,현재 보유한 포인트를 어디에서 사용할 수 있는지 알려주세요.,포인트,사용,S003,포인트 사용처 문의,Y,Y,Y
VOC08511,증권 정보 수정 문의,보험 계약 정보 중 일부 항목이 잘못되어 수정 요청드립니다.,보험,계약정보,S013,계약정보 불일치,Y,Y,Y
VOC07292,업데이트 후 앱이 열리지 않아요 빠른 확인 요청드립니다.,앱을 열면 흰 화면만 보이고 아무 기능도 사용할 수 없습니다.,앱,오류,S011,앱 실행 오류,Y,Y,Y
VOC06560,포인트가 갑자기 줄었습니다,포인트 사용 이력과 실제 잔액이 맞지 않습니다.,포인트,차감,S010,포인트 오차감,Y,Y,Y
VOC07273,앱 화면이 멈춥니다,재설치 후에도 동일하게 앱이 강제 종료됩니다. 이전에 정상적으로 이용한 적이 있습니다.,앱,오류,S011,앱 실행 오류,Y,Y,Y
VOC09660,운전점수와 포인트 관계 앱에서 확인이 어려워 문의드립니다.,짧은 거리 주행도 포인트 적립 대상인지 문의드립니다.,포인트,적립기준,S015,포인트 적립 기준 문의,Y,Y,Y
VOC04627,보험료 할인 혜택이 궁금합니다 처리 방법을 안내해주세요.,증권번호 [계약번호] 계약에 안전운전 할인이 적용됐는지 확인하고 싶습니다.,보험,할인,S007,보험료 할인 적용 문의,Y,Y,Y
VOC06396,사용하지 않은 포인트가 차감됐어요,포인트 사용 이력과 실제 잔액이 맞지 않습니다. 앱에서 확인이 어려워 문의드립니다.,포인트,차감,S010,포인트 오차감,Y,Y,Y
VOC07193,앱 실행 중 오류가 발생합니다,업데이트 이후 첫 화면에서 멈추고 다음으로 넘어가지 않습니다.,앱,오류,S011,앱 실행 오류,Y,Y,Y
VOC06070,사용하지 않은 포인트가 차감됐어요 관련 기준도 함께 알려주세요.,포인트 내역에 알 수 없는 차감 기록이 있습니다.,포인트,차감,S010,포인트 오차감,Y,Y,Y
VOC02893,비밀번호가 기억나지 않아요,본인 인증 후 비밀번호 재설정 화면으로 이동하지 않습니다. 현재 화면에서 직접 수정할 수 없습니다.,회원,계정관리,S005,비밀번호 재설정,Y,Y,Y
VOC04570,계약 할인 적용 상태 문의,현재 운전점수 기준으로 받을 수 있는 보험료 할인율이 궁금합니다. 확인 부탁드립니다.,보험,할인,S007,보험료 할인 적용 문의,Y,Y,Y
VOC00436,주행 후 포인트가 없습니다 확인 부탁드립니다.,[접수일]에 주행을 완료했는데 포인트가 아직 적립되지 않았습니다. 앱에서 확인이 어려워 문의드립니다.,포인트,적립,S001,주행 포인트 미적립,Y,Y,Y
VOC08115,계약정보가 다르게 표시됩니다 확인 부탁드립니다.,계약 기간과 보험료 정보가 가입 당시 안내와 다르게 표시됩니다.,보험,계약정보,S013,계약정보 불일치,Y,Y,Y
VOC08053,증권 정보 수정 문의,갱신한 계약이 앱에서 이전 계약으로 보입니다. 현재 화면에서 직접 수정할 수 없습니다.,보험,계약정보,S013,계약정보 불일치,Y,Y,Y
VOC05529,회원 탈퇴를 요청합니다 앱에서 확인이 어려워 문의드립니다.,본인 인증 후 탈퇴가 완료되지 않아 확인 부탁드립니다.,회원,계정관리,S009,회원 탈퇴,Y,Y,Y
VOC08735,휴대전화 번호를 변경하고 싶습니다 확인 부탁드립니다.,등록된 연락처가 실제 사용하는 번호와 달라 수정 요청드립니다. 현재 화면에서 직접 수정할 수 없습니다.,회원,회원정보,S014,휴대전화 번호 변경,Y,Y,Y
VOC07211,앱 화면이 멈춥니다,앱을 실행하면 [오류코드] 오류가 표시되고 바로 종료됩니다.,앱,오류,S011,앱 실행 오류,Y,Y,Y
VOC07762,보상 처리 단계 문의,제출한 서류가 정상적으로 접수됐는지 알고 싶습니다.,사고,처리현황,S012,사고 처리 진행 문의,Y,Y,Y
VOC01788,보유 포인트 사용 방법,포인트 사용 가능한 서비스와 제한 조건이 궁금합니다.,포인트,사용,S003,포인트 사용처 문의,Y,Y,Y
VOC03610,주행 데이터가 반영되지 않았어요,[주행일]에 [출발지]에서 [도착지]까지 구간을 운전했는데 앱에서 기록이 보이지 않습니다. 처리 방법을 안내해주세요.,주행,주행기록,S006,주행기록 미반영,Y,Y,Y
VOC07997,접수한 사고는 어떻게 진행되고 있나요,사건번호 [사건번호]와 관련해 현재 처리 단계를 확인하고 싶습니다.,사고,처리현황,S012,사고 처리 진행 문의,Y,Y,Y
VOC07284,앱이 계속 종료됩니다 확인 부탁드립니다.,앱을 실행하면 [오류코드] 오류가 표시되고 바로 종료됩니다. 처리 방법을 안내해주세요. 동일 현상이 반복되고 있습니다.,앱,오류,S011,앱 실행 오류,Y,Y,Y
VOC05573,가입 정보 삭제 요청,본인 인증 후 탈퇴가 완료되지 않아 확인 부탁드립니다. 동일 현상이 반복되고 있습니다.,회원,계정관리,S009,회원 탈퇴,Y,Y,Y
VOC03188,새 비밀번호 등록 문의,새 비밀번호를 입력했지만 변경이 완료되지 않습니다.,회원,계정관리,S005,비밀번호 재설정,Y,Y,Y
VOC01657,적립 포인트는 어디서 쓰나요,적립된 포인트의 사용처와 사용 절차를 안내 부탁드립니다.,포인트,사용,S003,포인트 사용처 문의,Y,Y,Y
VOC06235,포인트 잔액 오류,사용한 적이 없는데 [차감금액] 포인트가 차감된 것으로 표시됩니다.,포인트,차감,S010,포인트 오차감,Y,Y,Y
VOC03846,최근 주행기록 누락 문의,차량은 정상적으로 운행했는데 주행 데이터가 수집되지 않은 것 같습니다. 필요한 확인 항목이 있다면 안내 부탁드립니다.,주행,주행기록,S006,주행기록 미반영,Y,Y,Y
VOC07419,사고 접수 후 연락이 없습니다,보상 심사가 어느 단계까지 진행됐는지 확인 부탁드립니다.,사고,처리현황,S012,사고 처리 진행 문의,Y,Y,Y
VOC07290,앱 실행 중 오류가 발생합니다 관련 기준도 함께 알려주세요.,업데이트 이후 첫 화면에서 멈추고 다음으로 넘어가지 않습니다.,앱,오류,S011,앱 실행 오류,Y,Y,Y
VOC06663,포인트가 갑자기 줄었습니다,포인트 내역에 알 수 없는 차감 기록이 있습니다. 동일 현상이 반복되고 있습니다.,포인트,차감,S010,포인트 오차감,Y,Y,Y
VOC03105,비밀번호를 재설정하고 싶습니다,비밀번호 변경 절차와 조건을 안내해주세요.,회원,계정관리,S005,비밀번호 재설정,Y,Y,Y
VOC01213,운전 후 포인트 반영 시간 문의,주행 후 몇 시간이 지났는데 아직 적립 대기 상태입니다.,포인트,적립,S002,주행 포인트 적립 지연,Y,Y,Y
VOC04339,계약 할인 적용 상태 문의,현재 운전점수 기준으로 받을 수 있는 보험료 할인율이 궁금합니다. 관련 기준도 함께 알려주세요.,보험,할인,S007,보험료 할인 적용 문의,Y,Y,Y
VOC09682,어떤 주행이 포인트 대상인가요,짧은 거리 주행도 포인트 적립 대상인지 문의드립니다.,포인트,적립기준,S015,포인트 적립 기준 문의,Y,Y,Y
VOC08689,새 번호로 인증받고 싶어요,새 번호로 본인 인증을 진행하는 방법을 알려주세요. 확인 부탁드립니다. 동일 현상이 반복되고 있습니다.,회원,회원정보,S014,휴대전화 번호 변경,Y,Y,Y
VOC08096,앱의 계약 내용이 맞지 않아요,갱신한 계약이 앱에서 이전 계약으로 보입니다.,보험,계약정보,S013,계약정보 불일치,Y,Y,Y
VOC06981,업데이트 후 앱이 열리지 않아요,특정 메뉴에 들어가면 화면이 멈추는 현상이 반복됩니다. 처리 방법을 안내해주세요.,앱,오류,S011,앱 실행 오류,Y,Y,Y
VOC02807,비밀번호 변경이 되지 않습니다,본인 인증 후 비밀번호 재설정 화면으로 이동하지 않습니다.,회원,계정관리,S005,비밀번호 재설정,Y,Y,Y
VOC03780,주행기록이 보이지 않습니다,해당 시간대의 운전 내역이 누락되어 확인 요청드립니다.,주행,주행기록,S006,주행기록 미반영,Y,Y,Y
VOC02935,비밀번호 찾기 인증 오류 확인 부탁드립니다.,새 비밀번호를 입력했지만 변경이 완료되지 않습니다. 동일 현상이 반복되고 있습니다.,회원,계정관리,S005,비밀번호 재설정,Y,Y,Y
VOC01641,적립 포인트는 어디서 쓰나요,적립된 포인트의 사용처와 사용 절차를 안내 부탁드립니다. 빠른 확인 요청드립니다. 현재 화면에서 직접 수정할 수 없습니다.,포인트,사용,S003,포인트 사용처 문의,Y,Y,Y
VOC02882,비밀번호가 기억나지 않아요,본인 인증 후 비밀번호 재설정 화면으로 이동하지 않습니다. 확인 부탁드립니다.,회원,계정관리,S005,비밀번호 재설정,Y,Y,Y
VOC01953,포인트를 사용할 수 있는 곳,보험료 결제 외에도 포인트를 사용할 수 있는 곳이 있나요? 확인 부탁드립니다.,포인트,사용,S003,포인트 사용처 문의,Y,Y,Y
VOC04055,보험료 할인이 반영됐나요,현재 운전점수 기준으로 받을 수 있는 보험료 할인율이 궁금합니다.,보험,할인,S007,보험료 할인 적용 문의,Y,Y,Y
VOC07243,앱 화면이 멈춥니다,앱을 열면 흰 화면만 보이고 아무 기능도 사용할 수 없습니다. 관련 기준도 함께 알려주세요.,앱,오류,S011,앱 실행 오류,Y,Y,Y
VOC02268,로그인 화면에서 넘어가지 않아요,아이디와 비밀번호를 입력해도 로그인 오류가 발생합니다.,회원,로그인,S004,로그인 오류,Y,Y,Y
VOC04196,안전운전 할인 적용 여부 문의 앱에서 확인이 어려워 문의드립니다.,현재 운전점수 기준으로 받을 수 있는 보험료 할인율이 궁금합니다.,보험,할인,S007,보험료 할인 적용 문의,Y,Y,Y
VOC05903,서비스 계정을 삭제하고 싶어요 빠른 확인 요청드립니다.,계정과 저장된 개인정보를 삭제하는 절차를 알려주세요. 이전에 정상적으로 이용한 적이 있습니다.,회원,계정관리,S009,회원 탈퇴,Y,Y,Y
VOC06319,잘못 차감된 포인트 문의,포인트 내역에 알 수 없는 차감 기록이 있습니다.,포인트,차감,S010,포인트 오차감,Y,Y,Y
VOC07223,업데이트 후 앱이 열리지 않아요,재설치 후에도 동일하게 앱이 강제 종료됩니다. 관련 기준도 함께 알려주세요.,앱,오류,S011,앱 실행 오류,Y,Y,Y
VOC01224,포인트 반영이 늦어지고 있습니다,[접수시간]에 주행을 종료했습니다. 포인트 반영 예정 시간을 알고 싶습니다. 확인 부탁드립니다.,포인트,적립,S002,주행 포인트 적립 지연,Y,Y,Y
VOC09197,새 번호로 인증받고 싶어요,휴대전화 번호를 바꿨는데 앱 회원정보에는 이전 번호가 표시됩니다. 관련 기준도 함께 알려주세요.,회원,회원정보,S014,휴대전화 번호 변경,Y,Y,Y
VOC09452,주행 포인트 산정 방법 문의,포인트 지급 대상과 제외 조건을 자세히 안내해주세요. 빠른 확인 요청드립니다.,포인트,적립기준,S015,포인트 적립 기준 문의,Y,Y,Y
VOC07682,사고 처리 진행 상황 문의,[주행일]에 접수한 사고의 담당자 배정 여부가 확인하고 싶습니다.,사고,처리현황,S012,사고 처리 진행 문의,Y,Y,Y
VOC05951,회원 탈퇴를 요청합니다,본인 인증 후 탈퇴가 완료되지 않아 확인 부탁드립니다.,회원,계정관리,S009,회원 탈퇴,Y,Y,Y
VOC03852,최근 주행기록 누락 문의 앱에서 확인이 어려워 문의드립니다.,운전을 완료했지만 최근 주행 목록에 추가되지 않았습니다.,주행,주행기록,S006,주행기록 미반영,Y,Y,Y
VOC04290,주행점수 할인 확인 요청,갱신 계약에 주행분석 할인 혜택이 반영되는지 문의드립니다.,보험,할인,S007,보험료 할인 적용 문의,Y,Y,Y
VOC05657,서비스 계정을 삭제하고 싶어요 빠른 확인 요청드립니다.,앱에서 탈퇴 메뉴를 찾을 수 없어 문의드립니다.,회원,계정관리,S009,회원 탈퇴,Y,Y,Y
VOC05247,앱 차량정보 수정 문의,보험 계약 차량은 변경됐는데 앱에는 이전 차량이 표시됩니다.,차량,차량정보,S008,차량정보 변경,Y,Y,Y
VOC09616,포인트 지급 조건 안내 요청 관련 기준도 함께 알려주세요.,급가속이나 급감속 기록이 포인트 적립에 영향을 주나요? 현재 화면에서 직접 수정할 수 없습니다.,포인트,적립기준,S015,포인트 적립 기준 문의,Y,Y,Y
VOC02041,로그인 화면에서 넘어가지 않아요,기존에 사용하던 계정으로 접속되지 않아 문의드립니다.,회원,로그인,S004,로그인 오류,Y,Y,Y
VOC08292,계약정보가 다르게 표시됩니다,계약 기간과 보험료 정보가 가입 당시 안내와 다르게 표시됩니다. 이전에 정상적으로 이용한 적이 있습니다.,보험,계약정보,S013,계약정보 불일치,Y,Y,Y
VOC06984,업데이트 후 앱이 열리지 않아요,업데이트 이후 첫 화면에서 멈추고 다음으로 넘어가지 않습니다.,앱,오류,S011,앱 실행 오류,Y,Y,Y
VOC00100,포인트가 누락된 것 같습니다,[출발지]에서 [도착지]까지 구간을 운전했는데 적립 내역이 확인정상적으로 처리되지 않습니다.,포인트,적립,S001,주행 포인트 미적립,Y,Y,Y
VOC09277,기존 전화번호 변경 문의,기존 번호 [기존전화번호]에서 새 번호 [새전화번호]로 변경하고 싶습니다. 빠른 확인 요청드립니다.,회원,회원정보,S014,휴대전화 번호 변경,Y,Y,Y
VOC01436,포인트 사용처가 궁금합니다 앱에서 확인이 어려워 문의드립니다.,적립된 포인트의 사용처와 사용 절차를 안내 부탁드립니다.,포인트,사용,S003,포인트 사용처 문의,Y,Y,Y
VOC01511,포인트를 사용할 수 있는 곳 확인 부탁드립니다.,앱에 [차감금액] 포인트가 있는데 사용 가능한 항목을 확인하고 싶습니다.,포인트,사용,S003,포인트 사용처 문의,Y,Y,Y
VOC08868,새 번호로 인증받고 싶어요,기존 번호 [전화번호]에서 새 번호 [변경전화번호]로 변경하고 싶습니다.,회원,회원정보,S014,휴대전화 번호 변경,Y,Y,Y
VOC06023,포인트가 갑자기 줄었습니다,결제를 취소했는데 차감된 포인트가 복구되지 않았습니다. 빠른 확인 요청드립니다.,포인트,차감,S010,포인트 오차감,Y,Y,Y
VOC01274,운전 후 포인트 반영 시간 문의,주행 후 몇 시간이 지났는데 아직 적립 대기 상태입니다. 확인 부탁드립니다. 현재 화면에서 직접 수정할 수 없습니다.,포인트,적립,S002,주행 포인트 적립 지연,Y,Y,Y
VOC06471,잘못 차감된 포인트 문의,포인트 내역에 알 수 없는 차감 기록이 있습니다. 처리 방법을 안내해주세요.,포인트,차감,S010,포인트 오차감,Y,Y,Y
VOC06894,앱 실행 중 오류가 발생합니다,재설치 후에도 동일하게 앱이 강제 종료됩니다.,앱,오류,S011,앱 실행 오류,Y,Y,Y
VOC01878,포인트를 사용할 수 있는 곳,포인트 사용 가능한 서비스와 제한 조건이 궁금합니다. 빠른 확인 요청드립니다.,포인트,사용,S003,포인트 사용처 문의,Y,Y,Y
VOC06250,잘못 차감된 포인트 문의 처리 방법을 안내해주세요.,사용한 적이 없는데 [차감금액] 포인트가 차감된 것으로 표시됩니다.,포인트,차감,S010,포인트 오차감,Y,Y,Y
VOC07110,앱 화면이 멈춥니다,앱을 열면 흰 화면만 보이고 아무 기능도 사용할 수 없습니다. 빠른 확인 요청드립니다.,앱,오류,S011,앱 실행 오류,Y,Y,Y
VOC00405,주행 포인트가 적립되지 않았습니다,주행 조건을 충족한 것으로 보이는데 포인트가 0으로 표시됩니다. 앱을 다시 실행해도 같은 상태입니다.,포인트,적립,S001,주행 포인트 미적립,Y,Y,Y
VOC00309,주행 포인트가 적립되지 않았습니다 앱에서 확인이 어려워 문의드립니다.,운전 기록은 정상적으로 보이지만 포인트가 들어오지 않았습니다. 앱에서 확인이 어려워 문의드립니다.,포인트,적립,S001,주행 포인트 미적립,Y,Y,Y
VOC09594,주행 포인트 산정 방법 문의,포인트 지급 대상과 제외 조건을 자세히 안내해주세요.,포인트,적립기준,S015,포인트 적립 기준 문의,Y,Y,Y
VOC01373,포인트 사용처가 궁금합니다 빠른 확인 요청드립니다.,앱에 [포인트수량] 포인트가 있는데 사용 가능한 항목을 확인하고 싶습니다. 이전에 정상적으로 이용한 적이 있습니다.,포인트,사용,S003,포인트 사용처 문의,Y,Y,Y
VOC00372,주행 포인트 미적립 문의,지난 주행 건에 대한 포인트를 받지 못했습니다. 확인 부탁드립니다.,포인트,적립,S001,주행 포인트 미적립,Y,Y,Y
VOC04703,앱 차량정보 수정 문의 빠른 확인 요청드립니다.,보험 계약 차량은 변경됐는데 앱에는 이전 차량이 표시됩니다. 앱에서 확인이 어려워 문의드립니다. 동일 현상이 반복되고 있습니다.,차량,차량정보,S008,차량정보 변경,Y,Y,Y
VOC04384,보험료 할인이 반영됐나요 앱에서 확인이 어려워 문의드립니다.,증권번호 [계약번호] 계약에 안전운전 할인이 적용됐는지 확인하고 싶습니다.,보험,할인,S007,보험료 할인 적용 문의,Y,Y,Y
VOC03678,주행 데이터가 반영되지 않았어요,차량은 정상적으로 운행했는데 주행 데이터가 수집되지 않은 것 같습니다.,주행,주행기록,S006,주행기록 미반영,Y,Y,Y
VOC09848,주행 포인트 산정 방법 문의,주행거리와 운전점수에 따라 포인트가 어떻게 산정되는지 알고 싶습니다.,포인트,적립기준,S015,포인트 적립 기준 문의,Y,Y,Y
VOC00891,운전 후 포인트 반영 시간 문의 처리 방법을 안내해주세요.,"포인트가 바로 들어오는지, 일정 시간이 필요한지 문의드립니다.",포인트,적립,S002,주행 포인트 적립 지연,Y,Y,Y
VOC07689,사건번호 처리 상태 확인,[접수일]에 접수한 사고의 담당자 배정 여부가 안내받고 싶습니다.,사고,처리현황,S012,사고 처리 진행 문의,Y,Y,Y
VOC01582,포인트 사용 가능 서비스 문의,포인트 사용 가능한 서비스와 제한 조건이 궁금합니다. 확인 부탁드립니다.,포인트,사용,S003,포인트 사용처 문의,Y,Y,Y
VOC05005,앱 차량정보 수정 문의,기존 차량 [차량번호]에서 새 차량 [변경차량번호]로 변경했습니다.,차량,차량정보,S008,차량정보 변경,Y,Y,Y
VOC05351,회원 탈퇴를 요청합니다,더 이상 서비스를 이용하지 않아 회원 탈퇴를 진행하고 싶습니다.,회원,계정관리,S009,회원 탈퇴,Y,Y,Y
VOC09458,포인트 지급 조건 안내 요청,짧은 거리 주행도 포인트 적립 대상인지 문의드립니다. 관련 기준도 함께 알려주세요. 앱을 다시 실행해도 같은 상태입니다.,포인트,적립기준,S015,포인트 적립 기준 문의,Y,Y,Y
VOC06447,포인트가 갑자기 줄었습니다 앱에서 확인이 어려워 문의드립니다.,결제를 취소했는데 차감된 포인트가 복구되지 않았습니다. 현재 화면에서 직접 수정할 수 없습니다.,포인트,차감,S010,포인트 오차감,Y,Y,Y
VOC06995,업데이트 후 앱이 열리지 않아요,재설치 후에도 동일하게 앱이 강제 종료됩니다.,앱,오류,S011,앱 실행 오류,Y,Y,Y
VOC08065,보험 계약자 정보 오류,앱에 표시된 계약자명이 [계약자명]으로 되어 있는데 실제 정보와 다릅니다.,보험,계약정보,S013,계약정보 불일치,Y,Y,Y
VOC07415,사고 처리 진행 상황 문의 앱에서 확인이 어려워 문의드립니다.,보상 심사가 어느 단계까지 진행됐는지 확인 부탁드립니다.,사고,처리현황,S012,사고 처리 진행 문의,Y,Y,Y
VOC07221,서비스 실행 불가 문의,앱을 열면 흰 화면만 보이고 아무 기능도 사용할 수 없습니다.,앱,오류,S011,앱 실행 오류,Y,Y,Y
VOC08376,계약정보가 다르게 표시됩니다,계약 기간과 보험료 정보가 가입 당시 안내와 다르게 표시됩니다.,보험,계약정보,S013,계약정보 불일치,Y,Y,Y
VOC04829,새 차량으로 바꾸고 싶어요,기존 차량을 삭제하고 새 차량을 등록하는 방법을 알려주세요.,차량,차량정보,S008,차량정보 변경,Y,Y,Y
VOC00782,포인트가 아직 처리되지 않았어요 앱에서 확인이 어려워 문의드립니다.,오늘 주행을 마쳤는데 포인트가 아직 반영되지 않았습니다. 보통 얼마나 걸리나요? 필요한 확인 항목이 있다면 안내 부탁드립니다.,포인트,적립,S002,주행 포인트 적립 지연,Y,Y,Y
VOC06996,서비스 실행 불가 문의,앱을 실행하면 [에러코드] 오류가 표시되고 바로 종료됩니다.,앱,오류,S011,앱 실행 오류,Y,Y,Y
VOC01655,포인트 사용처가 궁금합니다,앱에 [금액] 포인트가 있는데 사용 가능한 항목을 확인하고 싶습니다.,포인트,사용,S003,포인트 사용처 문의,Y,Y,Y
VOC05339,회원 탈퇴를 요청합니다 빠른 확인 요청드립니다.,계정과 저장된 개인정보를 삭제하는 절차를 알려주세요. 앱에서 확인이 어려워 문의드립니다.,회원,계정관리,S009,회원 탈퇴,Y,Y,Y
VOC07466,사고 처리 진행 상황 문의,사고 접수 이후 진행 상황 안내를 받지 못했습니다.,사고,처리현황,S012,사고 처리 진행 문의,Y,Y,Y
VOC06462,잘못 차감된 포인트 문의 관련 기준도 함께 알려주세요.,결제를 취소했는데 차감된 포인트가 복구되지 않았습니다. 앱에서 확인이 어려워 문의드립니다.,포인트,차감,S010,포인트 오차감,Y,Y,Y
VOC03691,최근 주행기록 누락 문의,운전을 완료했지만 최근 주행 목록에 추가되지 않았습니다. 빠른 확인 요청드립니다.,주행,주행기록,S006,주행기록 미반영,Y,Y,Y
VOC09677,주행 포인트 산정 방법 문의,급가속이나 급감속 기록이 포인트 적립에 영향을 주나요? 빠른 확인 요청드립니다.,포인트,적립기준,S015,포인트 적립 기준 문의,Y,Y,Y
VOC08779,등록 연락처 수정 요청,기존 번호 [기존전화번호]에서 새 번호 [새전화번호]로 변경하고 싶습니다.,회원,회원정보,S014,휴대전화 번호 변경,Y,Y,Y
VOC01570,포인트를 사용할 수 있는 곳,포인트 사용 가능한 서비스와 제한 조건이 궁금합니다.,포인트,사용,S003,포인트 사용처 문의,Y,Y,Y
VOC06397,포인트 차감 내역이 이상합니다,사용한 적이 없는데 [포인트수량] 포인트가 차감된 것으로 표시됩니다.,포인트,차감,S010,포인트 오차감,Y,Y,Y
VOC00639,주행 후 포인트가 없습니다,[출발지]-[도착지] 구간을 운전했는데 적립 내역이 확인되지 않습니다. 관련 기준도 함께 알려주세요.,포인트,적립,S001,주행 포인트 미적립,Y,Y,Y
VOC00041,주행 후 포인트가 없습니다,지난 주행 건에 대한 포인트를 받지 못했습니다. 확인 부탁드립니다.,포인트,적립,S001,주행 포인트 미적립,Y,Y,Y
VOC02850,비밀번호 변경이 되지 않습니다,비밀번호 찾기 과정에서 [전화번호]로 인증번호가 오지 않습니다.,회원,계정관리,S005,비밀번호 재설정,Y,Y,Y
VOC08569,증권 정보 수정 문의,갱신한 계약이 앱에서 이전 계약으로 보입니다.,보험,계약정보,S013,계약정보 불일치,Y,Y,Y
VOC05954,가입 정보 삭제 요청,앱에서 탈퇴 메뉴를 찾을 수 없어 문의드립니다. 필요한 확인 항목이 있다면 안내 부탁드립니다.,회원,계정관리,S009,회원 탈퇴,Y,Y,Y
VOC03558,최근 주행기록 누락 문의,주행 종료 후에도 거리와 시간이 0으로 표시됩니다.,주행,주행기록,S006,주행기록 미반영,Y,Y,Y
VOC02635,계정 접속이 불가능합니다,로그인 버튼을 눌러도 화면이 그대로입니다. 앱에서 확인이 어려워 문의드립니다.,회원,로그인,S004,로그인 오류,Y,Y,Y
VOC05088,기존 차량 삭제 후 신규 등록,보험 계약 차량은 변경됐는데 앱에는 이전 차량이 표시됩니다.,차량,차량정보,S008,차량정보 변경,Y,Y,Y
VOC07214,앱 화면이 멈춥니다,업데이트 이후 첫 화면에서 멈추고 다음으로 넘어가지 않습니다.,앱,오류,S011,앱 실행 오류,Y,Y,Y
VOC05632,더 이상 서비스를 이용하지 않습니다,앱에서 탈퇴 메뉴를 찾을 수 없어 문의드립니다.,회원,계정관리,S009,회원 탈퇴,Y,Y,Y
VOC03446,주행기록이 보이지 않습니다,차량은 정상적으로 운행했는데 주행 데이터가 수집되지 않은 것 같습니다.,주행,주행기록,S006,주행기록 미반영,Y,Y,Y
VOC05131,새 차량으로 바꾸고 싶어요,기존 차량을 삭제하고 새 차량을 등록하는 방법을 알려주세요.,차량,차량정보,S008,차량정보 변경,Y,Y,Y
VOC02978,비밀번호가 기억나지 않아요,새 비밀번호를 입력했지만 변경이 완료되지 않습니다. 현재 화면에서 직접 수정할 수 없습니다.,회원,계정관리,S005,비밀번호 재설정,Y,Y,Y
VOC09457,주행 포인트 산정 방법 문의,짧은 거리 주행도 포인트 적립 대상인지 문의드립니다. 관련 기준도 함께 알려주세요.,포인트,적립기준,S015,포인트 적립 기준 문의,Y,Y,Y
VOC06871,앱 실행 중 오류가 발생합니다,재설치 후에도 동일하게 앱이 강제 종료됩니다.,앱,오류,S011,앱 실행 오류,Y,Y,Y
VOC08324,계약 차량 정보 불일치,앱에 표시된 계약자명이 [이름]으로 되어 있는데 실제 정보와 다릅니다.,보험,계약정보,S013,계약정보 불일치,Y,Y,Y
VOC03054,새 비밀번호 등록 문의,비밀번호 변경 절차와 조건을 안내해주세요. 필요한 확인 항목이 있다면 안내 부탁드립니다.,회원,계정관리,S005,비밀번호 재설정,Y,Y,Y
VOC06205,잘못 차감된 포인트 문의,포인트 내역에 알 수 없는 차감 기록이 있습니다. 현재 화면에서 직접 수정할 수 없습니다.,포인트,차감,S010,포인트 오차감,Y,Y,Y
VOC08158,계약 차량 정보 불일치,갱신한 계약이 앱에서 이전 계약으로 보입니다.,보험,계약정보,S013,계약정보 불일치,Y,Y,Y
VOC05968,회원 탈퇴를 요청합니다 확인 부탁드립니다.,계정과 저장된 개인정보를 삭제하는 절차를 알려주세요.,회원,계정관리,S009,회원 탈퇴,Y,Y,Y
VOC04973,앱 차량정보 수정 문의,차량번호 변경 후 주행 서비스 연결 방법을 문의드립니다. 현재 화면에서 직접 수정할 수 없습니다.,차량,차량정보,S008,차량정보 변경,Y,Y,Y
VOC02594,로그인 화면에서 넘어가지 않아요 관련 기준도 함께 알려주세요.,아이디와 비밀번호를 입력해도 로그인 오류가 발생합니다.,회원,로그인,S004,로그인 오류,Y,Y,Y
VOC09709,주행 포인트 산정 방법 문의,포인트를 받기 위한 최소 주행 조건이 궁금합니다.,포인트,적립기준,S015,포인트 적립 기준 문의,Y,Y,Y
VOC08154,계약정보가 다르게 표시됩니다,앱에 표시된 계약자명이 [계약자명]으로 되어 있는데 실제 정보와 다릅니다.,보험,계약정보,S013,계약정보 불일치,Y,Y,Y
VOC03480,주행기록이 보이지 않습니다,차량은 정상적으로 운행했는데 주행 데이터가 수집되지 않은 것 같습니다.,주행,주행기록,S006,주행기록 미반영,Y,Y,Y
VOC06983,업데이트 후 앱이 열리지 않아요 처리 방법을 안내해주세요.,앱을 실행하면 [오류코드] 오류가 표시되고 바로 종료됩니다.,앱,오류,S011,앱 실행 오류,Y,Y,Y
VOC09647,주행 포인트 산정 방법 문의,짧은 거리 주행도 포인트 적립 대상인지 문의드립니다. 관련 기준도 함께 알려주세요. 필요한 확인 항목이 있다면 안내 부탁드립니다.,포인트,적립기준,S015,포인트 적립 기준 문의,Y,Y,Y
VOC03113,새 비밀번호 등록 문의,새 비밀번호를 입력했지만 변경이 완료되지 않습니다.,회원,계정관리,S005,비밀번호 재설정,Y,Y,Y
VOC03051,비밀번호가 기억나지 않아요,본인 인증 후 비밀번호 재설정 화면으로 이동하지 않습니다. 필요한 확인 항목이 있다면 안내 부탁드립니다.,회원,계정관리,S005,비밀번호 재설정,Y,Y,Y
VOC05522,회원 탈퇴를 요청합니다,앱에서 탈퇴 메뉴를 찾을 수 없어 문의드립니다.,회원,계정관리,S009,회원 탈퇴,Y,Y,Y
VOC02102,계속 로그인에 실패합니다,여러 번 시도했지만 인증 후 다시 로그인 화면으로 돌아옵니다.,회원,로그인,S004,로그인 오류,Y,Y,Y
VOC06913,서비스 실행 불가 문의,재설치 후에도 동일하게 앱이 강제 종료됩니다.,앱,오류,S011,앱 실행 오류,Y,Y,Y
VOC03993,주행기록이 보이지 않습니다,차량은 정상적으로 운행했는데 주행 데이터가 수집되지 않은 것 같습니다. 이전에 정상적으로 이용한 적이 있습니다.,주행,주행기록,S006,주행기록 미반영,Y,Y,Y
VOC04220,주행점수 할인 확인 요청,증권번호 [증권번호] 계약에 안전운전 할인이 적용됐는지 확인하고 싶습니다.,보험,할인,S007,보험료 할인 적용 문의,Y,Y,Y
VOC01851,보유 포인트 사용 방법 처리 방법을 안내해주세요.,포인트 사용 가능한 서비스와 제한 조건이 안내받고 싶습니다.,포인트,사용,S003,포인트 사용처 문의,Y,Y,Y
VOC02996,비밀번호 변경이 되지 않습니다,비밀번호가 기억나지 않아 재설정하려고 합니다. 앱에서 확인이 어려워 문의드립니다.,회원,계정관리,S005,비밀번호 재설정,Y,Y,Y
VOC06138,포인트 차감 내역이 이상합니다 관련 기준도 함께 알려주세요.,어제 확인한 잔액과 오늘 잔액이 달라서 문의드립니다.,포인트,차감,S010,포인트 오차감,Y,Y,Y
VOC09450,포인트 지급 조건 안내 요청 확인 부탁드립니다.,포인트 지급 대상과 제외 조건을 자세히 안내해주세요.,포인트,적립기준,S015,포인트 적립 기준 문의,Y,Y,Y
VOC04716,새 차량으로 바꾸고 싶어요 빠른 확인 요청드립니다.,차량번호 변경 후 주행 서비스 연결 방법을 문의드립니다.,차량,차량정보,S008,차량정보 변경,Y,Y,Y
VOC06651,포인트가 갑자기 줄었습니다,결제를 취소했는데 차감된 포인트가 복구되지 않았습니다.,포인트,차감,S010,포인트 오차감,Y,Y,Y
VOC00051,주행 포인트가 적립되지 않았습니다,주행 조건을 충족한 것으로 보이는데 포인트가 0으로 표시됩니다.,포인트,적립,S001,주행 포인트 미적립,Y,Y,Y
VOC01965,적립 포인트는 어디서 쓰나요,적립된 포인트의 사용처와 사용 절차를 안내 부탁드립니다.,포인트,사용,S003,포인트 사용처 문의,Y,Y,Y
VOC08316,계약정보가 다르게 표시됩니다 관련 기준도 함께 알려주세요.,보험 계약 정보 중 일부 항목이 잘못되어 수정 요청드립니다.,보험,계약정보,S013,계약정보 불일치,Y,Y,Y
VOC04578,계약 할인 적용 상태 문의 빠른 확인 요청드립니다.,앱에는 할인 대상이라고 나오는데 실제 보험료에 적용됐는지 알고 싶습니다. 빠른 확인 요청드립니다. 현재 화면에서 직접 수정할 수 없습니다.,보험,할인,S007,보험료 할인 적용 문의,Y,Y,Y
VOC08600,앱의 계약 내용이 맞지 않아요,계약 기간과 보험료 정보가 가입 당시 안내와 다르게 표시됩니다. 처리 방법을 안내해주세요.,보험,계약정보,S013,계약정보 불일치,Y,Y,Y
VOC05260,새 차량으로 바꾸고 싶어요,보험 계약 차량은 변경됐는데 앱에는 이전 차량이 표시됩니다.,차량,차량정보,S008,차량정보 변경,Y,Y,Y
VOC02155,로그인 화면에서 넘어가지 않아요,로그인 버튼을 눌러도 화면이 그대로입니다. 현재 화면에서 직접 수정할 수 없습니다.,회원,로그인,S004,로그인 오류,Y,Y,Y
VOC07527,사고 처리 진행 상황 문의 빠른 확인 요청드립니다.,보상 심사가 어느 단계까지 진행됐는지 확인 부탁드립니다. 관련 기준도 함께 알려주세요.,사고,처리현황,S012,사고 처리 진행 문의,Y,Y,Y
VOC01220,포인트 적립 처리 중 문의,방금 운전한 기록은 보이는데 포인트는 처리 중으로 표시됩니다.,포인트,적립,S002,주행 포인트 적립 지연,Y,Y,Y
VOC03947,주행 데이터가 반영되지 않았어요 확인 부탁드립니다.,주행 종료 후에도 거리와 시간이 0으로 표시됩니다. 관련 기준도 함께 알려주세요. 앱을 다시 실행해도 같은 상태입니다.,주행,주행기록,S006,주행기록 미반영,Y,Y,Y
VOC08466,계약정보가 다르게 표시됩니다,갱신한 계약이 앱에서 이전 계약으로 보입니다.,보험,계약정보,S013,계약정보 불일치,Y,Y,Y
VOC03991,운전한 내역이 앱에 없습니다 빠른 확인 요청드립니다.,주행 종료 후에도 거리와 시간이 0으로 표시됩니다.,주행,주행기록,S006,주행기록 미반영,Y,Y,Y
VOC05598,서비스 계정을 삭제하고 싶어요,계정과 저장된 개인정보를 삭제하는 절차를 알려주세요. 현재 화면에서 직접 수정할 수 없습니다.,회원,계정관리,S009,회원 탈퇴,Y,Y,Y
VOC02369,아이디 입력 후 접속 오류 확인 부탁드립니다.,아이디와 비밀번호를 입력해도 로그인 오류가 발생합니다.,회원,로그인,S004,로그인 오류,Y,Y,Y
VOC08687,등록 연락처 수정 요청,휴대전화 번호를 바꿨는데 앱 회원정보에는 이전 번호가 표시됩니다.,회원,회원정보,S014,휴대전화 번호 변경,Y,Y,Y
VOC02515,계속 로그인에 실패합니다,기존에 사용하던 계정으로 접속되지 않아 문의드립니다.,회원,로그인,S004,로그인 오류,Y,Y,Y
VOC00077,주행 포인트 미적립 문의 앱에서 확인이 어려워 문의드립니다.,운전 기록은 정상적으로 보이지만 포인트가 들어오지 않았습니다. 앱에서 확인이 어려워 문의드립니다.,포인트,적립,S001,주행 포인트 미적립,Y,Y,Y
VOC08119,계약정보가 다르게 표시됩니다,증권번호 [계약번호]의 차량정보가 현재 차량과 일치하지 않습니다.,보험,계약정보,S013,계약정보 불일치,Y,Y,Y
VOC02771,비밀번호 찾기 인증 오류,본인 인증 후 비밀번호 재설정 화면으로 이동하지 않습니다. 필요한 확인 항목이 있다면 안내 부탁드립니다.,회원,계정관리,S005,비밀번호 재설정,Y,Y,Y
VOC06303,사용하지 않은 포인트가 차감됐어요,결제를 취소했는데 차감된 포인트가 복구되지 않았습니다. 앱을 다시 실행해도 같은 상태입니다.,포인트,차감,S010,포인트 오차감,Y,Y,Y
VOC08501,계약 차량 정보 불일치,계약 기간과 보험료 정보가 가입 당시 안내와 다르게 표시됩니다. 관련 기준도 함께 알려주세요. 현재 화면에서 직접 수정할 수 없습니다.,보험,계약정보,S013,계약정보 불일치,Y,Y,Y
VOC02883,비밀번호 변경이 되지 않습니다 앱에서 확인이 어려워 문의드립니다.,비밀번호가 기억나지 않아 재설정하려고 합니다.,회원,계정관리,S005,비밀번호 재설정,Y,Y,Y
VOC00881,운전 후 포인트 반영 시간 문의,주행 후 몇 시간이 지났는데 아직 적립 대기 상태입니다.,포인트,적립,S002,주행 포인트 적립 지연,Y,Y,Y
VOC08538,앱의 계약 내용이 맞지 않아요 빠른 확인 요청드립니다.,앱에 표시된 계약자명이 [이름]으로 되어 있는데 실제 정보와 다릅니다.,보험,계약정보,S013,계약정보 불일치,Y,Y,Y
VOC01857,포인트 사용 가능 서비스 문의,포인트 사용 가능한 서비스와 제한 조건이 궁금합니다. 빠른 확인 요청드립니다.,포인트,사용,S003,포인트 사용처 문의,Y,Y,Y
VOC04693,새 차량으로 바꾸고 싶어요,차량번호 변경 후 주행 서비스 연결 방법을 문의드립니다.,차량,차량정보,S008,차량정보 변경,Y,Y,Y
VOC04593,보험료 할인이 반영됐나요,현재 운전점수 기준으로 받을 수 있는 보험료 할인율이 궁금합니다.,보험,할인,S007,보험료 할인 적용 문의,Y,Y,Y
VOC06329,포인트가 갑자기 줄었습니다,사용한 적이 없는데 [차감금액] 포인트가 차감된 것으로 표시됩니다.,포인트,차감,S010,포인트 오차감,Y,Y,Y
VOC03192,비밀번호를 재설정하고 싶습니다,비밀번호 찾기 과정에서 [기존전화번호]로 인증번호가 오지 않습니다.,회원,계정관리,S005,비밀번호 재설정,Y,Y,Y
VOC01469,적립 포인트는 어디서 쓰나요,현재 보유한 포인트를 어디에서 사용할 수 있는지 확인 부탁드립니다. 앱에서 확인이 어려워 문의드립니다.,포인트,사용,S003,포인트 사용처 문의,Y,Y,Y
VOC09430,포인트 적립 기준이 궁금합니다,포인트 지급 대상과 제외 조건을 자세히 안내해주세요. 앱을 다시 실행해도 같은 상태입니다.,포인트,적립기준,S015,포인트 적립 기준 문의,Y,Y,Y
VOC01741,적립 포인트는 어디서 쓰나요,보험료 결제 외에도 포인트를 사용할 수 있는 곳이 있나요? 확인 부탁드립니다.,포인트,사용,S003,포인트 사용처 문의,Y,Y,Y
VOC07237,앱 실행 중 오류가 발생합니다,특정 메뉴에 들어가면 화면이 멈추는 현상이 반복됩니다.,앱,오류,S011,앱 실행 오류,Y,Y,Y
VOC06708,앱이 계속 종료됩니다,재설치 후에도 동일하게 앱이 강제 종료됩니다. 이전에 정상적으로 이용한 적이 있습니다.,앱,오류,S011,앱 실행 오류,Y,Y,Y
VOC00025,주행 포인트가 적립되지 않았습니다 관련 기준도 함께 알려주세요.,[날짜]에 주행을 완료했는데 포인트가 아직 적립되지 않았습니다. 앱에서 확인이 어려워 문의드립니다. 필요한 확인 항목이 있다면 안내 부탁드립니다.,포인트,적립,S001,주행 포인트 미적립,Y,Y,Y
VOC07731,사고 접수 후 연락이 없습니다,보상 심사가 어느 단계까지 진행됐는지 확인 부탁드립니다.,사고,처리현황,S012,사고 처리 진행 문의,Y,Y,Y
VOC03996,주행기록이 보이지 않습니다,주행 종료 후에도 거리와 시간이 0으로 표시됩니다.,주행,주행기록,S006,주행기록 미반영,Y,Y,Y
VOC03402,주행기록이 보이지 않습니다,[접수일]에 [주행구간] 구간을 운전했는데 앱에서 기록이 보이지 않습니다.,주행,주행기록,S006,주행기록 미반영,Y,Y,Y
VOC00145,주행 후 포인트가 없습니다,주행 조건을 충족한 것으로 보이는데 포인트가 0으로 표시됩니다. 빠른 확인 요청드립니다.,포인트,적립,S001,주행 포인트 미적립,Y,Y,Y
VOC02759,비밀번호 변경이 되지 않습니다,비밀번호 찾기 과정에서 [전화번호]로 인증번호가 오지 않습니다.,회원,계정관리,S005,비밀번호 재설정,Y,Y,Y
VOC01131,포인트 적립 처리 중 문의,[주행종료시간]에 주행을 종료했습니다. 포인트 반영 예정 시간을 알고 싶습니다.,포인트,적립,S002,주행 포인트 적립 지연,Y,Y,Y
VOC00582,운전했는데 포인트가 안 들어왔어요,주행 조건을 충족한 것으로 보이는데 포인트가 0으로 표시됩니다.,포인트,적립,S001,주행 포인트 미적립,Y,Y,Y
VOC07592,사고 처리 진행 상황 문의 확인 부탁드립니다.,[날짜]에 접수한 사고의 담당자 배정 여부가 확인하고 싶습니다. 빠른 확인 요청드립니다.,사고,처리현황,S012,사고 처리 진행 문의,Y,Y,Y
VOC04063,주행점수 할인 확인 요청,갱신 계약에 주행분석 할인 혜택이 반영되는지 문의드립니다.,보험,할인,S007,보험료 할인 적용 문의,Y,Y,Y
VOC07079,업데이트 후 앱이 열리지 않아요,앱을 실행하면 [오류코드] 오류가 표시되고 바로 종료됩니다. 앱에서 확인이 어려워 문의드립니다.,앱,오류,S011,앱 실행 오류,Y,Y,Y
VOC04507,계약 할인 적용 상태 문의 앱에서 확인이 어려워 문의드립니다.,현재 운전점수 기준으로 받을 수 있는 보험료 할인율이 궁금합니다.,보험,할인,S007,보험료 할인 적용 문의,Y,Y,Y
VOC01764,포인트 사용 가능 서비스 문의 처리 방법을 안내해주세요.,앱에 [금액] 포인트가 있는데 사용 가능한 항목을 확인하고 싶습니다. 앱에서 확인이 어려워 문의드립니다.,포인트,사용,S003,포인트 사용처 문의,Y,Y,Y
VOC04813,새 차량으로 바꾸고 싶어요,기존 차량 [기존차량번호]에서 새 차량 [변경차량번호]로 변경했습니다. 관련 기준도 함께 알려주세요. 앱을 다시 실행해도 같은 상태입니다.,차량,차량정보,S008,차량정보 변경,Y,Y,Y
VOC03214,비밀번호 변경이 되지 않습니다 빠른 확인 요청드립니다.,비밀번호가 기억나지 않아 재설정하려고 합니다. 관련 기준도 함께 알려주세요.,회원,계정관리,S005,비밀번호 재설정,Y,Y,Y
VOC06190,포인트 차감 내역이 이상합니다,어제 확인한 잔액과 오늘 잔액이 달라서 문의드립니다.,포인트,차감,S010,포인트 오차감,Y,Y,Y
VOC05955,가입 정보 삭제 요청,앱에서 탈퇴 메뉴를 찾을 수 없어 문의합니다. 확인 부탁드립니다.,회원,계정관리,S009,회원 탈퇴,Y,Y,Y
VOC06745,서비스 실행 불가 문의,앱을 실행하면 [에러코드] 오류가 표시되고 바로 종료됩니다.,앱,오류,S011,앱 실행 오류,Y,Y,Y
VOC07722,보상 처리 단계 문의,보상 심사가 어느 단계까지 진행됐는지 확인 부탁드립니다.,사고,처리현황,S012,사고 처리 진행 문의,Y,Y,Y
VOC08545,계약정보가 다르게 표시됩니다 확인 부탁드립니다.,보험 계약 정보 중 일부 항목이 잘못되어 수정 요청드립니다.,보험,계약정보,S013,계약정보 불일치,Y,Y,Y
VOC04506,보험료 할인이 반영됐나요 앱에서 확인이 어려워 문의드립니다.,현재 운전점수 기준으로 받을 수 있는 보험료 할인율이 안내받고 싶습니다. 동일 현상이 반복되고 있습니다.,보험,할인,S007,보험료 할인 적용 문의,Y,Y,Y
VOC04695,앱 차량정보 수정 문의 확인 부탁드립니다.,차량을 교체해서 앱의 등록 정보를 수정하고 싶습니다.,차량,차량정보,S008,차량정보 변경,Y,Y,Y
VOC04406,계약 할인 적용 상태 문의,안전운전 점수와 보험료 할인 적용 기준을 안내해주세요.,보험,할인,S007,보험료 할인 적용 문의,Y,Y,Y
VOC07974,사건번호 처리 상태 확인,사건번호 [사건번호]와 관련해 현재 처리 단계를 확인하고 싶습니다.,사고,처리현황,S012,사고 처리 진행 문의,Y,Y,Y
VOC06142,포인트 차감 내역이 이상합니다,사용한 적이 없는데 [차감금액] 포인트가 차감된 것으로 표시됩니다.,포인트,차감,S010,포인트 오차감,Y,Y,Y
VOC04888,새 차량으로 바꾸고 싶어요,차량번호 변경 후 주행 서비스 연결 방법을 문의드립니다.,차량,차량정보,S008,차량정보 변경,Y,Y,Y
VOC03900,운전한 내역이 앱에 없습니다,주행 종료 후에도 거리와 시간이 0으로 표시됩니다. 필요한 확인 항목이 있다면 안내 부탁드립니다.,주행,주행기록,S006,주행기록 미반영,Y,Y,Y
VOC01620,포인트를 사용할 수 있는 곳,앱에 [포인트수량] 포인트가 있는데 사용 가능한 항목을 확인하고 싶습니다.,포인트,사용,S003,포인트 사용처 문의,Y,Y,Y
VOC03407,주행기록이 보이지 않습니다,해당 시간대의 운전 내역이 누락되어 확인 요청드립니다.,주행,주행기록,S006,주행기록 미반영,Y,Y,Y
VOC03204,비밀번호를 재설정하고 싶습니다 확인 부탁드립니다.,본인 인증 후 비밀번호 재설정 화면으로 이동하지 않습니다.,회원,계정관리,S005,비밀번호 재설정,Y,Y,Y
VOC02132,계속 로그인에 실패합니다 처리 방법을 안내해주세요.,로그인 버튼을 눌러도 화면이 그대로입니다.,회원,로그인,S004,로그인 오류,Y,Y,Y
VOC05279,새 차량으로 바꾸고 싶어요,기존 차량 [기존차량번호]에서 새 차량 [새차량번호]로 변경했습니다.,차량,차량정보,S008,차량정보 변경,Y,Y,Y
VOC04473,계약 할인 적용 상태 문의,현재 운전점수 기준으로 받을 수 있는 보험료 할인율이 궁금합니다. 관련 기준도 함께 알려주세요.,보험,할인,S007,보험료 할인 적용 문의,Y,Y,Y
VOC00922,포인트가 아직 처리되지 않았어요,[주행종료시간]에 주행을 종료했습니다. 포인트 반영 예정 시간을 알고 싶습니다.,포인트,적립,S002,주행 포인트 적립 지연,Y,Y,Y
VOC02796,비밀번호 찾기 인증 오류,본인 인증 후 비밀번호 재설정 화면으로 이동하지 않습니다.,회원,계정관리,S005,비밀번호 재설정,Y,Y,Y
VOC02699,비밀번호 변경이 되지 않습니다,새 비밀번호를 입력했지만 변경이 완료정상적으로 처리되지 않습니다. 빠른 확인 요청드립니다.,회원,계정관리,S005,비밀번호 재설정,Y,Y,Y
VOC06179,잘못 차감된 포인트 문의,포인트 사용 이력과 실제 잔액이 맞지 않습니다. 필요한 확인 항목이 있다면 안내 부탁드립니다.,포인트,차감,S010,포인트 오차감,Y,Y,Y
VOC04933,차량을 변경했습니다,차량번호 변경 후 주행 서비스 연결 방법을 문의드립니다. 확인 부탁드립니다. 동일 현상이 반복되고 있습니다.,차량,차량정보,S008,차량정보 변경,Y,Y,Y
VOC09975,어떤 주행이 포인트 대상인가요,짧은 거리 주행도 포인트 적립 대상인지 확인 요청드립니다.,포인트,적립기준,S015,포인트 적립 기준 문의,Y,Y,Y
VOC03327,비밀번호 변경이 되지 않습니다,본인 인증 후 비밀번호 재설정 화면으로 이동하지 않습니다.,회원,계정관리,S005,비밀번호 재설정,Y,Y,Y
VOC07251,업데이트 후 앱이 열리지 않아요,앱을 실행하면 [에러코드] 오류가 표시되고 바로 종료됩니다.,앱,오류,S011,앱 실행 오류,Y,Y,Y
VOC04691,앱 차량정보 수정 문의 관련 기준도 함께 알려주세요.,차량을 교체해서 앱의 등록 정보를 수정하고 싶습니다. 빠른 확인 요청드립니다.,차량,차량정보,S008,차량정보 변경,Y,Y,Y
VOC07595,사고 접수 후 연락이 없습니다,[주행일]에 접수한 사고의 담당자 배정 여부가 궁금합니다.,사고,처리현황,S012,사고 처리 진행 문의,Y,Y,Y
VOC00422,주행 포인트가 적립되지 않았습니다 빠른 확인 요청드립니다.,주행 조건을 충족한 것으로 보이는데 포인트가 0으로 표시됩니다. 이전에 정상적으로 이용한 적이 있습니다.,포인트,적립,S001,주행 포인트 미적립,Y,Y,Y
VOC01377,적립 포인트는 어디서 쓰나요 확인 부탁드립니다.,앱에 [포인트수량] 포인트가 있는데 사용 가능한 항목을 확인하고 싶습니다. 확인 부탁드립니다.,포인트,사용,S003,포인트 사용처 문의,Y,Y,Y
VOC08094,보험 계약자 정보 오류,보험 계약 정보 중 일부 항목이 잘못되어 수정 요청드립니다.,보험,계약정보,S013,계약정보 불일치,Y,Y,Y
VOC02379,앱 로그인이 되지 않습니다 빠른 확인 요청드립니다.,기존에 사용하던 계정으로 접속되지 않아 문의드립니다. 관련 기준도 함께 알려주세요.,회원,로그인,S004,로그인 오류,Y,Y,Y
VOC09642,어떤 주행이 포인트 대상인가요,포인트 지급 대상과 제외 조건을 자세히 안내해주세요.,포인트,적립기준,S015,포인트 적립 기준 문의,Y,Y,Y
VOC02554,계속 로그인에 실패합니다,아이디와 비밀번호를 입력해도 로그인 오류가 발생합니다. 빠른 확인 요청드립니다.,회원,로그인,S004,로그인 오류,Y,Y,Y
VOC00387,주행 포인트 미적립 문의,운전 기록은 정상적으로 보이지만 포인트가 들어오지 않았습니다.,포인트,적립,S001,주행 포인트 미적립,Y,Y,Y
VOC07222,앱이 계속 종료됩니다,재설치 후에도 동일하게 앱이 강제 종료됩니다.,앱,오류,S011,앱 실행 오류,Y,Y,Y
VOC02214,아이디 입력 후 접속 오류,여러 번 시도했지만 인증 후 다시 로그인 화면으로 돌아옵니다.,회원,로그인,S004,로그인 오류,Y,Y,Y
VOC04048,계약 할인 적용 상태 문의,현재 운전점수 기준으로 받을 수 있는 보험료 할인율이 궁금합니다. 처리 방법을 안내해주세요.,보험,할인,S007,보험료 할인 적용 문의,Y,Y,Y
VOC02272,아이디 입력 후 접속 오류,기존에 사용하던 계정으로 접속되지 않아 문의합니다. 동일 현상이 반복되고 있습니다.,회원,로그인,S004,로그인 오류,Y,Y,Y
VOC01841,포인트 사용 가능 서비스 문의,앱에 [금액] 포인트가 있는데 사용 가능한 항목을 확인하고 싶습니다. 처리 방법을 안내해주세요. 현재 화면에서 직접 수정할 수 없습니다.,포인트,사용,S003,포인트 사용처 문의,Y,Y,Y
VOC08656,계약정보가 다르게 표시됩니다 관련 기준도 함께 알려주세요.,계약 기간과 보험료 정보가 가입 당시 안내와 다르게 표시됩니다.,보험,계약정보,S013,계약정보 불일치,Y,Y,Y
VOC02775,비밀번호가 기억나지 않아요,비밀번호 찾기 과정에서 [전화번호]로 인증번호가 오지 않습니다.,회원,계정관리,S005,비밀번호 재설정,Y,Y,Y
VOC05451,앱 회원 탈퇴 방법 문의,계정과 저장된 개인정보를 삭제하는 절차를 확인 부탁드립니다. 이전에 정상적으로 이용한 적이 있습니다.,회원,계정관리,S009,회원 탈퇴,Y,Y,Y
VOC02103,아이디 입력 후 접속 오류 앱에서 확인이 어려워 문의드립니다.,[오류코드] 메시지가 표시되면서 앱에 접속할 수 없습니다.,회원,로그인,S004,로그인 오류,Y,Y,Y
VOC09527,포인트 지급 조건 안내 요청 처리 방법을 안내해주세요.,짧은 거리 주행도 포인트 적립 대상인지 문의드립니다.,포인트,적립기준,S015,포인트 적립 기준 문의,Y,Y,Y
VOC00412,포인트가 누락된 것 같습니다,주행 조건을 충족한 것으로 보이는데 포인트가 0으로 표시됩니다.,포인트,적립,S001,주행 포인트 미적립,Y,Y,Y
VOC07603,사고 접수 후 연락이 없습니다 관련 기준도 함께 알려주세요.,사건번호 [사고접수번호]와 관련해 현재 처리 단계를 확인하고 싶습니다.,사고,처리현황,S012,사고 처리 진행 문의,Y,Y,Y
VOC07404,사건번호 처리 상태 확인,사고 접수 이후 진행 상황 안내를 받지 못했습니다. 빠른 확인 요청드립니다.,사고,처리현황,S012,사고 처리 진행 문의,Y,Y,Y
VOC02171,계속 로그인에 실패합니다,[에러코드] 메시지가 표시되면서 앱에 접속할 수 없습니다.,회원,로그인,S004,로그인 오류,Y,Y,Y
VOC02966,새 비밀번호 등록 문의,비밀번호 변경 절차와 조건을 안내해주세요.,회원,계정관리,S005,비밀번호 재설정,Y,Y,Y
VOC08124,계약정보가 다르게 표시됩니다,보험 계약 정보 중 일부 항목이 잘못되어 수정 요청드립니다.,보험,계약정보,S013,계약정보 불일치,Y,Y,Y
VOC04904,등록 차량 변경 요청,차량번호 변경 후 주행 서비스 연결 방법을 문의드립니다.,차량,차량정보,S008,차량정보 변경,Y,Y,Y
VOC01226,포인트가 아직 처리되지 않았어요 빠른 확인 요청드립니다.,[시간]에 주행을 종료했습니다. 포인트 반영 예정 시간을 알고 싶습니다. 확인 부탁드립니다. 현재 화면에서 직접 수정할 수 없습니다.,포인트,적립,S002,주행 포인트 적립 지연,Y,Y,Y
VOC04828,차량을 변경했습니다 관련 기준도 함께 알려주세요.,차량을 교체해서 앱의 등록 정보를 수정하고 싶습니다.,차량,차량정보,S008,차량정보 변경,Y,Y,Y
VOC02033,계속 로그인에 실패합니다 빠른 확인 요청드립니다.,[에러코드] 메시지가 표시되면서 앱에 접속할 수 없습니다. 동일 현상이 반복되고 있습니다.,회원,로그인,S004,로그인 오류,Y,Y,Y
VOC00936,포인트 적립 처리 중 문의 처리 방법을 안내해주세요.,오늘 주행을 마쳤는데 포인트가 아직 반영되지 않았습니다. 보통 얼마나 걸리나요?,포인트,적립,S002,주행 포인트 적립 지연,Y,Y,Y
VOC06526,잘못 차감된 포인트 문의,포인트 사용 이력과 실제 잔액이 맞지 않습니다.,포인트,차감,S010,포인트 오차감,Y,Y,Y
VOC03593,최근 주행기록 누락 문의,해당 시간대의 운전 내역이 누락되어 확인 요청드립니다. 관련 기준도 함께 알려주세요.,주행,주행기록,S006,주행기록 미반영,Y,Y,Y
VOC07728,보상 처리 단계 문의,보상 심사가 어느 단계까지 진행됐는지 확인 부탁드립니다. 필요한 확인 항목이 있다면 안내 부탁드립니다.,사고,처리현황,S012,사고 처리 진행 문의,Y,Y,Y
VOC01612,보유 포인트 사용 방법,포인트 사용 가능한 서비스와 제한 조건이 안내받고 싶습니다.,포인트,사용,S003,포인트 사용처 문의,Y,Y,Y
VOC00768,주행 포인트는 언제 들어오나요,방금 운전한 기록은 보이는데 포인트는 처리 중으로 표시됩니다.,포인트,적립,S002,주행 포인트 적립 지연,Y,Y,Y
VOC03064,비밀번호가 기억나지 않아요,비밀번호가 기억나지 않아 재설정하려고 합니다.,회원,계정관리,S005,비밀번호 재설정,Y,Y,Y
VOC03061,비밀번호가 기억나지 않아요,비밀번호 변경 절차와 조건을 안내해주세요.,회원,계정관리,S005,비밀번호 재설정,Y,Y,Y
VOC05249,차량을 변경했습니다 처리 방법을 안내해주세요.,차량을 교체해서 앱의 등록 정보를 수정하고 싶습니다.,차량,차량정보,S008,차량정보 변경,Y,Y,Y
VOC04485,안전운전 할인 적용 여부 문의,안전운전 점수와 보험료 할인 적용 기준을 안내해주세요. 필요한 확인 항목이 있다면 안내 부탁드립니다.,보험,할인,S007,보험료 할인 적용 문의,Y,Y,Y
VOC09690,포인트 적립 기준이 궁금합니다,포인트 지급 대상과 제외 조건을 자세히 안내해주세요.,포인트,적립기준,S015,포인트 적립 기준 문의,Y,Y,Y
VOC06692,앱이 계속 종료됩니다,특정 메뉴에 들어가면 화면이 멈추는 현상이 반복됩니다. 앱을 다시 실행해도 같은 상태입니다.,앱,오류,S011,앱 실행 오류,Y,Y,Y
VOC00921,포인트가 아직 처리되지 않았어요,오늘 주행을 마쳤는데 포인트가 아직 반영되지 않았습니다. 보통 얼마나 걸리나요?,포인트,적립,S002,주행 포인트 적립 지연,Y,Y,Y
VOC06798,업데이트 후 앱이 열리지 않아요,앱을 실행하면 [오류코드] 오류가 표시되고 바로 종료됩니다. 동일 현상이 반복되고 있습니다.,앱,오류,S011,앱 실행 오류,Y,Y,Y
VOC00762,주행 포인트는 언제 들어오나요,방금 운전한 기록은 보이는데 포인트는 처리 중으로 표시됩니다.,포인트,적립,S002,주행 포인트 적립 지연,Y,Y,Y
VOC01895,보유 포인트 사용 방법,포인트 사용 가능한 서비스와 제한 조건이 안내받고 싶습니다. 확인 부탁드립니다.,포인트,사용,S003,포인트 사용처 문의,Y,Y,Y
VOC01477,적립 포인트는 어디서 쓰나요 빠른 확인 요청드립니다.,적립된 포인트의 사용처와 사용 절차를 안내 부탁드립니다.,포인트,사용,S003,포인트 사용처 문의,Y,Y,Y
VOC07892,보상 처리 단계 문의 관련 기준도 함께 알려주세요.,[접수일]에 접수한 사고의 담당자 배정 여부가 궁금합니다.,사고,처리현황,S012,사고 처리 진행 문의,Y,Y,Y
VOC07445,보상 처리 단계 문의 관련 기준도 함께 알려주세요.,[접수일]에 접수한 사고의 담당자 배정 여부가 궁금합니다. 앱에서 확인이 어려워 문의드립니다.,사고,처리현황,S012,사고 처리 진행 문의,Y,Y,Y
VOC05184,앱 차량정보 수정 문의,보험 계약 차량은 변경됐는데 앱에는 이전 차량이 표시됩니다. 앱에서 확인이 어려워 문의드립니다.,차량,차량정보,S008,차량정보 변경,Y,Y,Y
VOC07973,사건번호 처리 상태 확인,[접수일]에 접수한 사고의 담당자 배정 여부가 궁금합니다. 확인 부탁드립니다.,사고,처리현황,S012,사고 처리 진행 문의,Y,Y,Y
VOC07503,사건번호 처리 상태 확인 앱에서 확인이 어려워 문의드립니다.,[날짜]에 접수한 사고의 담당자 배정 여부가 궁금합니다.,사고,처리현황,S012,사고 처리 진행 문의,Y,Y,Y
VOC07952,사고 처리 진행 상황 문의,보상 심사가 어느 단계까지 진행됐는지 확인 부탁드립니다. 필요한 확인 항목이 있다면 안내 부탁드립니다.,사고,처리현황,S012,사고 처리 진행 문의,Y,Y,Y
VOC05540,가입 정보 삭제 요청,회원 탈퇴 시 남은 포인트와 주행기록이 어떻게 처리되는지 궁금합니다.,회원,계정관리,S009,회원 탈퇴,Y,Y,Y
VOC04012,안전운전 할인 적용 여부 문의,갱신 계약에 주행분석 할인 혜택이 반영되는지 문의드립니다.,보험,할인,S007,보험료 할인 적용 문의,Y,Y,Y
VOC07161,앱 화면이 멈춥니다,재설치 후에도 동일하게 앱이 강제 종료됩니다.,앱,오류,S011,앱 실행 오류,Y,Y,Y
VOC08675,기존 전화번호 변경 문의,새 번호로 본인 인증을 진행하는 방법을 알려주세요. 관련 기준도 함께 알려주세요.,회원,회원정보,S014,휴대전화 번호 변경,Y,Y,Y
VOC05191,차량을 변경했습니다,차량을 교체해서 앱의 등록 정보를 수정하고 싶습니다.,차량,차량정보,S008,차량정보 변경,Y,Y,Y
VOC02099,계속 로그인에 실패합니다,로그인 버튼을 눌러도 화면이 그대로입니다.,회원,로그인,S004,로그인 오류,Y,Y,Y
VOC03080,비밀번호 변경이 정상적으로 처리되지 않습니다 확인 부탁드립니다.,비밀번호가 기억나지 않아 재설정하려고 합니다. 이전에 정상적으로 이용한 적이 있습니다.,회원,계정관리,S005,비밀번호 재설정,Y,Y,Y
VOC02397,계속 로그인에 실패합니다,로그인 버튼을 눌러도 화면이 그대로입니다.,회원,로그인,S004,로그인 오류,Y,Y,Y
VOC02930,비밀번호 변경이 정상적으로 처리되지 않습니다,비밀번호 변경 절차와 조건을 안내해주세요. 앱을 다시 실행해도 같은 상태입니다.,회원,계정관리,S005,비밀번호 재설정,Y,Y,Y
VOC07248,업데이트 후 앱이 열리지 않아요 관련 기준도 함께 알려주세요.,앱을 열면 흰 화면만 보이고 아무 기능도 사용할 수 없습니다.,앱,오류,S011,앱 실행 오류,Y,Y,Y
VOC05113,새 차량으로 바꾸고 싶어요,기존 차량을 삭제하고 새 차량을 등록하는 방법을 알려주세요. 앱에서 확인이 어려워 문의드립니다.,차량,차량정보,S008,차량정보 변경,Y,Y,Y
VOC02474,계속 로그인에 실패합니다,아이디와 비밀번호를 입력해도 로그인 오류가 발생합니다.,회원,로그인,S004,로그인 오류,Y,Y,Y
VOC01732,포인트 사용 가능 서비스 문의,현재 보유한 포인트를 어디에서 사용할 수 있는지 알려주세요. 확인 부탁드립니다.,포인트,사용,S003,포인트 사용처 문의,Y,Y,Y
VOC06095,잘못 차감된 포인트 문의 관련 기준도 함께 알려주세요.,결제를 취소했는데 차감된 포인트가 복구되지 않았습니다. 앱에서 확인이 어려워 문의드립니다.,포인트,차감,S010,포인트 오차감,Y,Y,Y
VOC07134,앱 실행 중 오류가 발생합니다 관련 기준도 함께 알려주세요.,특정 메뉴에 들어가면 화면이 멈추는 현상이 반복됩니다. 현재 화면에서 직접 수정할 수 없습니다.,앱,오류,S011,앱 실행 오류,Y,Y,Y
VOC02703,비밀번호 찾기 인증 오류,본인 인증 후 비밀번호 재설정 화면으로 이동하지 않습니다. 이전에 정상적으로 이용한 적이 있습니다.,회원,계정관리,S005,비밀번호 재설정,Y,Y,Y
VOC03009,비밀번호 찾기 인증 오류,새 비밀번호를 입력했지만 변경이 완료되지 않습니다.,회원,계정관리,S005,비밀번호 재설정,Y,Y,Y
VOC05119,앱 차량정보 수정 문의 처리 방법을 안내해주세요.,차량번호 변경 후 주행 서비스 연결 방법을 문의합니다.,차량,차량정보,S008,차량정보 변경,Y,Y,Y
VOC04505,보험료 할인이 반영됐나요,안전운전 점수와 보험료 할인 적용 기준을 안내해주세요.,보험,할인,S007,보험료 할인 적용 문의,Y,Y,Y
VOC08653,증권 정보 수정 문의,보험 계약 정보 중 일부 항목이 잘못되어 수정 요청드립니다. 동일 현상이 반복되고 있습니다.,보험,계약정보,S013,계약정보 불일치,Y,Y,Y
VOC09001,기존 전화번호 변경 문의,휴대전화 번호를 바꿨는데 앱 회원정보에는 이전 번호가 표시됩니다. 필요한 확인 항목이 있다면 안내 부탁드립니다.,회원,회원정보,S014,휴대전화 번호 변경,Y,Y,Y
VOC08391,앱의 계약 내용이 맞지 않아요,증권번호 [증권번호]의 차량정보가 현재 차량과 일치하지 않습니다.,보험,계약정보,S013,계약정보 불일치,Y,Y,Y
VOC01519,포인트 사용 가능 서비스 문의 앱에서 확인이 어려워 문의드립니다.,앱에 [포인트수량] 포인트가 있는데 사용 가능한 항목을 확인하고 싶습니다.,포인트,사용,S003,포인트 사용처 문의,Y,Y,Y
VOC04996,등록 차량 변경 요청,기존 차량을 삭제하고 새 차량을 등록하는 방법을 안내 부탁드립니다.,차량,차량정보,S008,차량정보 변경,Y,Y,Y
VOC08980,휴대전화 번호를 변경하고 싶습니다,휴대전화 번호를 바꿨는데 앱 회원정보에는 이전 번호가 표시됩니다.,회원,회원정보,S014,휴대전화 번호 변경,Y,Y,Y
VOC07471,보상 처리 단계 문의,[접수일]에 접수한 사고의 담당자 배정 여부가 궁금합니다.,사고,처리현황,S012,사고 처리 진행 문의,Y,Y,Y
VOC07887,보상 처리 단계 문의,사건번호 [사고접수번호]와 관련해 현재 처리 단계를 확인하고 싶습니다.,사고,처리현황,S012,사고 처리 진행 문의,Y,Y,Y
VOC08962,등록 연락처 수정 요청,번호 변경 후 로그인 인증 문자가 이전 번호로 발송됩니다. 앱을 다시 실행해도 같은 상태입니다.,회원,회원정보,S014,휴대전화 번호 변경,Y,Y,Y
VOC00459,주행 후 포인트가 없습니다 앱에서 확인이 어려워 문의드립니다.,주행 조건을 충족한 것으로 보이는데 포인트가 0으로 표시됩니다.,포인트,적립,S001,주행 포인트 미적립,Y,Y,Y
VOC01939,포인트 사용 가능 서비스 문의,보험료 결제 외에도 포인트를 사용할 수 있는 곳이 있나요? 관련 기준도 함께 알려주세요. 동일 현상이 반복되고 있습니다.,포인트,사용,S003,포인트 사용처 문의,Y,Y,Y
VOC02860,비밀번호 변경이 되지 않습니다,비밀번호가 기억나지 않아 재설정하려고 합니다. 확인 부탁드립니다.,회원,계정관리,S005,비밀번호 재설정,Y,Y,Y
VOC02392,앱 로그인이 되지 않습니다,로그인 버튼을 눌러도 화면이 그대로입니다. 앱에서 확인이 어려워 문의드립니다. 앱을 다시 실행해도 같은 상태입니다.,회원,로그인,S004,로그인 오류,Y,Y,Y
VOC08348,계약 차량 정보 불일치,갱신한 계약이 앱에서 이전 계약으로 보입니다.,보험,계약정보,S013,계약정보 불일치,Y,Y,Y
VOC05153,차량을 변경했습니다,차량을 교체해서 앱의 등록 정보를 수정하고 싶습니다.,차량,차량정보,S008,차량정보 변경,Y,Y,Y
VOC08372,앱의 계약 내용이 맞지 않아요,보험 계약 정보 중 일부 항목이 잘못되어 수정 요청드립니다. 앱에서 확인이 어려워 문의드립니다.,보험,계약정보,S013,계약정보 불일치,Y,Y,Y
VOC00720,운전 후 포인트 반영 시간 문의,[주행종료시간]에 주행을 종료했습니다. 포인트 반영 예정 시간을 알고 싶습니다.,포인트,적립,S002,주행 포인트 적립 지연,Y,Y,Y
VOC01277,포인트가 아직 처리되지 않았어요,"포인트가 바로 들어오는지, 일정 시간이 필요한지 문의드립니다.",포인트,적립,S002,주행 포인트 적립 지연,Y,Y,Y
VOC03695,운전한 내역이 앱에 없습니다,[주행일]에 [주행구간] 구간을 운전했는데 앱에서 기록이 보이지 않습니다.,주행,주행기록,S006,주행기록 미반영,Y,Y,Y
VOC05177,차량을 변경했습니다 빠른 확인 요청드립니다.,차량번호 변경 후 주행 서비스 연결 방법을 문의드립니다. 처리 방법을 안내해주세요.,차량,차량정보,S008,차량정보 변경,Y,Y,Y
VOC09992,포인트 지급 조건 안내 요청,포인트를 받기 위한 최소 주행 조건이 안내받고 싶습니다.,포인트,적립기준,S015,포인트 적립 기준 문의,Y,Y,Y
VOC05918,가입 정보 삭제 요청,계정과 저장된 개인정보를 삭제하는 절차를 알려주세요.,회원,계정관리,S009,회원 탈퇴,Y,Y,Y
VOC06336,잘못 차감된 포인트 문의,어제 확인한 잔액과 오늘 잔액이 달라서 문의드립니다. 현재 화면에서 직접 수정할 수 없습니다.,포인트,차감,S010,포인트 오차감,Y,Y,Y
VOC04215,주행점수 할인 확인 요청,갱신 계약에 주행분석 할인 혜택이 반영되는지 문의드립니다. 처리 방법을 안내해주세요.,보험,할인,S007,보험료 할인 적용 문의,Y,Y,Y
VOC04106,보험료 할인 혜택이 안내받고 싶습니다,갱신 계약에 주행분석 할인 혜택이 반영되는지 문의드립니다.,보험,할인,S007,보험료 할인 적용 문의,Y,Y,Y
VOC09516,주행 포인트 산정 방법 문의,포인트를 받기 위한 최소 주행 조건이 궁금합니다.,포인트,적립기준,S015,포인트 적립 기준 문의,Y,Y,Y
VOC08216,계약정보가 다르게 표시됩니다,보험 계약 정보 중 일부 항목이 잘못되어 수정 요청드립니다.,보험,계약정보,S013,계약정보 불일치,Y,Y,Y
VOC02546,계속 로그인에 실패합니다,여러 번 시도했지만 인증 후 다시 로그인 화면으로 돌아옵니다. 앱을 다시 실행해도 같은 상태입니다.,회원,로그인,S004,로그인 오류,Y,Y,Y
VOC03257,비밀번호 변경이 되지 않습니다,비밀번호가 기억나지 않아 재설정하려고 합니다.,회원,계정관리,S005,비밀번호 재설정,Y,Y,Y
VOC09892,어떤 주행이 포인트 대상인가요,주행거리와 운전점수에 따라 포인트가 어떻게 산정되는지 알고 싶습니다. 앱을 다시 실행해도 같은 상태입니다.,포인트,적립기준,S015,포인트 적립 기준 문의,Y,Y,Y
VOC01690,포인트를 사용할 수 있는 곳,앱에 [금액] 포인트가 있는데 사용 가능한 항목을 확인하고 싶습니다. 빠른 확인 요청드립니다.,포인트,사용,S003,포인트 사용처 문의,Y,Y,Y
VOC07620,사건번호 처리 상태 확인 관련 기준도 함께 알려주세요.,[주행일]에 접수한 사고의 담당자 배정 여부가 궁금합니다. 확인 부탁드립니다.,사고,처리현황,S012,사고 처리 진행 문의,Y,Y,Y
VOC06472,포인트 차감 내역이 이상합니다,사용한 적이 없는데 [금액] 포인트가 차감된 것으로 표시됩니다. 필요한 확인 항목이 있다면 안내 부탁드립니다.,포인트,차감,S010,포인트 오차감,Y,Y,Y
VOC06274,포인트 차감 내역이 이상합니다,포인트 내역에 알 수 없는 차감 기록이 있습니다.,포인트,차감,S010,포인트 오차감,Y,Y,Y
VOC08942,새 번호로 인증받고 싶어요,새 번호로 본인 인증을 진행하는 방법을 알려주세요.,회원,회원정보,S014,휴대전화 번호 변경,Y,Y,Y
VOC03079,비밀번호 찾기 인증 오류,본인 인증 후 비밀번호 재설정 화면으로 이동하지 않습니다.,회원,계정관리,S005,비밀번호 재설정,Y,Y,Y
VOC00868,포인트가 아직 처리되지 않았어요,[접수시간]에 주행을 종료했습니다. 포인트 반영 예정 시간을 알고 싶습니다.,포인트,적립,S002,주행 포인트 적립 지연,Y,Y,Y
VOC02914,비밀번호가 기억나지 않아요 앱에서 확인이 어려워 문의드립니다.,비밀번호가 기억나지 않아 재설정하려고 합니다.,회원,계정관리,S005,비밀번호 재설정,Y,Y,Y
VOC00213,주행 후 포인트가 없습니다,지난 주행 건에 대한 포인트를 받지 못했습니다. 확인 부탁드립니다. 이전에 정상적으로 이용한 적이 있습니다.,포인트,적립,S001,주행 포인트 미적립,Y,Y,Y
VOC09013,회원정보의 전화번호가 다릅니다,기존 번호 [전화번호]에서 새 번호 [변경전화번호]로 변경하고 싶습니다.,회원,회원정보,S014,휴대전화 번호 변경,Y,Y,Y
VOC09787,운전점수와 포인트 관계,포인트를 받기 위한 최소 주행 조건이 궁금합니다. 관련 기준도 함께 알려주세요.,포인트,적립기준,S015,포인트 적립 기준 문의,Y,Y,Y
VOC06028,포인트 잔액 오류 처리 방법을 안내해주세요.,결제를 취소했는데 차감된 포인트가 복구되지 않았습니다. 확인 부탁드립니다.,포인트,차감,S010,포인트 오차감,Y,Y,Y
VOC09732,주행 포인트 산정 방법 문의,포인트 지급 대상과 제외 조건을 자세히 안내해주세요.,포인트,적립기준,S015,포인트 적립 기준 문의,Y,Y,Y
VOC00509,주행 포인트가 적립되지 않았습니다,지난 주행 건에 대한 포인트를 받지 못했습니다. 확인 부탁드립니다.,포인트,적립,S001,주행 포인트 미적립,Y,Y,Y
VOC05487,앱 회원 탈퇴 방법 문의,앱에서 탈퇴 메뉴를 찾을 수 없어 문의드립니다.,회원,계정관리,S009,회원 탈퇴,Y,Y,Y
VOC04939,새 차량으로 바꾸고 싶어요,기존 차량 [차량번호]에서 새 차량 [변경차량번호]로 변경했습니다.,차량,차량정보,S008,차량정보 변경,Y,Y,Y
VOC04401,보험료 할인 혜택이 궁금합니다,증권번호 [증권번호] 계약에 안전운전 할인이 적용됐는지 확인하고 싶습니다.,보험,할인,S007,보험료 할인 적용 문의,Y,Y,Y
VOC06763,서비스 실행 불가 문의,업데이트 이후 첫 화면에서 멈추고 다음으로 넘어가지 않습니다.,앱,오류,S011,앱 실행 오류,Y,Y,Y
VOC01827,보유 포인트 사용 방법 관련 기준도 함께 알려주세요.,적립된 포인트의 사용처와 사용 절차를 안내 부탁드립니다.,포인트,사용,S003,포인트 사용처 문의,Y,Y,Y
VOC01767,적립 포인트는 어디서 쓰나요,포인트 사용 가능한 서비스와 제한 조건이 궁금합니다.,포인트,사용,S003,포인트 사용처 문의,Y,Y,Y
VOC07587,사고 처리 진행 상황 문의,사건번호 [사고접수번호]와 관련해 현재 처리 단계를 확인하고 싶습니다.,사고,처리현황,S012,사고 처리 진행 문의,Y,Y,Y
VOC06322,포인트 잔액 오류,포인트 사용 이력과 실제 잔액이 맞지 않습니다.,포인트,차감,S010,포인트 오차감,Y,Y,Y
VOC06113,포인트가 갑자기 줄었습니다 빠른 확인 요청드립니다.,포인트 내역에 알 수 없는 차감 기록이 있습니다.,포인트,차감,S010,포인트 오차감,Y,Y,Y
VOC06010,사용하지 않은 포인트가 차감됐어요,어제 확인한 잔액과 오늘 잔액이 달라서 문의합니다. 빠른 확인 요청드립니다.,포인트,차감,S010,포인트 오차감,Y,Y,Y
VOC09796,포인트 지급 조건 안내 요청,포인트 지급 대상과 제외 조건을 자세히 안내해주세요.,포인트,적립기준,S015,포인트 적립 기준 문의,Y,Y,Y
VOC03363,주행기록이 보이지 않습니다 처리 방법을 안내해주세요.,차량은 정상적으로 운행했는데 주행 데이터가 수집되지 않은 것 같습니다.,주행,주행기록,S006,주행기록 미반영,Y,Y,Y
VOC05475,더 이상 서비스를 이용하지 않습니다,회원 탈퇴 시 남은 포인트와 주행기록이 어떻게 처리되는지 궁금합니다. 관련 기준도 함께 알려주세요.,회원,계정관리,S009,회원 탈퇴,Y,Y,Y
VOC05539,앱 회원 탈퇴 방법 문의 관련 기준도 함께 알려주세요.,더 이상 서비스를 이용하지 않아 회원 탈퇴를 진행하고 싶습니다. 앱에서 확인이 어려워 문의드립니다.,회원,계정관리,S009,회원 탈퇴,Y,Y,Y
VOC01564,적립 포인트는 어디서 쓰나요,앱에 [금액] 포인트가 있는데 사용 가능한 항목을 확인하고 싶습니다.,포인트,사용,S003,포인트 사용처 문의,Y,Y,Y
VOC01737,적립 포인트는 어디서 쓰나요,보험료 결제 외에도 포인트를 사용할 수 있는 곳이 있나요?,포인트,사용,S003,포인트 사용처 문의,Y,Y,Y
VOC00900,포인트 적립 처리 중 문의 처리 방법을 안내해주세요.,"포인트가 바로 들어오는지, 일정 시간이 필요한지 문의합니다.",포인트,적립,S002,주행 포인트 적립 지연,Y,Y,Y
VOC05022,차량을 변경했습니다 빠른 확인 요청드립니다.,기존 차량을 삭제하고 새 차량을 등록하는 방법을 알려주세요.,차량,차량정보,S008,차량정보 변경,Y,Y,Y
VOC04211,보험료 할인이 반영됐나요,갱신 계약에 주행분석 할인 혜택이 반영되는지 문의드립니다.,보험,할인,S007,보험료 할인 적용 문의,Y,Y,Y
VOC00869,주행 포인트는 언제 들어오나요,오늘 주행을 마쳤는데 포인트가 아직 반영되지 않았습니다. 보통 얼마나 걸리나요?,포인트,적립,S002,주행 포인트 적립 지연,Y,Y,Y
VOC01183,포인트가 아직 처리되지 않았어요,"포인트가 바로 들어오는지, 일정 시간이 필요한지 문의드립니다. 처리 방법을 안내해주세요.",포인트,적립,S002,주행 포인트 적립 지연,Y,Y,Y
VOC04809,차량을 변경했습니다 확인 부탁드립니다.,기존 차량을 삭제하고 새 차량을 등록하는 방법을 알려주세요.,차량,차량정보,S008,차량정보 변경,Y,Y,Y
VOC09139,등록 연락처 수정 요청 빠른 확인 요청드립니다.,휴대전화 번호를 바꿨는데 앱 회원정보에는 이전 번호가 표시됩니다. 빠른 확인 요청드립니다. 동일 현상이 반복되고 있습니다.,회원,회원정보,S014,휴대전화 번호 변경,Y,Y,Y
VOC08818,회원정보의 전화번호가 다릅니다,기존 번호 [기존전화번호]에서 새 번호 [변경전화번호]로 변경하고 싶습니다.,회원,회원정보,S014,휴대전화 번호 변경,Y,Y,Y
VOC07160,앱이 계속 종료됩니다,재설치 후에도 동일하게 앱이 강제 종료됩니다.,앱,오류,S011,앱 실행 오류,Y,Y,Y
VOC03708,최근 주행기록 누락 문의,차량은 정상적으로 운행했는데 주행 데이터가 수집되지 않은 것 같습니다. 확인 부탁드립니다.,주행,주행기록,S006,주행기록 미반영,Y,Y,Y
VOC01147,포인트 적립 처리 중 문의,주행 후 몇 시간이 지났는데 아직 적립 대기 상태입니다.,포인트,적립,S002,주행 포인트 적립 지연,Y,Y,Y
VOC06323,포인트가 갑자기 줄었습니다,포인트 내역에 알 수 없는 차감 기록이 있습니다.,포인트,차감,S010,포인트 오차감,Y,Y,Y
VOC02902,새 비밀번호 등록 문의,비밀번호 변경 절차와 조건을 안내해주세요.,회원,계정관리,S005,비밀번호 재설정,Y,Y,Y
VOC04281,보험료 할인 혜택이 궁금합니다,앱에는 할인 대상이라고 나오는데 실제 보험료에 적용됐는지 알고 싶습니다.,보험,할인,S007,보험료 할인 적용 문의,Y,Y,Y
VOC05489,서비스 계정을 삭제하고 싶어요,계정과 저장된 개인정보를 삭제하는 절차를 알려주세요.,회원,계정관리,S009,회원 탈퇴,Y,Y,Y
VOC02156,계정 접속이 불가능합니다 앱에서 확인이 어려워 문의드립니다.,여러 번 시도했지만 인증 후 다시 로그인 화면으로 돌아옵니다.,회원,로그인,S004,로그인 오류,Y,Y,Y
VOC00596,주행 후 포인트가 없습니다,[날짜]에 주행을 완료했는데 포인트가 아직 적립되지 않았습니다.,포인트,적립,S001,주행 포인트 미적립,Y,Y,Y
VOC00896,포인트 반영이 늦어지고 있습니다,방금 운전한 기록은 보이는데 포인트는 처리 중으로 표시됩니다.,포인트,적립,S002,주행 포인트 적립 지연,Y,Y,Y
VOC09976,운전점수와 포인트 관계,주행거리와 운전점수에 따라 포인트가 어떻게 산정되는지 알고 싶습니다. 현재 화면에서 직접 수정할 수 없습니다.,포인트,적립기준,S015,포인트 적립 기준 문의,Y,Y,Y
VOC03512,최근 주행기록 누락 문의,운전을 완료했지만 최근 주행 목록에 추가되지 않았습니다.,주행,주행기록,S006,주행기록 미반영,Y,Y,Y
VOC04203,주행점수 할인 확인 요청,앱에는 할인 대상이라고 나오는데 실제 보험료에 적용됐는지 알고 싶습니다.,보험,할인,S007,보험료 할인 적용 문의,Y,Y,Y
VOC03595,앱에서 운전 기록 확인 불가,운전을 완료했지만 최근 주행 목록에 추가되지 않았습니다.,주행,주행기록,S006,주행기록 미반영,Y,Y,Y
VOC00614,주행 포인트 미적립 문의,운전 기록은 정상적으로 보이지만 포인트가 들어오지 않았습니다.,포인트,적립,S001,주행 포인트 미적립,Y,Y,Y
VOC07396,사고 접수 후 연락이 없습니다,[접수일]에 접수한 사고의 담당자 배정 여부가 궁금합니다.,사고,처리현황,S012,사고 처리 진행 문의,Y,Y,Y
VOC07697,보상 처리 단계 문의 확인 부탁드립니다.,사건번호 [사건번호]와 관련해 현재 처리 단계를 확인하고 싶습니다.,사고,처리현황,S012,사고 처리 진행 문의,Y,Y,Y
VOC04227,보험료 할인이 반영됐나요 관련 기준도 함께 알려주세요.,앱에는 할인 대상이라고 나오는데 실제 보험료에 적용됐는지 알고 싶습니다. 동일 현상이 반복되고 있습니다.,보험,할인,S007,보험료 할인 적용 문의,Y,Y,Y
VOC06078,잘못 차감된 포인트 문의,결제를 취소했는데 차감된 포인트가 복구되지 않았습니다.,포인트,차감,S010,포인트 오차감,Y,Y,Y
VOC05215,등록 차량 변경 요청,기존 차량을 삭제하고 새 차량을 등록하는 방법을 안내 부탁드립니다.,차량,차량정보,S008,차량정보 변경,Y,Y,Y
VOC03997,주행기록이 보이지 않습니다,운전을 완료했지만 최근 주행 목록에 추가되지 않았습니다.,주행,주행기록,S006,주행기록 미반영,Y,Y,Y
VOC03609,운전한 내역이 앱에 없습니다,운전을 완료했지만 최근 주행 목록에 추가되지 않았습니다. 처리 방법을 안내해주세요. 앱을 다시 실행해도 같은 상태입니다.,주행,주행기록,S006,주행기록 미반영,Y,Y,Y
VOC04450,보험료 할인 혜택이 궁금합니다 확인 부탁드립니다.,증권번호 [계약번호] 계약에 안전운전 할인이 적용됐는지 확인하고 싶습니다.,보험,할인,S007,보험료 할인 적용 문의,Y,Y,Y
VOC08030,증권 정보 수정 문의,갱신한 계약이 앱에서 이전 계약으로 보입니다.,보험,계약정보,S013,계약정보 불일치,Y,Y,Y
VOC06132,포인트가 갑자기 줄었습니다,포인트 내역에 알 수 없는 차감 기록이 있습니다.,포인트,차감,S010,포인트 오차감,Y,Y,Y
VOC03146,비밀번호 변경이 되지 않습니다,비밀번호 변경 절차와 조건을 안내해주세요. 동일 현상이 반복되고 있습니다.,회원,계정관리,S005,비밀번호 재설정,Y,Y,Y
VOC05122,새 차량으로 바꾸고 싶어요 앱에서 확인이 어려워 문의드립니다.,차량을 교체해서 앱의 등록 정보를 수정하고 싶습니다.,차량,차량정보,S008,차량정보 변경,Y,Y,Y
VOC05703,서비스 계정을 삭제하고 싶어요,회원 탈퇴 시 남은 포인트와 주행기록이 어떻게 처리되는지 궁금합니다. 현재 화면에서 직접 수정할 수 없습니다.,회원,계정관리,S009,회원 탈퇴,Y,Y,Y
VOC05790,가입 정보 삭제 요청,회원 탈퇴 시 남은 포인트와 주행기록이 어떻게 처리되는지 궁금합니다. 빠른 확인 요청드립니다. 필요한 확인 항목이 있다면 안내 부탁드립니다.,회원,계정관리,S009,회원 탈퇴,Y,Y,Y
VOC07857,보상 처리 단계 문의 앱에서 확인이 어려워 문의드립니다.,[접수일]에 접수한 사고의 담당자 배정 여부가 궁금합니다.,사고,처리현황,S012,사고 처리 진행 문의,Y,Y,Y
VOC02047,계속 로그인에 실패합니다,기존에 사용하던 계정으로 접속되지 않아 문의드립니다.,회원,로그인,S004,로그인 오류,Y,Y,Y
VOC00500,주행 후 포인트가 없습니다,주행 조건을 충족한 것으로 보이는데 포인트가 0으로 표시됩니다.,포인트,적립,S001,주행 포인트 미적립,Y,Y,Y
VOC09844,포인트 적립 기준이 궁금합니다,포인트 지급 대상과 제외 조건을 자세히 안내해주세요. 이전에 정상적으로 이용한 적이 있습니다.,포인트,적립기준,S015,포인트 적립 기준 문의,Y,Y,Y
VOC00264,운전했는데 포인트가 안 들어왔어요,[출발지]-[도착지] 구간을 운전했는데 적립 내역이 확인되지 않습니다. 앱에서 확인이 어려워 문의드립니다.,포인트,적립,S001,주행 포인트 미적립,Y,Y,Y
VOC04854,새 차량으로 바꾸고 싶어요,차량을 교체해서 앱의 등록 정보를 수정하고 싶습니다.,차량,차량정보,S008,차량정보 변경,Y,Y,Y
VOC00750,포인트 반영이 늦어지고 있습니다,방금 운전한 기록은 보이는데 포인트는 처리 중으로 표시됩니다.,포인트,적립,S002,주행 포인트 적립 지연,Y,Y,Y
VOC05689,회원 탈퇴를 요청합니다,본인 인증 후 탈퇴가 완료되지 않아 확인 부탁드립니다. 관련 기준도 함께 알려주세요.,회원,계정관리,S009,회원 탈퇴,Y,Y,Y
VOC09558,어떤 주행이 포인트 대상인가요,주행거리와 운전점수에 따라 포인트가 어떻게 산정되는지 알고 싶습니다.,포인트,적립기준,S015,포인트 적립 기준 문의,Y,Y,Y
VOC03382,주행기록이 보이지 않습니다 빠른 확인 요청드립니다.,[주행일]에 [출발지]-[도착지] 구간을 운전했는데 앱에서 기록이 보이지 않습니다.,주행,주행기록,S006,주행기록 미반영,Y,Y,Y
VOC00428,포인트가 누락된 것 같습니다,운전 기록은 정상적으로 보이지만 포인트가 들어오지 않았습니다.,포인트,적립,S001,주행 포인트 미적립,Y,Y,Y
VOC07372,보상 처리 단계 문의,사건번호 [사고접수번호]와 관련해 현재 처리 단계를 확인하고 싶습니다.,사고,처리현황,S012,사고 처리 진행 문의,Y,Y,Y
VOC05782,가입 정보 삭제 요청 관련 기준도 함께 알려주세요.,회원 탈퇴 시 남은 포인트와 주행기록이 어떻게 처리되는지 궁금합니다.,회원,계정관리,S009,회원 탈퇴,Y,Y,Y
VOC07761,사고 처리 진행 상황 문의,사고 접수 이후 진행 상황 안내를 받지 못했습니다. 이전에 정상적으로 이용한 적이 있습니다.,사고,처리현황,S012,사고 처리 진행 문의,Y,Y,Y
VOC05884,앱 회원 탈퇴 방법 문의,더 이상 서비스를 이용하지 않아 회원 탈퇴를 진행하고 싶습니다. 앱에서 확인이 어려워 문의드립니다.,회원,계정관리,S009,회원 탈퇴,Y,Y,Y
VOC02295,앱 로그인이 안 됩니다,여러 번 시도했지만 인증 후 다시 로그인 화면으로 돌아옵니다.,회원,로그인,S004,로그인 오류,Y,Y,Y
VOC01984,보유 포인트 사용 방법,앱에 [금액] 포인트가 있는데 사용 가능한 항목을 확인하고 싶습니다.,포인트,사용,S003,포인트 사용처 문의,Y,Y,Y
VOC08349,증권 정보 수정 문의,계약 기간과 보험료 정보가 가입 당시 안내와 다르게 표시됩니다.,보험,계약정보,S013,계약정보 불일치,Y,Y,Y
VOC06133,포인트가 갑자기 줄었습니다,결제를 취소했는데 차감된 포인트가 복구되지 않았습니다. 관련 기준도 함께 알려주세요.,포인트,차감,S010,포인트 오차감,Y,Y,Y
VOC02602,아이디 입력 후 접속 오류,[에러코드] 메시지가 표시되면서 앱에 접속할 수 없습니다. 이전에 정상적으로 이용한 적이 있습니다.,회원,로그인,S004,로그인 오류,Y,Y,Y
VOC03685,운전한 내역이 앱에 없습니다 앱에서 확인이 어려워 문의드립니다.,해당 시간대의 운전 내역이 누락되어 확인 요청드립니다.,주행,주행기록,S006,주행기록 미반영,Y,Y,Y
VOC09967,포인트 지급 조건 안내 요청,급가속이나 급감속 기록이 포인트 적립에 영향을 주나요?,포인트,적립기준,S015,포인트 적립 기준 문의,Y,Y,Y
VOC07801,보상 처리 단계 문의 빠른 확인 요청드립니다.,보상 심사가 어느 단계까지 진행됐는지 확인 부탁드립니다.,사고,처리현황,S012,사고 처리 진행 문의,Y,Y,Y
VOC06434,포인트 차감 내역이 이상합니다 관련 기준도 함께 알려주세요.,결제를 취소했는데 차감된 포인트가 복구되지 않았습니다.,포인트,차감,S010,포인트 오차감,Y,Y,Y
VOC07312,앱 화면이 멈춥니다,업데이트 이후 첫 화면에서 멈추고 다음으로 넘어가지 않습니다.,앱,오류,S011,앱 실행 오류,Y,Y,Y
VOC07695,사고 접수 후 연락이 없습니다,보상 심사가 어느 단계까지 진행됐는지 확인 부탁드립니다.,사고,처리현황,S012,사고 처리 진행 문의,Y,Y,Y
VOC03424,최근 주행기록 누락 문의 확인 부탁드립니다.,주행 종료 후에도 거리와 시간이 0으로 표시됩니다. 동일 현상이 반복되고 있습니다.,주행,주행기록,S006,주행기록 미반영,Y,Y,Y
VOC05242,기존 차량 삭제 후 신규 등록,차량을 교체해서 앱의 등록 정보를 수정하고 싶습니다.,차량,차량정보,S008,차량정보 변경,Y,Y,Y
VOC06251,포인트가 갑자기 줄었습니다 관련 기준도 함께 알려주세요.,사용한 적이 없는데 [금액] 포인트가 차감된 것으로 표시됩니다.,포인트,차감,S010,포인트 오차감,Y,Y,Y
VOC01027,포인트가 아직 처리되지 않았어요 확인 부탁드립니다.,[시간]에 주행을 종료했습니다. 포인트 반영 예정 시간을 알고 싶습니다.,포인트,적립,S002,주행 포인트 적립 지연,Y,Y,Y
VOC01870,포인트 사용처가 궁금합니다 확인 부탁드립니다.,포인트 사용 가능한 서비스와 제한 조건이 궁금합니다.,포인트,사용,S003,포인트 사용처 문의,Y,Y,Y
VOC00623,주행 포인트 미적립 문의 처리 방법을 안내해주세요.,주행 조건을 충족한 것으로 보이는데 포인트가 0으로 표시됩니다.,포인트,적립,S001,주행 포인트 미적립,Y,Y,Y
VOC07428,사고 접수 후 연락이 없습니다 빠른 확인 요청드립니다.,사고 접수 이후 진행 상황 안내를 받지 못했습니다. 이전에 정상적으로 이용한 적이 있습니다.,사고,처리현황,S012,사고 처리 진행 문의,Y,Y,Y
VOC08587,계약정보가 다르게 표시됩니다,갱신한 계약이 앱에서 이전 계약으로 보입니다.,보험,계약정보,S013,계약정보 불일치,Y,Y,Y
VOC04912,등록 차량 변경 요청 처리 방법을 안내해주세요.,보험 계약 차량은 변경됐는데 앱에는 이전 차량이 표시됩니다.,차량,차량정보,S008,차량정보 변경,Y,Y,Y
VOC09581,주행 포인트 산정 방법 문의,급가속이나 급감속 기록이 포인트 적립에 영향을 주나요? 빠른 확인 요청드립니다.,포인트,적립기준,S015,포인트 적립 기준 문의,Y,Y,Y
VOC06050,포인트 차감 내역이 이상합니다,결제를 취소했는데 차감된 포인트가 복구되지 않았습니다.,포인트,차감,S010,포인트 오차감,Y,Y,Y
VOC04543,보험료 할인 혜택이 확인하고 싶습니다,안전운전 점수와 보험료 할인 적용 기준을 안내해주세요.,보험,할인,S007,보험료 할인 적용 문의,Y,Y,Y
VOC06687,앱이 계속 종료됩니다,앱을 열면 흰 화면만 보이고 아무 기능도 사용할 수 없습니다.,앱,오류,S011,앱 실행 오류,Y,Y,Y
VOC06221,잘못 차감된 포인트 문의 빠른 확인 요청드립니다.,포인트 사용 이력과 실제 잔액이 맞지 않습니다.,포인트,차감,S010,포인트 오차감,Y,Y,Y
VOC05432,회원 탈퇴를 요청합니다 확인 부탁드립니다.,계정과 저장된 개인정보를 삭제하는 절차를 알려주세요.,회원,계정관리,S009,회원 탈퇴,Y,Y,Y
VOC01076,주행 포인트는 언제 들어오나요,오늘 주행을 마쳤는데 포인트가 아직 반영되지 않았습니다. 보통 얼마나 걸리나요? 확인 부탁드립니다.,포인트,적립,S002,주행 포인트 적립 지연,Y,Y,Y
VOC09133,새 번호로 인증받고 싶어요,휴대전화 번호를 바꿨는데 앱 회원정보에는 이전 번호가 표시됩니다.,회원,회원정보,S014,휴대전화 번호 변경,Y,Y,Y
VOC05446,회원 탈퇴를 요청합니다,본인 인증 후 탈퇴가 완료되지 않아 확인 부탁드립니다.,회원,계정관리,S009,회원 탈퇴,Y,Y,Y
VOC02489,앱 로그인이 되지 않습니다 빠른 확인 요청드립니다.,기존에 사용하던 계정으로 접속되지 않아 문의드립니다.,회원,로그인,S004,로그인 오류,Y,Y,Y
VOC06360,사용하지 않은 포인트가 차감됐어요,사용한 적이 없는데 [포인트수량] 포인트가 차감된 것으로 표시됩니다.,포인트,차감,S010,포인트 오차감,Y,Y,Y
VOC03305,비밀번호 변경이 되지 않습니다 빠른 확인 요청드립니다.,본인 인증 후 비밀번호 재설정 화면으로 이동하지 않습니다. 앱에서 확인이 어려워 문의드립니다.,회원,계정관리,S005,비밀번호 재설정,Y,Y,Y
VOC00579,주행 포인트가 적립되지 않았습니다,[날짜]에 주행을 완료했는데 포인트가 아직 적립되지 않았습니다.,포인트,적립,S001,주행 포인트 미적립,Y,Y,Y
VOC04418,안전운전 할인 적용 여부 문의,증권번호 [증권번호] 계약에 안전운전 할인이 적용됐는지 확인하고 싶습니다.,보험,할인,S007,보험료 할인 적용 문의,Y,Y,Y
VOC05756,가입 정보 삭제 요청,앱에서 탈퇴 메뉴를 찾을 수 없어 문의드립니다. 동일 현상이 반복되고 있습니다.,회원,계정관리,S009,회원 탈퇴,Y,Y,Y
VOC02597,로그인 화면에서 넘어가지 않아요 처리 방법을 안내해주세요.,기존에 사용하던 계정으로 접속되지 않아 문의드립니다. 관련 기준도 함께 알려주세요.,회원,로그인,S004,로그인 오류,Y,Y,Y
VOC09241,휴대전화 번호를 변경하고 싶습니다,기존 번호 [기존전화번호]에서 새 번호 [새전화번호]로 변경하고 싶습니다.,회원,회원정보,S014,휴대전화 번호 변경,Y,Y,Y
VOC07921,접수한 사고는 어떻게 진행되고 있나요,사고 접수 이후 진행 상황 안내를 받지 못했습니다.,사고,처리현황,S012,사고 처리 진행 문의,Y,Y,Y
VOC05486,가입 정보 삭제 요청,회원 탈퇴 시 남은 포인트와 주행기록이 어떻게 처리되는지 궁금합니다.,회원,계정관리,S009,회원 탈퇴,Y,Y,Y
VOC06267,잘못 차감된 포인트 문의,사용한 적이 없는데 [금액] 포인트가 차감된 것으로 표시됩니다.,포인트,차감,S010,포인트 오차감,Y,Y,Y
VOC01089,주행 포인트는 언제 들어오나요 확인 부탁드립니다.,방금 운전한 기록은 보이는데 포인트는 처리 중으로 표시됩니다.,포인트,적립,S002,주행 포인트 적립 지연,Y,Y,Y
VOC08495,증권 정보 수정 문의,계약 기간과 보험료 정보가 가입 당시 안내와 다르게 표시됩니다. 앱을 다시 실행해도 같은 상태입니다.,보험,계약정보,S013,계약정보 불일치,Y,Y,Y
VOC04162,보험료 할인 혜택이 궁금합니다 앱에서 확인이 어려워 문의드립니다.,갱신 계약에 주행분석 할인 혜택이 반영되는지 문의드립니다. 앱에서 확인이 어려워 문의드립니다.,보험,할인,S007,보험료 할인 적용 문의,Y,Y,Y
VOC07077,서비스 실행 불가 문의,재설치 후에도 동일하게 앱이 강제 종료됩니다. 빠른 확인 요청드립니다.,앱,오류,S011,앱 실행 오류,Y,Y,Y
VOC01708,포인트 사용 가능 서비스 문의,보험료 결제 외에도 포인트를 사용할 수 있는 곳이 있나요?,포인트,사용,S003,포인트 사용처 문의,Y,Y,Y
VOC02636,로그인 화면에서 넘어가지 않아요,로그인 버튼을 눌러도 화면이 그대로입니다.,회원,로그인,S004,로그인 오류,Y,Y,Y
VOC01366,포인트 사용 가능 서비스 문의,보험료 결제 외에도 포인트를 사용할 수 있는 곳이 있나요?,포인트,사용,S003,포인트 사용처 문의,Y,Y,Y
VOC06961,업데이트 후 앱이 열리지 않아요 빠른 확인 요청드립니다.,재설치 후에도 동일하게 앱이 강제 종료됩니다.,앱,오류,S011,앱 실행 오류,Y,Y,Y
VOC09155,등록 연락처 수정 요청,번호 변경 후 로그인 인증 문자가 이전 번호로 발송됩니다. 빠른 확인 요청드립니다.,회원,회원정보,S014,휴대전화 번호 변경,Y,Y,Y
VOC04287,보험료 할인이 반영됐나요,증권번호 [증권번호] 계약에 안전운전 할인이 적용됐는지 확인하고 싶습니다.,보험,할인,S007,보험료 할인 적용 문의,Y,Y,Y
VOC02004,계속 로그인에 실패합니다,로그인 버튼을 눌러도 화면이 그대로입니다.,회원,로그인,S004,로그인 오류,Y,Y,Y
VOC06574,사용하지 않은 포인트가 차감됐어요,어제 확인한 잔액과 오늘 잔액이 달라서 문의합니다.,포인트,차감,S010,포인트 오차감,Y,Y,Y
VOC07188,앱 화면이 멈춥니다 관련 기준도 함께 알려주세요.,업데이트 이후 첫 화면에서 멈추고 다음으로 넘어가지 않습니다. 확인 부탁드립니다.,앱,오류,S011,앱 실행 오류,Y,Y,Y
VOC01070,포인트 적립 처리 중 문의,"포인트가 바로 들어오는지, 일정 시간이 필요한지 문의드립니다.",포인트,적립,S002,주행 포인트 적립 지연,Y,Y,Y
VOC00144,주행 포인트가 적립되지 않았습니다 관련 기준도 함께 알려주세요.,주행 조건을 충족한 것으로 보이는데 포인트가 0으로 표시됩니다.,포인트,적립,S001,주행 포인트 미적립,Y,Y,Y
VOC09095,회원정보의 전화번호가 다릅니다,기존 번호 [기존전화번호]에서 새 번호 [변경전화번호]로 변경하고 싶습니다. 관련 기준도 함께 알려주세요.,회원,회원정보,S014,휴대전화 번호 변경,Y,Y,Y
VOC07721,접수한 사고는 어떻게 진행되고 있나요,사건번호 [사고접수번호]와 관련해 현재 처리 단계를 확인하고 싶습니다.,사고,처리현황,S012,사고 처리 진행 문의,Y,Y,Y
VOC04073,보험료 할인이 반영됐나요 빠른 확인 요청드립니다.,갱신 계약에 주행분석 할인 혜택이 반영되는지 문의드립니다. 앱에서 확인이 어려워 문의드립니다.,보험,할인,S007,보험료 할인 적용 문의,Y,Y,Y
VOC00540,운전했는데 포인트가 안 들어왔어요 앱에서 확인이 어려워 문의드립니다.,주행 조건을 충족한 것으로 보이는데 포인트가 0으로 표시됩니다.,포인트,적립,S001,주행 포인트 미적립,Y,Y,Y
VOC08370,보험 계약자 정보 오류,보험 계약 정보 중 일부 항목이 잘못되어 수정 요청드립니다. 앱에서 확인이 어려워 문의드립니다.,보험,계약정보,S013,계약정보 불일치,Y,Y,Y
VOC04157,보험료 할인 혜택이 궁금합니다,증권번호 [계약번호] 계약에 안전운전 할인이 적용됐는지 확인하고 싶습니다.,보험,할인,S007,보험료 할인 적용 문의,Y,Y,Y
VOC03493,앱에서 운전 기록 확인 불가,주행 종료 후에도 거리와 시간이 0으로 표시됩니다.,주행,주행기록,S006,주행기록 미반영,Y,Y,Y
VOC09566,주행 포인트 산정 방법 문의,포인트를 받기 위한 최소 주행 조건이 궁금합니다.,포인트,적립기준,S015,포인트 적립 기준 문의,Y,Y,Y
VOC09541,운전점수와 포인트 관계,포인트를 받기 위한 최소 주행 조건이 궁금합니다. 관련 기준도 함께 알려주세요.,포인트,적립기준,S015,포인트 적립 기준 문의,Y,Y,Y
VOC05043,등록 차량 변경 요청 확인 부탁드립니다.,차량번호 변경 후 주행 서비스 연결 방법을 문의드립니다.,차량,차량정보,S008,차량정보 변경,Y,Y,Y
VOC09823,포인트 지급 조건 안내 요청 빠른 확인 요청드립니다.,포인트 지급 대상과 제외 조건을 자세히 안내해주세요. 앱을 다시 실행해도 같은 상태입니다.,포인트,적립기준,S015,포인트 적립 기준 문의,Y,Y,Y
VOC08345,계약 차량 정보 불일치 확인 부탁드립니다.,보험 계약 정보 중 일부 항목이 잘못되어 수정 요청드립니다.,보험,계약정보,S013,계약정보 불일치,Y,Y,Y
VOC00831,주행 포인트는 언제 들어오나요 빠른 확인 요청드립니다.,[주행종료시간]에 주행을 종료했습니다. 포인트 반영 예정 시간을 알고 싶습니다.,포인트,적립,S002,주행 포인트 적립 지연,Y,Y,Y
VOC05783,서비스 계정을 삭제하고 싶어요,계정과 저장된 개인정보를 삭제하는 절차를 확인 부탁드립니다. 현재 화면에서 직접 수정할 수 없습니다.,회원,계정관리,S009,회원 탈퇴,Y,Y,Y
VOC07672,보상 처리 단계 문의,보상 심사가 어느 단계까지 진행됐는지 확인 부탁드립니다.,사고,처리현황,S012,사고 처리 진행 문의,Y,Y,Y
VOC03439,최근 주행기록 누락 문의,해당 시간대의 운전 내역이 누락되어 확인 요청드립니다.,주행,주행기록,S006,주행기록 미반영,Y,Y,Y
VOC00123,주행 후 포인트가 없습니다 관련 기준도 함께 알려주세요.,지난 주행 건에 대한 포인트를 받지 못했습니다. 확인 부탁드립니다.,포인트,적립,S001,주행 포인트 미적립,Y,Y,Y
VOC07139,서비스 실행 불가 문의,앱을 열면 흰 화면만 보이고 아무 기능도 사용할 수 없습니다. 관련 기준도 함께 알려주세요.,앱,오류,S011,앱 실행 오류,Y,Y,Y
VOC03561,최근 주행기록 누락 문의,운전을 완료했지만 최근 주행 목록에 추가되지 않았습니다. 현재 화면에서 직접 수정할 수 없습니다.,주행,주행기록,S006,주행기록 미반영,Y,Y,Y
VOC05764,앱 회원 탈퇴 방법 문의,회원 탈퇴 시 남은 포인트와 주행기록이 어떻게 처리되는지 확인하고 싶습니다.,회원,계정관리,S009,회원 탈퇴,Y,Y,Y
VOC07799,사고 접수 후 연락이 없습니다 앱에서 확인이 어려워 문의드립니다.,보상 심사가 어느 단계까지 진행됐는지 확인 부탁드립니다. 관련 기준도 함께 알려주세요.,사고,처리현황,S012,사고 처리 진행 문의,Y,Y,Y
VOC03109,비밀번호를 재설정하고 싶습니다,비밀번호 변경 절차와 조건을 안내해주세요.,회원,계정관리,S005,비밀번호 재설정,Y,Y,Y
VOC03125,비밀번호가 기억나지 않아요,비밀번호가 기억나지 않아 재설정하려고 합니다.,회원,계정관리,S005,비밀번호 재설정,Y,Y,Y
VOC03517,최근 주행기록 누락 문의,차량은 정상적으로 운행했는데 주행 데이터가 수집되지 않은 것 같습니다.,주행,주행기록,S006,주행기록 미반영,Y,Y,Y
VOC09482,주행 포인트 산정 방법 문의 확인 부탁드립니다.,짧은 거리 주행도 포인트 적립 대상인지 문의합니다. 빠른 확인 요청드립니다.,포인트,적립기준,S015,포인트 적립 기준 문의,Y,Y,Y
VOC08022,증권 정보 수정 문의 빠른 확인 요청드립니다.,앱에 표시된 계약자명이 [이름]으로 되어 있는데 실제 정보와 다릅니다. 빠른 확인 요청드립니다.,보험,계약정보,S013,계약정보 불일치,Y,Y,Y
VOC07780,사고 접수 후 연락이 없습니다,사건번호 [사건번호]와 관련해 현재 처리 단계를 확인하고 싶습니다.,사고,처리현황,S012,사고 처리 진행 문의,Y,Y,Y
VOC06726,앱 화면이 멈춥니다 확인 부탁드립니다.,앱을 실행하면 [오류코드] 오류가 표시되고 바로 종료됩니다.,앱,오류,S011,앱 실행 오류,Y,Y,Y
VOC02828,새 비밀번호 등록 문의,비밀번호 찾기 과정에서 [기존전화번호]로 인증번호가 오지 않습니다.,회원,계정관리,S005,비밀번호 재설정,Y,Y,Y
VOC04514,계약 할인 적용 상태 문의,앱에는 할인 대상이라고 나오는데 실제 보험료에 적용됐는지 알고 싶습니다.,보험,할인,S007,보험료 할인 적용 문의,Y,Y,Y
VOC09580,어떤 주행이 포인트 대상인가요,포인트를 받기 위한 최소 주행 조건이 궁금합니다.,포인트,적립기준,S015,포인트 적립 기준 문의,Y,Y,Y
VOC06787,서비스 실행 불가 문의,앱을 열면 흰 화면만 보이고 아무 기능도 사용할 수 없습니다.,앱,오류,S011,앱 실행 오류,Y,Y,Y
VOC09388,어떤 주행이 포인트 대상인가요 확인 부탁드립니다.,급가속이나 급감속 기록이 포인트 적립에 영향을 주나요?,포인트,적립기준,S015,포인트 적립 기준 문의,Y,Y,Y
VOC08461,증권 정보 수정 문의 앱에서 확인이 어려워 문의드립니다.,앱에 표시된 계약자명이 [계약자명]으로 되어 있는데 실제 정보와 다릅니다.,보험,계약정보,S013,계약정보 불일치,Y,Y,Y
VOC06880,업데이트 후 앱이 열리지 않아요,앱을 실행하면 [에러코드] 오류가 표시되고 바로 종료됩니다. 확인 부탁드립니다.,앱,오류,S011,앱 실행 오류,Y,Y,Y
VOC09083,등록 연락처 수정 요청,번호 변경 후 로그인 인증 문자가 이전 번호로 발송됩니다.,회원,회원정보,S014,휴대전화 번호 변경,Y,Y,Y
VOC04632,보험료 할인 혜택이 궁금합니다,현재 운전점수 기준으로 받을 수 있는 보험료 할인율이 궁금합니다. 이전에 정상적으로 이용한 적이 있습니다.,보험,할인,S007,보험료 할인 적용 문의,Y,Y,Y
VOC07383,사고 접수 후 연락이 없습니다 처리 방법을 안내해주세요.,사고 접수 이후 진행 상황 안내를 받지 못했습니다. 현재 화면에서 직접 수정할 수 없습니다.,사고,처리현황,S012,사고 처리 진행 문의,Y,Y,Y
VOC00326,주행 포인트가 적립되지 않았습니다,[접수일]에 주행을 완료했는데 포인트가 아직 적립되지 않았습니다. 앱을 다시 실행해도 같은 상태입니다.,포인트,적립,S001,주행 포인트 미적립,Y,Y,Y
VOC00797,포인트 반영이 늦어지고 있습니다,[시간]에 주행을 종료했습니다. 포인트 반영 예정 시간을 알고 싶습니다. 처리 방법을 안내해주세요.,포인트,적립,S002,주행 포인트 적립 지연,Y,Y,Y
VOC06099,사용하지 않은 포인트가 차감됐어요,어제 확인한 잔액과 오늘 잔액이 달라서 문의합니다. 관련 기준도 함께 알려주세요. 앱을 다시 실행해도 같은 상태입니다.,포인트,차감,S010,포인트 오차감,Y,Y,Y
VOC04710,등록 차량 변경 요청,차량을 교체해서 앱의 등록 정보를 수정하고 싶습니다.,차량,차량정보,S008,차량정보 변경,Y,Y,Y
VOC03808,앱에서 운전 기록 확인 불가 앱에서 확인이 어려워 문의드립니다.,[주행일]에 [출발지]-[도착지] 구간을 운전했는데 앱에서 기록이 보이지 않습니다.,주행,주행기록,S006,주행기록 미반영,Y,Y,Y
VOC07430,접수한 사고는 어떻게 진행되고 있나요,보상 심사가 어느 단계까지 진행됐는지 확인 부탁드립니다. 앱을 다시 실행해도 같은 상태입니다.,사고,처리현황,S012,사고 처리 진행 문의,Y,Y,Y
VOC00989,포인트 적립 처리 중 문의,오늘 주행을 마쳤는데 포인트가 아직 반영되지 않았습니다. 보통 얼마나 걸리나요? 필요한 확인 항목이 있다면 안내 부탁드립니다.,포인트,적립,S002,주행 포인트 적립 지연,Y,Y,Y
VOC08137,증권 정보 수정 문의,증권번호 [증권번호]의 차량정보가 현재 차량과 일치하지 않습니다.,보험,계약정보,S013,계약정보 불일치,Y,Y,Y
VOC03724,앱에서 운전 기록 확인 불가,해당 시간대의 운전 내역이 누락되어 확인 요청드립니다.,주행,주행기록,S006,주행기록 미반영,Y,Y,Y
VOC09162,새 번호로 인증받고 싶어요 처리 방법을 안내해주세요.,새 번호로 본인 인증을 진행하는 방법을 알려주세요.,회원,회원정보,S014,휴대전화 번호 변경,Y,Y,Y
VOC00813,주행 포인트는 언제 들어오나요 관련 기준도 함께 알려주세요.,[시간]에 주행을 종료했습니다. 포인트 반영 예정 시간을 알고 싶습니다.,포인트,적립,S002,주행 포인트 적립 지연,Y,Y,Y
VOC02075,로그인 화면에서 넘어가지 않아요,기존에 사용하던 계정으로 접속되지 않아 문의합니다.,회원,로그인,S004,로그인 오류,Y,Y,Y
VOC00574,운전했는데 포인트가 안 들어왔어요,주행 조건을 충족한 것으로 보이는데 포인트가 0으로 표시됩니다.,포인트,적립,S001,주행 포인트 미적립,Y,Y,Y
VOC04907,기존 차량 삭제 후 신규 등록 처리 방법을 안내해주세요.,보험 계약 차량은 변경됐는데 앱에는 이전 차량이 표시됩니다.,차량,차량정보,S008,차량정보 변경,Y,Y,Y
VOC03393,주행 데이터가 반영되지 않았어요,차량은 정상적으로 운행했는데 주행 데이터가 수집되지 않은 것 같습니다. 확인 부탁드립니다. 현재 화면에서 직접 수정할 수 없습니다.,주행,주행기록,S006,주행기록 미반영,Y,Y,Y
VOC05945,서비스 계정을 삭제하고 싶어요,계정과 저장된 개인정보를 삭제하는 절차를 알려주세요. 처리 방법을 안내해주세요.,회원,계정관리,S009,회원 탈퇴,Y,Y,Y
VOC03081,비밀번호를 재설정하고 싶습니다,비밀번호 찾기 과정에서 [기존전화번호]로 인증번호가 오지 않습니다.,회원,계정관리,S005,비밀번호 재설정,Y,Y,Y
VOC04248,주행점수 할인 확인 요청,증권번호 [증권번호] 계약에 안전운전 할인이 적용됐는지 확인하고 싶습니다.,보험,할인,S007,보험료 할인 적용 문의,Y,Y,Y
VOC03490,주행 데이터가 반영되지 않았어요,운전을 완료했지만 최근 주행 목록에 추가되지 않았습니다. 현재 화면에서 직접 수정할 수 없습니다.,주행,주행기록,S006,주행기록 미반영,Y,Y,Y
VOC00163,주행 후 포인트가 없습니다,주행 조건을 충족한 것으로 보이는데 포인트가 0으로 표시됩니다. 확인 부탁드립니다.,포인트,적립,S001,주행 포인트 미적립,Y,Y,Y
VOC01321,포인트가 아직 처리되지 않았어요,방금 운전한 기록은 보이는데 포인트는 처리 중으로 표시됩니다. 처리 방법을 안내해주세요.,포인트,적립,S002,주행 포인트 적립 지연,Y,Y,Y
VOC04738,새 차량으로 바꾸고 싶어요,기존 차량을 삭제하고 새 차량을 등록하는 방법을 안내 부탁드립니다. 빠른 확인 요청드립니다.,차량,차량정보,S008,차량정보 변경,Y,Y,Y
VOC09065,휴대전화 번호를 변경하고 싶습니다 빠른 확인 요청드립니다.,휴대전화 번호를 바꿨는데 앱 회원정보에는 이전 번호가 표시됩니다.,회원,회원정보,S014,휴대전화 번호 변경,Y,Y,Y
VOC01365,포인트를 사용할 수 있는 곳,앱에 [포인트수량] 포인트가 있는데 사용 가능한 항목을 확인하고 싶습니다. 처리 방법을 안내해주세요.,포인트,사용,S003,포인트 사용처 문의,Y,Y,Y
VOC02538,로그인 화면에서 넘어가지 않아요,로그인 버튼을 눌러도 화면이 그대로입니다.,회원,로그인,S004,로그인 오류,Y,Y,Y
VOC02250,앱 로그인이 되지 않습니다,여러 번 시도했지만 인증 후 다시 로그인 화면으로 돌아옵니다. 이전에 정상적으로 이용한 적이 있습니다.,회원,로그인,S004,로그인 오류,Y,Y,Y
VOC04241,안전운전 할인 적용 여부 문의,안전운전 점수와 보험료 할인 적용 기준을 안내해주세요. 처리 방법을 안내해주세요.,보험,할인,S007,보험료 할인 적용 문의,Y,Y,Y
VOC04701,앱 차량정보 수정 문의,기존 차량을 삭제하고 새 차량을 등록하는 방법을 확인 부탁드립니다.,차량,차량정보,S008,차량정보 변경,Y,Y,Y
VOC01972,포인트를 사용할 수 있는 곳,앱에 [금액] 포인트가 있는데 사용 가능한 항목을 확인하고 싶습니다.,포인트,사용,S003,포인트 사용처 문의,Y,Y,Y
VOC04616,주행점수 할인 확인 요청,현재 운전점수 기준으로 받을 수 있는 보험료 할인율이 안내받고 싶습니다. 관련 기준도 함께 알려주세요.,보험,할인,S007,보험료 할인 적용 문의,Y,Y,Y
VOC06328,포인트 잔액 오류 앱에서 확인이 어려워 문의드립니다.,어제 확인한 잔액과 오늘 잔액이 달라서 문의드립니다. 필요한 확인 항목이 있다면 안내 부탁드립니다.,포인트,차감,S010,포인트 오차감,Y,Y,Y
VOC03428,주행기록이 보이지 않습니다,차량은 정상적으로 운행했는데 주행 데이터가 수집되지 않은 것 같습니다. 앱에서 확인이 어려워 문의드립니다.,주행,주행기록,S006,주행기록 미반영,Y,Y,Y
VOC08298,증권 정보 수정 문의,갱신한 계약이 앱에서 이전 계약으로 보입니다. 앱에서 확인이 어려워 문의드립니다.,보험,계약정보,S013,계약정보 불일치,Y,Y,Y
VOC07958,사고 접수 후 연락이 없습니다,제출한 서류가 정상적으로 접수됐는지 알고 싶습니다.,사고,처리현황,S012,사고 처리 진행 문의,Y,Y,Y
VOC03063,비밀번호가 기억나지 않아요 빠른 확인 요청드립니다.,비밀번호 변경 절차와 조건을 안내해주세요.,회원,계정관리,S005,비밀번호 재설정,Y,Y,Y
VOC00557,포인트가 누락된 것 같습니다,운전 기록은 정상적으로 보이지만 포인트가 들어오지 않았습니다.,포인트,적립,S001,주행 포인트 미적립,Y,Y,Y
VOC06141,포인트가 갑자기 줄었습니다 관련 기준도 함께 알려주세요.,포인트 내역에 알 수 없는 차감 기록이 있습니다.,포인트,차감,S010,포인트 오차감,Y,Y,Y
VOC03187,비밀번호가 기억나지 않아요,새 비밀번호를 입력했지만 변경이 완료되지 않습니다.,회원,계정관리,S005,비밀번호 재설정,Y,Y,Y
VOC08881,휴대전화 번호를 변경하고 싶습니다,휴대전화 번호를 바꿨는데 앱 회원정보에는 이전 번호가 표시됩니다.,회원,회원정보,S014,휴대전화 번호 변경,Y,Y,Y
VOC08564,보험 계약자 정보 오류 앱에서 확인이 어려워 문의드립니다.,갱신한 계약이 앱에서 이전 계약으로 보입니다.,보험,계약정보,S013,계약정보 불일치,Y,Y,Y
VOC04501,주행점수 할인 확인 요청,갱신 계약에 주행분석 할인 혜택이 반영되는지 문의드립니다.,보험,할인,S007,보험료 할인 적용 문의,Y,Y,Y
VOC05806,앱 회원 탈퇴 방법 문의,더 이상 서비스를 이용하지 않아 회원 탈퇴를 진행하고 싶습니다. 빠른 확인 요청드립니다.,회원,계정관리,S009,회원 탈퇴,Y,Y,Y
VOC06236,포인트 잔액 오류,어제 확인한 잔액과 오늘 잔액이 달라서 문의드립니다. 이전에 정상적으로 이용한 적이 있습니다.,포인트,차감,S010,포인트 오차감,Y,Y,Y
VOC03613,주행기록이 보이지 않습니다,[날짜]에 [출발지]-[도착지] 구간을 운전했는데 앱에서 기록이 보이지 않습니다.,주행,주행기록,S006,주행기록 미반영,Y,Y,Y
VOC03711,주행기록이 보이지 않습니다 처리 방법을 안내해주세요.,[접수일]에 [출발지]에서 [도착지]까지 구간을 운전했는데 앱에서 기록이 보이지 않습니다.,주행,주행기록,S006,주행기록 미반영,Y,Y,Y
VOC02320,앱 로그인이 되지 않습니다,로그인 버튼을 눌러도 화면이 그대로입니다.,회원,로그인,S004,로그인 오류,Y,Y,Y
VOC01108,포인트 반영이 늦어지고 있습니다,"포인트가 바로 들어오는지, 일정 시간이 필요한지 문의드립니다.",포인트,적립,S002,주행 포인트 적립 지연,Y,Y,Y
VOC01078,주행 포인트는 언제 들어오나요,[시간]에 주행을 종료했습니다. 포인트 반영 예정 시간을 알고 싶습니다.,포인트,적립,S002,주행 포인트 적립 지연,Y,Y,Y
VOC00902,포인트가 아직 처리되지 않았어요,"포인트가 바로 들어오는지, 일정 시간이 필요한지 문의드립니다. 필요한 확인 항목이 있다면 안내 부탁드립니다.",포인트,적립,S002,주행 포인트 적립 지연,Y,Y,Y
VOC07841,사고 처리 진행 상황 문의,사고 접수 이후 진행 상황 안내를 받지 못했습니다. 확인 부탁드립니다.,사고,처리현황,S012,사고 처리 진행 문의,Y,Y,Y
VOC00404,주행 포인트 미적립 문의 처리 방법을 안내해주세요.,[접수일]에 주행을 완료했는데 포인트가 아직 적립되지 않았습니다.,포인트,적립,S001,주행 포인트 미적립,Y,Y,Y
VOC06033,포인트 잔액 오류,포인트 사용 이력과 실제 잔액이 맞지 않습니다. 앱에서 확인이 어려워 문의드립니다.,포인트,차감,S010,포인트 오차감,Y,Y,Y
VOC07590,보상 처리 단계 문의,사건번호 [사고접수번호]와 관련해 현재 처리 단계를 확인하고 싶습니다. 앱에서 확인이 어려워 문의드립니다. 동일 현상이 반복되고 있습니다.,사고,처리현황,S012,사고 처리 진행 문의,Y,Y,Y
VOC09756,주행 포인트 산정 방법 문의,포인트 지급 대상과 제외 조건을 자세히 안내해주세요.,포인트,적립기준,S015,포인트 적립 기준 문의,Y,Y,Y
VOC02852,비밀번호 변경이 되지 않습니다 빠른 확인 요청드립니다.,새 비밀번호를 입력했지만 변경이 완료되지 않습니다.,회원,계정관리,S005,비밀번호 재설정,Y,Y,Y
VOC03381,운전한 내역이 앱에 없습니다 처리 방법을 안내해주세요.,차량은 정상적으로 운행했는데 주행 데이터가 수집되지 않은 것 같습니다. 앱을 다시 실행해도 같은 상태입니다.,주행,주행기록,S006,주행기록 미반영,Y,Y,Y
VOC03587,주행 데이터가 반영되지 않았어요 빠른 확인 요청드립니다.,해당 시간대의 운전 내역이 누락되어 확인 요청드립니다.,주행,주행기록,S006,주행기록 미반영,Y,Y,Y
VOC00917,포인트가 아직 처리되지 않았어요,[주행종료시간]에 주행을 종료했습니다. 포인트 반영 예정 시간을 알고 싶습니다.,포인트,적립,S002,주행 포인트 적립 지연,Y,Y,Y
VOC01902,보유 포인트 사용 방법 확인 부탁드립니다.,포인트 사용 가능한 서비스와 제한 조건이 궁금합니다. 앱에서 확인이 어려워 문의드립니다.,포인트,사용,S003,포인트 사용처 문의,Y,Y,Y
VOC02065,계정 접속이 불가능합니다,로그인 버튼을 눌러도 화면이 그대로입니다.,회원,로그인,S004,로그인 오류,Y,Y,Y
VOC02008,계정 접속이 불가능합니다,[오류코드] 메시지가 표시되면서 앱에 접속할 수 없습니다.,회원,로그인,S004,로그인 오류,Y,Y,Y
VOC08874,회원정보의 전화번호가 다릅니다 관련 기준도 함께 알려주세요.,휴대전화 번호를 바꿨는데 앱 회원정보에는 이전 번호가 표시됩니다.,회원,회원정보,S014,휴대전화 번호 변경,Y,Y,Y
VOC05324,앱 차량정보 수정 문의,기존 차량을 삭제하고 새 차량을 등록하는 방법을 알려주세요.,차량,차량정보,S008,차량정보 변경,Y,Y,Y
VOC06009,잘못 차감된 포인트 문의 빠른 확인 요청드립니다.,포인트 내역에 알 수 없는 차감 기록이 있습니다.,포인트,차감,S010,포인트 오차감,Y,Y,Y
VOC07062,서비스 실행 불가 문의,특정 메뉴에 들어가면 화면이 멈추는 현상이 반복됩니다.,앱,오류,S011,앱 실행 오류,Y,Y,Y
VOC04299,보험료 할인이 반영됐나요,현재 운전점수 기준으로 받을 수 있는 보험료 할인율이 궁금합니다.,보험,할인,S007,보험료 할인 적용 문의,Y,Y,Y
VOC02034,로그인 화면에서 넘어가지 않아요,기존에 사용하던 계정으로 접속되지 않아 문의합니다.,회원,로그인,S004,로그인 오류,Y,Y,Y
VOC08857,휴대전화 번호를 변경하고 싶습니다,새 번호로 본인 인증을 진행하는 방법을 알려주세요. 관련 기준도 함께 알려주세요. 앱을 다시 실행해도 같은 상태입니다.,회원,회원정보,S014,휴대전화 번호 변경,Y,Y,Y
VOC09575,포인트 적립 기준이 궁금합니다,포인트를 받기 위한 최소 주행 조건이 궁금합니다.,포인트,적립기준,S015,포인트 적립 기준 문의,Y,Y,Y
VOC06759,업데이트 후 앱이 열리지 않아요,특정 메뉴에 들어가면 화면이 멈추는 현상이 반복됩니다.,앱,오류,S011,앱 실행 오류,Y,Y,Y
VOC01648,포인트를 사용할 수 있는 곳,적립된 포인트의 사용처와 사용 절차를 안내 부탁드립니다.,포인트,사용,S003,포인트 사용처 문의,Y,Y,Y
VOC03369,최근 주행기록 누락 문의,해당 시간대의 운전 내역이 누락되어 확인 요청드립니다. 확인 부탁드립니다.,주행,주행기록,S006,주행기록 미반영,Y,Y,Y
VOC08287,계약 차량 정보 불일치,갱신한 계약이 앱에서 이전 계약으로 보입니다.,보험,계약정보,S013,계약정보 불일치,Y,Y,Y
VOC09386,운전점수와 포인트 관계,주행거리와 운전점수에 따라 포인트가 어떻게 산정되는지 알고 싶습니다.,포인트,적립기준,S015,포인트 적립 기준 문의,Y,Y,Y
VOC00588,주행 포인트가 적립되지 않았습니다,운전 기록은 정상적으로 보이지만 포인트가 들어오지 않았습니다.,포인트,적립,S001,주행 포인트 미적립,Y,Y,Y
VOC04247,계약 할인 적용 상태 문의 빠른 확인 요청드립니다.,현재 운전점수 기준으로 받을 수 있는 보험료 할인율이 안내받고 싶습니다.,보험,할인,S007,보험료 할인 적용 문의,Y,Y,Y
VOC03094,비밀번호를 재설정하고 싶습니다 확인 부탁드립니다.,비밀번호 변경 절차와 조건을 안내해주세요.,회원,계정관리,S005,비밀번호 재설정,Y,Y,Y
VOC01217,포인트 적립 처리 중 문의,[주행종료시간]에 주행을 종료했습니다. 포인트 반영 예정 시간을 알고 싶습니다.,포인트,적립,S002,주행 포인트 적립 지연,Y,Y,Y
VOC00789,운전 후 포인트 반영 시간 문의,[주행종료시간]에 주행을 종료했습니다. 포인트 반영 예정 시간을 알고 싶습니다.,포인트,적립,S002,주행 포인트 적립 지연,Y,Y,Y
VOC08559,앱의 계약 내용이 맞지 않아요 앱에서 확인이 어려워 문의드립니다.,계약 기간과 보험료 정보가 가입 당시 안내와 다르게 표시됩니다.,보험,계약정보,S013,계약정보 불일치,Y,Y,Y
VOC07089,서비스 실행 불가 문의,앱을 열면 흰 화면만 보이고 아무 기능도 사용할 수 없습니다. 관련 기준도 함께 알려주세요.,앱,오류,S011,앱 실행 오류,Y,Y,Y
VOC09057,기존 전화번호 변경 문의,기존 번호 [기존전화번호]에서 새 번호 [새전화번호]로 변경하고 싶습니다.,회원,회원정보,S014,휴대전화 번호 변경,Y,Y,Y
VOC07095,앱이 계속 종료됩니다,앱을 열면 흰 화면만 보이고 아무 기능도 사용할 수 없습니다.,앱,오류,S011,앱 실행 오류,Y,Y,Y
VOC05276,기존 차량 삭제 후 신규 등록,차량번호 변경 후 주행 서비스 연결 방법을 문의드립니다.,차량,차량정보,S008,차량정보 변경,Y,Y,Y
VOC02709,비밀번호가 기억나지 않아요,새 비밀번호를 입력했지만 변경이 완료되지 않습니다.,회원,계정관리,S005,비밀번호 재설정,Y,Y,Y
VOC08521,앱의 계약 내용이 맞지 않아요,갱신한 계약이 앱에서 이전 계약으로 보입니다. 관련 기준도 함께 알려주세요.,보험,계약정보,S013,계약정보 불일치,Y,Y,Y
VOC05866,가입 정보 삭제 요청,회원 탈퇴 시 남은 포인트와 주행기록이 어떻게 처리되는지 궁금합니다. 필요한 확인 항목이 있다면 안내 부탁드립니다.,회원,계정관리,S009,회원 탈퇴,Y,Y,Y
VOC02201,앱 로그인이 되지 않습니다,기존에 사용하던 계정으로 접속되지 않아 문의드립니다. 처리 방법을 안내해주세요.,회원,로그인,S004,로그인 오류,Y,Y,Y
VOC09365,포인트 지급 조건 안내 요청,급가속이나 급감속 기록이 포인트 적립에 영향을 주나요?,포인트,적립기준,S015,포인트 적립 기준 문의,Y,Y,Y
VOC01127,포인트 반영이 늦어지고 있습니다 앱에서 확인이 어려워 문의드립니다.,"포인트가 바로 들어오는지, 일정 시간이 필요한지 문의드립니다.",포인트,적립,S002,주행 포인트 적립 지연,Y,Y,Y
VOC04233,보험료 할인 혜택이 궁금합니다 관련 기준도 함께 알려주세요.,안전운전 점수와 보험료 할인 적용 기준을 안내해주세요.,보험,할인,S007,보험료 할인 적용 문의,Y,Y,Y
VOC03489,최근 주행기록 누락 문의 빠른 확인 요청드립니다.,해당 시간대의 운전 내역이 누락되어 확인 요청드립니다. 관련 기준도 함께 알려주세요.,주행,주행기록,S006,주행기록 미반영,Y,Y,Y
VOC07859,사고 처리 진행 상황 문의,보상 심사가 어느 단계까지 진행됐는지 확인 부탁드립니다.,사고,처리현황,S012,사고 처리 진행 문의,Y,Y,Y
VOC03591,최근 주행기록 누락 문의,주행 종료 후에도 거리와 시간이 0으로 표시됩니다.,주행,주행기록,S006,주행기록 미반영,Y,Y,Y
VOC09198,기존 전화번호 변경 문의,번호 변경 후 로그인 인증 문자가 이전 번호로 발송됩니다. 관련 기준도 함께 알려주세요. 필요한 확인 항목이 있다면 안내 부탁드립니다.,회원,회원정보,S014,휴대전화 번호 변경,Y,Y,Y
VOC08676,휴대전화 번호를 변경하고 싶습니다 처리 방법을 안내해주세요.,휴대전화 번호를 바꿨는데 앱 회원정보에는 이전 번호가 표시됩니다. 빠른 확인 요청드립니다.,회원,회원정보,S014,휴대전화 번호 변경,Y,Y,Y
VOC07310,서비스 실행 불가 문의,재설치 후에도 동일하게 앱이 강제 종료됩니다.,앱,오류,S011,앱 실행 오류,Y,Y,Y
VOC06950,앱이 계속 종료됩니다,재설치 후에도 동일하게 앱이 강제 종료됩니다. 이전에 정상적으로 이용한 적이 있습니다.,앱,오류,S011,앱 실행 오류,Y,Y,Y
VOC01660,보유 포인트 사용 방법,앱에 [포인트수량] 포인트가 있는데 사용 가능한 항목을 확인하고 싶습니다. 현재 화면에서 직접 수정할 수 없습니다.,포인트,사용,S003,포인트 사용처 문의,Y,Y,Y
VOC01225,포인트 반영이 늦어지고 있습니다,주행 후 몇 시간이 지났는데 아직 적립 대기 상태입니다. 관련 기준도 함께 알려주세요.,포인트,적립,S002,주행 포인트 적립 지연,Y,Y,Y
VOC05358,더 이상 서비스를 이용하지 않습니다,계정과 저장된 개인정보를 삭제하는 절차를 알려주세요.,회원,계정관리,S009,회원 탈퇴,Y,Y,Y
VOC07446,사건번호 처리 상태 확인,사고 접수 이후 진행 상황 안내를 받지 못했습니다.,사고,처리현황,S012,사고 처리 진행 문의,Y,Y,Y
VOC01779,포인트를 사용할 수 있는 곳,보험료 결제 외에도 포인트를 사용할 수 있는 곳이 있나요?,포인트,사용,S003,포인트 사용처 문의,Y,Y,Y
VOC02224,앱 로그인이 되지 않습니다,여러 번 시도했지만 인증 후 다시 로그인 화면으로 돌아옵니다. 처리 방법을 안내해주세요.,회원,로그인,S004,로그인 오류,Y,Y,Y
VOC08898,회원정보의 전화번호가 다릅니다,번호 변경 후 로그인 인증 문자가 이전 번호로 발송됩니다.,회원,회원정보,S014,휴대전화 번호 변경,Y,Y,Y
VOC03707,앱에서 운전 기록 확인 불가,차량은 정상적으로 운행했는데 주행 데이터가 수집되지 않은 것 같습니다. 앱을 다시 실행해도 같은 상태입니다.,주행,주행기록,S006,주행기록 미반영,Y,Y,Y
VOC06669,잘못 차감된 포인트 문의,어제 확인한 잔액과 오늘 잔액이 달라서 문의합니다. 동일 현상이 반복되고 있습니다.,포인트,차감,S010,포인트 오차감,Y,Y,Y
VOC03197,비밀번호 변경이 정상적으로 처리되지 않습니다,본인 인증 후 비밀번호 재설정 화면으로 이동하지 않습니다. 필요한 확인 항목이 있다면 안내 부탁드립니다.,회원,계정관리,S005,비밀번호 재설정,Y,Y,Y
VOC03958,운전한 내역이 앱에 없습니다,차량은 정상적으로 운행했는데 주행 데이터가 수집되지 않은 것 같습니다.,주행,주행기록,S006,주행기록 미반영,Y,Y,Y
VOC03616,최근 주행기록 누락 문의,운전을 완료했지만 최근 주행 목록에 추가되지 않았습니다.,주행,주행기록,S006,주행기록 미반영,Y,Y,Y
VOC07063,앱 실행 중 오류가 발생합니다,재설치 후에도 동일하게 앱이 강제 종료됩니다. 이전에 정상적으로 이용한 적이 있습니다.,앱,오류,S011,앱 실행 오류,Y,Y,Y
VOC09986,포인트 지급 조건 안내 요청 빠른 확인 요청드립니다.,주행거리와 운전점수에 따라 포인트가 어떻게 산정되는지 알고 싶습니다. 이전에 정상적으로 이용한 적이 있습니다.,포인트,적립기준,S015,포인트 적립 기준 문의,Y,Y,Y
VOC00842,주행 포인트는 언제 들어오나요 확인 부탁드립니다.,주행 후 몇 시간이 지났는데 아직 적립 대기 상태입니다.,포인트,적립,S002,주행 포인트 적립 지연,Y,Y,Y
VOC05442,가입 정보 삭제 요청,회원 탈퇴 시 남은 포인트와 주행기록이 어떻게 처리되는지 궁금합니다.,회원,계정관리,S009,회원 탈퇴,Y,Y,Y
VOC07579,사건번호 처리 상태 확인,사건번호 [사고접수번호]와 관련해 현재 처리 단계를 확인하고 싶습니다.,사고,처리현황,S012,사고 처리 진행 문의,Y,Y,Y
VOC00345,주행 포인트가 적립되지 않았습니다,[출발지]-[도착지] 구간을 운전했는데 적립 내역이 확인되지 않습니다.,포인트,적립,S001,주행 포인트 미적립,Y,Y,Y
VOC03978,주행기록이 보이지 않습니다,차량은 정상적으로 운행했는데 주행 데이터가 수집되지 않은 것 같습니다.,주행,주행기록,S006,주행기록 미반영,Y,Y,Y
VOC04282,보험료 할인이 반영됐나요 확인 부탁드립니다.,증권번호 [증권번호] 계약에 안전운전 할인이 적용됐는지 확인하고 싶습니다.,보험,할인,S007,보험료 할인 적용 문의,Y,Y,Y
VOC00729,주행 포인트는 언제 들어오나요,"포인트가 바로 들어오는지, 일정 시간이 필요한지 확인 요청드립니다. 필요한 확인 항목이 있다면 안내 부탁드립니다.",포인트,적립,S002,주행 포인트 적립 지연,Y,Y,Y
VOC03034,비밀번호를 재설정하고 싶습니다,비밀번호가 기억나지 않아 재설정하려고 합니다.,회원,계정관리,S005,비밀번호 재설정,Y,Y,Y
VOC04692,등록 차량 변경 요청,기존 차량 [차량번호]에서 새 차량 [변경차량번호]로 변경했습니다.,차량,차량정보,S008,차량정보 변경,Y,Y,Y
VOC02944,비밀번호가 기억나지 않아요 확인 부탁드립니다.,새 비밀번호를 입력했지만 변경이 완료되지 않습니다. 빠른 확인 요청드립니다.,회원,계정관리,S005,비밀번호 재설정,Y,Y,Y
VOC01504,적립 포인트는 어디서 쓰나요,현재 보유한 포인트를 어디에서 사용할 수 있는지 알려주세요.,포인트,사용,S003,포인트 사용처 문의,Y,Y,Y
VOC06224,사용하지 않은 포인트가 차감됐어요,포인트 내역에 알 수 없는 차감 기록이 있습니다.,포인트,차감,S010,포인트 오차감,Y,Y,Y
VOC07167,앱 화면이 멈춥니다,특정 메뉴에 들어가면 화면이 멈추는 현상이 반복됩니다. 앱에서 확인이 어려워 문의드립니다.,앱,오류,S011,앱 실행 오류,Y,Y,Y
VOC05433,가입 정보 삭제 요청,더 이상 서비스를 이용하지 않아 회원 탈퇴를 진행하고 싶습니다.,회원,계정관리,S009,회원 탈퇴,Y,Y,Y
VOC01317,운전 후 포인트 반영 시간 문의,방금 운전한 기록은 보이는데 포인트는 처리 중으로 표시됩니다.,포인트,적립,S002,주행 포인트 적립 지연,Y,Y,Y
VOC01172,운전 후 포인트 반영 시간 문의,오늘 주행을 마쳤는데 포인트가 아직 반영되지 않았습니다. 보통 얼마나 걸리나요? 처리 방법을 안내해주세요.,포인트,적립,S002,주행 포인트 적립 지연,Y,Y,Y
VOC04465,안전운전 할인 적용 여부 문의 처리 방법을 안내해주세요.,안전운전 점수와 보험료 할인 적용 기준을 안내해주세요.,보험,할인,S007,보험료 할인 적용 문의,Y,Y,Y
VOC09467,포인트 적립 기준이 궁금합니다 처리 방법을 안내해주세요.,포인트 지급 대상과 제외 조건을 자세히 안내해주세요. 현재 화면에서 직접 수정할 수 없습니다.,포인트,적립기준,S015,포인트 적립 기준 문의,Y,Y,Y
VOC01200,포인트 반영이 늦어지고 있습니다 처리 방법을 안내해주세요.,[접수시간]에 주행을 종료했습니다. 포인트 반영 예정 시간을 알고 싶습니다.,포인트,적립,S002,주행 포인트 적립 지연,Y,Y,Y
VOC00148,주행 포인트 미적립 문의,주행 조건을 충족한 것으로 보이는데 포인트가 0으로 표시됩니다. 관련 기준도 함께 알려주세요.,포인트,적립,S001,주행 포인트 미적립,Y,Y,Y
VOC09830,포인트 지급 조건 안내 요청,주행거리와 운전점수에 따라 포인트가 어떻게 산정되는지 알고 싶습니다.,포인트,적립기준,S015,포인트 적립 기준 문의,Y,Y,Y
VOC05733,가입 정보 삭제 요청,본인 인증 후 탈퇴가 완료되지 않아 확인 부탁드립니다.,회원,계정관리,S009,회원 탈퇴,Y,Y,Y
VOC07217,서비스 실행 불가 문의 관련 기준도 함께 알려주세요.,앱을 열면 흰 화면만 보이고 아무 기능도 사용할 수 없습니다.,앱,오류,S011,앱 실행 오류,Y,Y,Y
VOC07869,사고 처리 진행 상황 문의,사건번호 [사고접수번호]와 관련해 현재 처리 단계를 확인하고 싶습니다.,사고,처리현황,S012,사고 처리 진행 문의,Y,Y,Y
VOC06884,앱이 계속 종료됩니다 처리 방법을 안내해주세요.,특정 메뉴에 들어가면 화면이 멈추는 현상이 반복됩니다.,앱,오류,S011,앱 실행 오류,Y,Y,Y
VOC07442,접수한 사고는 어떻게 진행되고 있나요,보상 심사가 어느 단계까지 진행됐는지 확인 부탁드립니다. 앱에서 확인이 어려워 문의드립니다.,사고,처리현황,S012,사고 처리 진행 문의,Y,Y,Y
VOC00343,주행 포인트가 적립되지 않았습니다,[주행일]에 주행을 완료했는데 포인트가 아직 적립되지 않았습니다.,포인트,적립,S001,주행 포인트 미적립,Y,Y,Y
VOC05553,서비스 계정을 삭제하고 싶어요,앱에서 탈퇴 메뉴를 찾을 수 없어 문의드립니다.,회원,계정관리,S009,회원 탈퇴,Y,Y,Y
VOC09410,포인트 지급 조건 안내 요청,짧은 거리 주행도 포인트 적립 대상인지 문의드립니다.,포인트,적립기준,S015,포인트 적립 기준 문의,Y,Y,Y
VOC05865,가입 정보 삭제 요청,본인 인증 후 탈퇴가 완료되지 않아 확인 부탁드립니다. 빠른 확인 요청드립니다.,회원,계정관리,S009,회원 탈퇴,Y,Y,Y
VOC00968,포인트 반영이 늦어지고 있습니다 확인 부탁드립니다.,방금 운전한 기록은 보이는데 포인트는 처리 중으로 표시됩니다.,포인트,적립,S002,주행 포인트 적립 지연,Y,Y,Y
VOC06371,포인트 차감 내역이 이상합니다,포인트 사용 이력과 실제 잔액이 맞지 않습니다.,포인트,차감,S010,포인트 오차감,Y,Y,Y
VOC04913,앱 차량정보 수정 문의,차량을 교체해서 앱의 등록 정보를 수정하고 싶습니다. 확인 부탁드립니다.,차량,차량정보,S008,차량정보 변경,Y,Y,Y
VOC01923,포인트 사용 가능 서비스 문의 빠른 확인 요청드립니다.,현재 보유한 포인트를 어디에서 사용할 수 있는지 알려주세요.,포인트,사용,S003,포인트 사용처 문의,Y,Y,Y
VOC07326,서비스 실행 불가 문의,재설치 후에도 동일하게 앱이 강제 종료됩니다. 확인 부탁드립니다.,앱,오류,S011,앱 실행 오류,Y,Y,Y
VOC05342,회원 탈퇴를 요청합니다,회원 탈퇴 시 남은 포인트와 주행기록이 어떻게 처리되는지 확인하고 싶습니다. 빠른 확인 요청드립니다.,회원,계정관리,S009,회원 탈퇴,Y,Y,Y
VOC06293,포인트 잔액 오류,결제를 취소했는데 차감된 포인트가 복구되지 않았습니다.,포인트,차감,S010,포인트 오차감,Y,Y,Y
VOC04540,보험료 할인 혜택이 확인하고 싶습니다,안전운전 점수와 보험료 할인 적용 기준을 안내해주세요. 앱에서 확인이 어려워 문의드립니다.,보험,할인,S007,보험료 할인 적용 문의,Y,Y,Y
VOC00492,포인트가 누락된 것 같습니다,[접수일]에 주행을 완료했는데 포인트가 아직 적립되지 않았습니다. 빠른 확인 요청드립니다.,포인트,적립,S001,주행 포인트 미적립,Y,Y,Y
VOC03031,비밀번호를 재설정하고 싶습니다 빠른 확인 요청드립니다.,비밀번호 변경 절차와 조건을 안내해주세요.,회원,계정관리,S005,비밀번호 재설정,Y,Y,Y
VOC02666,계속 로그인에 실패합니다,여러 번 시도했지만 인증 후 다시 로그인 화면으로 돌아옵니다. 확인 부탁드립니다.,회원,로그인,S004,로그인 오류,Y,Y,Y
VOC05280,등록 차량 변경 요청,기존 차량 [차량번호]에서 새 차량 [새차량번호]로 변경했습니다.,차량,차량정보,S008,차량정보 변경,Y,Y,Y
VOC09944,운전점수와 포인트 관계,주행거리와 운전점수에 따라 포인트가 어떻게 산정되는지 알고 싶습니다.,포인트,적립기준,S015,포인트 적립 기준 문의,Y,Y,Y
VOC05767,서비스 계정을 삭제하고 싶어요,더 이상 서비스를 이용하지 않아 회원 탈퇴를 진행하고 싶습니다.,회원,계정관리,S009,회원 탈퇴,Y,Y,Y
VOC02265,아이디 입력 후 접속 오류,로그인 버튼을 눌러도 화면이 그대로입니다.,회원,로그인,S004,로그인 오류,Y,Y,Y
VOC09894,포인트 지급 조건 안내 요청 앱에서 확인이 어려워 문의드립니다.,포인트 지급 대상과 제외 조건을 자세히 안내해주세요.,포인트,적립기준,S015,포인트 적립 기준 문의,Y,Y,Y
VOC05387,가입 정보 삭제 요청,앱에서 탈퇴 메뉴를 찾을 수 없어 문의합니다. 앱에서 확인이 어려워 문의드립니다. 앱을 다시 실행해도 같은 상태입니다.,회원,계정관리,S009,회원 탈퇴,Y,Y,Y
VOC04088,보험료 할인이 반영됐나요 확인 부탁드립니다.,갱신 계약에 주행분석 할인 혜택이 반영되는지 문의드립니다.,보험,할인,S007,보험료 할인 적용 문의,Y,Y,Y
VOC00600,운전했는데 포인트가 안 들어왔어요,지난 주행 건에 대한 포인트를 받지 못했습니다. 확인 부탁드립니다.,포인트,적립,S001,주행 포인트 미적립,Y,Y,Y
VOC08990,회원정보의 전화번호가 다릅니다 확인 부탁드립니다.,기존 번호 [기존전화번호]에서 새 번호 [변경전화번호]로 변경하고 싶습니다.,회원,회원정보,S014,휴대전화 번호 변경,Y,Y,Y
VOC03137,비밀번호를 재설정하고 싶습니다 앱에서 확인이 어려워 문의드립니다.,비밀번호가 기억나지 않아 재설정하려고 합니다.,회원,계정관리,S005,비밀번호 재설정,Y,Y,Y
VOC08797,기존 전화번호 변경 문의,번호 변경 후 로그인 인증 문자가 이전 번호로 발송됩니다. 확인 부탁드립니다.,회원,회원정보,S014,휴대전화 번호 변경,Y,Y,Y
VOC07287,서비스 실행 불가 문의,앱을 실행하면 [오류코드] 오류가 표시되고 바로 종료됩니다.,앱,오류,S011,앱 실행 오류,Y,Y,Y
VOC00683,포인트 반영이 늦어지고 있습니다,오늘 주행을 마쳤는데 포인트가 아직 반영되지 않았습니다. 보통 얼마나 걸리나요?,포인트,적립,S002,주행 포인트 적립 지연,Y,Y,Y
VOC08082,증권 정보 수정 문의,앱에 표시된 계약자명이 [이름]으로 되어 있는데 실제 정보와 다릅니다. 앱을 다시 실행해도 같은 상태입니다.,보험,계약정보,S013,계약정보 불일치,Y,Y,Y
VOC04293,계약 할인 적용 상태 문의,안전운전 점수와 보험료 할인 적용 기준을 안내해주세요. 처리 방법을 안내해주세요.,보험,할인,S007,보험료 할인 적용 문의,Y,Y,Y
VOC07280,앱이 계속 종료됩니다,앱을 실행하면 [에러코드] 오류가 표시되고 바로 종료됩니다.,앱,오류,S011,앱 실행 오류,Y,Y,Y
VOC01791,포인트 사용 가능 서비스 문의,보험료 결제 외에도 포인트를 사용할 수 있는 곳이 있나요?,포인트,사용,S003,포인트 사용처 문의,Y,Y,Y
VOC05786,회원 탈퇴를 요청합니다,계정과 저장된 개인정보를 삭제하는 절차를 알려주세요.,회원,계정관리,S009,회원 탈퇴,Y,Y,Y
VOC00321,운전했는데 포인트가 안 들어왔어요,[출발지]에서 [도착지]까지 구간을 운전했는데 적립 내역이 확인되지 않습니다. 동일 현상이 반복되고 있습니다.,포인트,적립,S001,주행 포인트 미적립,Y,Y,Y
VOC03368,주행기록이 보이지 않습니다,[날짜]에 [출발지]-[도착지] 구간을 운전했는데 앱에서 기록이 보이지 않습니다. 처리 방법을 안내해주세요.,주행,주행기록,S006,주행기록 미반영,Y,Y,Y
VOC08830,기존 전화번호 변경 문의 확인 부탁드립니다.,휴대전화 번호를 바꿨는데 앱 회원정보에는 이전 번호가 표시됩니다.,회원,회원정보,S014,휴대전화 번호 변경,Y,Y,Y
VOC00887,포인트 적립 처리 중 문의,"포인트가 바로 들어오는지, 일정 시간이 필요한지 문의드립니다.",포인트,적립,S002,주행 포인트 적립 지연,Y,Y,Y
VOC02728,비밀번호를 재설정하고 싶습니다,비밀번호 변경 절차와 조건을 안내해주세요.,회원,계정관리,S005,비밀번호 재설정,Y,Y,Y
VOC08382,계약 차량 정보 불일치,갱신한 계약이 앱에서 이전 계약으로 보입니다. 확인 부탁드립니다. 필요한 확인 항목이 있다면 안내 부탁드립니다.,보험,계약정보,S013,계약정보 불일치,Y,Y,Y
VOC01760,보유 포인트 사용 방법 확인 부탁드립니다.,현재 보유한 포인트를 어디에서 사용할 수 있는지 확인 부탁드립니다. 앱에서 확인이 어려워 문의드립니다.,포인트,사용,S003,포인트 사용처 문의,Y,Y,Y
VOC00918,운전 후 포인트 반영 시간 문의,방금 운전한 기록은 보이는데 포인트는 처리 중으로 표시됩니다.,포인트,적립,S002,주행 포인트 적립 지연,Y,Y,Y
VOC03998,최근 주행기록 누락 문의,해당 시간대의 운전 내역이 누락되어 확인 요청드립니다.,주행,주행기록,S006,주행기록 미반영,Y,Y,Y
VOC03020,비밀번호 변경이 되지 않습니다,비밀번호 찾기 과정에서 [기존전화번호]로 인증번호가 오지 않습니다. 앱을 다시 실행해도 같은 상태입니다.,회원,계정관리,S005,비밀번호 재설정,Y,Y,Y
VOC07163,앱이 계속 종료됩니다 앱에서 확인이 어려워 문의드립니다.,특정 메뉴에 들어가면 화면이 멈추는 현상이 반복됩니다.,앱,오류,S011,앱 실행 오류,Y,Y,Y
VOC04474,보험료 할인이 반영됐나요,안전운전 점수와 보험료 할인 적용 기준을 안내해주세요.,보험,할인,S007,보험료 할인 적용 문의,Y,Y,Y
VOC07324,앱 화면이 멈춥니다,앱을 실행하면 [에러코드] 오류가 표시되고 바로 종료됩니다.,앱,오류,S011,앱 실행 오류,Y,Y,Y
VOC07481,사고 접수 후 연락이 없습니다,사건번호 [사고접수번호]와 관련해 현재 처리 단계를 확인하고 싶습니다.,사고,처리현황,S012,사고 처리 진행 문의,Y,Y,Y
VOC05386,가입 정보 삭제 요청,앱에서 탈퇴 메뉴를 찾을 수 없어 문의드립니다.,회원,계정관리,S009,회원 탈퇴,Y,Y,Y
VOC01092,주행 포인트는 언제 들어오나요,"포인트가 바로 들어오는지, 일정 시간이 필요한지 문의합니다.",포인트,적립,S002,주행 포인트 적립 지연,Y,Y,Y
VOC07607,사건번호 처리 상태 확인,[접수일]에 접수한 사고의 담당자 배정 여부가 궁금합니다. 확인 부탁드립니다.,사고,처리현황,S012,사고 처리 진행 문의,Y,Y,Y
VOC00203,주행 후 포인트가 없습니다 앱에서 확인이 어려워 문의드립니다.,지난 주행 건에 대한 포인트를 받지 못했습니다. 확인 부탁드립니다.,포인트,적립,S001,주행 포인트 미적립,Y,Y,Y
VOC02879,비밀번호를 재설정하고 싶습니다,새 비밀번호를 입력했지만 변경이 완료되지 않습니다. 관련 기준도 함께 알려주세요.,회원,계정관리,S005,비밀번호 재설정,Y,Y,Y
VOC03751,운전한 내역이 앱에 없습니다,[접수일]에 [주행구간] 구간을 운전했는데 앱에서 기록이 보이지 않습니다.,주행,주행기록,S006,주행기록 미반영,Y,Y,Y
VOC01290,포인트 반영이 늦어지고 있습니다 관련 기준도 함께 알려주세요.,방금 운전한 기록은 보이는데 포인트는 처리 중으로 표시됩니다. 관련 기준도 함께 알려주세요.,포인트,적립,S002,주행 포인트 적립 지연,Y,Y,Y
VOC01707,포인트 사용 가능 서비스 문의,적립된 포인트의 사용처와 사용 절차를 안내 부탁드립니다. 이전에 정상적으로 이용한 적이 있습니다.,포인트,사용,S003,포인트 사용처 문의,Y,Y,Y
VOC04719,차량을 변경했습니다,차량번호 변경 후 주행 서비스 연결 방법을 확인 요청드립니다. 확인 부탁드립니다.,차량,차량정보,S008,차량정보 변경,Y,Y,Y
VOC07058,앱 실행 중 오류가 발생합니다 처리 방법을 안내해주세요.,업데이트 이후 첫 화면에서 멈추고 다음으로 넘어가지 않습니다.,앱,오류,S011,앱 실행 오류,Y,Y,Y
VOC04886,기존 차량 삭제 후 신규 등록,기존 차량 [기존차량번호]에서 새 차량 [변경차량번호]로 변경했습니다.,차량,차량정보,S008,차량정보 변경,Y,Y,Y
VOC06260,사용하지 않은 포인트가 차감됐어요,사용한 적이 없는데 [금액] 포인트가 차감된 것으로 표시됩니다.,포인트,차감,S010,포인트 오차감,Y,Y,Y
VOC09375,포인트 적립 기준이 궁금합니다,포인트 지급 대상과 제외 조건을 자세히 안내해주세요.,포인트,적립기준,S015,포인트 적립 기준 문의,Y,Y,Y
VOC05310,기존 차량 삭제 후 신규 등록 빠른 확인 요청드립니다.,차량번호 변경 후 주행 서비스 연결 방법을 문의드립니다.,차량,차량정보,S008,차량정보 변경,Y,Y,Y
VOC01992,보유 포인트 사용 방법 관련 기준도 함께 알려주세요.,현재 보유한 포인트를 어디에서 사용할 수 있는지 알려주세요.,포인트,사용,S003,포인트 사용처 문의,Y,Y,Y
VOC02638,로그인 화면에서 넘어가지 않아요 빠른 확인 요청드립니다.,여러 번 시도했지만 인증 후 다시 로그인 화면으로 돌아옵니다. 관련 기준도 함께 알려주세요.,회원,로그인,S004,로그인 오류,Y,Y,Y
VOC02236,계속 로그인에 실패합니다,[에러코드] 메시지가 표시되면서 앱에 접속할 수 없습니다.,회원,로그인,S004,로그인 오류,Y,Y,Y
VOC04363,주행점수 할인 확인 요청,증권번호 [계약번호] 계약에 안전운전 할인이 적용됐는지 확인하고 싶습니다.,보험,할인,S007,보험료 할인 적용 문의,Y,Y,Y
VOC02911,새 비밀번호 등록 문의,비밀번호가 기억나지 않아 재설정하려고 합니다. 이전에 정상적으로 이용한 적이 있습니다.,회원,계정관리,S005,비밀번호 재설정,Y,Y,Y
VOC09938,주행 포인트 산정 방법 문의 앱에서 확인이 어려워 문의드립니다.,짧은 거리 주행도 포인트 적립 대상인지 문의드립니다.,포인트,적립기준,S015,포인트 적립 기준 문의,Y,Y,Y
VOC00255,주행 후 포인트가 없습니다,지난 주행 건에 대한 포인트를 받지 못했습니다. 확인 부탁드립니다.,포인트,적립,S001,주행 포인트 미적립,Y,Y,Y
VOC07642,사건번호 처리 상태 확인 처리 방법을 안내해주세요.,제출한 서류가 정상적으로 접수됐는지 알고 싶습니다.,사고,처리현황,S012,사고 처리 진행 문의,Y,Y,Y
VOC09408,주행 포인트 산정 방법 문의,짧은 거리 주행도 포인트 적립 대상인지 확인 요청드립니다.,포인트,적립기준,S015,포인트 적립 기준 문의,Y,Y,Y
VOC00091,주행 포인트 미적립 문의,[주행일]에 주행을 완료했는데 포인트가 아직 적립되지 않았습니다. 빠른 확인 요청드립니다.,포인트,적립,S001,주행 포인트 미적립,Y,Y,Y
VOC09248,새 번호로 인증받고 싶어요 빠른 확인 요청드립니다.,새 번호로 본인 인증을 진행하는 방법을 알려주세요.,회원,회원정보,S014,휴대전화 번호 변경,Y,Y,Y
VOC03245,비밀번호 변경이 되지 않습니다,새 비밀번호를 입력했지만 변경이 완료안 됩니다.,회원,계정관리,S005,비밀번호 재설정,Y,Y,Y
VOC04104,보험료 할인이 반영됐나요 확인 부탁드립니다.,갱신 계약에 주행분석 할인 혜택이 반영되는지 문의드립니다.,보험,할인,S007,보험료 할인 적용 문의,Y,Y,Y
VOC09244,회원정보의 전화번호가 다릅니다,새 번호로 본인 인증을 진행하는 방법을 알려주세요.,회원,회원정보,S014,휴대전화 번호 변경,Y,Y,Y
VOC09551,어떤 주행이 포인트 대상인가요,포인트를 받기 위한 최소 주행 조건이 궁금합니다. 확인 부탁드립니다.,포인트,적립기준,S015,포인트 적립 기준 문의,Y,Y,Y
VOC00458,포인트가 누락된 것 같습니다,주행 조건을 충족한 것으로 보이는데 포인트가 0으로 표시됩니다. 앱을 다시 실행해도 같은 상태입니다.,포인트,적립,S001,주행 포인트 미적립,Y,Y,Y
VOC04456,보험료 할인 혜택이 안내받고 싶습니다,안전운전 점수와 보험료 할인 적용 기준을 안내해주세요.,보험,할인,S007,보험료 할인 적용 문의,Y,Y,Y
VOC09332,기존 전화번호 변경 문의,새 번호로 본인 인증을 진행하는 방법을 알려주세요. 앱에서 확인이 어려워 문의드립니다.,회원,회원정보,S014,휴대전화 번호 변경,Y,Y,Y
VOC09713,운전점수와 포인트 관계,포인트를 받기 위한 최소 주행 조건이 안내받고 싶습니다. 이전에 정상적으로 이용한 적이 있습니다.,포인트,적립기준,S015,포인트 적립 기준 문의,Y,Y,Y
VOC01112,포인트가 아직 처리되지 않았어요,주행 후 몇 시간이 지났는데 아직 적립 대기 상태입니다. 현재 화면에서 직접 수정할 수 없습니다.,포인트,적립,S002,주행 포인트 적립 지연,Y,Y,Y
VOC04057,주행점수 할인 확인 요청 처리 방법을 안내해주세요.,갱신 계약에 주행분석 할인 혜택이 반영되는지 문의드립니다.,보험,할인,S007,보험료 할인 적용 문의,Y,Y,Y
VOC09634,운전점수와 포인트 관계,포인트를 받기 위한 최소 주행 조건이 궁금합니다.,포인트,적립기준,S015,포인트 적립 기준 문의,Y,Y,Y
VOC09869,포인트 지급 조건 안내 요청 앱에서 확인이 어려워 문의드립니다.,급가속이나 급감속 기록이 포인트 적립에 영향을 주나요?,포인트,적립기준,S015,포인트 적립 기준 문의,Y,Y,Y
VOC00657,운전했는데 포인트가 안 들어왔어요 처리 방법을 안내해주세요.,[접수일]에 주행을 완료했는데 포인트가 아직 적립되지 않았습니다. 필요한 확인 항목이 있다면 안내 부탁드립니다.,포인트,적립,S001,주행 포인트 미적립,Y,Y,Y
VOC06405,포인트 잔액 오류,포인트 내역에 알 수 없는 차감 기록이 있습니다.,포인트,차감,S010,포인트 오차감,Y,Y,Y
VOC02673,비밀번호를 재설정하고 싶습니다,새 비밀번호를 입력했지만 변경이 완료되지 않습니다.,회원,계정관리,S005,비밀번호 재설정,Y,Y,Y
VOC01179,주행 포인트는 언제 들어오나요,주행 후 몇 시간이 지났는데 아직 적립 대기 상태입니다. 앱에서 확인이 어려워 문의드립니다.,포인트,적립,S002,주행 포인트 적립 지연,Y,Y,Y
VOC09582,포인트 지급 조건 안내 요청,포인트 지급 대상과 제외 조건을 자세히 안내해주세요.,포인트,적립기준,S015,포인트 적립 기준 문의,Y,Y,Y
VOC07194,서비스 실행 불가 문의 앱에서 확인이 어려워 문의드립니다.,업데이트 이후 첫 화면에서 멈추고 다음으로 넘어가지 않습니다.,앱,오류,S011,앱 실행 오류,Y,Y,Y
VOC03733,주행기록이 보이지 않습니다,[주행일]에 [출발지]-[도착지] 구간을 운전했는데 앱에서 기록이 보이지 않습니다. 관련 기준도 함께 알려주세요.,주행,주행기록,S006,주행기록 미반영,Y,Y,Y
VOC04278,계약 할인 적용 상태 문의,안전운전 점수와 보험료 할인 적용 기준을 안내해주세요. 확인 부탁드립니다. 동일 현상이 반복되고 있습니다.,보험,할인,S007,보험료 할인 적용 문의,Y,Y,Y
VOC04572,계약 할인 적용 상태 문의,증권번호 [증권번호] 계약에 안전운전 할인이 적용됐는지 확인하고 싶습니다. 이전에 정상적으로 이용한 적이 있습니다.,보험,할인,S007,보험료 할인 적용 문의,Y,Y,Y
VOC05875,앱 회원 탈퇴 방법 문의,계정과 저장된 개인정보를 삭제하는 절차를 확인 부탁드립니다. 관련 기준도 함께 알려주세요.,회원,계정관리,S009,회원 탈퇴,Y,Y,Y
VOC03597,앱에서 운전 기록 확인 불가 처리 방법을 안내해주세요.,차량은 정상적으로 운행했는데 주행 데이터가 수집되지 않은 것 같습니다.,주행,주행기록,S006,주행기록 미반영,Y,Y,Y
VOC08957,회원정보의 전화번호가 다릅니다,새 번호로 본인 인증을 진행하는 방법을 알려주세요.,회원,회원정보,S014,휴대전화 번호 변경,Y,Y,Y
VOC05975,더 이상 서비스를 이용하지 않습니다 처리 방법을 안내해주세요.,회원 탈퇴 시 남은 포인트와 주행기록이 어떻게 처리되는지 궁금합니다. 확인 부탁드립니다. 현재 화면에서 직접 수정할 수 없습니다.,회원,계정관리,S009,회원 탈퇴,Y,Y,Y
VOC08934,회원정보의 전화번호가 다릅니다,등록된 연락처가 실제 사용하는 번호와 달라 수정 요청드립니다. 이전에 정상적으로 이용한 적이 있습니다.,회원,회원정보,S014,휴대전화 번호 변경,Y,Y,Y
VOC00361,주행 포인트가 적립되지 않았습니다 빠른 확인 요청드립니다.,[출발지]-[도착지] 구간을 운전했는데 적립 내역이 확인되지 않습니다. 앱에서 확인이 어려워 문의드립니다. 앱을 다시 실행해도 같은 상태입니다.,포인트,적립,S001,주행 포인트 미적립,Y,Y,Y
VOC03666,최근 주행기록 누락 문의,차량은 정상적으로 운행했는데 주행 데이터가 수집되지 않은 것 같습니다. 앱에서 확인이 어려워 문의드립니다. 이전에 정상적으로 이용한 적이 있습니다.,주행,주행기록,S006,주행기록 미반영,Y,Y,Y
VOC00710,운전 후 포인트 반영 시간 문의,방금 운전한 기록은 보이는데 포인트는 처리 중으로 표시됩니다.,포인트,적립,S002,주행 포인트 적립 지연,Y,Y,Y
VOC09934,어떤 주행이 포인트 대상인가요,짧은 거리 주행도 포인트 적립 대상인지 문의드립니다. 빠른 확인 요청드립니다.,포인트,적립기준,S015,포인트 적립 기준 문의,Y,Y,Y
VOC04094,안전운전 할인 적용 여부 문의,안전운전 점수와 보험료 할인 적용 기준을 안내해주세요.,보험,할인,S007,보험료 할인 적용 문의,Y,Y,Y
VOC03050,비밀번호가 기억나지 않아요,본인 인증 후 비밀번호 재설정 화면으로 이동하지 않습니다. 필요한 확인 항목이 있다면 안내 부탁드립니다.,회원,계정관리,S005,비밀번호 재설정,Y,Y,Y
VOC04541,계약 할인 적용 상태 문의,안전운전 점수와 보험료 할인 적용 기준을 안내해주세요.,보험,할인,S007,보험료 할인 적용 문의,Y,Y,Y
VOC02080,앱 로그인이 되지 않습니다 앱에서 확인이 어려워 문의드립니다.,여러 번 시도했지만 인증 후 다시 로그인 화면으로 돌아옵니다.,회원,로그인,S004,로그인 오류,Y,Y,Y
VOC08655,계약정보가 다르게 표시됩니다,증권번호 [증권번호]의 차량정보가 현재 차량과 일치하지 않습니다.,보험,계약정보,S013,계약정보 불일치,Y,Y,Y
VOC01351,포인트 사용 가능 서비스 문의,현재 보유한 포인트를 어디에서 사용할 수 있는지 알려주세요.,포인트,사용,S003,포인트 사용처 문의,Y,Y,Y
VOC02781,새 비밀번호 등록 문의,새 비밀번호를 입력했지만 변경이 완료되지 않습니다.,회원,계정관리,S005,비밀번호 재설정,Y,Y,Y
VOC09103,휴대전화 번호를 변경하고 싶습니다,번호 변경 후 로그인 인증 문자가 이전 번호로 발송됩니다. 확인 부탁드립니다.,회원,회원정보,S014,휴대전화 번호 변경,Y,Y,Y
VOC05440,더 이상 서비스를 이용하지 않습니다,회원 탈퇴 시 남은 포인트와 주행기록이 어떻게 처리되는지 궁금합니다. 앱을 다시 실행해도 같은 상태입니다.,회원,계정관리,S009,회원 탈퇴,Y,Y,Y
VOC04410,보험료 할인 혜택이 확인하고 싶습니다,현재 운전점수 기준으로 받을 수 있는 보험료 할인율이 궁금합니다.,보험,할인,S007,보험료 할인 적용 문의,Y,Y,Y
VOC08839,휴대전화 번호를 변경하고 싶습니다,등록된 연락처가 실제 사용하는 번호와 달라 수정 요청드립니다.,회원,회원정보,S014,휴대전화 번호 변경,Y,Y,Y
VOC08974,회원정보의 전화번호가 다릅니다,번호 변경 후 로그인 인증 문자가 이전 번호로 발송됩니다. 빠른 확인 요청드립니다.,회원,회원정보,S014,휴대전화 번호 변경,Y,Y,Y
VOC02197,로그인 화면에서 넘어가지 않아요,[에러코드] 메시지가 표시되면서 앱에 접속할 수 없습니다.,회원,로그인,S004,로그인 오류,Y,Y,Y
VOC05234,앱 차량정보 수정 문의 앱에서 확인이 어려워 문의드립니다.,차량번호 변경 후 주행 서비스 연결 방법을 문의드립니다. 처리 방법을 안내해주세요.,차량,차량정보,S008,차량정보 변경,Y,Y,Y
VOC06640,사용하지 않은 포인트가 차감됐어요 처리 방법을 안내해주세요.,포인트 사용 이력과 실제 잔액이 맞지 않습니다. 처리 방법을 안내해주세요.,포인트,차감,S010,포인트 오차감,Y,Y,Y
VOC08250,계약 차량 정보 불일치 관련 기준도 함께 알려주세요.,갱신한 계약이 앱에서 이전 계약으로 보입니다. 앱에서 확인이 어려워 문의드립니다.,보험,계약정보,S013,계약정보 불일치,Y,Y,Y
VOC03709,운전한 내역이 앱에 없습니다,차량은 정상적으로 운행했는데 주행 데이터가 수집되지 않은 것 같습니다.,주행,주행기록,S006,주행기록 미반영,Y,Y,Y
VOC02985,비밀번호 변경이 되지 않습니다 관련 기준도 함께 알려주세요.,비밀번호가 기억나지 않아 재설정하려고 합니다.,회원,계정관리,S005,비밀번호 재설정,Y,Y,Y
VOC01843,포인트를 사용할 수 있는 곳,현재 보유한 포인트를 어디에서 사용할 수 있는지 알려주세요. 빠른 확인 요청드립니다.,포인트,사용,S003,포인트 사용처 문의,Y,Y,Y
VOC08243,앱의 계약 내용이 맞지 않아요,보험 계약 정보 중 일부 항목이 잘못되어 수정 요청드립니다. 앱을 다시 실행해도 같은 상태입니다.,보험,계약정보,S013,계약정보 불일치,Y,Y,Y
VOC07135,앱 화면이 멈춥니다,재설치 후에도 동일하게 앱이 강제 종료됩니다. 관련 기준도 함께 알려주세요.,앱,오류,S011,앱 실행 오류,Y,Y,Y
VOC06620,잘못 차감된 포인트 문의,사용한 적이 없는데 [포인트수량] 포인트가 차감된 것으로 표시됩니다.,포인트,차감,S010,포인트 오차감,Y,Y,Y
VOC02068,아이디 입력 후 접속 오류,로그인 버튼을 눌러도 화면이 그대로입니다.,회원,로그인,S004,로그인 오류,Y,Y,Y
VOC09429,운전점수와 포인트 관계,포인트 지급 대상과 제외 조건을 자세히 안내해주세요. 확인 부탁드립니다.,포인트,적립기준,S015,포인트 적립 기준 문의,Y,Y,Y
VOC04246,보험료 할인 혜택이 확인하고 싶습니다,증권번호 [증권번호] 계약에 안전운전 할인이 적용됐는지 확인하고 싶습니다. 앱에서 확인이 어려워 문의드립니다.,보험,할인,S007,보험료 할인 적용 문의,Y,Y,Y
VOC07384,접수한 사고는 어떻게 진행되고 있나요 빠른 확인 요청드립니다.,[날짜]에 접수한 사고의 담당자 배정 여부가 궁금합니다.,사고,처리현황,S012,사고 처리 진행 문의,Y,Y,Y
VOC03477,주행기록이 보이지 않습니다,해당 시간대의 운전 내역이 누락되어 확인 요청드립니다. 처리 방법을 안내해주세요.,주행,주행기록,S006,주행기록 미반영,Y,Y,Y
VOC03536,운전한 내역이 앱에 없습니다,주행 종료 후에도 거리와 시간이 0으로 표시됩니다. 처리 방법을 안내해주세요.,주행,주행기록,S006,주행기록 미반영,Y,Y,Y
VOC08228,계약 차량 정보 불일치,앱에 표시된 계약자명이 [계약자명]으로 되어 있는데 실제 정보와 다릅니다.,보험,계약정보,S013,계약정보 불일치,Y,Y,Y
VOC08172,계약정보가 다르게 표시됩니다 처리 방법을 안내해주세요.,앱에 표시된 계약자명이 [이름]으로 되어 있는데 실제 정보와 다릅니다.,보험,계약정보,S013,계약정보 불일치,Y,Y,Y
VOC02770,새 비밀번호 등록 문의,본인 인증 후 비밀번호 재설정 화면으로 이동하지 않습니다. 관련 기준도 함께 알려주세요.,회원,계정관리,S005,비밀번호 재설정,Y,Y,Y
VOC03631,주행 데이터가 반영되지 않았어요,운전을 완료했지만 최근 주행 목록에 추가되지 않았습니다.,주행,주행기록,S006,주행기록 미반영,Y,Y,Y
VOC02306,아이디 입력 후 접속 오류 관련 기준도 함께 알려주세요.,로그인 버튼을 눌러도 화면이 그대로입니다.,회원,로그인,S004,로그인 오류,Y,Y,Y
VOC03395,최근 주행기록 누락 문의,[주행일]에 [출발지]에서 [도착지]까지 구간을 운전했는데 앱에서 기록이 보이지 않습니다.,주행,주행기록,S006,주행기록 미반영,Y,Y,Y
VOC05413,회원 탈퇴를 요청합니다,본인 인증 후 탈퇴가 완료되지 않아 확인 부탁드립니다.,회원,계정관리,S009,회원 탈퇴,Y,Y,Y
VOC06530,사용하지 않은 포인트가 차감됐어요,포인트 내역에 알 수 없는 차감 기록이 있습니다.,포인트,차감,S010,포인트 오차감,Y,Y,Y
VOC06335,포인트 잔액 오류,결제를 취소했는데 차감된 포인트가 복구되지 않았습니다.,포인트,차감,S010,포인트 오차감,Y,Y,Y
VOC01588,포인트를 사용할 수 있는 곳,적립된 포인트의 사용처와 사용 절차를 안내 부탁드립니다.,포인트,사용,S003,포인트 사용처 문의,Y,Y,Y
VOC07303,업데이트 후 앱이 열리지 않아요 관련 기준도 함께 알려주세요.,재설치 후에도 동일하게 앱이 강제 종료됩니다.,앱,오류,S011,앱 실행 오류,Y,Y,Y
VOC04107,주행점수 할인 확인 요청,안전운전 점수와 보험료 할인 적용 기준을 안내해주세요.,보험,할인,S007,보험료 할인 적용 문의,Y,Y,Y
VOC05769,회원 탈퇴를 요청합니다,본인 인증 후 탈퇴가 완료되지 않아 확인 부탁드립니다. 앱에서 확인이 어려워 문의드립니다.,회원,계정관리,S009,회원 탈퇴,Y,Y,Y
VOC01750,적립 포인트는 어디서 쓰나요,현재 보유한 포인트를 어디에서 사용할 수 있는지 확인 부탁드립니다.,포인트,사용,S003,포인트 사용처 문의,Y,Y,Y
VOC00597,포인트가 누락된 것 같습니다,[주행구간] 구간을 운전했는데 적립 내역이 확인되지 않습니다.,포인트,적립,S001,주행 포인트 미적립,Y,Y,Y
VOC06767,앱 화면이 멈춥니다 빠른 확인 요청드립니다.,앱을 실행하면 [오류코드] 오류가 표시되고 바로 종료됩니다. 확인 부탁드립니다.,앱,오류,S011,앱 실행 오류,Y,Y,Y
VOC08640,증권 정보 수정 문의 확인 부탁드립니다.,갱신한 계약이 앱에서 이전 계약으로 보입니다. 현재 화면에서 직접 수정할 수 없습니다.,보험,계약정보,S013,계약정보 불일치,Y,Y,Y
VOC09723,운전점수와 포인트 관계,포인트를 받기 위한 최소 주행 조건이 궁금합니다. 처리 방법을 안내해주세요.,포인트,적립기준,S015,포인트 적립 기준 문의,Y,Y,Y
VOC04292,보험료 할인이 반영됐나요,앱에는 할인 대상이라고 나오는데 실제 보험료에 적용됐는지 알고 싶습니다. 앱에서 확인이 어려워 문의드립니다.,보험,할인,S007,보험료 할인 적용 문의,Y,Y,Y
VOC06429,포인트 차감 내역이 이상합니다,어제 확인한 잔액과 오늘 잔액이 달라서 문의드립니다.,포인트,차감,S010,포인트 오차감,Y,Y,Y
VOC09961,포인트 지급 조건 안내 요청,급가속이나 급감속 기록이 포인트 적립에 영향을 주나요? 앱을 다시 실행해도 같은 상태입니다.,포인트,적립기준,S015,포인트 적립 기준 문의,Y,Y,Y
VOC08692,새 번호로 인증받고 싶어요,새 번호로 본인 인증을 진행하는 방법을 알려주세요.,회원,회원정보,S014,휴대전화 번호 변경,Y,Y,Y
VOC06711,앱이 계속 종료됩니다,앱을 실행하면 [에러코드] 오류가 표시되고 바로 종료됩니다.,앱,오류,S011,앱 실행 오류,Y,Y,Y
VOC01865,포인트 사용처가 궁금합니다,보험료 결제 외에도 포인트를 사용할 수 있는 곳이 있나요?,포인트,사용,S003,포인트 사용처 문의,Y,Y,Y
VOC04742,등록 차량 변경 요청,기존 차량을 삭제하고 새 차량을 등록하는 방법을 알려주세요. 이전에 정상적으로 이용한 적이 있습니다.,차량,차량정보,S008,차량정보 변경,Y,Y,Y
VOC02530,아이디 입력 후 접속 오류 관련 기준도 함께 알려주세요.,여러 번 시도했지만 인증 후 다시 로그인 화면으로 돌아옵니다.,회원,로그인,S004,로그인 오류,Y,Y,Y
VOC01391,포인트 사용 가능 서비스 문의 앱에서 확인이 어려워 문의드립니다.,포인트 사용 가능한 서비스와 제한 조건이 궁금합니다.,포인트,사용,S003,포인트 사용처 문의,Y,Y,Y
VOC05000,새 차량으로 바꾸고 싶어요,차량번호 변경 후 주행 서비스 연결 방법을 문의드립니다.,차량,차량정보,S008,차량정보 변경,Y,Y,Y
VOC06298,사용하지 않은 포인트가 차감됐어요,결제를 취소했는데 차감된 포인트가 복구되지 않았습니다.,포인트,차감,S010,포인트 오차감,Y,Y,Y
VOC03870,주행기록이 보이지 않습니다,주행 종료 후에도 거리와 시간이 0으로 표시됩니다.,주행,주행기록,S006,주행기록 미반영,Y,Y,Y
VOC03962,운전한 내역이 앱에 없습니다,[접수일]에 [주행구간] 구간을 운전했는데 앱에서 기록이 보이지 않습니다.,주행,주행기록,S006,주행기록 미반영,Y,Y,Y
VOC07532,사고 처리 진행 상황 문의,사건번호 [사건번호]와 관련해 현재 처리 단계를 확인하고 싶습니다. 이전에 정상적으로 이용한 적이 있습니다.,사고,처리현황,S012,사고 처리 진행 문의,Y,Y,Y
VOC09943,포인트 적립 기준이 궁금합니다,포인트 지급 대상과 제외 조건을 자세히 안내해주세요. 앱을 다시 실행해도 같은 상태입니다.,포인트,적립기준,S015,포인트 적립 기준 문의,Y,Y,Y
VOC02423,로그인 화면에서 넘어가지 않아요,[오류코드] 메시지가 표시되면서 앱에 접속할 수 없습니다. 빠른 확인 요청드립니다.,회원,로그인,S004,로그인 오류,Y,Y,Y
VOC09038,새 번호로 인증받고 싶어요,새 번호로 본인 인증을 진행하는 방법을 알려주세요.,회원,회원정보,S014,휴대전화 번호 변경,Y,Y,Y
VOC01711,포인트를 사용할 수 있는 곳,앱에 [금액] 포인트가 있는데 사용 가능한 항목을 확인하고 싶습니다.,포인트,사용,S003,포인트 사용처 문의,Y,Y,Y
VOC01752,포인트 사용처가 안내받고 싶습니다,앱에 [포인트수량] 포인트가 있는데 사용 가능한 항목을 확인하고 싶습니다.,포인트,사용,S003,포인트 사용처 문의,Y,Y,Y
VOC04378,안전운전 할인 적용 여부 문의,증권번호 [증권번호] 계약에 안전운전 할인이 적용됐는지 확인하고 싶습니다.,보험,할인,S007,보험료 할인 적용 문의,Y,Y,Y
VOC03211,새 비밀번호 등록 문의 관련 기준도 함께 알려주세요.,비밀번호 찾기 과정에서 [전화번호]로 인증번호가 오지 않습니다. 확인 부탁드립니다. 앱을 다시 실행해도 같은 상태입니다.,회원,계정관리,S005,비밀번호 재설정,Y,Y,Y
VOC06822,앱 실행 중 오류가 발생합니다 빠른 확인 요청드립니다.,앱을 실행하면 [에러코드] 오류가 표시되고 바로 종료됩니다.,앱,오류,S011,앱 실행 오류,Y,Y,Y
VOC06540,포인트 잔액 오류,포인트 사용 이력과 실제 잔액이 맞지 않습니다.,포인트,차감,S010,포인트 오차감,Y,Y,Y
VOC06433,포인트 잔액 오류,결제를 취소했는데 차감된 포인트가 복구되지 않았습니다. 빠른 확인 요청드립니다.,포인트,차감,S010,포인트 오차감,Y,Y,Y
VOC02124,계속 로그인에 실패합니다,아이디와 비밀번호를 입력해도 로그인 오류가 발생합니다.,회원,로그인,S004,로그인 오류,Y,Y,Y
VOC03743,운전한 내역이 앱에 없습니다,주행 종료 후에도 거리와 시간이 0으로 표시됩니다.,주행,주행기록,S006,주행기록 미반영,Y,Y,Y
VOC01759,보유 포인트 사용 방법 앱에서 확인이 어려워 문의드립니다.,적립된 포인트의 사용처와 사용 절차를 안내 부탁드립니다.,포인트,사용,S003,포인트 사용처 문의,Y,Y,Y
VOC01528,적립 포인트는 어디서 쓰나요,포인트 사용 가능한 서비스와 제한 조건이 궁금합니다.,포인트,사용,S003,포인트 사용처 문의,Y,Y,Y
VOC00179,운전했는데 포인트가 안 들어왔어요 확인 부탁드립니다.,[주행일]에 주행을 완료했는데 포인트가 아직 적립되지 않았습니다.,포인트,적립,S001,주행 포인트 미적립,Y,Y,Y
VOC07499,사고 처리 진행 상황 문의,[접수일]에 접수한 사고의 담당자 배정 여부가 확인하고 싶습니다. 이전에 정상적으로 이용한 적이 있습니다.,사고,처리현황,S012,사고 처리 진행 문의,Y,Y,Y
VOC04998,등록 차량 변경 요청,보험 계약 차량은 변경됐는데 앱에는 이전 차량이 표시됩니다.,차량,차량정보,S008,차량정보 변경,Y,Y,Y
VOC07117,앱 실행 중 오류가 발생합니다,앱을 열면 흰 화면만 보이고 아무 기능도 사용할 수 없습니다. 관련 기준도 함께 알려주세요.,앱,오류,S011,앱 실행 오류,Y,Y,Y
VOC03642,운전한 내역이 앱에 없습니다,[주행일]에 [출발지]-[도착지] 구간을 운전했는데 앱에서 기록이 보이지 않습니다.,주행,주행기록,S006,주행기록 미반영,Y,Y,Y
VOC02849,새 비밀번호 등록 문의,새 비밀번호를 입력했지만 변경이 완료되지 않습니다.,회원,계정관리,S005,비밀번호 재설정,Y,Y,Y
VOC02839,비밀번호를 재설정하고 싶습니다,비밀번호 찾기 과정에서 [기존전화번호]로 인증번호가 오지 않습니다. 관련 기준도 함께 알려주세요.,회원,계정관리,S005,비밀번호 재설정,Y,Y,Y
VOC00173,주행 후 포인트가 없습니다 앱에서 확인이 어려워 문의드립니다.,주행 조건을 충족한 것으로 보이는데 포인트가 0으로 표시됩니다.,포인트,적립,S001,주행 포인트 미적립,Y,Y,Y
VOC06097,포인트 잔액 오류,결제를 취소했는데 차감된 포인트가 복구되지 않았습니다. 확인 부탁드립니다.,포인트,차감,S010,포인트 오차감,Y,Y,Y
VOC03608,최근 주행기록 누락 문의,차량은 정상적으로 운행했는데 주행 데이터가 수집되지 않은 것 같습니다.,주행,주행기록,S006,주행기록 미반영,Y,Y,Y
VOC09488,포인트 적립 기준이 궁금합니다 확인 부탁드립니다.,포인트를 받기 위한 최소 주행 조건이 궁금합니다. 현재 화면에서 직접 수정할 수 없습니다.,포인트,적립기준,S015,포인트 적립 기준 문의,Y,Y,Y
VOC06175,잘못 차감된 포인트 문의 관련 기준도 함께 알려주세요.,포인트 내역에 알 수 없는 차감 기록이 있습니다.,포인트,차감,S010,포인트 오차감,Y,Y,Y
VOC02360,앱 로그인이 정상적으로 처리되지 않습니다,로그인 버튼을 눌러도 화면이 그대로입니다.,회원,로그인,S004,로그인 오류,Y,Y,Y
VOC07289,앱 실행 중 오류가 발생합니다,앱을 실행하면 [오류코드] 오류가 표시되고 바로 종료됩니다.,앱,오류,S011,앱 실행 오류,Y,Y,Y
VOC09221,등록 연락처 수정 요청,등록된 연락처가 실제 사용하는 번호와 달라 수정 요청드립니다.,회원,회원정보,S014,휴대전화 번호 변경,Y,Y,Y
VOC07395,접수한 사고는 어떻게 진행되고 있나요,보상 심사가 어느 단계까지 진행됐는지 확인 부탁드립니다.,사고,처리현황,S012,사고 처리 진행 문의,Y,Y,Y
VOC00072,포인트가 누락된 것 같습니다,지난 주행 건에 대한 포인트를 받지 못했습니다. 확인 부탁드립니다.,포인트,적립,S001,주행 포인트 미적립,Y,Y,Y
VOC00431,주행 포인트 미적립 문의,[날짜]에 주행을 완료했는데 포인트가 아직 적립되지 않았습니다. 앱에서 확인이 어려워 문의드립니다.,포인트,적립,S001,주행 포인트 미적립,Y,Y,Y
VOC07479,사고 처리 진행 상황 문의,[주행일]에 접수한 사고의 담당자 배정 여부가 궁금합니다.,사고,처리현황,S012,사고 처리 진행 문의,Y,Y,Y
VOC04035,보험료 할인 혜택이 궁금합니다,앱에는 할인 대상이라고 나오는데 실제 보험료에 적용됐는지 알고 싶습니다.,보험,할인,S007,보험료 할인 적용 문의,Y,Y,Y
VOC00424,운전했는데 포인트가 안 들어왔어요 확인 부탁드립니다.,주행 조건을 충족한 것으로 보이는데 포인트가 0으로 표시됩니다.,포인트,적립,S001,주행 포인트 미적립,Y,Y,Y
VOC07347,사고 접수 후 연락이 없습니다,사건번호 [사건번호]와 관련해 현재 처리 단계를 확인하고 싶습니다. 처리 방법을 안내해주세요.,사고,처리현황,S012,사고 처리 진행 문의,Y,Y,Y
VOC09906,포인트 지급 조건 안내 요청 처리 방법을 안내해주세요.,포인트를 받기 위한 최소 주행 조건이 궁금합니다.,포인트,적립기준,S015,포인트 적립 기준 문의,Y,Y,Y
VOC04732,차량을 변경했습니다,차량번호 변경 후 주행 서비스 연결 방법을 문의드립니다.,차량,차량정보,S008,차량정보 변경,Y,Y,Y
VOC09468,포인트 지급 조건 안내 요청,포인트를 받기 위한 최소 주행 조건이 궁금합니다.,포인트,적립기준,S015,포인트 적립 기준 문의,Y,Y,Y
VOC07173,서비스 실행 불가 문의 관련 기준도 함께 알려주세요.,업데이트 이후 첫 화면에서 멈추고 다음으로 넘어가지 않습니다.,앱,오류,S011,앱 실행 오류,Y,Y,Y
VOC03077,비밀번호가 기억나지 않아요 빠른 확인 요청드립니다.,비밀번호가 기억나지 않아 재설정하려고 합니다.,회원,계정관리,S005,비밀번호 재설정,Y,Y,Y
VOC09689,포인트 지급 조건 안내 요청 관련 기준도 함께 알려주세요.,급가속이나 급감속 기록이 포인트 적립에 영향을 주나요?,포인트,적립기준,S015,포인트 적립 기준 문의,Y,Y,Y
VOC09374,포인트 지급 조건 안내 요청,포인트를 받기 위한 최소 주행 조건이 궁금합니다.,포인트,적립기준,S015,포인트 적립 기준 문의,Y,Y,Y
VOC00242,운전했는데 포인트가 안 들어왔어요 앱에서 확인이 어려워 문의드립니다.,운전 기록은 정상적으로 보이지만 포인트가 들어오지 않았습니다.,포인트,적립,S001,주행 포인트 미적립,Y,Y,Y
VOC02411,계속 로그인에 실패합니다,기존에 사용하던 계정으로 접속되지 않아 문의드립니다.,회원,로그인,S004,로그인 오류,Y,Y,Y
VOC05527,더 이상 서비스를 이용하지 않습니다,본인 인증 후 탈퇴가 완료되지 않아 확인 부탁드립니다.,회원,계정관리,S009,회원 탈퇴,Y,Y,Y
VOC04224,보험료 할인 혜택이 궁금합니다,안전운전 점수와 보험료 할인 적용 기준을 안내해주세요.,보험,할인,S007,보험료 할인 적용 문의,Y,Y,Y
VOC00299,주행 포인트 미적립 문의,지난 주행 건에 대한 포인트를 받지 못했습니다. 확인 부탁드립니다.,포인트,적립,S001,주행 포인트 미적립,Y,Y,Y
VOC06253,사용하지 않은 포인트가 차감됐어요,어제 확인한 잔액과 오늘 잔액이 달라서 문의드립니다.,포인트,차감,S010,포인트 오차감,Y,Y,Y
VOC00726,포인트 적립 처리 중 문의,오늘 주행을 마쳤는데 포인트가 아직 반영되지 않았습니다. 보통 얼마나 걸리나요? 처리 방법을 안내해주세요.,포인트,적립,S002,주행 포인트 적립 지연,Y,Y,Y
VOC07494,보상 처리 단계 문의 앱에서 확인이 어려워 문의드립니다.,[주행일]에 접수한 사고의 담당자 배정 여부가 안내받고 싶습니다. 앱에서 확인이 어려워 문의드립니다.,사고,처리현황,S012,사고 처리 진행 문의,Y,Y,Y
VOC05914,서비스 계정을 삭제하고 싶어요,앱에서 탈퇴 메뉴를 찾을 수 없어 문의드립니다.,회원,계정관리,S009,회원 탈퇴,Y,Y,Y
VOC02408,로그인 화면에서 넘어가지 않아요,여러 번 시도했지만 인증 후 다시 로그인 화면으로 돌아옵니다. 관련 기준도 함께 알려주세요.,회원,로그인,S004,로그인 오류,Y,Y,Y
VOC08433,증권 정보 수정 문의,앱에 표시된 계약자명이 [계약자명]으로 되어 있는데 실제 정보와 다릅니다. 빠른 확인 요청드립니다.,보험,계약정보,S013,계약정보 불일치,Y,Y,Y
VOC07685,보상 처리 단계 문의,[날짜]에 접수한 사고의 담당자 배정 여부가 궁금합니다.,사고,처리현황,S012,사고 처리 진행 문의,Y,Y,Y
VOC04840,새 차량으로 바꾸고 싶어요 관련 기준도 함께 알려주세요.,차량을 교체해서 앱의 등록 정보를 수정하고 싶습니다.,차량,차량정보,S008,차량정보 변경,Y,Y,Y
VOC08173,계약 차량 정보 불일치,증권번호 [증권번호]의 차량정보가 현재 차량과 일치하지 않습니다.,보험,계약정보,S013,계약정보 불일치,Y,Y,Y
VOC02963,비밀번호가 기억나지 않아요,새 비밀번호를 입력했지만 변경이 완료되지 않습니다. 빠른 확인 요청드립니다.,회원,계정관리,S005,비밀번호 재설정,Y,Y,Y
VOC07438,사고 처리 진행 상황 문의,[날짜]에 접수한 사고의 담당자 배정 여부가 궁금합니다.,사고,처리현황,S012,사고 처리 진행 문의,Y,Y,Y
VOC07547,사고 접수 후 연락이 없습니다,보상 심사가 어느 단계까지 진행됐는지 확인 부탁드립니다.,사고,처리현황,S012,사고 처리 진행 문의,Y,Y,Y
VOC07133,앱 화면이 멈춥니다,특정 메뉴에 들어가면 화면이 멈추는 현상이 반복됩니다.,앱,오류,S011,앱 실행 오류,Y,Y,Y
VOC06368,포인트 잔액 오류,포인트 내역에 알 수 없는 차감 기록이 있습니다.,포인트,차감,S010,포인트 오차감,Y,Y,Y
VOC02501,계정 접속이 불가능합니다,아이디와 비밀번호를 입력해도 로그인 오류가 발생합니다.,회원,로그인,S004,로그인 오류,Y,Y,Y
VOC09031,회원정보의 전화번호가 다릅니다,번호 변경 후 로그인 인증 문자가 이전 번호로 발송됩니다. 확인 부탁드립니다.,회원,회원정보,S014,휴대전화 번호 변경,Y,Y,Y
VOC07120,앱 실행 중 오류가 발생합니다,앱을 열면 흰 화면만 보이고 아무 기능도 사용할 수 없습니다.,앱,오류,S011,앱 실행 오류,Y,Y,Y
VOC03614,주행 데이터가 반영되지 않았어요 관련 기준도 함께 알려주세요.,주행 종료 후에도 거리와 시간이 0으로 표시됩니다. 관련 기준도 함께 알려주세요.,주행,주행기록,S006,주행기록 미반영,Y,Y,Y
VOC06288,포인트 잔액 오류,포인트 내역에 알 수 없는 차감 기록이 있습니다. 관련 기준도 함께 알려주세요.,포인트,차감,S010,포인트 오차감,Y,Y,Y
VOC04037,보험료 할인 혜택이 궁금합니다,증권번호 [계약번호] 계약에 안전운전 할인이 적용됐는지 확인하고 싶습니다.,보험,할인,S007,보험료 할인 적용 문의,Y,Y,Y
VOC00787,주행 포인트는 언제 들어오나요,방금 운전한 기록은 보이는데 포인트는 처리 중으로 표시됩니다.,포인트,적립,S002,주행 포인트 적립 지연,Y,Y,Y
VOC08253,계약정보가 다르게 표시됩니다,앱에 표시된 계약자명이 [계약자명]으로 되어 있는데 실제 정보와 다릅니다. 빠른 확인 요청드립니다. 이전에 정상적으로 이용한 적이 있습니다.,보험,계약정보,S013,계약정보 불일치,Y,Y,Y
VOC05921,서비스 계정을 삭제하고 싶어요,더 이상 서비스를 이용하지 않아 회원 탈퇴를 진행하고 싶습니다. 처리 방법을 안내해주세요.,회원,계정관리,S009,회원 탈퇴,Y,Y,Y
VOC06365,잘못 차감된 포인트 문의,포인트 사용 이력과 실제 잔액이 맞지 않습니다.,포인트,차감,S010,포인트 오차감,Y,Y,Y
VOC01435,적립 포인트는 어디서 쓰나요,보험료 결제 외에도 포인트를 사용할 수 있는 곳이 있나요? 확인 부탁드립니다.,포인트,사용,S003,포인트 사용처 문의,Y,Y,Y
VOC02028,계속 로그인에 실패합니다,여러 번 시도했지만 인증 후 다시 로그인 화면으로 돌아옵니다. 현재 화면에서 직접 수정할 수 없습니다.,회원,로그인,S004,로그인 오류,Y,Y,Y
VOC05611,회원 탈퇴를 요청합니다 확인 부탁드립니다.,본인 인증 후 탈퇴가 완료되지 않아 확인 부탁드립니다. 빠른 확인 요청드립니다.,회원,계정관리,S009,회원 탈퇴,Y,Y,Y
VOC01787,포인트 사용처가 궁금합니다,보험료 결제 외에도 포인트를 사용할 수 있는 곳이 있나요?,포인트,사용,S003,포인트 사용처 문의,Y,Y,Y
VOC08441,보험 계약자 정보 오류,계약 기간과 보험료 정보가 가입 당시 안내와 다르게 표시됩니다.,보험,계약정보,S013,계약정보 불일치,Y,Y,Y
VOC07665,보상 처리 단계 문의,사고 접수 이후 진행 상황 안내를 받지 못했습니다. 필요한 확인 항목이 있다면 안내 부탁드립니다.,사고,처리현황,S012,사고 처리 진행 문의,Y,Y,Y
VOC07955,사고 접수 후 연락이 없습니다,[접수일]에 접수한 사고의 담당자 배정 여부가 궁금합니다.,사고,처리현황,S012,사고 처리 진행 문의,Y,Y,Y
VOC01008,포인트가 아직 처리되지 않았어요 관련 기준도 함께 알려주세요.,[접수시간]에 주행을 종료했습니다. 포인트 반영 예정 시간을 알고 싶습니다. 관련 기준도 함께 알려주세요.,포인트,적립,S002,주행 포인트 적립 지연,Y,Y,Y
VOC02452,아이디 입력 후 접속 오류,아이디와 비밀번호를 입력해도 로그인 오류가 발생합니다. 동일 현상이 반복되고 있습니다.,회원,로그인,S004,로그인 오류,Y,Y,Y
VOC02713,비밀번호 변경이 되지 않습니다,비밀번호 변경 절차와 조건을 안내해주세요. 필요한 확인 항목이 있다면 안내 부탁드립니다.,회원,계정관리,S005,비밀번호 재설정,Y,Y,Y
VOC07335,업데이트 후 앱이 열리지 않아요,특정 메뉴에 들어가면 화면이 멈추는 현상이 반복됩니다.,앱,오류,S011,앱 실행 오류,Y,Y,Y
VOC03618,주행기록이 보이지 않습니다,운전을 완료했지만 최근 주행 목록에 추가되지 않았습니다. 현재 화면에서 직접 수정할 수 없습니다.,주행,주행기록,S006,주행기록 미반영,Y,Y,Y
VOC04139,보험료 할인이 반영됐나요,증권번호 [증권번호] 계약에 안전운전 할인이 적용됐는지 확인하고 싶습니다.,보험,할인,S007,보험료 할인 적용 문의,Y,Y,Y
VOC07300,서비스 실행 불가 문의 빠른 확인 요청드립니다.,특정 메뉴에 들어가면 화면이 멈추는 현상이 반복됩니다.,앱,오류,S011,앱 실행 오류,Y,Y,Y
VOC05825,더 이상 서비스를 이용하지 않습니다,계정과 저장된 개인정보를 삭제하는 절차를 알려주세요.,회원,계정관리,S009,회원 탈퇴,Y,Y,Y
VOC01983,포인트 사용 가능 서비스 문의,현재 보유한 포인트를 어디에서 사용할 수 있는지 알려주세요. 빠른 확인 요청드립니다.,포인트,사용,S003,포인트 사용처 문의,Y,Y,Y
VOC06684,업데이트 후 앱이 열리지 않아요,앱을 실행하면 [에러코드] 오류가 표시되고 바로 종료됩니다.,앱,오류,S011,앱 실행 오류,Y,Y,Y
VOC02804,새 비밀번호 등록 문의,비밀번호 변경 절차와 조건을 안내해주세요. 처리 방법을 안내해주세요. 필요한 확인 항목이 있다면 안내 부탁드립니다.,회원,계정관리,S005,비밀번호 재설정,Y,Y,Y
VOC05516,앱 회원 탈퇴 방법 문의,계정과 저장된 개인정보를 삭제하는 절차를 알려주세요.,회원,계정관리,S009,회원 탈퇴,Y,Y,Y
VOC01296,운전 후 포인트 반영 시간 문의,오늘 주행을 마쳤는데 포인트가 아직 반영되지 않았습니다. 보통 얼마나 걸리나요?,포인트,적립,S002,주행 포인트 적립 지연,Y,Y,Y
VOC03826,주행기록이 보이지 않습니다,주행 종료 후에도 거리와 시간이 0으로 표시됩니다. 처리 방법을 안내해주세요. 동일 현상이 반복되고 있습니다.,주행,주행기록,S006,주행기록 미반영,Y,Y,Y
VOC01367,포인트 사용 가능 서비스 문의,현재 보유한 포인트를 어디에서 사용할 수 있는지 확인 부탁드립니다.,포인트,사용,S003,포인트 사용처 문의,Y,Y,Y
VOC08322,보험 계약자 정보 오류 빠른 확인 요청드립니다.,계약 기간과 보험료 정보가 가입 당시 안내와 다르게 표시됩니다.,보험,계약정보,S013,계약정보 불일치,Y,Y,Y
VOC07602,사고 접수 후 연락이 없습니다,보상 심사가 어느 단계까지 진행됐는지 확인 부탁드립니다. 동일 현상이 반복되고 있습니다.,사고,처리현황,S012,사고 처리 진행 문의,Y,Y,Y
VOC09761,포인트 지급 조건 안내 요청 빠른 확인 요청드립니다.,주행거리와 운전점수에 따라 포인트가 어떻게 산정되는지 알고 싶습니다.,포인트,적립기준,S015,포인트 적립 기준 문의,Y,Y,Y
VOC04635,보험료 할인 혜택이 궁금합니다,앱에는 할인 대상이라고 나오는데 실제 보험료에 적용됐는지 알고 싶습니다. 처리 방법을 안내해주세요.,보험,할인,S007,보험료 할인 적용 문의,Y,Y,Y
VOC05634,서비스 계정을 삭제하고 싶어요,회원 탈퇴 시 남은 포인트와 주행기록이 어떻게 처리되는지 궁금합니다. 처리 방법을 안내해주세요.,회원,계정관리,S009,회원 탈퇴,Y,Y,Y
VOC08944,새 번호로 인증받고 싶어요,휴대전화 번호를 바꿨는데 앱 회원정보에는 이전 번호가 표시됩니다. 확인 부탁드립니다.,회원,회원정보,S014,휴대전화 번호 변경,Y,Y,Y
VOC09030,기존 전화번호 변경 문의,기존 번호 [기존전화번호]에서 새 번호 [변경전화번호]로 변경하고 싶습니다.,회원,회원정보,S014,휴대전화 번호 변경,Y,Y,Y
VOC09308,등록 연락처 수정 요청,번호 변경 후 로그인 인증 문자가 이전 번호로 발송됩니다.,회원,회원정보,S014,휴대전화 번호 변경,Y,Y,Y
VOC03086,비밀번호가 기억나지 않아요,비밀번호 변경 절차와 조건을 안내해주세요. 앱에서 확인이 어려워 문의드립니다.,회원,계정관리,S005,비밀번호 재설정,Y,Y,Y
VOC04793,새 차량으로 바꾸고 싶어요,보험 계약 차량은 변경됐는데 앱에는 이전 차량이 표시됩니다.,차량,차량정보,S008,차량정보 변경,Y,Y,Y
VOC07168,서비스 실행 불가 문의,앱을 열면 흰 화면만 보이고 아무 기능도 사용할 수 없습니다.,앱,오류,S011,앱 실행 오류,Y,Y,Y
VOC05811,회원 탈퇴를 요청합니다 빠른 확인 요청드립니다.,더 이상 서비스를 이용하지 않아 회원 탈퇴를 진행하고 싶습니다.,회원,계정관리,S009,회원 탈퇴,Y,Y,Y
VOC04577,계약 할인 적용 상태 문의,안전운전 점수와 보험료 할인 적용 기준을 안내해주세요.,보험,할인,S007,보험료 할인 적용 문의,Y,Y,Y
VOC01853,포인트 사용처가 궁금합니다,앱에 [차감금액] 포인트가 있는데 사용 가능한 항목을 확인하고 싶습니다. 앱을 다시 실행해도 같은 상태입니다.,포인트,사용,S003,포인트 사용처 문의,Y,Y,Y
VOC05928,서비스 계정을 삭제하고 싶어요,회원 탈퇴 시 남은 포인트와 주행기록이 어떻게 처리되는지 확인하고 싶습니다. 빠른 확인 요청드립니다. 앱을 다시 실행해도 같은 상태입니다.,회원,계정관리,S009,회원 탈퇴,Y,Y,Y
VOC01077,포인트 반영이 늦어지고 있습니다,[주행종료시간]에 주행을 종료했습니다. 포인트 반영 예정 시간을 알고 싶습니다. 현재 화면에서 직접 수정할 수 없습니다.,포인트,적립,S002,주행 포인트 적립 지연,Y,Y,Y
VOC01130,포인트 적립 처리 중 문의,주행 후 몇 시간이 지났는데 아직 적립 대기 상태입니다.,포인트,적립,S002,주행 포인트 적립 지연,Y,Y,Y
VOC00668,주행 포인트는 언제 들어오나요,주행 후 몇 시간이 지났는데 아직 적립 대기 상태입니다. 앱에서 확인이 어려워 문의드립니다.,포인트,적립,S002,주행 포인트 적립 지연,Y,Y,Y
VOC01039,운전 후 포인트 반영 시간 문의,주행 후 몇 시간이 지났는데 아직 적립 대기 상태입니다. 앱에서 확인이 어려워 문의드립니다. 이전에 정상적으로 이용한 적이 있습니다.,포인트,적립,S002,주행 포인트 적립 지연,Y,Y,Y
VOC08958,회원정보의 전화번호가 다릅니다,휴대전화 번호를 바꿨는데 앱 회원정보에는 이전 번호가 표시됩니다.,회원,회원정보,S014,휴대전화 번호 변경,Y,Y,Y
VOC04983,기존 차량 삭제 후 신규 등록,차량번호 변경 후 주행 서비스 연결 방법을 문의드립니다. 빠른 확인 요청드립니다.,차량,차량정보,S008,차량정보 변경,Y,Y,Y
VOC06166,잘못 차감된 포인트 문의,어제 확인한 잔액과 오늘 잔액이 달라서 문의드립니다.,포인트,차감,S010,포인트 오차감,Y,Y,Y
VOC02116,계정 접속이 불가능합니다 앱에서 확인이 어려워 문의드립니다.,여러 번 시도했지만 인증 후 다시 로그인 화면으로 돌아옵니다.,회원,로그인,S004,로그인 오류,Y,Y,Y
VOC02442,계속 로그인에 실패합니다,여러 번 시도했지만 인증 후 다시 로그인 화면으로 돌아옵니다.,회원,로그인,S004,로그인 오류,Y,Y,Y
VOC01995,포인트 사용 가능 서비스 문의,보험료 결제 외에도 포인트를 사용할 수 있는 곳이 있나요?,포인트,사용,S003,포인트 사용처 문의,Y,Y,Y
VOC07979,접수한 사고는 어떻게 진행되고 있나요,사고 접수 이후 진행 상황 안내를 받지 못했습니다.,사고,처리현황,S012,사고 처리 진행 문의,Y,Y,Y
VOC05009,앱 차량정보 수정 문의,보험 계약 차량은 변경됐는데 앱에는 이전 차량이 표시됩니다.,차량,차량정보,S008,차량정보 변경,Y,Y,Y
VOC06362,포인트 차감 내역이 이상합니다,포인트 내역에 알 수 없는 차감 기록이 있습니다.,포인트,차감,S010,포인트 오차감,Y,Y,Y
VOC04366,계약 할인 적용 상태 문의 빠른 확인 요청드립니다.,갱신 계약에 주행분석 할인 혜택이 반영되는지 문의드립니다. 빠른 확인 요청드립니다.,보험,할인,S007,보험료 할인 적용 문의,Y,Y,Y
VOC03275,새 비밀번호 등록 문의,새 비밀번호를 입력했지만 변경이 완료되지 않습니다. 빠른 확인 요청드립니다.,회원,계정관리,S005,비밀번호 재설정,Y,Y,Y
VOC00240,주행 후 포인트가 없습니다,주행 조건을 충족한 것으로 보이는데 포인트가 0으로 표시됩니다.,포인트,적립,S001,주행 포인트 미적립,Y,Y,Y
VOC05670,회원 탈퇴를 요청합니다,더 이상 서비스를 이용하지 않아 회원 탈퇴를 진행하고 싶습니다.,회원,계정관리,S009,회원 탈퇴,Y,Y,Y
VOC03330,비밀번호가 기억나지 않아요,비밀번호 변경 절차와 조건을 안내해주세요.,회원,계정관리,S005,비밀번호 재설정,Y,Y,Y
VOC06488,사용하지 않은 포인트가 차감됐어요,포인트 사용 이력과 실제 잔액이 맞지 않습니다.,포인트,차감,S010,포인트 오차감,Y,Y,Y
VOC07737,보상 처리 단계 문의,사건번호 [사건번호]와 관련해 현재 처리 단계를 확인하고 싶습니다.,사고,처리현황,S012,사고 처리 진행 문의,Y,Y,Y
VOC01212,운전 후 포인트 반영 시간 문의,오늘 주행을 마쳤는데 포인트가 아직 반영되지 않았습니다. 보통 얼마나 걸리나요? 앱에서 확인이 어려워 문의드립니다. 동일 현상이 반복되고 있습니다.,포인트,적립,S002,주행 포인트 적립 지연,Y,Y,Y
VOC06139,포인트 차감 내역이 이상합니다 처리 방법을 안내해주세요.,어제 확인한 잔액과 오늘 잔액이 달라서 확인 요청드립니다.,포인트,차감,S010,포인트 오차감,Y,Y,Y
VOC07623,접수한 사고는 어떻게 진행되고 있나요 처리 방법을 안내해주세요.,[날짜]에 접수한 사고의 담당자 배정 여부가 궁금합니다.,사고,처리현황,S012,사고 처리 진행 문의,Y,Y,Y
VOC06129,포인트 잔액 오류,어제 확인한 잔액과 오늘 잔액이 달라서 문의드립니다.,포인트,차감,S010,포인트 오차감,Y,Y,Y
VOC06521,포인트 잔액 오류,포인트 사용 이력과 실제 잔액이 맞지 않습니다. 현재 화면에서 직접 수정할 수 없습니다.,포인트,차감,S010,포인트 오차감,Y,Y,Y
VOC03423,최근 주행기록 누락 문의 관련 기준도 함께 알려주세요.,차량은 정상적으로 운행했는데 주행 데이터가 수집되지 않은 것 같습니다. 동일 현상이 반복되고 있습니다.,주행,주행기록,S006,주행기록 미반영,Y,Y,Y
VOC09489,운전점수와 포인트 관계,주행거리와 운전점수에 따라 포인트가 어떻게 산정되는지 알고 싶습니다.,포인트,적립기준,S015,포인트 적립 기준 문의,Y,Y,Y
VOC04013,계약 할인 적용 상태 문의,증권번호 [증권번호] 계약에 안전운전 할인이 적용됐는지 확인하고 싶습니다.,보험,할인,S007,보험료 할인 적용 문의,Y,Y,Y
VOC05257,새 차량으로 바꾸고 싶어요,차량번호 변경 후 주행 서비스 연결 방법을 문의합니다.,차량,차량정보,S008,차량정보 변경,Y,Y,Y
VOC02401,계정 접속이 불가능합니다,기존에 사용하던 계정으로 접속되지 않아 문의드립니다.,회원,로그인,S004,로그인 오류,Y,Y,Y
VOC02994,비밀번호가 기억나지 않아요 빠른 확인 요청드립니다.,비밀번호 찾기 과정에서 [전화번호]로 인증번호가 오지 않습니다.,회원,계정관리,S005,비밀번호 재설정,Y,Y,Y
VOC04362,보험료 할인이 반영됐나요 관련 기준도 함께 알려주세요.,현재 운전점수 기준으로 받을 수 있는 보험료 할인율이 궁금합니다. 관련 기준도 함께 알려주세요.,보험,할인,S007,보험료 할인 적용 문의,Y,Y,Y
VOC09793,어떤 주행이 포인트 대상인가요 관련 기준도 함께 알려주세요.,포인트를 받기 위한 최소 주행 조건이 궁금합니다. 현재 화면에서 직접 수정할 수 없습니다.,포인트,적립기준,S015,포인트 적립 기준 문의,Y,Y,Y
VOC03066,비밀번호가 기억나지 않아요,비밀번호 찾기 과정에서 [전화번호]로 인증번호가 오지 않습니다.,회원,계정관리,S005,비밀번호 재설정,Y,Y,Y
VOC03316,비밀번호 변경이 되지 않습니다,새 비밀번호를 입력했지만 변경이 완료정상적으로 처리되지 않습니다.,회원,계정관리,S005,비밀번호 재설정,Y,Y,Y
VOC07996,접수한 사고는 어떻게 진행되고 있나요 확인 부탁드립니다.,사고 접수 이후 진행 상황 안내를 받지 못했습니다.,사고,처리현황,S012,사고 처리 진행 문의,Y,Y,Y
VOC01159,포인트 반영이 늦어지고 있습니다,"포인트가 바로 들어오는지, 일정 시간이 필요한지 문의드립니다.",포인트,적립,S002,주행 포인트 적립 지연,Y,Y,Y
VOC02310,아이디 입력 후 접속 오류,기존에 사용하던 계정으로 접속되지 않아 문의합니다.,회원,로그인,S004,로그인 오류,Y,Y,Y
VOC05643,서비스 계정을 삭제하고 싶어요,회원 탈퇴 시 남은 포인트와 주행기록이 어떻게 처리되는지 궁금합니다.,회원,계정관리,S009,회원 탈퇴,Y,Y,Y
VOC06499,사용하지 않은 포인트가 차감됐어요,포인트 사용 이력과 실제 잔액이 맞지 않습니다.,포인트,차감,S010,포인트 오차감,Y,Y,Y
VOC07302,앱이 계속 종료됩니다,특정 메뉴에 들어가면 화면이 멈추는 현상이 반복됩니다. 앱에서 확인이 어려워 문의드립니다.,앱,오류,S011,앱 실행 오류,Y,Y,Y
VOC07015,앱이 계속 종료됩니다,재설치 후에도 동일하게 앱이 강제 종료됩니다.,앱,오류,S011,앱 실행 오류,Y,Y,Y
VOC05123,등록 차량 변경 요청 빠른 확인 요청드립니다.,기존 차량을 삭제하고 새 차량을 등록하는 방법을 알려주세요.,차량,차량정보,S008,차량정보 변경,Y,Y,Y
VOC02242,아이디 입력 후 접속 오류,여러 번 시도했지만 인증 후 다시 로그인 화면으로 돌아옵니다.,회원,로그인,S004,로그인 오류,Y,Y,Y
VOC05621,더 이상 서비스를 이용하지 않습니다,앱에서 탈퇴 메뉴를 찾을 수 없어 문의드립니다. 확인 부탁드립니다.,회원,계정관리,S009,회원 탈퇴,Y,Y,Y
VOC09459,운전점수와 포인트 관계,포인트를 받기 위한 최소 주행 조건이 궁금합니다.,포인트,적립기준,S015,포인트 적립 기준 문의,Y,Y,Y
VOC06538,포인트 차감 내역이 이상합니다,어제 확인한 잔액과 오늘 잔액이 달라서 문의드립니다.,포인트,차감,S010,포인트 오차감,Y,Y,Y
VOC03714,주행 데이터가 반영되지 않았어요 관련 기준도 함께 알려주세요.,주행 종료 후에도 거리와 시간이 0으로 표시됩니다. 빠른 확인 요청드립니다.,주행,주행기록,S006,주행기록 미반영,Y,Y,Y
VOC05011,앱 차량정보 수정 문의,기존 차량 [기존차량번호]에서 새 차량 [새차량번호]로 변경했습니다.,차량,차량정보,S008,차량정보 변경,Y,Y,Y
VOC04335,보험료 할인 혜택이 궁금합니다,앱에는 할인 대상이라고 나오는데 실제 보험료에 적용됐는지 알고 싶습니다.,보험,할인,S007,보험료 할인 적용 문의,Y,Y,Y
VOC04781,기존 차량 삭제 후 신규 등록,기존 차량을 삭제하고 새 차량을 등록하는 방법을 알려주세요. 확인 부탁드립니다.,차량,차량정보,S008,차량정보 변경,Y,Y,Y
VOC03888,앱에서 운전 기록 확인 불가,[접수일]에 [출발지]에서 [도착지]까지 구간을 운전했는데 앱에서 기록이 보이지 않습니다.,주행,주행기록,S006,주행기록 미반영,Y,Y,Y
VOC02952,비밀번호를 재설정하고 싶습니다,새 비밀번호를 입력했지만 변경이 완료되지 않습니다.,회원,계정관리,S005,비밀번호 재설정,Y,Y,Y
VOC00256,포인트가 누락된 것 같습니다,주행 조건을 충족한 것으로 보이는데 포인트가 0으로 표시됩니다. 이전에 정상적으로 이용한 적이 있습니다.,포인트,적립,S001,주행 포인트 미적립,Y,Y,Y
VOC08035,계약정보가 다르게 표시됩니다,갱신한 계약이 앱에서 이전 계약으로 보입니다.,보험,계약정보,S013,계약정보 불일치,Y,Y,Y
VOC07102,앱 화면이 멈춥니다 처리 방법을 안내해주세요.,업데이트 이후 첫 화면에서 멈추고 다음으로 넘어가지 않습니다. 빠른 확인 요청드립니다.,앱,오류,S011,앱 실행 오류,Y,Y,Y
VOC00633,포인트가 누락된 것 같습니다,주행 조건을 충족한 것으로 보이는데 포인트가 0으로 표시됩니다.,포인트,적립,S001,주행 포인트 미적립,Y,Y,Y
VOC05864,서비스 계정을 삭제하고 싶어요,계정과 저장된 개인정보를 삭제하는 절차를 알려주세요.,회원,계정관리,S009,회원 탈퇴,Y,Y,Y
VOC01937,적립 포인트는 어디서 쓰나요,적립된 포인트의 사용처와 사용 절차를 안내 부탁드립니다.,포인트,사용,S003,포인트 사용처 문의,Y,Y,Y
VOC06158,잘못 차감된 포인트 문의,결제를 취소했는데 차감된 포인트가 복구되지 않았습니다.,포인트,차감,S010,포인트 오차감,Y,Y,Y
VOC07983,사건번호 처리 상태 확인 처리 방법을 안내해주세요.,[주행일]에 접수한 사고의 담당자 배정 여부가 궁금합니다. 앱에서 확인이 어려워 문의드립니다.,사고,처리현황,S012,사고 처리 진행 문의,Y,Y,Y
VOC08816,새 번호로 인증받고 싶어요,번호 변경 후 로그인 인증 문자가 이전 번호로 발송됩니다. 처리 방법을 안내해주세요.,회원,회원정보,S014,휴대전화 번호 변경,Y,Y,Y
VOC01695,포인트 사용 가능 서비스 문의,포인트 사용 가능한 서비스와 제한 조건이 궁금합니다.,포인트,사용,S003,포인트 사용처 문의,Y,Y,Y
VOC04518,보험료 할인 혜택이 궁금합니다,앱에는 할인 대상이라고 나오는데 실제 보험료에 적용됐는지 알고 싶습니다.,보험,할인,S007,보험료 할인 적용 문의,Y,Y,Y
VOC07739,사고 접수 후 연락이 없습니다,사고 접수 이후 진행 상황 안내를 받지 못했습니다. 확인 부탁드립니다.,사고,처리현황,S012,사고 처리 진행 문의,Y,Y,Y
VOC06026,사용하지 않은 포인트가 차감됐어요 확인 부탁드립니다.,포인트 사용 이력과 실제 잔액이 맞지 않습니다. 이전에 정상적으로 이용한 적이 있습니다.,포인트,차감,S010,포인트 오차감,Y,Y,Y
VOC03337,주행기록이 보이지 않습니다 빠른 확인 요청드립니다.,주행 종료 후에도 거리와 시간이 0으로 표시됩니다. 이전에 정상적으로 이용한 적이 있습니다.,주행,주행기록,S006,주행기록 미반영,Y,Y,Y
VOC06647,잘못 차감된 포인트 문의,포인트 사용 이력과 실제 잔액이 맞지 않습니다.,포인트,차감,S010,포인트 오차감,Y,Y,Y
VOC00970,주행 포인트는 언제 들어오나요,오늘 주행을 마쳤는데 포인트가 아직 반영되지 않았습니다. 보통 얼마나 걸리나요?,포인트,적립,S002,주행 포인트 적립 지연,Y,Y,Y
VOC00022,주행 포인트가 적립되지 않았습니다 관련 기준도 함께 알려주세요.,[날짜]에 주행을 완료했는데 포인트가 아직 적립되지 않았습니다. 확인 부탁드립니다. 동일 현상이 반복되고 있습니다.,포인트,적립,S001,주행 포인트 미적립,Y,Y,Y
VOC00030,주행 후 포인트가 없습니다,[주행구간] 구간을 운전했는데 적립 내역이 확인되지 않습니다. 처리 방법을 안내해주세요.,포인트,적립,S001,주행 포인트 미적립,Y,Y,Y
VOC02688,새 비밀번호 등록 문의,본인 인증 후 비밀번호 재설정 화면으로 이동하지 않습니다.,회원,계정관리,S005,비밀번호 재설정,Y,Y,Y
VOC06581,포인트가 갑자기 줄었습니다,사용한 적이 없는데 [포인트수량] 포인트가 차감된 것으로 표시됩니다. 빠른 확인 요청드립니다.,포인트,차감,S010,포인트 오차감,Y,Y,Y
VOC03515,주행 데이터가 반영되지 않았어요,해당 시간대의 운전 내역이 누락되어 확인 요청드립니다.,주행,주행기록,S006,주행기록 미반영,Y,Y,Y
VOC03904,주행 데이터가 반영되지 않았어요,해당 시간대의 운전 내역이 누락되어 확인 요청드립니다. 앱에서 확인이 어려워 문의드립니다.,주행,주행기록,S006,주행기록 미반영,Y,Y,Y
VOC00003,주행 후 포인트가 없습니다,지난 주행 건에 대한 포인트를 받지 못했습니다. 확인 부탁드립니다.,포인트,적립,S001,주행 포인트 미적립,Y,Y,Y
VOC03290,비밀번호 변경이 되지 않습니다 빠른 확인 요청드립니다.,비밀번호가 기억나지 않아 재설정하려고 합니다. 앱에서 확인이 어려워 문의드립니다.,회원,계정관리,S005,비밀번호 재설정,Y,Y,Y
VOC09779,운전점수와 포인트 관계 앱에서 확인이 어려워 문의드립니다.,주행거리와 운전점수에 따라 포인트가 어떻게 산정되는지 알고 싶습니다.,포인트,적립기준,S015,포인트 적립 기준 문의,Y,Y,Y
VOC05830,가입 정보 삭제 요청 빠른 확인 요청드립니다.,회원 탈퇴 시 남은 포인트와 주행기록이 어떻게 처리되는지 궁금합니다. 관련 기준도 함께 알려주세요.,회원,계정관리,S009,회원 탈퇴,Y,Y,Y
VOC09614,포인트 지급 조건 안내 요청,포인트를 받기 위한 최소 주행 조건이 궁금합니다.,포인트,적립기준,S015,포인트 적립 기준 문의,Y,Y,Y
VOC03398,앱에서 운전 기록 확인 불가 확인 부탁드립니다.,해당 시간대의 운전 내역이 누락되어 확인 요청드립니다. 확인 부탁드립니다.,주행,주행기록,S006,주행기록 미반영,Y,Y,Y
VOC06979,앱 화면이 멈춥니다,재설치 후에도 동일하게 앱이 강제 종료됩니다. 관련 기준도 함께 알려주세요.,앱,오류,S011,앱 실행 오류,Y,Y,Y
VOC05589,더 이상 서비스를 이용하지 않습니다,계정과 저장된 개인정보를 삭제하는 절차를 안내 부탁드립니다. 앱에서 확인이 어려워 문의드립니다.,회원,계정관리,S009,회원 탈퇴,Y,Y,Y
VOC06284,포인트 잔액 오류,포인트 사용 이력과 실제 잔액이 맞지 않습니다. 현재 화면에서 직접 수정할 수 없습니다.,포인트,차감,S010,포인트 오차감,Y,Y,Y
VOC09813,포인트 적립 기준이 궁금합니다,포인트를 받기 위한 최소 주행 조건이 궁금합니다.,포인트,적립기준,S015,포인트 적립 기준 문의,Y,Y,Y
VOC01337,포인트 사용 가능 서비스 문의,현재 보유한 포인트를 어디에서 사용할 수 있는지 확인 부탁드립니다.,포인트,사용,S003,포인트 사용처 문의,Y,Y,Y
VOC07828,보상 처리 단계 문의,[주행일]에 접수한 사고의 담당자 배정 여부가 궁금합니다.,사고,처리현황,S012,사고 처리 진행 문의,Y,Y,Y
VOC09664,주행 포인트 산정 방법 문의,포인트를 받기 위한 최소 주행 조건이 궁금합니다. 앱을 다시 실행해도 같은 상태입니다.,포인트,적립기준,S015,포인트 적립 기준 문의,Y,Y,Y
VOC04331,보험료 할인 혜택이 궁금합니다,안전운전 점수와 보험료 할인 적용 기준을 안내해주세요.,보험,할인,S007,보험료 할인 적용 문의,Y,Y,Y
VOC07950,보상 처리 단계 문의,보상 심사가 어느 단계까지 진행됐는지 확인 부탁드립니다. 앱에서 확인이 어려워 문의드립니다.,사고,처리현황,S012,사고 처리 진행 문의,Y,Y,Y
VOC05161,새 차량으로 바꾸고 싶어요 확인 부탁드립니다.,차량번호 변경 후 주행 서비스 연결 방법을 문의드립니다.,차량,차량정보,S008,차량정보 변경,Y,Y,Y
VOC00344,주행 후 포인트가 없습니다 처리 방법을 안내해주세요.,지난 주행 건에 대한 포인트를 받지 못했습니다. 확인 부탁드립니다. 확인 부탁드립니다. 필요한 확인 항목이 있다면 안내 부탁드립니다.,포인트,적립,S001,주행 포인트 미적립,Y,Y,Y
VOC01876,포인트를 사용할 수 있는 곳,앱에 [포인트수량] 포인트가 있는데 사용 가능한 항목을 확인하고 싶습니다.,포인트,사용,S003,포인트 사용처 문의,Y,Y,Y
VOC04116,계약 할인 적용 상태 문의 앱에서 확인이 어려워 문의드립니다.,앱에는 할인 대상이라고 나오는데 실제 보험료에 적용됐는지 알고 싶습니다. 앱에서 확인이 어려워 문의드립니다.,보험,할인,S007,보험료 할인 적용 문의,Y,Y,Y
VOC00135,주행 포인트 미적립 문의 처리 방법을 안내해주세요.,운전 기록은 정상적으로 보이지만 포인트가 들어오지 않았습니다.,포인트,적립,S001,주행 포인트 미적립,Y,Y,Y
VOC04070,주행점수 할인 확인 요청,현재 운전점수 기준으로 받을 수 있는 보험료 할인율이 궁금합니다.,보험,할인,S007,보험료 할인 적용 문의,Y,Y,Y
VOC09615,포인트 적립 기준이 궁금합니다,주행거리와 운전점수에 따라 포인트가 어떻게 산정되는지 알고 싶습니다.,포인트,적립기준,S015,포인트 적립 기준 문의,Y,Y,Y
VOC06494,포인트 차감 내역이 이상합니다,포인트 내역에 알 수 없는 차감 기록이 있습니다. 동일 현상이 반복되고 있습니다.,포인트,차감,S010,포인트 오차감,Y,Y,Y
VOC01301,운전 후 포인트 반영 시간 문의,방금 운전한 기록은 보이는데 포인트는 처리 중으로 표시됩니다. 빠른 확인 요청드립니다.,포인트,적립,S002,주행 포인트 적립 지연,Y,Y,Y
VOC02040,로그인 화면에서 넘어가지 않아요 처리 방법을 안내해주세요.,기존에 사용하던 계정으로 접속되지 않아 문의드립니다.,회원,로그인,S004,로그인 오류,Y,Y,Y
VOC00718,주행 포인트는 언제 들어오나요,[시간]에 주행을 종료했습니다. 포인트 반영 예정 시간을 알고 싶습니다. 현재 화면에서 직접 수정할 수 없습니다.,포인트,적립,S002,주행 포인트 적립 지연,Y,Y,Y
VOC06812,앱이 계속 종료됩니다,재설치 후에도 동일하게 앱이 강제 종료됩니다.,앱,오류,S011,앱 실행 오류,Y,Y,Y
VOC05096,앱 차량정보 수정 문의,차량을 교체해서 앱의 등록 정보를 수정하고 싶습니다. 앱에서 확인이 어려워 문의드립니다.,차량,차량정보,S008,차량정보 변경,Y,Y,Y
VOC01335,포인트 사용처가 궁금합니다 처리 방법을 안내해주세요.,앱에 [포인트수량] 포인트가 있는데 사용 가능한 항목을 확인하고 싶습니다.,포인트,사용,S003,포인트 사용처 문의,Y,Y,Y
VOC03018,비밀번호가 기억나지 않아요,비밀번호 변경 절차와 조건을 안내해주세요.,회원,계정관리,S005,비밀번호 재설정,Y,Y,Y
VOC07635,보상 처리 단계 문의,[주행일]에 접수한 사고의 담당자 배정 여부가 궁금합니다. 이전에 정상적으로 이용한 적이 있습니다.,사고,처리현황,S012,사고 처리 진행 문의,Y,Y,Y
VOC09867,포인트 지급 조건 안내 요청 빠른 확인 요청드립니다.,짧은 거리 주행도 포인트 적립 대상인지 문의드립니다. 앱을 다시 실행해도 같은 상태입니다.,포인트,적립기준,S015,포인트 적립 기준 문의,Y,Y,Y
VOC05428,가입 정보 삭제 요청 빠른 확인 요청드립니다.,계정과 저장된 개인정보를 삭제하는 절차를 알려주세요. 빠른 확인 요청드립니다. 필요한 확인 항목이 있다면 안내 부탁드립니다.,회원,계정관리,S009,회원 탈퇴,Y,Y,Y
VOC05494,가입 정보 삭제 요청,회원 탈퇴 시 남은 포인트와 주행기록이 어떻게 처리되는지 안내받고 싶습니다.,회원,계정관리,S009,회원 탈퇴,Y,Y,Y
VOC04979,기존 차량 삭제 후 신규 등록,기존 차량 [기존차량번호]에서 새 차량 [새차량번호]로 변경했습니다. 앱에서 확인이 어려워 문의드립니다.,차량,차량정보,S008,차량정보 변경,Y,Y,Y
VOC07379,보상 처리 단계 문의,사고 접수 이후 진행 상황 안내를 받지 못했습니다.,사고,처리현황,S012,사고 처리 진행 문의,Y,Y,Y
VOC00421,주행 포인트 미적립 문의 앱에서 확인이 어려워 문의드립니다.,운전 기록은 정상적으로 보이지만 포인트가 들어오지 않았습니다.,포인트,적립,S001,주행 포인트 미적립,Y,Y,Y
VOC03221,비밀번호가 기억나지 않아요,새 비밀번호를 입력했지만 변경이 완료안 됩니다.,회원,계정관리,S005,비밀번호 재설정,Y,Y,Y
VOC06091,사용하지 않은 포인트가 차감됐어요,포인트 내역에 알 수 없는 차감 기록이 있습니다.,포인트,차감,S010,포인트 오차감,Y,Y,Y
VOC07814,사건번호 처리 상태 확인,[날짜]에 접수한 사고의 담당자 배정 여부가 확인하고 싶습니다. 이전에 정상적으로 이용한 적이 있습니다.,사고,처리현황,S012,사고 처리 진행 문의,Y,Y,Y
VOC00875,포인트 반영이 늦어지고 있습니다 빠른 확인 요청드립니다.,"포인트가 바로 들어오는지, 일정 시간이 필요한지 문의드립니다.",포인트,적립,S002,주행 포인트 적립 지연,Y,Y,Y
VOC07500,보상 처리 단계 문의,[주행일]에 접수한 사고의 담당자 배정 여부가 궁금합니다. 처리 방법을 안내해주세요.,사고,처리현황,S012,사고 처리 진행 문의,Y,Y,Y
VOC08487,계약 차량 정보 불일치,계약 기간과 보험료 정보가 가입 당시 안내와 다르게 표시됩니다. 앱에서 확인이 어려워 문의드립니다.,보험,계약정보,S013,계약정보 불일치,Y,Y,Y
VOC08999,휴대전화 번호를 변경하고 싶습니다,휴대전화 번호를 바꿨는데 앱 회원정보에는 이전 번호가 표시됩니다.,회원,회원정보,S014,휴대전화 번호 변경,Y,Y,Y
VOC03179,비밀번호를 재설정하고 싶습니다,본인 인증 후 비밀번호 재설정 화면으로 이동하지 않습니다.,회원,계정관리,S005,비밀번호 재설정,Y,Y,Y
VOC04546,계약 할인 적용 상태 문의,갱신 계약에 주행분석 할인 혜택이 반영되는지 문의드립니다.,보험,할인,S007,보험료 할인 적용 문의,Y,Y,Y
VOC03300,비밀번호를 재설정하고 싶습니다,새 비밀번호를 입력했지만 변경이 완료되지 않습니다.,회원,계정관리,S005,비밀번호 재설정,Y,Y,Y
VOC03753,최근 주행기록 누락 문의,해당 시간대의 운전 내역이 누락되어 확인 요청드립니다. 이전에 정상적으로 이용한 적이 있습니다.,주행,주행기록,S006,주행기록 미반영,Y,Y,Y
VOC07819,사고 처리 진행 상황 문의 앱에서 확인이 어려워 문의드립니다.,제출한 서류가 정상적으로 접수됐는지 알고 싶습니다.,사고,처리현황,S012,사고 처리 진행 문의,Y,Y,Y
VOC07656,접수한 사고는 어떻게 진행되고 있나요,사고 접수 이후 진행 상황 안내를 받지 못했습니다. 앱에서 확인이 어려워 문의드립니다.,사고,처리현황,S012,사고 처리 진행 문의,Y,Y,Y
VOC03087,비밀번호 변경이 정상적으로 처리되지 않습니다,비밀번호 변경 절차와 조건을 안내해주세요.,회원,계정관리,S005,비밀번호 재설정,Y,Y,Y
VOC06556,잘못 차감된 포인트 문의,결제를 취소했는데 차감된 포인트가 복구되지 않았습니다. 처리 방법을 안내해주세요.,포인트,차감,S010,포인트 오차감,Y,Y,Y
VOC05849,더 이상 서비스를 이용하지 않습니다,앱에서 탈퇴 메뉴를 찾을 수 없어 문의드립니다.,회원,계정관리,S009,회원 탈퇴,Y,Y,Y
VOC01012,포인트가 아직 처리되지 않았어요 관련 기준도 함께 알려주세요.,방금 운전한 기록은 보이는데 포인트는 처리 중으로 표시됩니다.,포인트,적립,S002,주행 포인트 적립 지연,Y,Y,Y
VOC03575,앱에서 운전 기록 확인 불가,[접수일]에 [출발지]-[도착지] 구간을 운전했는데 앱에서 기록이 보이지 않습니다.,주행,주행기록,S006,주행기록 미반영,Y,Y,Y
VOC01437,적립 포인트는 어디서 쓰나요 처리 방법을 안내해주세요.,현재 보유한 포인트를 어디에서 사용할 수 있는지 알려주세요. 필요한 확인 항목이 있다면 안내 부탁드립니다.,포인트,사용,S003,포인트 사용처 문의,Y,Y,Y
VOC04779,차량을 변경했습니다,기존 차량을 삭제하고 새 차량을 등록하는 방법을 확인 부탁드립니다. 앱에서 확인이 어려워 문의드립니다. 필요한 확인 항목이 있다면 안내 부탁드립니다.,차량,차량정보,S008,차량정보 변경,Y,Y,Y
VOC03771,최근 주행기록 누락 문의,해당 시간대의 운전 내역이 누락되어 확인 요청드립니다.,주행,주행기록,S006,주행기록 미반영,Y,Y,Y
VOC01144,운전 후 포인트 반영 시간 문의 관련 기준도 함께 알려주세요.,[시간]에 주행을 종료했습니다. 포인트 반영 예정 시간을 알고 싶습니다. 확인 부탁드립니다.,포인트,적립,S002,주행 포인트 적립 지연,Y,Y,Y
VOC07608,사고 처리 진행 상황 문의,보상 심사가 어느 단계까지 진행됐는지 확인 부탁드립니다.,사고,처리현황,S012,사고 처리 진행 문의,Y,Y,Y
VOC07253,앱 실행 중 오류가 발생합니다 관련 기준도 함께 알려주세요.,재설치 후에도 동일하게 앱이 강제 종료됩니다.,앱,오류,S011,앱 실행 오류,Y,Y,Y
VOC07920,사건번호 처리 상태 확인,보상 심사가 어느 단계까지 진행됐는지 확인 부탁드립니다.,사고,처리현황,S012,사고 처리 진행 문의,Y,Y,Y
VOC08517,계약정보가 다르게 표시됩니다 처리 방법을 안내해주세요.,갱신한 계약이 앱에서 이전 계약으로 보입니다.,보험,계약정보,S013,계약정보 불일치,Y,Y,Y
VOC08367,보험 계약자 정보 오류,갱신한 계약이 앱에서 이전 계약으로 보입니다. 필요한 확인 항목이 있다면 안내 부탁드립니다.,보험,계약정보,S013,계약정보 불일치,Y,Y,Y
VOC09907,어떤 주행이 포인트 대상인가요,포인트를 받기 위한 최소 주행 조건이 궁금합니다.,포인트,적립기준,S015,포인트 적립 기준 문의,Y,Y,Y
VOC02646,계정 접속이 불가능합니다,로그인 버튼을 눌러도 화면이 그대로입니다.,회원,로그인,S004,로그인 오류,Y,Y,Y
VOC03577,앱에서 운전 기록 확인 불가,해당 시간대의 운전 내역이 누락되어 확인 요청드립니다.,주행,주행기록,S006,주행기록 미반영,Y,Y,Y
VOC08531,계약정보가 다르게 표시됩니다,갱신한 계약이 앱에서 이전 계약으로 보입니다. 관련 기준도 함께 알려주세요. 현재 화면에서 직접 수정할 수 없습니다.,보험,계약정보,S013,계약정보 불일치,Y,Y,Y
VOC04346,보험료 할인 혜택이 안내받고 싶습니다,갱신 계약에 주행분석 할인 혜택이 반영되는지 문의드립니다. 확인 부탁드립니다.,보험,할인,S007,보험료 할인 적용 문의,Y,Y,Y
VOC02087,계속 로그인에 실패합니다,[에러코드] 메시지가 표시되면서 앱에 접속할 수 없습니다. 현재 화면에서 직접 수정할 수 없습니다.,회원,로그인,S004,로그인 오류,Y,Y,Y
VOC09821,포인트 적립 기준이 궁금합니다,짧은 거리 주행도 포인트 적립 대상인지 문의드립니다. 확인 부탁드립니다.,포인트,적립기준,S015,포인트 적립 기준 문의,Y,Y,Y
VOC01192,주행 포인트는 언제 들어오나요 처리 방법을 안내해주세요.,"포인트가 바로 들어오는지, 일정 시간이 필요한지 문의드립니다.",포인트,적립,S002,주행 포인트 적립 지연,Y,Y,Y
VOC08599,계약 차량 정보 불일치,갱신한 계약이 앱에서 이전 계약으로 보입니다.,보험,계약정보,S013,계약정보 불일치,Y,Y,Y
VOC09978,어떤 주행이 포인트 대상인가요 빠른 확인 요청드립니다.,급가속이나 급감속 기록이 포인트 적립에 영향을 주나요? 앱에서 확인이 어려워 문의드립니다.,포인트,적립기준,S015,포인트 적립 기준 문의,Y,Y,Y
VOC02312,앱 로그인이 되지 않습니다,여러 번 시도했지만 인증 후 다시 로그인 화면으로 돌아옵니다. 동일 현상이 반복되고 있습니다.,회원,로그인,S004,로그인 오류,Y,Y,Y
VOC01333,포인트 적립 처리 중 문의,"포인트가 바로 들어오는지, 일정 시간이 필요한지 문의드립니다. 이전에 정상적으로 이용한 적이 있습니다.",포인트,적립,S002,주행 포인트 적립 지연,Y,Y,Y
VOC08996,기존 전화번호 변경 문의 처리 방법을 안내해주세요.,휴대전화 번호를 바꿨는데 앱 회원정보에는 이전 번호가 표시됩니다.,회원,회원정보,S014,휴대전화 번호 변경,Y,Y,Y
VOC08641,앱의 계약 내용이 맞지 않아요,갱신한 계약이 앱에서 이전 계약으로 보입니다. 확인 부탁드립니다.,보험,계약정보,S013,계약정보 불일치,Y,Y,Y
VOC05419,더 이상 서비스를 이용하지 않습니다 관련 기준도 함께 알려주세요.,계정과 저장된 개인정보를 삭제하는 절차를 알려주세요.,회원,계정관리,S009,회원 탈퇴,Y,Y,Y
VOC02240,아이디 입력 후 접속 오류,아이디와 비밀번호를 입력해도 로그인 오류가 발생합니다. 앱에서 확인이 어려워 문의드립니다. 현재 화면에서 직접 수정할 수 없습니다.,회원,로그인,S004,로그인 오류,Y,Y,Y
VOC09661,운전점수와 포인트 관계,주행거리와 운전점수에 따라 포인트가 어떻게 산정되는지 알고 싶습니다.,포인트,적립기준,S015,포인트 적립 기준 문의,Y,Y,Y
VOC08454,앱의 계약 내용이 맞지 않아요,증권번호 [계약번호]의 차량정보가 현재 차량과 일치하지 않습니다.,보험,계약정보,S013,계약정보 불일치,Y,Y,Y
VOC09751,주행 포인트 산정 방법 문의,주행거리와 운전점수에 따라 포인트가 어떻게 산정되는지 알고 싶습니다.,포인트,적립기준,S015,포인트 적립 기준 문의,Y,Y,Y
VOC04878,등록 차량 변경 요청,기존 차량을 삭제하고 새 차량을 등록하는 방법을 알려주세요. 관련 기준도 함께 알려주세요.,차량,차량정보,S008,차량정보 변경,Y,Y,Y
VOC09407,운전점수와 포인트 관계,포인트를 받기 위한 최소 주행 조건이 궁금합니다.,포인트,적립기준,S015,포인트 적립 기준 문의,Y,Y,Y
VOC06353,잘못 차감된 포인트 문의 빠른 확인 요청드립니다.,결제를 취소했는데 차감된 포인트가 복구되지 않았습니다.,포인트,차감,S010,포인트 오차감,Y,Y,Y
VOC09564,운전점수와 포인트 관계 앱에서 확인이 어려워 문의드립니다.,짧은 거리 주행도 포인트 적립 대상인지 문의합니다.,포인트,적립기준,S015,포인트 적립 기준 문의,Y,Y,Y
VOC03860,주행기록이 보이지 않습니다,주행 종료 후에도 거리와 시간이 0으로 표시됩니다. 동일 현상이 반복되고 있습니다.,주행,주행기록,S006,주행기록 미반영,Y,Y,Y
VOC02355,아이디 입력 후 접속 오류,아이디와 비밀번호를 입력해도 로그인 오류가 발생합니다.,회원,로그인,S004,로그인 오류,Y,Y,Y
VOC03585,주행기록이 보이지 않습니다 관련 기준도 함께 알려주세요.,차량은 정상적으로 운행했는데 주행 데이터가 수집되지 않은 것 같습니다.,주행,주행기록,S006,주행기록 미반영,Y,Y,Y
VOC01052,주행 포인트는 언제 들어오나요,오늘 주행을 마쳤는데 포인트가 아직 반영되지 않았습니다. 보통 얼마나 걸리나요? 확인 부탁드립니다.,포인트,적립,S002,주행 포인트 적립 지연,Y,Y,Y
VOC08310,증권 정보 수정 문의 확인 부탁드립니다.,보험 계약 정보 중 일부 항목이 잘못되어 수정 요청드립니다. 앱에서 확인이 어려워 문의드립니다.,보험,계약정보,S013,계약정보 불일치,Y,Y,Y
VOC06240,포인트가 갑자기 줄었습니다,포인트 사용 이력과 실제 잔액이 맞지 않습니다.,포인트,차감,S010,포인트 오차감,Y,Y,Y
VOC03544,운전한 내역이 앱에 없습니다,차량은 정상적으로 운행했는데 주행 데이터가 수집되지 않은 것 같습니다.,주행,주행기록,S006,주행기록 미반영,Y,Y,Y
VOC08631,계약정보가 다르게 표시됩니다 처리 방법을 안내해주세요.,앱에 표시된 계약자명이 [계약자명]으로 되어 있는데 실제 정보와 다릅니다.,보험,계약정보,S013,계약정보 불일치,Y,Y,Y
VOC09727,어떤 주행이 포인트 대상인가요 앱에서 확인이 어려워 문의드립니다.,주행거리와 운전점수에 따라 포인트가 어떻게 산정되는지 알고 싶습니다.,포인트,적립기준,S015,포인트 적립 기준 문의,Y,Y,Y
VOC06942,앱이 계속 종료됩니다,앱을 실행하면 [에러코드] 오류가 표시되고 바로 종료됩니다. 확인 부탁드립니다.,앱,오류,S011,앱 실행 오류,Y,Y,Y
VOC02868,비밀번호가 기억나지 않아요,비밀번호 변경 절차와 조건을 안내해주세요.,회원,계정관리,S005,비밀번호 재설정,Y,Y,Y
VOC06204,포인트 잔액 오류,어제 확인한 잔액과 오늘 잔액이 달라서 문의합니다.,포인트,차감,S010,포인트 오차감,Y,Y,Y
VOC02029,계정 접속이 불가능합니다,여러 번 시도했지만 인증 후 다시 로그인 화면으로 돌아옵니다.,회원,로그인,S004,로그인 오류,Y,Y,Y
VOC08546,계약정보가 다르게 표시됩니다 관련 기준도 함께 알려주세요.,증권번호 [증권번호]의 차량정보가 현재 차량과 일치하지 않습니다.,보험,계약정보,S013,계약정보 불일치,Y,Y,Y
VOC00328,주행 포인트 미적립 문의 관련 기준도 함께 알려주세요.,운전 기록은 정상적으로 보이지만 포인트가 들어오지 않았습니다.,포인트,적립,S001,주행 포인트 미적립,Y,Y,Y
VOC01278,포인트가 아직 처리되지 않았어요 관련 기준도 함께 알려주세요.,[주행종료시간]에 주행을 종료했습니다. 포인트 반영 예정 시간을 알고 싶습니다.,포인트,적립,S002,주행 포인트 적립 지연,Y,Y,Y
VOC08027,증권 정보 수정 문의 관련 기준도 함께 알려주세요.,증권번호 [증권번호]의 차량정보가 현재 차량과 일치하지 않습니다.,보험,계약정보,S013,계약정보 불일치,Y,Y,Y
VOC06764,서비스 실행 불가 문의 확인 부탁드립니다.,재설치 후에도 동일하게 앱이 강제 종료됩니다. 현재 화면에서 직접 수정할 수 없습니다.,앱,오류,S011,앱 실행 오류,Y,Y,Y
VOC00631,주행 후 포인트가 없습니다 확인 부탁드립니다.,운전 기록은 정상적으로 보이지만 포인트가 들어오지 않았습니다. 관련 기준도 함께 알려주세요. 필요한 확인 항목이 있다면 안내 부탁드립니다.,포인트,적립,S001,주행 포인트 미적립,Y,Y,Y
VOC00132,포인트가 누락된 것 같습니다,운전 기록은 정상적으로 보이지만 포인트가 들어오지 않았습니다.,포인트,적립,S001,주행 포인트 미적립,Y,Y,Y
VOC00680,포인트 반영이 늦어지고 있습니다,주행 후 몇 시간이 지났는데 아직 적립 대기 상태입니다. 관련 기준도 함께 알려주세요.,포인트,적립,S002,주행 포인트 적립 지연,Y,Y,Y
VOC01370,적립 포인트는 어디서 쓰나요,포인트 사용 가능한 서비스와 제한 조건이 궁금합니다.,포인트,사용,S003,포인트 사용처 문의,Y,Y,Y
VOC09278,기존 전화번호 변경 문의,기존 번호 [전화번호]에서 새 번호 [변경전화번호]로 변경하고 싶습니다. 이전에 정상적으로 이용한 적이 있습니다.,회원,회원정보,S014,휴대전화 번호 변경,Y,Y,Y
VOC07429,사고 처리 진행 상황 문의 관련 기준도 함께 알려주세요.,보상 심사가 어느 단계까지 진행됐는지 확인 부탁드립니다.,사고,처리현황,S012,사고 처리 진행 문의,Y,Y,Y
VOC01601,보유 포인트 사용 방법,보험료 결제 외에도 포인트를 사용할 수 있는 곳이 있나요?,포인트,사용,S003,포인트 사용처 문의,Y,Y,Y
VOC01891,보유 포인트 사용 방법,현재 보유한 포인트를 어디에서 사용할 수 있는지 알려주세요.,포인트,사용,S003,포인트 사용처 문의,Y,Y,Y
VOC02606,로그인 화면에서 넘어가지 않아요 빠른 확인 요청드립니다.,여러 번 시도했지만 인증 후 다시 로그인 화면으로 돌아옵니다. 처리 방법을 안내해주세요.,회원,로그인,S004,로그인 오류,Y,Y,Y
VOC09731,어떤 주행이 포인트 대상인가요,포인트를 받기 위한 최소 주행 조건이 궁금합니다.,포인트,적립기준,S015,포인트 적립 기준 문의,Y,Y,Y
VOC04721,등록 차량 변경 요청,차량번호 변경 후 주행 서비스 연결 방법을 문의드립니다. 동일 현상이 반복되고 있습니다.,차량,차량정보,S008,차량정보 변경,Y,Y,Y
VOC02438,로그인 화면에서 넘어가지 않아요,[오류코드] 메시지가 표시되면서 앱에 접속할 수 없습니다. 처리 방법을 안내해주세요.,회원,로그인,S004,로그인 오류,Y,Y,Y
VOC03465,주행기록이 보이지 않습니다 빠른 확인 요청드립니다.,[주행일]에 [주행구간] 구간을 운전했는데 앱에서 기록이 보이지 않습니다. 이전에 정상적으로 이용한 적이 있습니다.,주행,주행기록,S006,주행기록 미반영,Y,Y,Y
VOC00737,포인트 반영이 늦어지고 있습니다,오늘 주행을 마쳤는데 포인트가 아직 반영되지 않았습니다. 보통 얼마나 걸리나요?,포인트,적립,S002,주행 포인트 적립 지연,Y,Y,Y
VOC08910,휴대전화 번호를 변경하고 싶습니다,번호 변경 후 로그인 인증 문자가 이전 번호로 발송됩니다. 동일 현상이 반복되고 있습니다.,회원,회원정보,S014,휴대전화 번호 변경,Y,Y,Y
VOC03302,새 비밀번호 등록 문의 관련 기준도 함께 알려주세요.,본인 인증 후 비밀번호 재설정 화면으로 이동하지 않습니다. 필요한 확인 항목이 있다면 안내 부탁드립니다.,회원,계정관리,S005,비밀번호 재설정,Y,Y,Y
VOC05970,앱 회원 탈퇴 방법 문의 앱에서 확인이 어려워 문의드립니다.,본인 인증 후 탈퇴가 완료되지 않아 확인 부탁드립니다. 빠른 확인 요청드립니다.,회원,계정관리,S009,회원 탈퇴,Y,Y,Y
VOC07660,보상 처리 단계 문의 처리 방법을 안내해주세요.,[주행일]에 접수한 사고의 담당자 배정 여부가 궁금합니다.,사고,처리현황,S012,사고 처리 진행 문의,Y,Y,Y
VOC07035,업데이트 후 앱이 열리지 않아요,재설치 후에도 동일하게 앱이 강제 종료됩니다. 동일 현상이 반복되고 있습니다.,앱,오류,S011,앱 실행 오류,Y,Y,Y
VOC04970,기존 차량 삭제 후 신규 등록,기존 차량 [기존차량번호]에서 새 차량 [변경차량번호]로 변경했습니다.,차량,차량정보,S008,차량정보 변경,Y,Y,Y
VOC04455,주행점수 할인 확인 요청 확인 부탁드립니다.,갱신 계약에 주행분석 할인 혜택이 반영되는지 확인 요청드립니다.,보험,할인,S007,보험료 할인 적용 문의,Y,Y,Y
VOC03445,앱에서 운전 기록 확인 불가,[날짜]에 [주행구간] 구간을 운전했는데 앱에서 기록이 보이지 않습니다.,주행,주행기록,S006,주행기록 미반영,Y,Y,Y
VOC06289,잘못 차감된 포인트 문의,결제를 취소했는데 차감된 포인트가 복구되지 않았습니다.,포인트,차감,S010,포인트 오차감,Y,Y,Y
VOC00434,주행 포인트가 적립되지 않았습니다,주행 조건을 충족한 것으로 보이는데 포인트가 0으로 표시됩니다.,포인트,적립,S001,주행 포인트 미적립,Y,Y,Y
VOC00140,주행 포인트 미적립 문의,주행 조건을 충족한 것으로 보이는데 포인트가 0으로 표시됩니다. 현재 화면에서 직접 수정할 수 없습니다.,포인트,적립,S001,주행 포인트 미적립,Y,Y,Y
VOC02302,앱 로그인이 되지 않습니다,여러 번 시도했지만 인증 후 다시 로그인 화면으로 돌아옵니다.,회원,로그인,S004,로그인 오류,Y,Y,Y
VOC09854,포인트 적립 기준이 궁금합니다,주행거리와 운전점수에 따라 포인트가 어떻게 산정되는지 알고 싶습니다.,포인트,적립기준,S015,포인트 적립 기준 문의,Y,Y,Y
VOC03650,주행 데이터가 반영되지 않았어요,[날짜]에 [주행구간] 구간을 운전했는데 앱에서 기록이 보이지 않습니다.,주행,주행기록,S006,주행기록 미반영,Y,Y,Y
VOC06036,포인트 잔액 오류,사용한 적이 없는데 [포인트수량] 포인트가 차감된 것으로 표시됩니다.,포인트,차감,S010,포인트 오차감,Y,Y,Y
VOC02586,로그인 화면에서 넘어가지 않아요,로그인 버튼을 눌러도 화면이 그대로입니다.,회원,로그인,S004,로그인 오류,Y,Y,Y
VOC01216,운전 후 포인트 반영 시간 문의,방금 운전한 기록은 보이는데 포인트는 처리 중으로 표시됩니다.,포인트,적립,S002,주행 포인트 적립 지연,Y,Y,Y
VOC09560,주행 포인트 산정 방법 문의 앱에서 확인이 어려워 문의드립니다.,포인트를 받기 위한 최소 주행 조건이 궁금합니다.,포인트,적립기준,S015,포인트 적립 기준 문의,Y,Y,Y
VOC04141,계약 할인 적용 상태 문의,안전운전 점수와 보험료 할인 적용 기준을 안내해주세요.,보험,할인,S007,보험료 할인 적용 문의,Y,Y,Y
VOC07098,앱이 계속 종료됩니다,앱을 열면 흰 화면만 보이고 아무 기능도 사용할 수 없습니다. 동일 현상이 반복되고 있습니다.,앱,오류,S011,앱 실행 오류,Y,Y,Y
VOC08536,증권 정보 수정 문의 처리 방법을 안내해주세요.,보험 계약 정보 중 일부 항목이 잘못되어 수정 요청드립니다. 처리 방법을 안내해주세요.,보험,계약정보,S013,계약정보 불일치,Y,Y,Y
VOC06151,잘못 차감된 포인트 문의,포인트 내역에 알 수 없는 차감 기록이 있습니다. 빠른 확인 요청드립니다.,포인트,차감,S010,포인트 오차감,Y,Y,Y
VOC05897,가입 정보 삭제 요청 관련 기준도 함께 알려주세요.,더 이상 서비스를 이용하지 않아 회원 탈퇴를 진행하고 싶습니다. 동일 현상이 반복되고 있습니다.,회원,계정관리,S009,회원 탈퇴,Y,Y,Y
VOC06307,포인트가 갑자기 줄었습니다 빠른 확인 요청드립니다.,결제를 취소했는데 차감된 포인트가 복구되지 않았습니다.,포인트,차감,S010,포인트 오차감,Y,Y,Y
VOC01289,운전 후 포인트 반영 시간 문의,오늘 주행을 마쳤는데 포인트가 아직 반영되지 않았습니다. 보통 얼마나 걸리나요?,포인트,적립,S002,주행 포인트 적립 지연,Y,Y,Y
VOC09839,어떤 주행이 포인트 대상인가요,포인트를 받기 위한 최소 주행 조건이 확인하고 싶습니다. 앱에서 확인이 어려워 문의드립니다.,포인트,적립기준,S015,포인트 적립 기준 문의,Y,Y,Y
VOC01599,적립 포인트는 어디서 쓰나요,현재 보유한 포인트를 어디에서 사용할 수 있는지 알려주세요. 관련 기준도 함께 알려주세요.,포인트,사용,S003,포인트 사용처 문의,Y,Y,Y
VOC00214,주행 포인트가 적립되지 않았습니다,운전 기록은 정상적으로 보이지만 포인트가 들어오지 않았습니다.,포인트,적립,S001,주행 포인트 미적립,Y,Y,Y
VOC02063,로그인 화면에서 넘어가지 않아요,아이디와 비밀번호를 입력해도 로그인 오류가 발생합니다.,회원,로그인,S004,로그인 오류,Y,Y,Y
VOC02819,비밀번호를 재설정하고 싶습니다 확인 부탁드립니다.,비밀번호 찾기 과정에서 [기존전화번호]로 인증번호가 오지 않습니다.,회원,계정관리,S005,비밀번호 재설정,Y,Y,Y
VOC00107,주행 포인트가 적립되지 않았습니다,[출발지]에서 [도착지]까지 구간을 운전했는데 적립 내역이 확인정상적으로 처리되지 않습니다.,포인트,적립,S001,주행 포인트 미적립,Y,Y,Y
VOC06380,포인트 잔액 오류,어제 확인한 잔액과 오늘 잔액이 달라서 문의드립니다.,포인트,차감,S010,포인트 오차감,Y,Y,Y
VOC07331,앱이 계속 종료됩니다,앱을 열면 흰 화면만 보이고 아무 기능도 사용할 수 없습니다. 앱에서 확인이 어려워 문의드립니다. 동일 현상이 반복되고 있습니다.,앱,오류,S011,앱 실행 오류,Y,Y,Y
VOC04046,계약 할인 적용 상태 문의,앱에는 할인 대상이라고 나오는데 실제 보험료에 적용됐는지 알고 싶습니다.,보험,할인,S007,보험료 할인 적용 문의,Y,Y,Y
VOC02175,계속 로그인에 실패합니다,로그인 버튼을 눌러도 화면이 그대로입니다. 현재 화면에서 직접 수정할 수 없습니다.,회원,로그인,S004,로그인 오류,Y,Y,Y
VOC09329,등록 연락처 수정 요청,번호 변경 후 로그인 인증 문자가 이전 번호로 발송됩니다. 필요한 확인 항목이 있다면 안내 부탁드립니다.,회원,회원정보,S014,휴대전화 번호 변경,Y,Y,Y
VOC09627,포인트 적립 기준이 궁금합니다,급가속이나 급감속 기록이 포인트 적립에 영향을 주나요?,포인트,적립기준,S015,포인트 적립 기준 문의,Y,Y,Y
VOC03524,운전한 내역이 앱에 없습니다 처리 방법을 안내해주세요.,주행 종료 후에도 거리와 시간이 0으로 표시됩니다. 앱을 다시 실행해도 같은 상태입니다.,주행,주행기록,S006,주행기록 미반영,Y,Y,Y
VOC08286,계약정보가 다르게 표시됩니다,계약 기간과 보험료 정보가 가입 당시 안내와 다르게 표시됩니다. 처리 방법을 안내해주세요.,보험,계약정보,S013,계약정보 불일치,Y,Y,Y
VOC07840,접수한 사고는 어떻게 진행되고 있나요,제출한 서류가 정상적으로 접수됐는지 알고 싶습니다.,사고,처리현황,S012,사고 처리 진행 문의,Y,Y,Y
VOC08328,보험 계약자 정보 오류 처리 방법을 안내해주세요.,갱신한 계약이 앱에서 이전 계약으로 보입니다. 동일 현상이 반복되고 있습니다.,보험,계약정보,S013,계약정보 불일치,Y,Y,Y
VOC05099,새 차량으로 바꾸고 싶어요,기존 차량 [차량번호]에서 새 차량 [새차량번호]로 변경했습니다. 빠른 확인 요청드립니다.,차량,차량정보,S008,차량정보 변경,Y,Y,Y
VOC06454,사용하지 않은 포인트가 차감됐어요,포인트 사용 이력과 실제 잔액이 맞지 않습니다. 필요한 확인 항목이 있다면 안내 부탁드립니다.,포인트,차감,S010,포인트 오차감,Y,Y,Y
VOC07845,보상 처리 단계 문의,[주행일]에 접수한 사고의 담당자 배정 여부가 궁금합니다.,사고,처리현황,S012,사고 처리 진행 문의,Y,Y,Y
VOC02372,아이디 입력 후 접속 오류 빠른 확인 요청드립니다.,아이디와 비밀번호를 입력해도 로그인 오류가 발생합니다. 이전에 정상적으로 이용한 적이 있습니다.,회원,로그인,S004,로그인 오류,Y,Y,Y
VOC08743,회원정보의 전화번호가 다릅니다,번호 변경 후 로그인 인증 문자가 이전 번호로 발송됩니다. 앱을 다시 실행해도 같은 상태입니다.,회원,회원정보,S014,휴대전화 번호 변경,Y,Y,Y
VOC05309,기존 차량 삭제 후 신규 등록 확인 부탁드립니다.,기존 차량 [차량번호]에서 새 차량 [변경차량번호]로 변경했습니다.,차량,차량정보,S008,차량정보 변경,Y,Y,Y
VOC05973,가입 정보 삭제 요청,계정과 저장된 개인정보를 삭제하는 절차를 확인 부탁드립니다.,회원,계정관리,S009,회원 탈퇴,Y,Y,Y
VOC05663,더 이상 서비스를 이용하지 않습니다 확인 부탁드립니다.,회원 탈퇴 시 남은 포인트와 주행기록이 어떻게 처리되는지 확인하고 싶습니다.,회원,계정관리,S009,회원 탈퇴,Y,Y,Y
VOC06658,잘못 차감된 포인트 문의,결제를 취소했는데 차감된 포인트가 복구되지 않았습니다.,포인트,차감,S010,포인트 오차감,Y,Y,Y
VOC09655,운전점수와 포인트 관계 확인 부탁드립니다.,짧은 거리 주행도 포인트 적립 대상인지 문의드립니다. 관련 기준도 함께 알려주세요.,포인트,적립기준,S015,포인트 적립 기준 문의,Y,Y,Y
VOC00670,포인트 적립 처리 중 문의 빠른 확인 요청드립니다.,주행 후 몇 시간이 지났는데 아직 적립 대기 상태입니다. 빠른 확인 요청드립니다.,포인트,적립,S002,주행 포인트 적립 지연,Y,Y,Y
VOC07103,업데이트 후 앱이 열리지 않아요,특정 메뉴에 들어가면 화면이 멈추는 현상이 반복됩니다. 확인 부탁드립니다.,앱,오류,S011,앱 실행 오류,Y,Y,Y
VOC07913,사고 접수 후 연락이 없습니다,사고 접수 이후 진행 상황 안내를 받지 못했습니다.,사고,처리현황,S012,사고 처리 진행 문의,Y,Y,Y
VOC01326,포인트가 아직 처리되지 않았어요,방금 운전한 기록은 보이는데 포인트는 처리 중으로 표시됩니다.,포인트,적립,S002,주행 포인트 적립 지연,Y,Y,Y
VOC01515,포인트 사용 가능 서비스 문의 처리 방법을 안내해주세요.,적립된 포인트의 사용처와 사용 절차를 안내 부탁드립니다.,포인트,사용,S003,포인트 사용처 문의,Y,Y,Y
VOC03278,비밀번호 변경이 되지 않습니다,비밀번호 변경 절차와 조건을 안내해주세요.,회원,계정관리,S005,비밀번호 재설정,Y,Y,Y
VOC09651,어떤 주행이 포인트 대상인가요,짧은 거리 주행도 포인트 적립 대상인지 문의드립니다.,포인트,적립기준,S015,포인트 적립 기준 문의,Y,Y,Y
VOC00230,운전했는데 포인트가 안 들어왔어요,운전 기록은 정상적으로 보이지만 포인트가 들어오지 않았습니다. 빠른 확인 요청드립니다.,포인트,적립,S001,주행 포인트 미적립,Y,Y,Y
VOC06208,포인트가 갑자기 줄었습니다,사용한 적이 없는데 [포인트수량] 포인트가 차감된 것으로 표시됩니다.,포인트,차감,S010,포인트 오차감,Y,Y,Y
VOC02568,계정 접속이 불가능합니다 처리 방법을 안내해주세요.,로그인 버튼을 눌러도 화면이 그대로입니다.,회원,로그인,S004,로그인 오류,Y,Y,Y
VOC09463,어떤 주행이 포인트 대상인가요,포인트 지급 대상과 제외 조건을 자세히 안내해주세요.,포인트,적립기준,S015,포인트 적립 기준 문의,Y,Y,Y
VOC03478,주행기록이 보이지 않습니다,주행 종료 후에도 거리와 시간이 0으로 표시됩니다.,주행,주행기록,S006,주행기록 미반영,Y,Y,Y
VOC06603,포인트 차감 내역이 이상합니다 확인 부탁드립니다.,어제 확인한 잔액과 오늘 잔액이 달라서 문의합니다.,포인트,차감,S010,포인트 오차감,Y,Y,Y
VOC05014,기존 차량 삭제 후 신규 등록 확인 부탁드립니다.,기존 차량을 삭제하고 새 차량을 등록하는 방법을 알려주세요.,차량,차량정보,S008,차량정보 변경,Y,Y,Y
VOC04082,보험료 할인이 반영됐나요,앱에는 할인 대상이라고 나오는데 실제 보험료에 적용됐는지 알고 싶습니다.,보험,할인,S007,보험료 할인 적용 문의,Y,Y,Y
VOC09747,어떤 주행이 포인트 대상인가요,짧은 거리 주행도 포인트 적립 대상인지 문의드립니다.,포인트,적립기준,S015,포인트 적립 기준 문의,Y,Y,Y
VOC04584,계약 할인 적용 상태 문의,앱에는 할인 대상이라고 나오는데 실제 보험료에 적용됐는지 알고 싶습니다. 관련 기준도 함께 알려주세요.,보험,할인,S007,보험료 할인 적용 문의,Y,Y,Y
VOC07209,업데이트 후 앱이 열리지 않아요,앱을 열면 흰 화면만 보이고 아무 기능도 사용할 수 없습니다.,앱,오류,S011,앱 실행 오류,Y,Y,Y
VOC03568,주행 데이터가 반영되지 않았어요,[날짜]에 [출발지]-[도착지] 구간을 운전했는데 앱에서 기록이 보이지 않습니다.,주행,주행기록,S006,주행기록 미반영,Y,Y,Y
VOC04134,주행점수 할인 확인 요청,앱에는 할인 대상이라고 나오는데 실제 보험료에 적용됐는지 알고 싶습니다. 동일 현상이 반복되고 있습니다.,보험,할인,S007,보험료 할인 적용 문의,Y,Y,Y
VOC06056,포인트 차감 내역이 이상합니다,결제를 취소했는데 차감된 포인트가 복구되지 않았습니다. 앱에서 확인이 어려워 문의드립니다.,포인트,차감,S010,포인트 오차감,Y,Y,Y
VOC01675,포인트 사용 가능 서비스 문의,포인트 사용 가능한 서비스와 제한 조건이 궁금합니다.,포인트,사용,S003,포인트 사용처 문의,Y,Y,Y
VOC02184,아이디 입력 후 접속 오류 처리 방법을 안내해주세요.,[에러코드] 메시지가 표시되면서 앱에 접속할 수 없습니다. 처리 방법을 안내해주세요.,회원,로그인,S004,로그인 오류,Y,Y,Y
VOC05201,등록 차량 변경 요청,보험 계약 차량은 변경됐는데 앱에는 이전 차량이 표시됩니다.,차량,차량정보,S008,차량정보 변경,Y,Y,Y
VOC02164,로그인 화면에서 넘어가지 않아요,여러 번 시도했지만 인증 후 다시 로그인 화면으로 돌아옵니다. 확인 부탁드립니다. 동일 현상이 반복되고 있습니다.,회원,로그인,S004,로그인 오류,Y,Y,Y
VOC01446,보유 포인트 사용 방법 확인 부탁드립니다.,앱에 [포인트수량] 포인트가 있는데 사용 가능한 항목을 확인하고 싶습니다. 확인 부탁드립니다.,포인트,사용,S003,포인트 사용처 문의,Y,Y,Y
VOC01353,포인트 사용 가능 서비스 문의,앱에 [차감금액] 포인트가 있는데 사용 가능한 항목을 확인하고 싶습니다.,포인트,사용,S003,포인트 사용처 문의,Y,Y,Y
VOC06930,업데이트 후 앱이 열리지 않아요,앱을 열면 흰 화면만 보이고 아무 기능도 사용할 수 없습니다. 앱을 다시 실행해도 같은 상태입니다.,앱,오류,S011,앱 실행 오류,Y,Y,Y
VOC08081,계약정보가 다르게 표시됩니다,계약 기간과 보험료 정보가 가입 당시 안내와 다르게 표시됩니다. 현재 화면에서 직접 수정할 수 없습니다.,보험,계약정보,S013,계약정보 불일치,Y,Y,Y
VOC03726,최근 주행기록 누락 문의,주행 종료 후에도 거리와 시간이 0으로 표시됩니다.,주행,주행기록,S006,주행기록 미반영,Y,Y,Y
VOC03905,앱에서 운전 기록 확인 불가,[주행일]에 [출발지]에서 [도착지]까지 구간을 운전했는데 앱에서 기록이 보이지 않습니다.,주행,주행기록,S006,주행기록 미반영,Y,Y,Y
VOC03468,최근 주행기록 누락 문의,차량은 정상적으로 운행했는데 주행 데이터가 수집되지 않은 것 같습니다.,주행,주행기록,S006,주행기록 미반영,Y,Y,Y
VOC01653,보유 포인트 사용 방법,현재 보유한 포인트를 어디에서 사용할 수 있는지 알려주세요.,포인트,사용,S003,포인트 사용처 문의,Y,Y,Y
VOC02342,앱 로그인이 되지 않습니다,여러 번 시도했지만 인증 후 다시 로그인 화면으로 돌아옵니다.,회원,로그인,S004,로그인 오류,Y,Y,Y
VOC06385,사용하지 않은 포인트가 차감됐어요,포인트 사용 이력과 실제 잔액이 맞지 않습니다.,포인트,차감,S010,포인트 오차감,Y,Y,Y
VOC06585,포인트 잔액 오류 빠른 확인 요청드립니다.,포인트 사용 이력과 실제 잔액이 맞지 않습니다.,포인트,차감,S010,포인트 오차감,Y,Y,Y
VOC09728,주행 포인트 산정 방법 문의,포인트 지급 대상과 제외 조건을 자세히 안내해주세요.,포인트,적립기준,S015,포인트 적립 기준 문의,Y,Y,Y
VOC03339,최근 주행기록 누락 문의,해당 시간대의 운전 내역이 누락되어 확인 요청드립니다.,주행,주행기록,S006,주행기록 미반영,Y,Y,Y
VOC09164,기존 전화번호 변경 문의 빠른 확인 요청드립니다.,기존 번호 [전화번호]에서 새 번호 [새전화번호]로 변경하고 싶습니다.,회원,회원정보,S014,휴대전화 번호 변경,Y,Y,Y
VOC09347,어떤 주행이 포인트 대상인가요,포인트를 받기 위한 최소 주행 조건이 궁금합니다.,포인트,적립기준,S015,포인트 적립 기준 문의,Y,Y,Y
VOC05459,서비스 계정을 삭제하고 싶어요,본인 인증 후 탈퇴가 완료되지 않아 확인 부탁드립니다.,회원,계정관리,S009,회원 탈퇴,Y,Y,Y
VOC03504,운전한 내역이 앱에 없습니다 관련 기준도 함께 알려주세요.,주행 종료 후에도 거리와 시간이 0으로 표시됩니다. 앱에서 확인이 어려워 문의드립니다. 동일 현상이 반복되고 있습니다.,주행,주행기록,S006,주행기록 미반영,Y,Y,Y
VOC05712,회원 탈퇴를 요청합니다,더 이상 서비스를 이용하지 않아 회원 탈퇴를 진행하고 싶습니다. 처리 방법을 안내해주세요.,회원,계정관리,S009,회원 탈퇴,Y,Y,Y
VOC03200,비밀번호 찾기 인증 오류 처리 방법을 안내해주세요.,비밀번호 찾기 과정에서 [기존전화번호]로 인증번호가 오지 않습니다. 동일 현상이 반복되고 있습니다.,회원,계정관리,S005,비밀번호 재설정,Y,Y,Y
VOC06150,포인트 잔액 오류,어제 확인한 잔액과 오늘 잔액이 달라서 확인 요청드립니다. 처리 방법을 안내해주세요.,포인트,차감,S010,포인트 오차감,Y,Y,Y
VOC08602,앱의 계약 내용이 맞지 않아요,증권번호 [증권번호]의 차량정보가 현재 차량과 일치하지 않습니다.,보험,계약정보,S013,계약정보 불일치,Y,Y,Y
VOC05007,앱 차량정보 수정 문의,기존 차량 [기존차량번호]에서 새 차량 [새차량번호]로 변경했습니다.,차량,차량정보,S008,차량정보 변경,Y,Y,Y
VOC04623,안전운전 할인 적용 여부 문의,증권번호 [증권번호] 계약에 안전운전 할인이 적용됐는지 확인하고 싶습니다.,보험,할인,S007,보험료 할인 적용 문의,Y,Y,Y
VOC05635,가입 정보 삭제 요청,더 이상 서비스를 이용하지 않아 회원 탈퇴를 진행하고 싶습니다.,회원,계정관리,S009,회원 탈퇴,Y,Y,Y
VOC02592,계속 로그인에 실패합니다,[오류코드] 메시지가 표시되면서 앱에 접속할 수 없습니다. 앱을 다시 실행해도 같은 상태입니다.,회원,로그인,S004,로그인 오류,Y,Y,Y
VOC02693,비밀번호를 재설정하고 싶습니다,비밀번호 찾기 과정에서 [기존전화번호]로 인증번호가 오지 않습니다. 동일 현상이 반복되고 있습니다.,회원,계정관리,S005,비밀번호 재설정,Y,Y,Y
VOC04647,보험료 할인이 반영됐나요 관련 기준도 함께 알려주세요.,현재 운전점수 기준으로 받을 수 있는 보험료 할인율이 궁금합니다. 확인 부탁드립니다.,보험,할인,S007,보험료 할인 적용 문의,Y,Y,Y
VOC03390,운전한 내역이 앱에 없습니다,해당 시간대의 운전 내역이 누락되어 확인 요청드립니다. 처리 방법을 안내해주세요. 앱을 다시 실행해도 같은 상태입니다.,주행,주행기록,S006,주행기록 미반영,Y,Y,Y
VOC09247,휴대전화 번호를 변경하고 싶습니다,번호 변경 후 로그인 인증 문자가 이전 번호로 발송됩니다.,회원,회원정보,S014,휴대전화 번호 변경,Y,Y,Y
VOC06718,앱이 계속 종료됩니다,특정 메뉴에 들어가면 화면이 멈추는 현상이 반복됩니다.,앱,오류,S011,앱 실행 오류,Y,Y,Y
VOC07473,보상 처리 단계 문의,사건번호 [사건번호]와 관련해 현재 처리 단계를 확인하고 싶습니다.,사고,처리현황,S012,사고 처리 진행 문의,Y,Y,Y
VOC09114,새 번호로 인증받고 싶어요,새 번호로 본인 인증을 진행하는 방법을 알려주세요.,회원,회원정보,S014,휴대전화 번호 변경,Y,Y,Y
VOC00993,운전 후 포인트 반영 시간 문의,주행 후 몇 시간이 지났는데 아직 적립 대기 상태입니다.,포인트,적립,S002,주행 포인트 적립 지연,Y,Y,Y
VOC06717,서비스 실행 불가 문의 처리 방법을 안내해주세요.,앱을 실행하면 [에러코드] 오류가 표시되고 바로 종료됩니다. 이전에 정상적으로 이용한 적이 있습니다.,앱,오류,S011,앱 실행 오류,Y,Y,Y
VOC04699,앱 차량정보 수정 문의,기존 차량을 삭제하고 새 차량을 등록하는 방법을 안내 부탁드립니다. 관련 기준도 함께 알려주세요. 이전에 정상적으로 이용한 적이 있습니다.,차량,차량정보,S008,차량정보 변경,Y,Y,Y
VOC02812,비밀번호를 재설정하고 싶습니다 처리 방법을 안내해주세요.,새 비밀번호를 입력했지만 변경이 완료안 됩니다.,회원,계정관리,S005,비밀번호 재설정,Y,Y,Y
VOC09603,운전점수와 포인트 관계 앱에서 확인이 어려워 문의드립니다.,포인트 지급 대상과 제외 조건을 자세히 안내해주세요.,포인트,적립기준,S015,포인트 적립 기준 문의,Y,Y,Y
VOC09591,주행 포인트 산정 방법 문의,포인트를 받기 위한 최소 주행 조건이 안내받고 싶습니다.,포인트,적립기준,S015,포인트 적립 기준 문의,Y,Y,Y
VOC04629,안전운전 할인 적용 여부 문의,현재 운전점수 기준으로 받을 수 있는 보험료 할인율이 궁금합니다.,보험,할인,S007,보험료 할인 적용 문의,Y,Y,Y
VOC04029,주행점수 할인 확인 요청,갱신 계약에 주행분석 할인 혜택이 반영되는지 확인 요청드립니다.,보험,할인,S007,보험료 할인 적용 문의,Y,Y,Y
VOC04089,보험료 할인이 반영됐나요,앱에는 할인 대상이라고 나오는데 실제 보험료에 적용됐는지 알고 싶습니다.,보험,할인,S007,보험료 할인 적용 문의,Y,Y,Y
VOC04606,보험료 할인 혜택이 궁금합니다 처리 방법을 안내해주세요.,안전운전 점수와 보험료 할인 적용 기준을 안내해주세요.,보험,할인,S007,보험료 할인 적용 문의,Y,Y,Y
VOC04479,안전운전 할인 적용 여부 문의,앱에는 할인 대상이라고 나오는데 실제 보험료에 적용됐는지 알고 싶습니다. 빠른 확인 요청드립니다.,보험,할인,S007,보험료 할인 적용 문의,Y,Y,Y
VOC09927,포인트 적립 기준이 궁금합니다,포인트를 받기 위한 최소 주행 조건이 궁금합니다.,포인트,적립기준,S015,포인트 적립 기준 문의,Y,Y,Y
VOC04940,앱 차량정보 수정 문의,기존 차량을 삭제하고 새 차량을 등록하는 방법을 알려주세요. 빠른 확인 요청드립니다. 앱을 다시 실행해도 같은 상태입니다.,차량,차량정보,S008,차량정보 변경,Y,Y,Y
VOC01940,보유 포인트 사용 방법,보험료 결제 외에도 포인트를 사용할 수 있는 곳이 있나요? 필요한 확인 항목이 있다면 안내 부탁드립니다.,포인트,사용,S003,포인트 사용처 문의,Y,Y,Y
VOC03696,앱에서 운전 기록 확인 불가 관련 기준도 함께 알려주세요.,운전을 완료했지만 최근 주행 목록에 추가되지 않았습니다.,주행,주행기록,S006,주행기록 미반영,Y,Y,Y
VOC09855,포인트 적립 기준이 궁금합니다,짧은 거리 주행도 포인트 적립 대상인지 문의드립니다.,포인트,적립기준,S015,포인트 적립 기준 문의,Y,Y,Y
VOC03164,비밀번호 변경이 안 됩니다,비밀번호 찾기 과정에서 [전화번호]로 인증번호가 오지 않습니다.,회원,계정관리,S005,비밀번호 재설정,Y,Y,Y
VOC09147,휴대전화 번호를 변경하고 싶습니다,등록된 연락처가 실제 사용하는 번호와 달라 수정 요청드립니다.,회원,회원정보,S014,휴대전화 번호 변경,Y,Y,Y
VOC04127,보험료 할인 혜택이 궁금합니다 처리 방법을 안내해주세요.,증권번호 [증권번호] 계약에 안전운전 할인이 적용됐는지 확인하고 싶습니다. 빠른 확인 요청드립니다.,보험,할인,S007,보험료 할인 적용 문의,Y,Y,Y
VOC05104,차량을 변경했습니다,기존 차량을 삭제하고 새 차량을 등록하는 방법을 알려주세요.,차량,차량정보,S008,차량정보 변경,Y,Y,Y
VOC00143,주행 포인트 미적립 문의,주행 조건을 충족한 것으로 보이는데 포인트가 0으로 표시됩니다.,포인트,적립,S001,주행 포인트 미적립,Y,Y,Y
VOC05619,가입 정보 삭제 요청 처리 방법을 안내해주세요.,더 이상 서비스를 이용하지 않아 회원 탈퇴를 진행하고 싶습니다.,회원,계정관리,S009,회원 탈퇴,Y,Y,Y
VOC00898,주행 포인트는 언제 들어오나요,방금 운전한 기록은 보이는데 포인트는 처리 중으로 표시됩니다.,포인트,적립,S002,주행 포인트 적립 지연,Y,Y,Y
VOC06003,가입 정보 삭제 요청 관련 기준도 함께 알려주세요.,계정과 저장된 개인정보를 삭제하는 절차를 알려주세요. 현재 화면에서 직접 수정할 수 없습니다.,회원,계정관리,S009,회원 탈퇴,Y,Y,Y
VOC00573,운전했는데 포인트가 안 들어왔어요,[주행일]에 주행을 완료했는데 포인트가 아직 적립되지 않았습니다.,포인트,적립,S001,주행 포인트 미적립,Y,Y,Y
VOC04395,계약 할인 적용 상태 문의,앱에는 할인 대상이라고 나오는데 실제 보험료에 적용됐는지 알고 싶습니다.,보험,할인,S007,보험료 할인 적용 문의,Y,Y,Y
VOC04991,새 차량으로 바꾸고 싶어요,차량을 교체해서 앱의 등록 정보를 수정하고 싶습니다.,차량,차량정보,S008,차량정보 변경,Y,Y,Y
VOC03136,비밀번호를 재설정하고 싶습니다 빠른 확인 요청드립니다.,비밀번호 변경 절차와 조건을 안내해주세요.,회원,계정관리,S005,비밀번호 재설정,Y,Y,Y
VOC06785,앱 화면이 멈춥니다,업데이트 이후 첫 화면에서 멈추고 다음으로 넘어가지 않습니다. 빠른 확인 요청드립니다. 앱을 다시 실행해도 같은 상태입니다.,앱,오류,S011,앱 실행 오류,Y,Y,Y
VOC08219,계약정보가 다르게 표시됩니다,증권번호 [계약번호]의 차량정보가 현재 차량과 일치하지 않습니다.,보험,계약정보,S013,계약정보 불일치,Y,Y,Y
VOC09069,회원정보의 전화번호가 다릅니다,휴대전화 번호를 바꿨는데 앱 회원정보에는 이전 번호가 표시됩니다.,회원,회원정보,S014,휴대전화 번호 변경,Y,Y,Y
VOC09952,포인트 지급 조건 안내 요청,급가속이나 급감속 기록이 포인트 적립에 영향을 주나요? 처리 방법을 안내해주세요.,포인트,적립기준,S015,포인트 적립 기준 문의,Y,Y,Y
VOC03427,앱에서 운전 기록 확인 불가 앱에서 확인이 어려워 문의드립니다.,[날짜]에 [출발지]에서 [도착지]까지 구간을 운전했는데 앱에서 기록이 보이지 않습니다.,주행,주행기록,S006,주행기록 미반영,Y,Y,Y
VOC00498,주행 후 포인트가 없습니다 처리 방법을 안내해주세요.,[날짜]에 주행을 완료했는데 포인트가 아직 적립되지 않았습니다. 빠른 확인 요청드립니다.,포인트,적립,S001,주행 포인트 미적립,Y,Y,Y
VOC00616,포인트가 누락된 것 같습니다,[주행일]에 주행을 완료했는데 포인트가 아직 적립되지 않았습니다.,포인트,적립,S001,주행 포인트 미적립,Y,Y,Y
VOC05207,기존 차량 삭제 후 신규 등록,차량을 교체해서 앱의 등록 정보를 수정하고 싶습니다. 앱에서 확인이 어려워 문의드립니다.,차량,차량정보,S008,차량정보 변경,Y,Y,Y
VOC05127,기존 차량 삭제 후 신규 등록,차량번호 변경 후 주행 서비스 연결 방법을 확인 요청드립니다.,차량,차량정보,S008,차량정보 변경,Y,Y,Y
VOC09579,주행 포인트 산정 방법 문의 관련 기준도 함께 알려주세요.,급가속이나 급감속 기록이 포인트 적립에 영향을 주나요?,포인트,적립기준,S015,포인트 적립 기준 문의,Y,Y,Y
VOC09420,주행 포인트 산정 방법 문의,급가속이나 급감속 기록이 포인트 적립에 영향을 주나요?,포인트,적립기준,S015,포인트 적립 기준 문의,Y,Y,Y
VOC07272,앱이 계속 종료됩니다 처리 방법을 안내해주세요.,앱을 실행하면 [에러코드] 오류가 표시되고 바로 종료됩니다.,앱,오류,S011,앱 실행 오류,Y,Y,Y
VOC05900,회원 탈퇴를 요청합니다,계정과 저장된 개인정보를 삭제하는 절차를 알려주세요.,회원,계정관리,S009,회원 탈퇴,Y,Y,Y
VOC06842,앱이 계속 종료됩니다,특정 메뉴에 들어가면 화면이 멈추는 현상이 반복됩니다. 빠른 확인 요청드립니다.,앱,오류,S011,앱 실행 오류,Y,Y,Y
VOC02766,비밀번호가 기억나지 않아요,본인 인증 후 비밀번호 재설정 화면으로 이동하지 않습니다.,회원,계정관리,S005,비밀번호 재설정,Y,Y,Y
VOC07909,사건번호 처리 상태 확인 빠른 확인 요청드립니다.,사건번호 [사고접수번호]와 관련해 현재 처리 단계를 확인하고 싶습니다.,사고,처리현황,S012,사고 처리 진행 문의,Y,Y,Y
VOC07675,사건번호 처리 상태 확인,[접수일]에 접수한 사고의 담당자 배정 여부가 궁금합니다. 앱에서 확인이 어려워 문의드립니다.,사고,처리현황,S012,사고 처리 진행 문의,Y,Y,Y
VOC03981,운전한 내역이 앱에 없습니다 확인 부탁드립니다.,차량은 정상적으로 운행했는데 주행 데이터가 수집되지 않은 것 같습니다. 관련 기준도 함께 알려주세요.,주행,주행기록,S006,주행기록 미반영,Y,Y,Y
VOC09101,기존 전화번호 변경 문의,새 번호로 본인 인증을 진행하는 방법을 알려주세요.,회원,회원정보,S014,휴대전화 번호 변경,Y,Y,Y
VOC02381,로그인 화면에서 넘어가지 않아요,기존에 사용하던 계정으로 접속되지 않아 문의드립니다. 확인 부탁드립니다.,회원,로그인,S004,로그인 오류,Y,Y,Y
VOC05837,서비스 계정을 삭제하고 싶어요,더 이상 서비스를 이용하지 않아 회원 탈퇴를 진행하고 싶습니다. 관련 기준도 함께 알려주세요. 이전에 정상적으로 이용한 적이 있습니다.,회원,계정관리,S009,회원 탈퇴,Y,Y,Y
VOC01565,포인트를 사용할 수 있는 곳,포인트 사용 가능한 서비스와 제한 조건이 궁금합니다.,포인트,사용,S003,포인트 사용처 문의,Y,Y,Y
VOC03703,최근 주행기록 누락 문의,[날짜]에 [출발지]-[도착지] 구간을 운전했는데 앱에서 기록이 보이지 않습니다.,주행,주행기록,S006,주행기록 미반영,Y,Y,Y
VOC01271,포인트 적립 처리 중 문의 확인 부탁드립니다.,"포인트가 바로 들어오는지, 일정 시간이 필요한지 문의합니다.",포인트,적립,S002,주행 포인트 적립 지연,Y,Y,Y
VOC09630,포인트 적립 기준이 궁금합니다,급가속이나 급감속 기록이 포인트 적립에 영향을 주나요? 처리 방법을 안내해주세요.,포인트,적립기준,S015,포인트 적립 기준 문의,Y,Y,Y
VOC00605,운전했는데 포인트가 안 들어왔어요,지난 주행 건에 대한 포인트를 받지 못했습니다. 확인 부탁드립니다.,포인트,적립,S001,주행 포인트 미적립,Y,Y,Y
VOC07701,사고 처리 진행 상황 문의,제출한 서류가 정상적으로 접수됐는지 알고 싶습니다. 처리 방법을 안내해주세요.,사고,처리현황,S012,사고 처리 진행 문의,Y,Y,Y
VOC00036,주행 포인트가 적립되지 않았습니다,주행 조건을 충족한 것으로 보이는데 포인트가 0으로 표시됩니다.,포인트,적립,S001,주행 포인트 미적립,Y,Y,Y
VOC00318,운전했는데 포인트가 안 들어왔어요,주행 조건을 충족한 것으로 보이는데 포인트가 0으로 표시됩니다.,포인트,적립,S001,주행 포인트 미적립,Y,Y,Y
VOC06486,포인트 차감 내역이 이상합니다 빠른 확인 요청드립니다.,포인트 내역에 알 수 없는 차감 기록이 있습니다. 동일 현상이 반복되고 있습니다.,포인트,차감,S010,포인트 오차감,Y,Y,Y
VOC08140,증권 정보 수정 문의,갱신한 계약이 앱에서 이전 계약으로 보입니다.,보험,계약정보,S013,계약정보 불일치,Y,Y,Y
VOC04328,계약 할인 적용 상태 문의,앱에는 할인 대상이라고 나오는데 실제 보험료에 적용됐는지 알고 싶습니다. 앱에서 확인이 어려워 문의드립니다.,보험,할인,S007,보험료 할인 적용 문의,Y,Y,Y
VOC09171,휴대전화 번호를 변경하고 싶습니다,기존 번호 [기존전화번호]에서 새 번호 [변경전화번호]로 변경하고 싶습니다. 빠른 확인 요청드립니다.,회원,회원정보,S014,휴대전화 번호 변경,Y,Y,Y
VOC08133,증권 정보 수정 문의,앱에 표시된 계약자명이 [이름]으로 되어 있는데 실제 정보와 다릅니다. 필요한 확인 항목이 있다면 안내 부탁드립니다.,보험,계약정보,S013,계약정보 불일치,Y,Y,Y
VOC00227,포인트가 누락된 것 같습니다 앱에서 확인이 어려워 문의드립니다.,지난 주행 건에 대한 포인트를 받지 못했습니다. 확인 부탁드립니다. 앱에서 확인이 어려워 문의드립니다.,포인트,적립,S001,주행 포인트 미적립,Y,Y,Y
VOC06542,사용하지 않은 포인트가 차감됐어요,어제 확인한 잔액과 오늘 잔액이 달라서 문의드립니다. 관련 기준도 함께 알려주세요.,포인트,차감,S010,포인트 오차감,Y,Y,Y
VOC06047,잘못 차감된 포인트 문의,어제 확인한 잔액과 오늘 잔액이 달라서 문의드립니다. 빠른 확인 요청드립니다. 앱을 다시 실행해도 같은 상태입니다.,포인트,차감,S010,포인트 오차감,Y,Y,Y
VOC01261,포인트 적립 처리 중 문의,오늘 주행을 마쳤는데 포인트가 아직 반영되지 않았습니다. 보통 얼마나 걸리나요? 이전에 정상적으로 이용한 적이 있습니다.,포인트,적립,S002,주행 포인트 적립 지연,Y,Y,Y
VOC02266,계속 로그인에 실패합니다 관련 기준도 함께 알려주세요.,기존에 사용하던 계정으로 접속되지 않아 문의드립니다. 처리 방법을 안내해주세요. 필요한 확인 항목이 있다면 안내 부탁드립니다.,회원,로그인,S004,로그인 오류,Y,Y,Y
VOC07916,접수한 사고는 어떻게 진행되고 있나요 확인 부탁드립니다.,제출한 서류가 정상적으로 접수됐는지 알고 싶습니다.,사고,처리현황,S012,사고 처리 진행 문의,Y,Y,Y
VOC01632,포인트 사용처가 확인하고 싶습니다,포인트 사용 가능한 서비스와 제한 조건이 확인하고 싶습니다. 앱을 다시 실행해도 같은 상태입니다.,포인트,사용,S003,포인트 사용처 문의,Y,Y,Y
VOC07183,앱 화면이 멈춥니다,재설치 후에도 동일하게 앱이 강제 종료됩니다.,앱,오류,S011,앱 실행 오류,Y,Y,Y
VOC02776,비밀번호를 재설정하고 싶습니다,비밀번호 변경 절차와 조건을 안내해주세요.,회원,계정관리,S005,비밀번호 재설정,Y,Y,Y
VOC00088,주행 포인트 미적립 문의,[접수일]에 주행을 완료했는데 포인트가 아직 적립되지 않았습니다.,포인트,적립,S001,주행 포인트 미적립,Y,Y,Y
VOC04051,보험료 할인이 반영됐나요,앱에는 할인 대상이라고 나오는데 실제 보험료에 적용됐는지 알고 싶습니다.,보험,할인,S007,보험료 할인 적용 문의,Y,Y,Y
VOC04109,보험료 할인이 반영됐나요 앱에서 확인이 어려워 문의드립니다.,현재 운전점수 기준으로 받을 수 있는 보험료 할인율이 궁금합니다.,보험,할인,S007,보험료 할인 적용 문의,Y,Y,Y
VOC06735,앱 화면이 멈춥니다,재설치 후에도 동일하게 앱이 강제 종료됩니다.,앱,오류,S011,앱 실행 오류,Y,Y,Y
VOC01396,포인트 사용처가 궁금합니다,현재 보유한 포인트를 어디에서 사용할 수 있는지 알려주세요.,포인트,사용,S003,포인트 사용처 문의,Y,Y,Y
VOC08040,계약 차량 정보 불일치,증권번호 [증권번호]의 차량정보가 현재 차량과 일치하지 않습니다. 관련 기준도 함께 알려주세요.,보험,계약정보,S013,계약정보 불일치,Y,Y,Y
VOC03921,주행 데이터가 반영되지 않았어요,차량은 정상적으로 운행했는데 주행 데이터가 수집되지 않은 것 같습니다. 관련 기준도 함께 알려주세요.,주행,주행기록,S006,주행기록 미반영,Y,Y,Y
VOC00480,주행 포인트 미적립 문의,지난 주행 건에 대한 포인트를 받지 못했습니다. 확인 부탁드립니다. 빠른 확인 요청드립니다. 이전에 정상적으로 이용한 적이 있습니다.,포인트,적립,S001,주행 포인트 미적립,Y,Y,Y
VOC01223,포인트가 아직 처리되지 않았어요,[시간]에 주행을 종료했습니다. 포인트 반영 예정 시간을 알고 싶습니다. 이전에 정상적으로 이용한 적이 있습니다.,포인트,적립,S002,주행 포인트 적립 지연,Y,Y,Y
VOC06716,업데이트 후 앱이 열리지 않아요,재설치 후에도 동일하게 앱이 강제 종료됩니다.,앱,오류,S011,앱 실행 오류,Y,Y,Y
VOC04916,등록 차량 변경 요청,차량을 교체해서 앱의 등록 정보를 수정하고 싶습니다. 필요한 확인 항목이 있다면 안내 부탁드립니다.,차량,차량정보,S008,차량정보 변경,Y,Y,Y
VOC01170,포인트가 아직 처리되지 않았어요,[시간]에 주행을 종료했습니다. 포인트 반영 예정 시간을 알고 싶습니다. 앱에서 확인이 어려워 문의드립니다.,포인트,적립,S002,주행 포인트 적립 지연,Y,Y,Y
VOC00760,운전 후 포인트 반영 시간 문의,방금 운전한 기록은 보이는데 포인트는 처리 중으로 표시됩니다.,포인트,적립,S002,주행 포인트 적립 지연,Y,Y,Y
VOC01150,운전 후 포인트 반영 시간 문의,"포인트가 바로 들어오는지, 일정 시간이 필요한지 확인 요청드립니다. 현재 화면에서 직접 수정할 수 없습니다.",포인트,적립,S002,주행 포인트 적립 지연,Y,Y,Y
VOC00286,포인트가 누락된 것 같습니다 앱에서 확인이 어려워 문의드립니다.,주행 조건을 충족한 것으로 보이는데 포인트가 0으로 표시됩니다.,포인트,적립,S001,주행 포인트 미적립,Y,Y,Y
VOC03244,새 비밀번호 등록 문의,비밀번호가 기억나지 않아 재설정하려고 합니다.,회원,계정관리,S005,비밀번호 재설정,Y,Y,Y
VOC02493,앱 로그인이 되지 않습니다,기존에 사용하던 계정으로 접속되지 않아 문의합니다.,회원,로그인,S004,로그인 오류,Y,Y,Y
VOC07679,사고 접수 후 연락이 없습니다,사건번호 [사건번호]와 관련해 현재 처리 단계를 확인하고 싶습니다.,사고,처리현황,S012,사고 처리 진행 문의,Y,Y,Y
VOC02086,앱 로그인이 되지 않습니다,아이디와 비밀번호를 입력해도 로그인 오류가 발생합니다. 처리 방법을 안내해주세요.,회원,로그인,S004,로그인 오류,Y,Y,Y
VOC04464,계약 할인 적용 상태 문의,증권번호 [계약번호] 계약에 안전운전 할인이 적용됐는지 확인하고 싶습니다. 처리 방법을 안내해주세요.,보험,할인,S007,보험료 할인 적용 문의,Y,Y,Y
VOC03282,새 비밀번호 등록 문의,비밀번호가 기억나지 않아 재설정하려고 합니다. 앱을 다시 실행해도 같은 상태입니다.,회원,계정관리,S005,비밀번호 재설정,Y,Y,Y
VOC01855,포인트를 사용할 수 있는 곳,보험료 결제 외에도 포인트를 사용할 수 있는 곳이 있나요? 확인 부탁드립니다. 현재 화면에서 직접 수정할 수 없습니다.,포인트,사용,S003,포인트 사용처 문의,Y,Y,Y
VOC09018,휴대전화 번호를 변경하고 싶습니다,새 번호로 본인 인증을 진행하는 방법을 안내 부탁드립니다. 확인 부탁드립니다. 현재 화면에서 직접 수정할 수 없습니다.,회원,회원정보,S014,휴대전화 번호 변경,Y,Y,Y
VOC03147,비밀번호를 재설정하고 싶습니다,비밀번호가 기억나지 않아 재설정하려고 합니다.,회원,계정관리,S005,비밀번호 재설정,Y,Y,Y
VOC04759,등록 차량 변경 요청 처리 방법을 안내해주세요.,차량번호 변경 후 주행 서비스 연결 방법을 문의합니다.,차량,차량정보,S008,차량정보 변경,Y,Y,Y
VOC03845,앱에서 운전 기록 확인 불가 확인 부탁드립니다.,운전을 완료했지만 최근 주행 목록에 추가되지 않았습니다. 필요한 확인 항목이 있다면 안내 부탁드립니다.,주행,주행기록,S006,주행기록 미반영,Y,Y,Y
VOC00292,주행 포인트가 적립되지 않았습니다 앱에서 확인이 어려워 문의드립니다.,지난 주행 건에 대한 포인트를 받지 못했습니다. 확인 부탁드립니다.,포인트,적립,S001,주행 포인트 미적립,Y,Y,Y
VOC00395,주행 후 포인트가 없습니다,운전 기록은 정상적으로 보이지만 포인트가 들어오지 않았습니다.,포인트,적립,S001,주행 포인트 미적립,Y,Y,Y
VOC06112,포인트가 갑자기 줄었습니다 관련 기준도 함께 알려주세요.,포인트 사용 이력과 실제 잔액이 맞지 않습니다. 확인 부탁드립니다.,포인트,차감,S010,포인트 오차감,Y,Y,Y
VOC08694,새 번호로 인증받고 싶어요 처리 방법을 안내해주세요.,새 번호로 본인 인증을 진행하는 방법을 알려주세요.,회원,회원정보,S014,휴대전화 번호 변경,Y,Y,Y
VOC09157,기존 전화번호 변경 문의,번호 변경 후 로그인 인증 문자가 이전 번호로 발송됩니다. 확인 부탁드립니다.,회원,회원정보,S014,휴대전화 번호 변경,Y,Y,Y
VOC03410,주행 데이터가 반영되지 않았어요,운전을 완료했지만 최근 주행 목록에 추가되지 않았습니다.,주행,주행기록,S006,주행기록 미반영,Y,Y,Y
VOC04633,안전운전 할인 적용 여부 문의,현재 운전점수 기준으로 받을 수 있는 보험료 할인율이 궁금합니다. 앱을 다시 실행해도 같은 상태입니다.,보험,할인,S007,보험료 할인 적용 문의,Y,Y,Y
VOC09399,포인트 지급 조건 안내 요청,포인트를 받기 위한 최소 주행 조건이 궁금합니다.,포인트,적립기준,S015,포인트 적립 기준 문의,Y,Y,Y
VOC03730,앱에서 운전 기록 확인 불가,[주행일]에 [주행구간] 구간을 운전했는데 앱에서 기록이 보이지 않습니다. 빠른 확인 요청드립니다.,주행,주행기록,S006,주행기록 미반영,Y,Y,Y
VOC07398,보상 처리 단계 문의 빠른 확인 요청드립니다.,사고 접수 이후 진행 상황 안내를 받지 못했습니다. 관련 기준도 함께 알려주세요.,사고,처리현황,S012,사고 처리 진행 문의,Y,Y,Y
VOC00608,포인트가 누락된 것 같습니다,운전 기록은 정상적으로 보이지만 포인트가 들어오지 않았습니다.,포인트,적립,S001,주행 포인트 미적립,Y,Y,Y
VOC02325,계속 로그인에 실패합니다,아이디와 비밀번호를 입력해도 로그인 오류가 발생합니다.,회원,로그인,S004,로그인 오류,Y,Y,Y
VOC01703,포인트를 사용할 수 있는 곳,현재 보유한 포인트를 어디에서 사용할 수 있는지 알려주세요.,포인트,사용,S003,포인트 사용처 문의,Y,Y,Y
VOC04064,보험료 할인 혜택이 확인하고 싶습니다,갱신 계약에 주행분석 할인 혜택이 반영되는지 확인 요청드립니다. 처리 방법을 안내해주세요.,보험,할인,S007,보험료 할인 적용 문의,Y,Y,Y
VOC08634,보험 계약자 정보 오류 관련 기준도 함께 알려주세요.,보험 계약 정보 중 일부 항목이 잘못되어 수정 요청드립니다. 관련 기준도 함께 알려주세요.,보험,계약정보,S013,계약정보 불일치,Y,Y,Y
VOC05852,가입 정보 삭제 요청,본인 인증 후 탈퇴가 완료되지 않아 확인 부탁드립니다. 앱을 다시 실행해도 같은 상태입니다.,회원,계정관리,S009,회원 탈퇴,Y,Y,Y
VOC08332,앱의 계약 내용이 맞지 않아요,증권번호 [증권번호]의 차량정보가 현재 차량과 일치하지 않습니다.,보험,계약정보,S013,계약정보 불일치,Y,Y,Y
VOC00305,주행 포인트가 적립되지 않았습니다,[주행구간] 구간을 운전했는데 적립 내역이 확인되지 않습니다.,포인트,적립,S001,주행 포인트 미적립,Y,Y,Y
VOC08273,증권 정보 수정 문의,앱에 표시된 계약자명이 [이름]으로 되어 있는데 실제 정보와 다릅니다.,보험,계약정보,S013,계약정보 불일치,Y,Y,Y
VOC01406,포인트 사용 가능 서비스 문의,적립된 포인트의 사용처와 사용 절차를 안내 부탁드립니다.,포인트,사용,S003,포인트 사용처 문의,Y,Y,Y
VOC05181,차량을 변경했습니다 처리 방법을 안내해주세요.,차량을 교체해서 앱의 등록 정보를 수정하고 싶습니다.,차량,차량정보,S008,차량정보 변경,Y,Y,Y
VOC06086,사용하지 않은 포인트가 차감됐어요 관련 기준도 함께 알려주세요.,사용한 적이 없는데 [금액] 포인트가 차감된 것으로 표시됩니다.,포인트,차감,S010,포인트 오차감,Y,Y,Y
VOC01393,포인트를 사용할 수 있는 곳,앱에 [금액] 포인트가 있는데 사용 가능한 항목을 확인하고 싶습니다.,포인트,사용,S003,포인트 사용처 문의,Y,Y,Y
VOC07356,사고 접수 후 연락이 없습니다 확인 부탁드립니다.,제출한 서류가 정상적으로 접수됐는지 알고 싶습니다.,사고,처리현황,S012,사고 처리 진행 문의,Y,Y,Y
VOC05094,기존 차량 삭제 후 신규 등록,차량번호 변경 후 주행 서비스 연결 방법을 문의합니다. 앱에서 확인이 어려워 문의드립니다. 현재 화면에서 직접 수정할 수 없습니다.,차량,차량정보,S008,차량정보 변경,Y,Y,Y
VOC09649,포인트 지급 조건 안내 요청 처리 방법을 안내해주세요.,짧은 거리 주행도 포인트 적립 대상인지 문의드립니다. 처리 방법을 안내해주세요.,포인트,적립기준,S015,포인트 적립 기준 문의,Y,Y,Y
VOC07551,사건번호 처리 상태 확인,사건번호 [사고접수번호]와 관련해 현재 처리 단계를 확인하고 싶습니다.,사고,처리현황,S012,사고 처리 진행 문의,Y,Y,Y
VOC00660,주행 포인트 미적립 문의,[접수일]에 주행을 완료했는데 포인트가 아직 적립되지 않았습니다.,포인트,적립,S001,주행 포인트 미적립,Y,Y,Y
VOC02535,로그인 화면에서 넘어가지 않아요,여러 번 시도했지만 인증 후 다시 로그인 화면으로 돌아옵니다.,회원,로그인,S004,로그인 오류,Y,Y,Y
VOC02871,비밀번호 찾기 인증 오류 빠른 확인 요청드립니다.,새 비밀번호를 입력했지만 변경이 완료되지 않습니다. 앱에서 확인이 어려워 문의드립니다.,회원,계정관리,S005,비밀번호 재설정,Y,Y,Y
VOC05680,더 이상 서비스를 이용하지 않습니다,본인 인증 후 탈퇴가 완료되지 않아 확인 부탁드립니다.,회원,계정관리,S009,회원 탈퇴,Y,Y,Y
VOC08823,회원정보의 전화번호가 다릅니다,휴대전화 번호를 바꿨는데 앱 회원정보에는 이전 번호가 표시됩니다.,회원,회원정보,S014,휴대전화 번호 변경,Y,Y,Y
VOC04803,기존 차량 삭제 후 신규 등록,기존 차량 [기존차량번호]에서 새 차량 [변경차량번호]로 변경했습니다. 확인 부탁드립니다. 현재 화면에서 직접 수정할 수 없습니다.,차량,차량정보,S008,차량정보 변경,Y,Y,Y
VOC01174,포인트가 아직 처리되지 않았어요,방금 운전한 기록은 보이는데 포인트는 처리 중으로 표시됩니다.,포인트,적립,S002,주행 포인트 적립 지연,Y,Y,Y
VOC06666,포인트가 갑자기 줄었습니다,어제 확인한 잔액과 오늘 잔액이 달라서 문의합니다. 처리 방법을 안내해주세요.,포인트,차감,S010,포인트 오차감,Y,Y,Y
VOC06741,업데이트 후 앱이 열리지 않아요,특정 메뉴에 들어가면 화면이 멈추는 현상이 반복됩니다. 앱에서 확인이 어려워 문의드립니다.,앱,오류,S011,앱 실행 오류,Y,Y,Y
VOC04270,안전운전 할인 적용 여부 문의,현재 운전점수 기준으로 받을 수 있는 보험료 할인율이 확인하고 싶습니다.,보험,할인,S007,보험료 할인 적용 문의,Y,Y,Y
VOC08903,회원정보의 전화번호가 다릅니다,번호 변경 후 로그인 인증 문자가 이전 번호로 발송됩니다.,회원,회원정보,S014,휴대전화 번호 변경,Y,Y,Y
VOC06849,서비스 실행 불가 문의,특정 메뉴에 들어가면 화면이 멈추는 현상이 반복됩니다.,앱,오류,S011,앱 실행 오류,Y,Y,Y
VOC08092,계약정보가 다르게 표시됩니다 확인 부탁드립니다.,갱신한 계약이 앱에서 이전 계약으로 보입니다.,보험,계약정보,S013,계약정보 불일치,Y,Y,Y
VOC06918,업데이트 후 앱이 열리지 않아요,앱을 열면 흰 화면만 보이고 아무 기능도 사용할 수 없습니다.,앱,오류,S011,앱 실행 오류,Y,Y,Y
VOC09487,주행 포인트 산정 방법 문의,포인트 지급 대상과 제외 조건을 자세히 안내해주세요.,포인트,적립기준,S015,포인트 적립 기준 문의,Y,Y,Y
VOC02564,앱 로그인이 되지 않습니다,기존에 사용하던 계정으로 접속되지 않아 확인 요청드립니다.,회원,로그인,S004,로그인 오류,Y,Y,Y
VOC05006,앱 차량정보 수정 문의 처리 방법을 안내해주세요.,기존 차량 [기존차량번호]에서 새 차량 [변경차량번호]로 변경했습니다.,차량,차량정보,S008,차량정보 변경,Y,Y,Y
VOC04441,안전운전 할인 적용 여부 문의,현재 운전점수 기준으로 받을 수 있는 보험료 할인율이 안내받고 싶습니다.,보험,할인,S007,보험료 할인 적용 문의,Y,Y,Y
VOC04158,안전운전 할인 적용 여부 문의,갱신 계약에 주행분석 할인 혜택이 반영되는지 문의드립니다.,보험,할인,S007,보험료 할인 적용 문의,Y,Y,Y
VOC09959,어떤 주행이 포인트 대상인가요,급가속이나 급감속 기록이 포인트 적립에 영향을 주나요?,포인트,적립기준,S015,포인트 적립 기준 문의,Y,Y,Y
VOC08765,휴대전화 번호를 변경하고 싶습니다,휴대전화 번호를 바꿨는데 앱 회원정보에는 이전 번호가 표시됩니다.,회원,회원정보,S014,휴대전화 번호 변경,Y,Y,Y
VOC02844,비밀번호를 재설정하고 싶습니다,본인 인증 후 비밀번호 재설정 화면으로 이동하지 않습니다.,회원,계정관리,S005,비밀번호 재설정,Y,Y,Y
VOC01697,포인트 사용처가 안내받고 싶습니다,포인트 사용 가능한 서비스와 제한 조건이 궁금합니다. 앱에서 확인이 어려워 문의드립니다.,포인트,사용,S003,포인트 사용처 문의,Y,Y,Y
VOC02365,앱 로그인이 되지 않습니다 확인 부탁드립니다.,기존에 사용하던 계정으로 접속되지 않아 확인 요청드립니다.,회원,로그인,S004,로그인 오류,Y,Y,Y
VOC03728,최근 주행기록 누락 문의 앱에서 확인이 어려워 문의드립니다.,주행 종료 후에도 거리와 시간이 0으로 표시됩니다.,주행,주행기록,S006,주행기록 미반영,Y,Y,Y
VOC04811,차량을 변경했습니다,차량번호 변경 후 주행 서비스 연결 방법을 문의드립니다. 필요한 확인 항목이 있다면 안내 부탁드립니다.,차량,차량정보,S008,차량정보 변경,Y,Y,Y
VOC04797,등록 차량 변경 요청,기존 차량 [차량번호]에서 새 차량 [변경차량번호]로 변경했습니다. 이전에 정상적으로 이용한 적이 있습니다.,차량,차량정보,S008,차량정보 변경,Y,Y,Y
VOC04221,안전운전 할인 적용 여부 문의,안전운전 점수와 보험료 할인 적용 기준을 안내해주세요.,보험,할인,S007,보험료 할인 적용 문의,Y,Y,Y
VOC08661,계약 차량 정보 불일치 처리 방법을 안내해주세요.,증권번호 [증권번호]의 차량정보가 현재 차량과 일치하지 않습니다.,보험,계약정보,S013,계약정보 불일치,Y,Y,Y
VOC06754,서비스 실행 불가 문의,재설치 후에도 동일하게 앱이 강제 종료됩니다.,앱,오류,S011,앱 실행 오류,Y,Y,Y
VOC02522,아이디 입력 후 접속 오류,여러 번 시도했지만 인증 후 다시 로그인 화면으로 돌아옵니다.,회원,로그인,S004,로그인 오류,Y,Y,Y
VOC08118,계약 차량 정보 불일치,앱에 표시된 계약자명이 [이름]으로 되어 있는데 실제 정보와 다릅니다. 빠른 확인 요청드립니다.,보험,계약정보,S013,계약정보 불일치,Y,Y,Y
VOC06268,사용하지 않은 포인트가 차감됐어요,어제 확인한 잔액과 오늘 잔액이 달라서 문의합니다.,포인트,차감,S010,포인트 오차감,Y,Y,Y
VOC00232,주행 포인트 미적립 문의,지난 주행 건에 대한 포인트를 받지 못했습니다. 확인 부탁드립니다.,포인트,적립,S001,주행 포인트 미적립,Y,Y,Y
VOC04965,차량을 변경했습니다,기존 차량 [차량번호]에서 새 차량 [새차량번호]로 변경했습니다.,차량,차량정보,S008,차량정보 변경,Y,Y,Y
VOC08794,기존 전화번호 변경 문의,새 번호로 본인 인증을 진행하는 방법을 안내 부탁드립니다.,회원,회원정보,S014,휴대전화 번호 변경,Y,Y,Y
VOC03433,주행기록이 보이지 않습니다,해당 시간대의 운전 내역이 누락되어 확인 요청드립니다.,주행,주행기록,S006,주행기록 미반영,Y,Y,Y
VOC01148,포인트가 아직 처리되지 않았어요 빠른 확인 요청드립니다.,[접수시간]에 주행을 종료했습니다. 포인트 반영 예정 시간을 알고 싶습니다. 빠른 확인 요청드립니다.,포인트,적립,S002,주행 포인트 적립 지연,Y,Y,Y
VOC02025,계정 접속이 불가능합니다,로그인 버튼을 눌러도 화면이 그대로입니다. 관련 기준도 함께 알려주세요.,회원,로그인,S004,로그인 오류,Y,Y,Y
VOC07896,보상 처리 단계 문의,사건번호 [사고접수번호]와 관련해 현재 처리 단계를 확인하고 싶습니다.,사고,처리현황,S012,사고 처리 진행 문의,Y,Y,Y
VOC02539,계정 접속이 불가능합니다,아이디와 비밀번호를 입력해도 로그인 오류가 발생합니다.,회원,로그인,S004,로그인 오류,Y,Y,Y
VOC08462,앱의 계약 내용이 맞지 않아요 관련 기준도 함께 알려주세요.,갱신한 계약이 앱에서 이전 계약으로 보입니다.,보험,계약정보,S013,계약정보 불일치,Y,Y,Y
VOC03851,운전한 내역이 앱에 없습니다,[주행일]에 [주행구간] 구간을 운전했는데 앱에서 기록이 보이지 않습니다.,주행,주행기록,S006,주행기록 미반영,Y,Y,Y
VOC02231,로그인 화면에서 넘어가지 않아요,기존에 사용하던 계정으로 접속되지 않아 확인 요청드립니다. 빠른 확인 요청드립니다.,회원,로그인,S004,로그인 오류,Y,Y,Y
VOC06689,앱 실행 중 오류가 발생합니다,업데이트 이후 첫 화면에서 멈추고 다음으로 넘어가지 않습니다. 처리 방법을 안내해주세요.,앱,오류,S011,앱 실행 오류,Y,Y,Y
VOC03148,비밀번호 찾기 인증 오류,새 비밀번호를 입력했지만 변경이 완료정상적으로 처리되지 않습니다. 동일 현상이 반복되고 있습니다.,회원,계정관리,S005,비밀번호 재설정,Y,Y,Y
VOC01927,적립 포인트는 어디서 쓰나요,앱에 [차감금액] 포인트가 있는데 사용 가능한 항목을 확인하고 싶습니다. 처리 방법을 안내해주세요.,포인트,사용,S003,포인트 사용처 문의,Y,Y,Y
VOC01156,포인트가 아직 처리되지 않았어요,주행 후 몇 시간이 지났는데 아직 적립 대기 상태입니다. 처리 방법을 안내해주세요.,포인트,적립,S002,주행 포인트 적립 지연,Y,Y,Y
VOC01237,포인트 반영이 늦어지고 있습니다,오늘 주행을 마쳤는데 포인트가 아직 반영되지 않았습니다. 보통 얼마나 걸리나요?,포인트,적립,S002,주행 포인트 적립 지연,Y,Y,Y
VOC00330,주행 포인트가 적립되지 않았습니다 확인 부탁드립니다.,[접수일]에 주행을 완료했는데 포인트가 아직 적립되지 않았습니다. 관련 기준도 함께 알려주세요.,포인트,적립,S001,주행 포인트 미적립,Y,Y,Y
VOC02148,계속 로그인에 실패합니다,기존에 사용하던 계정으로 접속되지 않아 문의드립니다.,회원,로그인,S004,로그인 오류,Y,Y,Y
VOC02790,비밀번호를 재설정하고 싶습니다 앱에서 확인이 어려워 문의드립니다.,새 비밀번호를 입력했지만 변경이 완료되지 않습니다. 동일 현상이 반복되고 있습니다.,회원,계정관리,S005,비밀번호 재설정,Y,Y,Y
VOC03792,주행기록이 보이지 않습니다,차량은 정상적으로 운행했는데 주행 데이터가 수집되지 않은 것 같습니다.,주행,주행기록,S006,주행기록 미반영,Y,Y,Y
VOC05344,더 이상 서비스를 이용하지 않습니다,계정과 저장된 개인정보를 삭제하는 절차를 알려주세요.,회원,계정관리,S009,회원 탈퇴,Y,Y,Y
VOC02737,비밀번호 찾기 인증 오류,비밀번호 변경 절차와 조건을 안내해주세요. 앱에서 확인이 어려워 문의드립니다.,회원,계정관리,S005,비밀번호 재설정,Y,Y,Y
VOC00489,주행 포인트가 적립되지 않았습니다,지난 주행 건에 대한 포인트를 받지 못했습니다. 확인 부탁드립니다. 관련 기준도 함께 알려주세요. 앱을 다시 실행해도 같은 상태입니다.,포인트,적립,S001,주행 포인트 미적립,Y,Y,Y
VOC09073,등록 연락처 수정 요청,등록된 연락처가 실제 사용하는 번호와 달라 수정 요청드립니다.,회원,회원정보,S014,휴대전화 번호 변경,Y,Y,Y
VOC01561,보유 포인트 사용 방법 앱에서 확인이 어려워 문의드립니다.,현재 보유한 포인트를 어디에서 사용할 수 있는지 확인 부탁드립니다. 빠른 확인 요청드립니다.,포인트,사용,S003,포인트 사용처 문의,Y,Y,Y
VOC04337,보험료 할인이 반영됐나요,증권번호 [계약번호] 계약에 안전운전 할인이 적용됐는지 확인하고 싶습니다.,보험,할인,S007,보험료 할인 적용 문의,Y,Y,Y
VOC02393,계정 접속이 불가능합니다 앱에서 확인이 어려워 문의드립니다.,아이디와 비밀번호를 입력해도 로그인 오류가 발생합니다. 동일 현상이 반복되고 있습니다.,회원,로그인,S004,로그인 오류,Y,Y,Y
VOC03755,앱에서 운전 기록 확인 불가,[날짜]에 [출발지]-[도착지] 구간을 운전했는데 앱에서 기록이 보이지 않습니다. 처리 방법을 안내해주세요.,주행,주행기록,S006,주행기록 미반영,Y,Y,Y
VOC04527,계약 할인 적용 상태 문의,증권번호 [계약번호] 계약에 안전운전 할인이 적용됐는지 확인하고 싶습니다.,보험,할인,S007,보험료 할인 적용 문의,Y,Y,Y
VOC02420,계속 로그인에 실패합니다,로그인 버튼을 눌러도 화면이 그대로입니다.,회원,로그인,S004,로그인 오류,Y,Y,Y
VOC03516,주행기록이 보이지 않습니다,해당 시간대의 운전 내역이 누락되어 확인 요청드립니다.,주행,주행기록,S006,주행기록 미반영,Y,Y,Y
VOC07453,사건번호 처리 상태 확인,사건번호 [사고접수번호]와 관련해 현재 처리 단계를 확인하고 싶습니다. 빠른 확인 요청드립니다.,사고,처리현황,S012,사고 처리 진행 문의,Y,Y,Y
VOC04523,계약 할인 적용 상태 문의 앱에서 확인이 어려워 문의드립니다.,앱에는 할인 대상이라고 나오는데 실제 보험료에 적용됐는지 알고 싶습니다.,보험,할인,S007,보험료 할인 적용 문의,Y,Y,Y
VOC00161,주행 포인트가 적립되지 않았습니다 확인 부탁드립니다.,운전 기록은 정상적으로 보이지만 포인트가 들어오지 않았습니다.,포인트,적립,S001,주행 포인트 미적립,Y,Y,Y
VOC02601,로그인 화면에서 넘어가지 않아요 빠른 확인 요청드립니다.,[오류코드] 메시지가 표시되면서 앱에 접속할 수 없습니다.,회원,로그인,S004,로그인 오류,Y,Y,Y
VOC07043,앱이 계속 종료됩니다,특정 메뉴에 들어가면 화면이 멈추는 현상이 반복됩니다.,앱,오류,S011,앱 실행 오류,Y,Y,Y
VOC08368,계약 차량 정보 불일치,보험 계약 정보 중 일부 항목이 잘못되어 수정 요청드립니다.,보험,계약정보,S013,계약정보 불일치,Y,Y,Y
VOC06387,포인트 잔액 오류,결제를 취소했는데 차감된 포인트가 복구되지 않았습니다.,포인트,차감,S010,포인트 오차감,Y,Y,Y
VOC01394,포인트 사용처가 궁금합니다,앱에 [차감금액] 포인트가 있는데 사용 가능한 항목을 확인하고 싶습니다. 이전에 정상적으로 이용한 적이 있습니다.,포인트,사용,S003,포인트 사용처 문의,Y,Y,Y
VOC02553,로그인 화면에서 넘어가지 않아요 앱에서 확인이 어려워 문의드립니다.,기존에 사용하던 계정으로 접속되지 않아 문의드립니다. 관련 기준도 함께 알려주세요.,회원,로그인,S004,로그인 오류,Y,Y,Y
VOC09478,포인트 지급 조건 안내 요청,포인트를 받기 위한 최소 주행 조건이 안내받고 싶습니다.,포인트,적립기준,S015,포인트 적립 기준 문의,Y,Y,Y
VOC08968,회원정보의 전화번호가 다릅니다,휴대전화 번호를 바꿨는데 앱 회원정보에는 이전 번호가 표시됩니다.,회원,회원정보,S014,휴대전화 번호 변경,Y,Y,Y
VOC00011,운전했는데 포인트가 안 들어왔어요 관련 기준도 함께 알려주세요.,운전 기록은 정상적으로 보이지만 포인트가 들어오지 않았습니다. 확인 부탁드립니다. 이전에 정상적으로 이용한 적이 있습니다.,포인트,적립,S001,주행 포인트 미적립,Y,Y,Y
VOC09506,주행 포인트 산정 방법 문의,짧은 거리 주행도 포인트 적립 대상인지 문의드립니다.,포인트,적립기준,S015,포인트 적립 기준 문의,Y,Y,Y
VOC00772,포인트가 아직 처리되지 않았어요,[접수시간]에 주행을 종료했습니다. 포인트 반영 예정 시간을 알고 싶습니다.,포인트,적립,S002,주행 포인트 적립 지연,Y,Y,Y
VOC09770,포인트 적립 기준이 궁금합니다,주행거리와 운전점수에 따라 포인트가 어떻게 산정되는지 알고 싶습니다.,포인트,적립기준,S015,포인트 적립 기준 문의,Y,Y,Y
VOC03240,비밀번호를 재설정하고 싶습니다 앱에서 확인이 어려워 문의드립니다.,새 비밀번호를 입력했지만 변경이 완료되지 않습니다. 관련 기준도 함께 알려주세요.,회원,계정관리,S005,비밀번호 재설정,Y,Y,Y
VOC02840,비밀번호 찾기 인증 오류 확인 부탁드립니다.,새 비밀번호를 입력했지만 변경이 완료되지 않습니다.,회원,계정관리,S005,비밀번호 재설정,Y,Y,Y
VOC01470,보유 포인트 사용 방법,적립된 포인트의 사용처와 사용 절차를 안내 부탁드립니다.,포인트,사용,S003,포인트 사용처 문의,Y,Y,Y
VOC04918,새 차량으로 바꾸고 싶어요,기존 차량 [기존차량번호]에서 새 차량 [변경차량번호]로 변경했습니다.,차량,차량정보,S008,차량정보 변경,Y,Y,Y
VOC02020,로그인 화면에서 넘어가지 않아요 빠른 확인 요청드립니다.,기존에 사용하던 계정으로 접속되지 않아 문의합니다.,회원,로그인,S004,로그인 오류,Y,Y,Y
VOC05408,회원 탈퇴를 요청합니다,본인 인증 후 탈퇴가 완료되지 않아 확인 부탁드립니다.,회원,계정관리,S009,회원 탈퇴,Y,Y,Y
VOC04765,등록 차량 변경 요청,차량번호 변경 후 주행 서비스 연결 방법을 문의드립니다. 앱을 다시 실행해도 같은 상태입니다.,차량,차량정보,S008,차량정보 변경,Y,Y,Y
VOC09878,운전점수와 포인트 관계,짧은 거리 주행도 포인트 적립 대상인지 문의드립니다.,포인트,적립기준,S015,포인트 적립 기준 문의,Y,Y,Y
VOC04407,보험료 할인이 반영됐나요,증권번호 [계약번호] 계약에 안전운전 할인이 적용됐는지 확인하고 싶습니다.,보험,할인,S007,보험료 할인 적용 문의,Y,Y,Y
VOC04459,보험료 할인이 반영됐나요,증권번호 [계약번호] 계약에 안전운전 할인이 적용됐는지 확인하고 싶습니다.,보험,할인,S007,보험료 할인 적용 문의,Y,Y,Y
VOC04330,주행점수 할인 확인 요청,갱신 계약에 주행분석 할인 혜택이 반영되는지 문의드립니다. 이전에 정상적으로 이용한 적이 있습니다.,보험,할인,S007,보험료 할인 적용 문의,Y,Y,Y
VOC02628,로그인 화면에서 넘어가지 않아요 앱에서 확인이 어려워 문의드립니다.,기존에 사용하던 계정으로 접속되지 않아 문의드립니다.,회원,로그인,S004,로그인 오류,Y,Y,Y
VOC09816,운전점수와 포인트 관계,포인트 지급 대상과 제외 조건을 자세히 안내해주세요.,포인트,적립기준,S015,포인트 적립 기준 문의,Y,Y,Y
VOC08928,회원정보의 전화번호가 다릅니다,휴대전화 번호를 바꿨는데 앱 회원정보에는 이전 번호가 표시됩니다.,회원,회원정보,S014,휴대전화 번호 변경,Y,Y,Y
VOC08829,회원정보의 전화번호가 다릅니다 빠른 확인 요청드립니다.,번호 변경 후 로그인 인증 문자가 이전 번호로 발송됩니다. 확인 부탁드립니다.,회원,회원정보,S014,휴대전화 번호 변경,Y,Y,Y
VOC04763,등록 차량 변경 요청 처리 방법을 안내해주세요.,차량번호 변경 후 주행 서비스 연결 방법을 문의드립니다. 현재 화면에서 직접 수정할 수 없습니다.,차량,차량정보,S008,차량정보 변경,Y,Y,Y
VOC07641,보상 처리 단계 문의,[주행일]에 접수한 사고의 담당자 배정 여부가 확인하고 싶습니다.,사고,처리현황,S012,사고 처리 진행 문의,Y,Y,Y
VOC01284,운전 후 포인트 반영 시간 문의,"포인트가 바로 들어오는지, 일정 시간이 필요한지 문의드립니다.",포인트,적립,S002,주행 포인트 적립 지연,Y,Y,Y
VOC02979,비밀번호가 기억나지 않아요,비밀번호가 기억나지 않아 재설정하려고 합니다. 현재 화면에서 직접 수정할 수 없습니다.,회원,계정관리,S005,비밀번호 재설정,Y,Y,Y
VOC07726,보상 처리 단계 문의,보상 심사가 어느 단계까지 진행됐는지 확인 부탁드립니다.,사고,처리현황,S012,사고 처리 진행 문의,Y,Y,Y
VOC09422,포인트 지급 조건 안내 요청,포인트를 받기 위한 최소 주행 조건이 궁금합니다. 처리 방법을 안내해주세요.,포인트,적립기준,S015,포인트 적립 기준 문의,Y,Y,Y
VOC02716,새 비밀번호 등록 문의,비밀번호 변경 절차와 조건을 안내해주세요. 필요한 확인 항목이 있다면 안내 부탁드립니다.,회원,계정관리,S005,비밀번호 재설정,Y,Y,Y
VOC00258,주행 후 포인트가 없습니다,[출발지]에서 [도착지]까지 구간을 운전했는데 적립 내역이 확인되지 않습니다. 빠른 확인 요청드립니다.,포인트,적립,S001,주행 포인트 미적립,Y,Y,Y
VOC03879,주행기록이 보이지 않습니다 처리 방법을 안내해주세요.,해당 시간대의 운전 내역이 누락되어 확인 요청드립니다.,주행,주행기록,S006,주행기록 미반영,Y,Y,Y
VOC02577,계정 접속이 불가능합니다 확인 부탁드립니다.,[에러코드] 메시지가 표시되면서 앱에 접속할 수 없습니다.,회원,로그인,S004,로그인 오류,Y,Y,Y
VOC08120,계약 차량 정보 불일치,증권번호 [계약번호]의 차량정보가 현재 차량과 일치하지 않습니다.,보험,계약정보,S013,계약정보 불일치,Y,Y,Y
VOC03556,운전한 내역이 앱에 없습니다,차량은 정상적으로 운행했는데 주행 데이터가 수집되지 않은 것 같습니다. 관련 기준도 함께 알려주세요.,주행,주행기록,S006,주행기록 미반영,Y,Y,Y
VOC06492,포인트 잔액 오류,결제를 취소했는데 차감된 포인트가 복구되지 않았습니다. 관련 기준도 함께 알려주세요. 필요한 확인 항목이 있다면 안내 부탁드립니다.,포인트,차감,S010,포인트 오차감,Y,Y,Y
VOC09301,휴대전화 번호를 변경하고 싶습니다,기존 번호 [전화번호]에서 새 번호 [새전화번호]로 변경하고 싶습니다. 확인 부탁드립니다.,회원,회원정보,S014,휴대전화 번호 변경,Y,Y,Y
VOC00241,포인트가 누락된 것 같습니다 빠른 확인 요청드립니다.,[주행구간] 구간을 운전했는데 적립 내역이 확인정상적으로 처리되지 않습니다.,포인트,적립,S001,주행 포인트 미적립,Y,Y,Y
VOC03652,운전한 내역이 앱에 없습니다,해당 시간대의 운전 내역이 누락되어 확인 요청드립니다.,주행,주행기록,S006,주행기록 미반영,Y,Y,Y
VOC04452,주행점수 할인 확인 요청,안전운전 점수와 보험료 할인 적용 기준을 안내해주세요. 앱에서 확인이 어려워 문의드립니다.,보험,할인,S007,보험료 할인 적용 문의,Y,Y,Y
VOC03060,새 비밀번호 등록 문의,본인 인증 후 비밀번호 재설정 화면으로 이동하지 않습니다.,회원,계정관리,S005,비밀번호 재설정,Y,Y,Y
VOC00534,주행 포인트 미적립 문의,운전 기록은 정상적으로 보이지만 포인트가 들어오지 않았습니다.,포인트,적립,S001,주행 포인트 미적립,Y,Y,Y
VOC02572,아이디 입력 후 접속 오류 처리 방법을 안내해주세요.,아이디와 비밀번호를 입력해도 로그인 오류가 발생합니다.,회원,로그인,S004,로그인 오류,Y,Y,Y
VOC06219,포인트 차감 내역이 이상합니다,포인트 내역에 알 수 없는 차감 기록이 있습니다.,포인트,차감,S010,포인트 오차감,Y,Y,Y
VOC09772,운전점수와 포인트 관계,포인트를 받기 위한 최소 주행 조건이 궁금합니다.,포인트,적립기준,S015,포인트 적립 기준 문의,Y,Y,Y
VOC00806,포인트 적립 처리 중 문의 확인 부탁드립니다.,[접수시간]에 주행을 종료했습니다. 포인트 반영 예정 시간을 알고 싶습니다.,포인트,적립,S002,주행 포인트 적립 지연,Y,Y,Y
VOC08989,회원정보의 전화번호가 다릅니다,등록된 연락처가 실제 사용하는 번호와 달라 수정 요청드립니다.,회원,회원정보,S014,휴대전화 번호 변경,Y,Y,Y
VOC09685,어떤 주행이 포인트 대상인가요,포인트 지급 대상과 제외 조건을 자세히 안내해주세요. 처리 방법을 안내해주세요. 현재 화면에서 직접 수정할 수 없습니다.,포인트,적립기준,S015,포인트 적립 기준 문의,Y,Y,Y
VOC06413,포인트가 갑자기 줄었습니다 앱에서 확인이 어려워 문의드립니다.,포인트 사용 이력과 실제 잔액이 맞지 않습니다.,포인트,차감,S010,포인트 오차감,Y,Y,Y
VOC05311,앱 차량정보 수정 문의,차량번호 변경 후 주행 서비스 연결 방법을 문의드립니다.,차량,차량정보,S008,차량정보 변경,Y,Y,Y
VOC03828,앱에서 운전 기록 확인 불가,[주행일]에 [출발지]-[도착지] 구간을 운전했는데 앱에서 기록이 보이지 않습니다.,주행,주행기록,S006,주행기록 미반영,Y,Y,Y
VOC03456,주행기록이 보이지 않습니다,차량은 정상적으로 운행했는데 주행 데이터가 수집되지 않은 것 같습니다.,주행,주행기록,S006,주행기록 미반영,Y,Y,Y
VOC03641,운전한 내역이 앱에 없습니다,운전을 완료했지만 최근 주행 목록에 추가되지 않았습니다. 확인 부탁드립니다. 동일 현상이 반복되고 있습니다.,주행,주행기록,S006,주행기록 미반영,Y,Y,Y
VOC00448,포인트가 누락된 것 같습니다 관련 기준도 함께 알려주세요.,운전 기록은 정상적으로 보이지만 포인트가 들어오지 않았습니다. 이전에 정상적으로 이용한 적이 있습니다.,포인트,적립,S001,주행 포인트 미적립,Y,Y,Y
VOC02003,계속 로그인에 실패합니다,[에러코드] 메시지가 표시되면서 앱에 접속할 수 없습니다.,회원,로그인,S004,로그인 오류,Y,Y,Y
VOC03150,비밀번호가 기억나지 않아요,새 비밀번호를 입력했지만 변경이 완료되지 않습니다. 동일 현상이 반복되고 있습니다.,회원,계정관리,S005,비밀번호 재설정,Y,Y,Y
VOC08227,보험 계약자 정보 오류 빠른 확인 요청드립니다.,보험 계약 정보 중 일부 항목이 잘못되어 수정 요청드립니다. 빠른 확인 요청드립니다.,보험,계약정보,S013,계약정보 불일치,Y,Y,Y
VOC05776,회원 탈퇴를 요청합니다 빠른 확인 요청드립니다.,앱에서 탈퇴 메뉴를 찾을 수 없어 문의드립니다. 빠른 확인 요청드립니다.,회원,계정관리,S009,회원 탈퇴,Y,Y,Y
VOC01746,포인트 사용 가능 서비스 문의,보험료 결제 외에도 포인트를 사용할 수 있는 곳이 있나요? 동일 현상이 반복되고 있습니다.,포인트,사용,S003,포인트 사용처 문의,Y,Y,Y
VOC08269,증권 정보 수정 문의 빠른 확인 요청드립니다.,계약 기간과 보험료 정보가 가입 당시 안내와 다르게 표시됩니다.,보험,계약정보,S013,계약정보 불일치,Y,Y,Y
VOC00341,주행 포인트가 적립되지 않았습니다 빠른 확인 요청드립니다.,주행 조건을 충족한 것으로 보이는데 포인트가 0으로 표시됩니다. 앱에서 확인이 어려워 문의드립니다. 동일 현상이 반복되고 있습니다.,포인트,적립,S001,주행 포인트 미적립,Y,Y,Y
VOC07090,앱 화면이 멈춥니다,재설치 후에도 동일하게 앱이 강제 종료됩니다. 처리 방법을 안내해주세요.,앱,오류,S011,앱 실행 오류,Y,Y,Y
VOC06341,사용하지 않은 포인트가 차감됐어요,포인트 내역에 알 수 없는 차감 기록이 있습니다.,포인트,차감,S010,포인트 오차감,Y,Y,Y
VOC09898,포인트 지급 조건 안내 요청,포인트를 받기 위한 최소 주행 조건이 궁금합니다. 관련 기준도 함께 알려주세요.,포인트,적립기준,S015,포인트 적립 기준 문의,Y,Y,Y
VOC08505,보험 계약자 정보 오류,증권번호 [증권번호]의 차량정보가 현재 차량과 일치하지 않습니다.,보험,계약정보,S013,계약정보 불일치,Y,Y,Y
VOC09017,회원정보의 전화번호가 다릅니다,새 번호로 본인 인증을 진행하는 방법을 알려주세요.,회원,회원정보,S014,휴대전화 번호 변경,Y,Y,Y
VOC05402,서비스 계정을 삭제하고 싶어요,더 이상 서비스를 이용하지 않아 회원 탈퇴를 진행하고 싶습니다.,회원,계정관리,S009,회원 탈퇴,Y,Y,Y
VOC04714,차량을 변경했습니다,차량번호 변경 후 주행 서비스 연결 방법을 문의드립니다.,차량,차량정보,S008,차량정보 변경,Y,Y,Y
VOC01461,포인트 사용 가능 서비스 문의,앱에 [포인트수량] 포인트가 있는데 사용 가능한 항목을 확인하고 싶습니다. 확인 부탁드립니다. 필요한 확인 항목이 있다면 안내 부탁드립니다.,포인트,사용,S003,포인트 사용처 문의,Y,Y,Y
VOC02163,아이디 입력 후 접속 오류 처리 방법을 안내해주세요.,기존에 사용하던 계정으로 접속되지 않아 문의드립니다. 앱에서 확인이 어려워 문의드립니다.,회원,로그인,S004,로그인 오류,Y,Y,Y
VOC09064,휴대전화 번호를 변경하고 싶습니다,번호 변경 후 로그인 인증 문자가 이전 번호로 발송됩니다.,회원,회원정보,S014,휴대전화 번호 변경,Y,Y,Y
VOC03370,운전한 내역이 앱에 없습니다,운전을 완료했지만 최근 주행 목록에 추가되지 않았습니다. 빠른 확인 요청드립니다.,주행,주행기록,S006,주행기록 미반영,Y,Y,Y
VOC08112,증권 정보 수정 문의,갱신한 계약이 앱에서 이전 계약으로 보입니다.,보험,계약정보,S013,계약정보 불일치,Y,Y,Y
VOC09900,운전점수와 포인트 관계,포인트를 받기 위한 최소 주행 조건이 확인하고 싶습니다.,포인트,적립기준,S015,포인트 적립 기준 문의,Y,Y,Y
VOC02135,계정 접속이 불가능합니다,[오류코드] 메시지가 표시되면서 앱에 접속할 수 없습니다.,회원,로그인,S004,로그인 오류,Y,Y,Y
VOC00316,운전했는데 포인트가 안 들어왔어요,지난 주행 건에 대한 포인트를 받지 못했습니다. 확인 부탁드립니다.,포인트,적립,S001,주행 포인트 미적립,Y,Y,Y
VOC04537,계약 할인 적용 상태 문의 확인 부탁드립니다.,갱신 계약에 주행분석 할인 혜택이 반영되는지 문의드립니다.,보험,할인,S007,보험료 할인 적용 문의,Y,Y,Y
VOC07940,사건번호 처리 상태 확인 빠른 확인 요청드립니다.,제출한 서류가 정상적으로 접수됐는지 알고 싶습니다. 처리 방법을 안내해주세요.,사고,처리현황,S012,사고 처리 진행 문의,Y,Y,Y
VOC06783,앱이 계속 종료됩니다,앱을 실행하면 [에러코드] 오류가 표시되고 바로 종료됩니다.,앱,오류,S011,앱 실행 오류,Y,Y,Y
VOC08707,휴대전화 번호를 변경하고 싶습니다 관련 기준도 함께 알려주세요.,기존 번호 [기존전화번호]에서 새 번호 [새전화번호]로 변경하고 싶습니다. 이전에 정상적으로 이용한 적이 있습니다.,회원,회원정보,S014,휴대전화 번호 변경,Y,Y,Y
VOC04961,기존 차량 삭제 후 신규 등록,기존 차량을 삭제하고 새 차량을 등록하는 방법을 알려주세요. 현재 화면에서 직접 수정할 수 없습니다.,차량,차량정보,S008,차량정보 변경,Y,Y,Y
VOC06819,업데이트 후 앱이 열리지 않아요,앱을 열면 흰 화면만 보이고 아무 기능도 사용할 수 없습니다. 처리 방법을 안내해주세요.,앱,오류,S011,앱 실행 오류,Y,Y,Y
VOC09958,운전점수와 포인트 관계,짧은 거리 주행도 포인트 적립 대상인지 확인 요청드립니다.,포인트,적립기준,S015,포인트 적립 기준 문의,Y,Y,Y
VOC01593,보유 포인트 사용 방법 앱에서 확인이 어려워 문의드립니다.,앱에 [금액] 포인트가 있는데 사용 가능한 항목을 확인하고 싶습니다. 관련 기준도 함께 알려주세요.,포인트,사용,S003,포인트 사용처 문의,Y,Y,Y
VOC07591,보상 처리 단계 문의,[날짜]에 접수한 사고의 담당자 배정 여부가 궁금합니다. 필요한 확인 항목이 있다면 안내 부탁드립니다.,사고,처리현황,S012,사고 처리 진행 문의,Y,Y,Y
VOC06941,업데이트 후 앱이 열리지 않아요,특정 메뉴에 들어가면 화면이 멈추는 현상이 반복됩니다. 빠른 확인 요청드립니다.,앱,오류,S011,앱 실행 오류,Y,Y,Y
VOC09826,운전점수와 포인트 관계,주행거리와 운전점수에 따라 포인트가 어떻게 산정되는지 알고 싶습니다. 관련 기준도 함께 알려주세요.,포인트,적립기준,S015,포인트 적립 기준 문의,Y,Y,Y
VOC05116,새 차량으로 바꾸고 싶어요 빠른 확인 요청드립니다.,기존 차량 [차량번호]에서 새 차량 [새차량번호]로 변경했습니다. 빠른 확인 요청드립니다.,차량,차량정보,S008,차량정보 변경,Y,Y,Y
VOC02858,비밀번호가 기억나지 않아요 빠른 확인 요청드립니다.,비밀번호가 기억나지 않아 재설정하려고 합니다.,회원,계정관리,S005,비밀번호 재설정,Y,Y,Y
VOC09617,주행 포인트 산정 방법 문의,급가속이나 급감속 기록이 포인트 적립에 영향을 주나요?,포인트,적립기준,S015,포인트 적립 기준 문의,Y,Y,Y
VOC04534,주행점수 할인 확인 요청,안전운전 점수와 보험료 할인 적용 기준을 안내해주세요. 처리 방법을 안내해주세요.,보험,할인,S007,보험료 할인 적용 문의,Y,Y,Y
VOC01770,포인트 사용처가 궁금합니다,현재 보유한 포인트를 어디에서 사용할 수 있는지 알려주세요. 앱에서 확인이 어려워 문의드립니다.,포인트,사용,S003,포인트 사용처 문의,Y,Y,Y
VOC03784,운전한 내역이 앱에 없습니다,해당 시간대의 운전 내역이 누락되어 확인 요청드립니다.,주행,주행기록,S006,주행기록 미반영,Y,Y,Y
VOC08831,회원정보의 전화번호가 다릅니다,기존 번호 [전화번호]에서 새 번호 [변경전화번호]로 변경하고 싶습니다.,회원,회원정보,S014,휴대전화 번호 변경,Y,Y,Y
VOC04263,보험료 할인이 반영됐나요 확인 부탁드립니다.,앱에는 할인 대상이라고 나오는데 실제 보험료에 적용됐는지 알고 싶습니다.,보험,할인,S007,보험료 할인 적용 문의,Y,Y,Y
VOC06104,포인트가 갑자기 줄었습니다,결제를 취소했는데 차감된 포인트가 복구되지 않았습니다.,포인트,차감,S010,포인트 오차감,Y,Y,Y
VOC07858,사고 접수 후 연락이 없습니다 확인 부탁드립니다.,[날짜]에 접수한 사고의 담당자 배정 여부가 궁금합니다.,사고,처리현황,S012,사고 처리 진행 문의,Y,Y,Y
VOC03460,운전한 내역이 앱에 없습니다,주행 종료 후에도 거리와 시간이 0으로 표시됩니다. 앱에서 확인이 어려워 문의드립니다.,주행,주행기록,S006,주행기록 미반영,Y,Y,Y
VOC01808,보유 포인트 사용 방법,적립된 포인트의 사용처와 사용 절차를 안내 부탁드립니다.,포인트,사용,S003,포인트 사용처 문의,Y,Y,Y
VOC02681,비밀번호가 기억나지 않아요,비밀번호 변경 절차와 조건을 안내해주세요.,회원,계정관리,S005,비밀번호 재설정,Y,Y,Y
VOC01866,포인트 사용처가 궁금합니다 처리 방법을 안내해주세요.,현재 보유한 포인트를 어디에서 사용할 수 있는지 확인 부탁드립니다.,포인트,사용,S003,포인트 사용처 문의,Y,Y,Y
VOC02648,앱 로그인이 되지 않습니다,로그인 버튼을 눌러도 화면이 그대로입니다.,회원,로그인,S004,로그인 오류,Y,Y,Y
VOC05935,가입 정보 삭제 요청,회원 탈퇴 시 남은 포인트와 주행기록이 어떻게 처리되는지 궁금합니다.,회원,계정관리,S009,회원 탈퇴,Y,Y,Y
VOC01234,포인트 반영이 늦어지고 있습니다,방금 운전한 기록은 보이는데 포인트는 처리 중으로 표시됩니다.,포인트,적립,S002,주행 포인트 적립 지연,Y,Y,Y
VOC05079,새 차량으로 바꾸고 싶어요,기존 차량 [차량번호]에서 새 차량 [변경차량번호]로 변경했습니다. 관련 기준도 함께 알려주세요.,차량,차량정보,S008,차량정보 변경,Y,Y,Y
VOC01233,포인트 적립 처리 중 문의,주행 후 몇 시간이 지났는데 아직 적립 대기 상태입니다.,포인트,적립,S002,주행 포인트 적립 지연,Y,Y,Y
VOC00046,주행 포인트가 적립되지 않았습니다,[출발지]-[도착지] 구간을 운전했는데 적립 내역이 확인되지 않습니다.,포인트,적립,S001,주행 포인트 미적립,Y,Y,Y
VOC05774,서비스 계정을 삭제하고 싶어요,앱에서 탈퇴 메뉴를 찾을 수 없어 문의드립니다. 확인 부탁드립니다.,회원,계정관리,S009,회원 탈퇴,Y,Y,Y
VOC08855,휴대전화 번호를 변경하고 싶습니다,기존 번호 [전화번호]에서 새 번호 [변경전화번호]로 변경하고 싶습니다.,회원,회원정보,S014,휴대전화 번호 변경,Y,Y,Y
VOC02616,계속 로그인에 실패합니다,여러 번 시도했지만 인증 후 다시 로그인 화면으로 돌아옵니다. 앱에서 확인이 어려워 문의드립니다.,회원,로그인,S004,로그인 오류,Y,Y,Y
VOC03588,운전한 내역이 앱에 없습니다,차량은 정상적으로 운행했는데 주행 데이터가 수집되지 않은 것 같습니다.,주행,주행기록,S006,주행기록 미반영,Y,Y,Y
VOC05775,더 이상 서비스를 이용하지 않습니다 앱에서 확인이 어려워 문의드립니다.,계정과 저장된 개인정보를 삭제하는 절차를 안내 부탁드립니다.,회원,계정관리,S009,회원 탈퇴,Y,Y,Y
VOC06933,서비스 실행 불가 문의,앱을 열면 흰 화면만 보이고 아무 기능도 사용할 수 없습니다.,앱,오류,S011,앱 실행 오류,Y,Y,Y
VOC06048,포인트 차감 내역이 이상합니다,포인트 내역에 알 수 없는 차감 기록이 있습니다. 앱에서 확인이 어려워 문의드립니다.,포인트,차감,S010,포인트 오차감,Y,Y,Y
VOC02584,계정 접속이 불가능합니다,로그인 버튼을 눌러도 화면이 그대로입니다.,회원,로그인,S004,로그인 오류,Y,Y,Y
VOC02680,새 비밀번호 등록 문의,비밀번호가 기억나지 않아 재설정하려고 합니다. 빠른 확인 요청드립니다.,회원,계정관리,S005,비밀번호 재설정,Y,Y,Y
VOC04660,계약 할인 적용 상태 문의,현재 운전점수 기준으로 받을 수 있는 보험료 할인율이 궁금합니다. 동일 현상이 반복되고 있습니다.,보험,할인,S007,보험료 할인 적용 문의,Y,Y,Y
VOC00553,주행 포인트가 적립되지 않았습니다,지난 주행 건에 대한 포인트를 받지 못했습니다. 확인 부탁드립니다.,포인트,적립,S001,주행 포인트 미적립,Y,Y,Y
VOC09206,회원정보의 전화번호가 다릅니다 앱에서 확인이 어려워 문의드립니다.,번호 변경 후 로그인 인증 문자가 이전 번호로 발송됩니다.,회원,회원정보,S014,휴대전화 번호 변경,Y,Y,Y
VOC07369,접수한 사고는 어떻게 진행되고 있나요,[주행일]에 접수한 사고의 담당자 배정 여부가 궁금합니다.,사고,처리현황,S012,사고 처리 진행 문의,Y,Y,Y
VOC06005,포인트가 갑자기 줄었습니다,어제 확인한 잔액과 오늘 잔액이 달라서 문의드립니다.,포인트,차감,S010,포인트 오차감,Y,Y,Y
VOC08111,계약 차량 정보 불일치 앱에서 확인이 어려워 문의드립니다.,보험 계약 정보 중 일부 항목이 잘못되어 수정 요청드립니다. 현재 화면에서 직접 수정할 수 없습니다.,보험,계약정보,S013,계약정보 불일치,Y,Y,Y
VOC04336,계약 할인 적용 상태 문의,갱신 계약에 주행분석 할인 혜택이 반영되는지 문의드립니다. 확인 부탁드립니다.,보험,할인,S007,보험료 할인 적용 문의,Y,Y,Y
VOC02009,앱 로그인이 되지 않습니다,여러 번 시도했지만 인증 후 다시 로그인 화면으로 돌아옵니다.,회원,로그인,S004,로그인 오류,Y,Y,Y
VOC02815,새 비밀번호 등록 문의,비밀번호 찾기 과정에서 [전화번호]로 인증번호가 오지 않습니다. 앱에서 확인이 어려워 문의드립니다.,회원,계정관리,S005,비밀번호 재설정,Y,Y,Y
VOC07152,앱 실행 중 오류가 발생합니다,앱을 실행하면 [에러코드] 오류가 표시되고 바로 종료됩니다.,앱,오류,S011,앱 실행 오류,Y,Y,Y
VOC03832,주행 데이터가 반영되지 않았어요,[주행일]에 [주행구간] 구간을 운전했는데 앱에서 기록이 보이지 않습니다.,주행,주행기록,S006,주행기록 미반영,Y,Y,Y
VOC00576,운전했는데 포인트가 안 들어왔어요,주행 조건을 충족한 것으로 보이는데 포인트가 0으로 표시됩니다.,포인트,적립,S001,주행 포인트 미적립,Y,Y,Y
VOC05045,앱 차량정보 수정 문의,차량을 교체해서 앱의 등록 정보를 수정하고 싶습니다. 동일 현상이 반복되고 있습니다.,차량,차량정보,S008,차량정보 변경,Y,Y,Y
VOC07886,접수한 사고는 어떻게 진행되고 있나요,제출한 서류가 정상적으로 접수됐는지 알고 싶습니다. 이전에 정상적으로 이용한 적이 있습니다.,사고,처리현황,S012,사고 처리 진행 문의,Y,Y,Y
VOC00992,주행 포인트는 언제 들어오나요,오늘 주행을 마쳤는데 포인트가 아직 반영되지 않았습니다. 보통 얼마나 걸리나요?,포인트,적립,S002,주행 포인트 적립 지연,Y,Y,Y
VOC05508,서비스 계정을 삭제하고 싶어요,계정과 저장된 개인정보를 삭제하는 절차를 알려주세요. 이전에 정상적으로 이용한 적이 있습니다.,회원,계정관리,S009,회원 탈퇴,Y,Y,Y
VOC04198,안전운전 할인 적용 여부 문의,현재 운전점수 기준으로 받을 수 있는 보험료 할인율이 확인하고 싶습니다.,보험,할인,S007,보험료 할인 적용 문의,Y,Y,Y
VOC09131,회원정보의 전화번호가 다릅니다,등록된 연락처가 실제 사용하는 번호와 달라 수정 요청드립니다. 관련 기준도 함께 알려주세요.,회원,회원정보,S014,휴대전화 번호 변경,Y,Y,Y
VOC06154,잘못 차감된 포인트 문의 처리 방법을 안내해주세요.,사용한 적이 없는데 [금액] 포인트가 차감된 것으로 표시됩니다. 처리 방법을 안내해주세요.,포인트,차감,S010,포인트 오차감,Y,Y,Y
VOC06910,앱 실행 중 오류가 발생합니다 처리 방법을 안내해주세요.,특정 메뉴에 들어가면 화면이 멈추는 현상이 반복됩니다.,앱,오류,S011,앱 실행 오류,Y,Y,Y
VOC05567,회원 탈퇴를 요청합니다,본인 인증 후 탈퇴가 완료되지 않아 확인 부탁드립니다.,회원,계정관리,S009,회원 탈퇴,Y,Y,Y
VOC04197,보험료 할인이 반영됐나요,갱신 계약에 주행분석 할인 혜택이 반영되는지 문의드립니다.,보험,할인,S007,보험료 할인 적용 문의,Y,Y,Y
VOC06922,앱이 계속 종료됩니다,앱을 실행하면 [에러코드] 오류가 표시되고 바로 종료됩니다.,앱,오류,S011,앱 실행 오류,Y,Y,Y
VOC09529,포인트 적립 기준이 궁금합니다,주행거리와 운전점수에 따라 포인트가 어떻게 산정되는지 알고 싶습니다.,포인트,적립기준,S015,포인트 적립 기준 문의,Y,Y,Y
VOC05638,서비스 계정을 삭제하고 싶어요,본인 인증 후 탈퇴가 완료되지 않아 확인 부탁드립니다. 이전에 정상적으로 이용한 적이 있습니다.,회원,계정관리,S009,회원 탈퇴,Y,Y,Y
VOC01101,포인트가 아직 처리되지 않았어요 앱에서 확인이 어려워 문의드립니다.,오늘 주행을 마쳤는데 포인트가 아직 반영되지 않았습니다. 보통 얼마나 걸리나요? 처리 방법을 안내해주세요.,포인트,적립,S002,주행 포인트 적립 지연,Y,Y,Y
VOC02730,비밀번호 찾기 인증 오류,비밀번호가 기억나지 않아 재설정하려고 합니다. 빠른 확인 요청드립니다.,회원,계정관리,S005,비밀번호 재설정,Y,Y,Y
VOC07699,사고 접수 후 연락이 없습니다,제출한 서류가 정상적으로 접수됐는지 알고 싶습니다.,사고,처리현황,S012,사고 처리 진행 문의,Y,Y,Y
VOC04567,안전운전 할인 적용 여부 문의,현재 운전점수 기준으로 받을 수 있는 보험료 할인율이 궁금합니다. 앱에서 확인이 어려워 문의드립니다.,보험,할인,S007,보험료 할인 적용 문의,Y,Y,Y
VOC00541,주행 포인트 미적립 문의,[날짜]에 주행을 완료했는데 포인트가 아직 적립되지 않았습니다.,포인트,적립,S001,주행 포인트 미적립,Y,Y,Y
VOC04818,새 차량으로 바꾸고 싶어요,차량번호 변경 후 주행 서비스 연결 방법을 문의드립니다.,차량,차량정보,S008,차량정보 변경,Y,Y,Y
VOC07386,사고 처리 진행 상황 문의,[접수일]에 접수한 사고의 담당자 배정 여부가 궁금합니다.,사고,처리현황,S012,사고 처리 진행 문의,Y,Y,Y
VOC07189,앱 실행 중 오류가 발생합니다 앱에서 확인이 어려워 문의드립니다.,앱을 실행하면 [오류코드] 오류가 표시되고 바로 종료됩니다. 빠른 확인 요청드립니다.,앱,오류,S011,앱 실행 오류,Y,Y,Y
VOC04044,주행점수 할인 확인 요청,안전운전 점수와 보험료 할인 적용 기준을 안내해주세요.,보험,할인,S007,보험료 할인 적용 문의,Y,Y,Y
VOC04313,보험료 할인이 반영됐나요 관련 기준도 함께 알려주세요.,현재 운전점수 기준으로 받을 수 있는 보험료 할인율이 궁금합니다. 앱을 다시 실행해도 같은 상태입니다.,보험,할인,S007,보험료 할인 적용 문의,Y,Y,Y
VOC07374,사건번호 처리 상태 확인 확인 부탁드립니다.,보상 심사가 어느 단계까지 진행됐는지 확인 부탁드립니다.,사고,처리현황,S012,사고 처리 진행 문의,Y,Y,Y
VOC07354,사고 처리 진행 상황 문의 앱에서 확인이 어려워 문의드립니다.,사건번호 [사건번호]와 관련해 현재 처리 단계를 확인하고 싶습니다. 동일 현상이 반복되고 있습니다.,사고,처리현황,S012,사고 처리 진행 문의,Y,Y,Y
VOC06682,앱 실행 중 오류가 발생합니다 앱에서 확인이 어려워 문의드립니다.,앱을 실행하면 [에러코드] 오류가 표시되고 바로 종료됩니다.,앱,오류,S011,앱 실행 오류,Y,Y,Y
VOC08761,새 번호로 인증받고 싶어요,번호 변경 후 로그인 인증 문자가 이전 번호로 발송됩니다.,회원,회원정보,S014,휴대전화 번호 변경,Y,Y,Y
VOC02160,로그인 화면에서 넘어가지 않아요,아이디와 비밀번호를 입력해도 로그인 오류가 발생합니다. 확인 부탁드립니다.,회원,로그인,S004,로그인 오류,Y,Y,Y
VOC08700,기존 전화번호 변경 문의,번호 변경 후 로그인 인증 문자가 이전 번호로 발송됩니다. 앱을 다시 실행해도 같은 상태입니다.,회원,회원정보,S014,휴대전화 번호 변경,Y,Y,Y
VOC08506,계약 차량 정보 불일치 빠른 확인 요청드립니다.,계약 기간과 보험료 정보가 가입 당시 안내와 다르게 표시됩니다.,보험,계약정보,S013,계약정보 불일치,Y,Y,Y
VOC09845,포인트 적립 기준이 궁금합니다,포인트를 받기 위한 최소 주행 조건이 확인하고 싶습니다.,포인트,적립기준,S015,포인트 적립 기준 문의,Y,Y,Y
VOC07975,보상 처리 단계 문의,제출한 서류가 정상적으로 접수됐는지 알고 싶습니다.,사고,처리현황,S012,사고 처리 진행 문의,Y,Y,Y
VOC06839,앱 화면이 멈춥니다,재설치 후에도 동일하게 앱이 강제 종료됩니다.,앱,오류,S011,앱 실행 오류,Y,Y,Y
VOC05673,가입 정보 삭제 요청,더 이상 서비스를 이용하지 않아 회원 탈퇴를 진행하고 싶습니다.,회원,계정관리,S009,회원 탈퇴,Y,Y,Y
VOC01368,적립 포인트는 어디서 쓰나요,현재 보유한 포인트를 어디에서 사용할 수 있는지 확인 부탁드립니다. 처리 방법을 안내해주세요.,포인트,사용,S003,포인트 사용처 문의,Y,Y,Y
VOC08773,기존 전화번호 변경 문의,새 번호로 본인 인증을 진행하는 방법을 알려주세요.,회원,회원정보,S014,휴대전화 번호 변경,Y,Y,Y
VOC07674,사건번호 처리 상태 확인,사고 접수 이후 진행 상황 안내를 받지 못했습니다. 관련 기준도 함께 알려주세요.,사고,처리현황,S012,사고 처리 진행 문의,Y,Y,Y
VOC06874,서비스 실행 불가 문의 앱에서 확인이 어려워 문의드립니다.,특정 메뉴에 들어가면 화면이 멈추는 현상이 반복됩니다.,앱,오류,S011,앱 실행 오류,Y,Y,Y
VOC08021,계약 차량 정보 불일치 관련 기준도 함께 알려주세요.,증권번호 [계약번호]의 차량정보가 현재 차량과 일치하지 않습니다.,보험,계약정보,S013,계약정보 불일치,Y,Y,Y
VOC00069,주행 포인트가 적립되지 않았습니다,[출발지]에서 [도착지]까지 구간을 운전했는데 적립 내역이 확인되지 않습니다.,포인트,적립,S001,주행 포인트 미적립,Y,Y,Y
VOC05688,가입 정보 삭제 요청,회원 탈퇴 시 남은 포인트와 주행기록이 어떻게 처리되는지 궁금합니다.,회원,계정관리,S009,회원 탈퇴,Y,Y,Y
VOC05493,가입 정보 삭제 요청 빠른 확인 요청드립니다.,본인 인증 후 탈퇴가 완료되지 않아 확인 부탁드립니다.,회원,계정관리,S009,회원 탈퇴,Y,Y,Y
VOC07371,사고 처리 진행 상황 문의,제출한 서류가 정상적으로 접수됐는지 알고 싶습니다. 이전에 정상적으로 이용한 적이 있습니다.,사고,처리현황,S012,사고 처리 진행 문의,Y,Y,Y
VOC06106,잘못 차감된 포인트 문의 빠른 확인 요청드립니다.,포인트 사용 이력과 실제 잔액이 맞지 않습니다. 이전에 정상적으로 이용한 적이 있습니다.,포인트,차감,S010,포인트 오차감,Y,Y,Y
VOC00958,주행 포인트는 언제 들어오나요,오늘 주행을 마쳤는데 포인트가 아직 반영되지 않았습니다. 보통 얼마나 걸리나요?,포인트,적립,S002,주행 포인트 적립 지연,Y,Y,Y
VOC05887,가입 정보 삭제 요청,더 이상 서비스를 이용하지 않아 회원 탈퇴를 진행하고 싶습니다. 앱을 다시 실행해도 같은 상태입니다.,회원,계정관리,S009,회원 탈퇴,Y,Y,Y
VOC02712,새 비밀번호 등록 문의,비밀번호 변경 절차와 조건을 안내해주세요.,회원,계정관리,S005,비밀번호 재설정,Y,Y,Y
VOC01341,포인트를 사용할 수 있는 곳,포인트 사용 가능한 서비스와 제한 조건이 궁금합니다.,포인트,사용,S003,포인트 사용처 문의,Y,Y,Y
VOC01907,포인트 사용 가능 서비스 문의,적립된 포인트의 사용처와 사용 절차를 안내 부탁드립니다.,포인트,사용,S003,포인트 사용처 문의,Y,Y,Y
VOC06463,포인트 잔액 오류,포인트 내역에 알 수 없는 차감 기록이 있습니다.,포인트,차감,S010,포인트 오차감,Y,Y,Y
VOC01934,적립 포인트는 어디서 쓰나요 처리 방법을 안내해주세요.,포인트 사용 가능한 서비스와 제한 조건이 궁금합니다. 확인 부탁드립니다.,포인트,사용,S003,포인트 사용처 문의,Y,Y,Y
VOC05125,기존 차량 삭제 후 신규 등록,기존 차량 [차량번호]에서 새 차량 [새차량번호]로 변경했습니다. 빠른 확인 요청드립니다.,차량,차량정보,S008,차량정보 변경,Y,Y,Y
VOC07115,업데이트 후 앱이 열리지 않아요,앱을 열면 흰 화면만 보이고 아무 기능도 사용할 수 없습니다.,앱,오류,S011,앱 실행 오류,Y,Y,Y
VOC06794,앱이 계속 종료됩니다,업데이트 이후 첫 화면에서 멈추고 다음으로 넘어가지 않습니다. 관련 기준도 함께 알려주세요.,앱,오류,S011,앱 실행 오류,Y,Y,Y
VOC00370,주행 포인트 미적립 문의,지난 주행 건에 대한 포인트를 받지 못했습니다. 확인 부탁드립니다.,포인트,적립,S001,주행 포인트 미적립,Y,Y,Y
VOC09011,기존 전화번호 변경 문의,휴대전화 번호를 바꿨는데 앱 회원정보에는 이전 번호가 표시됩니다.,회원,회원정보,S014,휴대전화 번호 변경,Y,Y,Y
VOC08488,보험 계약자 정보 오류,갱신한 계약이 앱에서 이전 계약으로 보입니다. 처리 방법을 안내해주세요. 이전에 정상적으로 이용한 적이 있습니다.,보험,계약정보,S013,계약정보 불일치,Y,Y,Y
VOC03874,주행 데이터가 반영되지 않았어요,차량은 정상적으로 운행했는데 주행 데이터가 수집되지 않은 것 같습니다. 앱을 다시 실행해도 같은 상태입니다.,주행,주행기록,S006,주행기록 미반영,Y,Y,Y
VOC09877,포인트 지급 조건 안내 요청 확인 부탁드립니다.,주행거리와 운전점수에 따라 포인트가 어떻게 산정되는지 알고 싶습니다.,포인트,적립기준,S015,포인트 적립 기준 문의,Y,Y,Y
VOC06363,잘못 차감된 포인트 문의,사용한 적이 없는데 [차감금액] 포인트가 차감된 것으로 표시됩니다.,포인트,차감,S010,포인트 오차감,Y,Y,Y
VOC05390,회원 탈퇴를 요청합니다,계정과 저장된 개인정보를 삭제하는 절차를 알려주세요.,회원,계정관리,S009,회원 탈퇴,Y,Y,Y
VOC03003,비밀번호가 기억나지 않아요 처리 방법을 안내해주세요.,새 비밀번호를 입력했지만 변경이 완료되지 않습니다. 앱을 다시 실행해도 같은 상태입니다.,회원,계정관리,S005,비밀번호 재설정,Y,Y,Y
VOC03035,새 비밀번호 등록 문의,비밀번호 변경 절차와 조건을 안내해주세요.,회원,계정관리,S005,비밀번호 재설정,Y,Y,Y
VOC04626,안전운전 할인 적용 여부 문의,갱신 계약에 주행분석 할인 혜택이 반영되는지 문의드립니다. 현재 화면에서 직접 수정할 수 없습니다.,보험,할인,S007,보험료 할인 적용 문의,Y,Y,Y
VOC04980,등록 차량 변경 요청 확인 부탁드립니다.,차량을 교체해서 앱의 등록 정보를 수정하고 싶습니다. 현재 화면에서 직접 수정할 수 없습니다.,차량,차량정보,S008,차량정보 변경,Y,Y,Y
VOC06290,사용하지 않은 포인트가 차감됐어요,결제를 취소했는데 차감된 포인트가 복구되지 않았습니다.,포인트,차감,S010,포인트 오차감,Y,Y,Y
VOC06018,잘못 차감된 포인트 문의,사용한 적이 없는데 [금액] 포인트가 차감된 것으로 표시됩니다. 빠른 확인 요청드립니다.,포인트,차감,S010,포인트 오차감,Y,Y,Y
VOC00754,주행 포인트는 언제 들어오나요,방금 운전한 기록은 보이는데 포인트는 처리 중으로 표시됩니다. 동일 현상이 반복되고 있습니다.,포인트,적립,S002,주행 포인트 적립 지연,Y,Y,Y
VOC04169,계약 할인 적용 상태 문의,앱에는 할인 대상이라고 나오는데 실제 보험료에 적용됐는지 알고 싶습니다.,보험,할인,S007,보험료 할인 적용 문의,Y,Y,Y
VOC08888,등록 연락처 수정 요청,휴대전화 번호를 바꿨는데 앱 회원정보에는 이전 번호가 표시됩니다.,회원,회원정보,S014,휴대전화 번호 변경,Y,Y,Y
VOC03269,비밀번호가 기억나지 않아요,비밀번호 찾기 과정에서 [전화번호]로 인증번호가 오지 않습니다.,회원,계정관리,S005,비밀번호 재설정,Y,Y,Y
VOC08525,계약 차량 정보 불일치,앱에 표시된 계약자명이 [계약자명]으로 되어 있는데 실제 정보와 다릅니다.,보험,계약정보,S013,계약정보 불일치,Y,Y,Y
VOC02198,계속 로그인에 실패합니다,아이디와 비밀번호를 입력해도 로그인 오류가 발생합니다. 처리 방법을 안내해주세요.,회원,로그인,S004,로그인 오류,Y,Y,Y
VOC05847,더 이상 서비스를 이용하지 않습니다,회원 탈퇴 시 남은 포인트와 주행기록이 어떻게 처리되는지 궁금합니다.,회원,계정관리,S009,회원 탈퇴,Y,Y,Y
VOC02526,계속 로그인에 실패합니다,기존에 사용하던 계정으로 접속되지 않아 문의드립니다. 처리 방법을 안내해주세요.,회원,로그인,S004,로그인 오류,Y,Y,Y
VOC01815,보유 포인트 사용 방법 확인 부탁드립니다.,앱에 [포인트수량] 포인트가 있는데 사용 가능한 항목을 확인하고 싶습니다.,포인트,사용,S003,포인트 사용처 문의,Y,Y,Y
VOC03149,비밀번호가 기억나지 않아요,비밀번호 찾기 과정에서 [전화번호]로 인증번호가 오지 않습니다. 이전에 정상적으로 이용한 적이 있습니다.,회원,계정관리,S005,비밀번호 재설정,Y,Y,Y
VOC02206,로그인 화면에서 넘어가지 않아요,아이디와 비밀번호를 입력해도 로그인 오류가 발생합니다.,회원,로그인,S004,로그인 오류,Y,Y,Y
VOC08058,증권 정보 수정 문의,갱신한 계약이 앱에서 이전 계약으로 보입니다.,보험,계약정보,S013,계약정보 불일치,Y,Y,Y
VOC05329,기존 차량 삭제 후 신규 등록,차량번호 변경 후 주행 서비스 연결 방법을 문의드립니다.,차량,차량정보,S008,차량정보 변경,Y,Y,Y
VOC05314,등록 차량 변경 요청,기존 차량 [기존차량번호]에서 새 차량 [변경차량번호]로 변경했습니다.,차량,차량정보,S008,차량정보 변경,Y,Y,Y
VOC04053,안전운전 할인 적용 여부 문의 관련 기준도 함께 알려주세요.,안전운전 점수와 보험료 할인 적용 기준을 안내해주세요.,보험,할인,S007,보험료 할인 적용 문의,Y,Y,Y
VOC05939,가입 정보 삭제 요청,더 이상 서비스를 이용하지 않아 회원 탈퇴를 진행하고 싶습니다. 처리 방법을 안내해주세요.,회원,계정관리,S009,회원 탈퇴,Y,Y,Y
VOC08478,앱의 계약 내용이 맞지 않아요 관련 기준도 함께 알려주세요.,증권번호 [증권번호]의 차량정보가 현재 차량과 일치하지 않습니다. 앱에서 확인이 어려워 문의드립니다.,보험,계약정보,S013,계약정보 불일치,Y,Y,Y
VOC04466,주행점수 할인 확인 요청,안전운전 점수와 보험료 할인 적용 기준을 안내해주세요. 필요한 확인 항목이 있다면 안내 부탁드립니다.,보험,할인,S007,보험료 할인 적용 문의,Y,Y,Y
VOC01628,포인트 사용처가 궁금합니다,보험료 결제 외에도 포인트를 사용할 수 있는 곳이 있나요? 필요한 확인 항목이 있다면 안내 부탁드립니다.,포인트,사용,S003,포인트 사용처 문의,Y,Y,Y
VOC02865,새 비밀번호 등록 문의,비밀번호가 기억나지 않아 재설정하려고 합니다.,회원,계정관리,S005,비밀번호 재설정,Y,Y,Y
VOC02846,비밀번호가 기억나지 않아요 앱에서 확인이 어려워 문의드립니다.,본인 인증 후 비밀번호 재설정 화면으로 이동하지 않습니다.,회원,계정관리,S005,비밀번호 재설정,Y,Y,Y
VOC07554,보상 처리 단계 문의,제출한 서류가 정상적으로 접수됐는지 알고 싶습니다.,사고,처리현황,S012,사고 처리 진행 문의,Y,Y,Y
VOC02128,계속 로그인에 실패합니다,아이디와 비밀번호를 입력해도 로그인 오류가 발생합니다.,회원,로그인,S004,로그인 오류,Y,Y,Y
VOC01308,포인트가 아직 처리되지 않았어요,[접수시간]에 주행을 종료했습니다. 포인트 반영 예정 시간을 알고 싶습니다. 관련 기준도 함께 알려주세요.,포인트,적립,S002,주행 포인트 적립 지연,Y,Y,Y
VOC07900,접수한 사고는 어떻게 진행되고 있나요,보상 심사가 어느 단계까지 진행됐는지 확인 부탁드립니다.,사고,처리현황,S012,사고 처리 진행 문의,Y,Y,Y
VOC00208,운전했는데 포인트가 안 들어왔어요,[날짜]에 주행을 완료했는데 포인트가 아직 적립되지 않았습니다.,포인트,적립,S001,주행 포인트 미적립,Y,Y,Y
VOC04987,차량을 변경했습니다,기존 차량 [차량번호]에서 새 차량 [변경차량번호]로 변경했습니다.,차량,차량정보,S008,차량정보 변경,Y,Y,Y
VOC00183,주행 포인트가 적립되지 않았습니다,지난 주행 건에 대한 포인트를 받지 못했습니다. 확인 부탁드립니다. 관련 기준도 함께 알려주세요.,포인트,적립,S001,주행 포인트 미적립,Y,Y,Y
VOC09312,회원정보의 전화번호가 다릅니다,새 번호로 본인 인증을 진행하는 방법을 알려주세요. 처리 방법을 안내해주세요.,회원,회원정보,S014,휴대전화 번호 변경,Y,Y,Y
VOC08254,증권 정보 수정 문의,계약 기간과 보험료 정보가 가입 당시 안내와 다르게 표시됩니다. 이전에 정상적으로 이용한 적이 있습니다.,보험,계약정보,S013,계약정보 불일치,Y,Y,Y
VOC03495,앱에서 운전 기록 확인 불가,해당 시간대의 운전 내역이 누락되어 확인 요청드립니다.,주행,주행기록,S006,주행기록 미반영,Y,Y,Y
VOC04857,등록 차량 변경 요청,기존 차량을 삭제하고 새 차량을 등록하는 방법을 알려주세요.,차량,차량정보,S008,차량정보 변경,Y,Y,Y
VOC04909,기존 차량 삭제 후 신규 등록 관련 기준도 함께 알려주세요.,기존 차량 [차량번호]에서 새 차량 [새차량번호]로 변경했습니다.,차량,차량정보,S008,차량정보 변경,Y,Y,Y
VOC03763,주행기록이 보이지 않습니다,[접수일]에 [출발지]-[도착지] 구간을 운전했는데 앱에서 기록이 보이지 않습니다. 처리 방법을 안내해주세요.,주행,주행기록,S006,주행기록 미반영,Y,Y,Y
VOC00275,주행 포인트가 적립되지 않았습니다,[날짜]에 주행을 완료했는데 포인트가 아직 적립되지 않았습니다.,포인트,적립,S001,주행 포인트 미적립,Y,Y,Y
VOC09175,등록 연락처 수정 요청 처리 방법을 안내해주세요.,기존 번호 [전화번호]에서 새 번호 [새전화번호]로 변경하고 싶습니다. 동일 현상이 반복되고 있습니다.,회원,회원정보,S014,휴대전화 번호 변경,Y,Y,Y
VOC08247,증권 정보 수정 문의 관련 기준도 함께 알려주세요.,계약 기간과 보험료 정보가 가입 당시 안내와 다르게 표시됩니다.,보험,계약정보,S013,계약정보 불일치,Y,Y,Y
VOC06030,사용하지 않은 포인트가 차감됐어요,어제 확인한 잔액과 오늘 잔액이 달라서 문의드립니다.,포인트,차감,S010,포인트 오차감,Y,Y,Y
VOC05777,가입 정보 삭제 요청,앱에서 탈퇴 메뉴를 찾을 수 없어 문의합니다. 앱에서 확인이 어려워 문의드립니다.,회원,계정관리,S009,회원 탈퇴,Y,Y,Y
VOC06795,앱이 계속 종료됩니다,재설치 후에도 동일하게 앱이 강제 종료됩니다. 관련 기준도 함께 알려주세요.,앱,오류,S011,앱 실행 오류,Y,Y,Y
VOC03129,비밀번호 변경이 되지 않습니다,비밀번호 찾기 과정에서 [전화번호]로 인증번호가 오지 않습니다.,회원,계정관리,S005,비밀번호 재설정,Y,Y,Y
VOC03985,운전한 내역이 앱에 없습니다,[접수일]에 [출발지]-[도착지] 구간을 운전했는데 앱에서 기록이 보이지 않습니다.,주행,주행기록,S006,주행기록 미반영,Y,Y,Y
VOC07304,앱이 계속 종료됩니다,특정 메뉴에 들어가면 화면이 멈추는 현상이 반복됩니다. 필요한 확인 항목이 있다면 안내 부탁드립니다.,앱,오류,S011,앱 실행 오류,Y,Y,Y
VOC05483,서비스 계정을 삭제하고 싶어요,회원 탈퇴 시 남은 포인트와 주행기록이 어떻게 처리되는지 궁금합니다.,회원,계정관리,S009,회원 탈퇴,Y,Y,Y
VOC06181,포인트가 갑자기 줄었습니다,사용한 적이 없는데 [차감금액] 포인트가 차감된 것으로 표시됩니다. 처리 방법을 안내해주세요. 이전에 정상적으로 이용한 적이 있습니다.,포인트,차감,S010,포인트 오차감,Y,Y,Y
VOC09305,기존 전화번호 변경 문의,기존 번호 [기존전화번호]에서 새 번호 [새전화번호]로 변경하고 싶습니다. 필요한 확인 항목이 있다면 안내 부탁드립니다.,회원,회원정보,S014,휴대전화 번호 변경,Y,Y,Y
VOC04928,기존 차량 삭제 후 신규 등록,기존 차량 [기존차량번호]에서 새 차량 [새차량번호]로 변경했습니다.,차량,차량정보,S008,차량정보 변경,Y,Y,Y
VOC04121,안전운전 할인 적용 여부 문의 앱에서 확인이 어려워 문의드립니다.,앱에는 할인 대상이라고 나오는데 실제 보험료에 적용됐는지 알고 싶습니다. 앱에서 확인이 어려워 문의드립니다.,보험,할인,S007,보험료 할인 적용 문의,Y,Y,Y
VOC02089,앱 로그인이 되지 않습니다,로그인 버튼을 눌러도 화면이 그대로입니다.,회원,로그인,S004,로그인 오류,Y,Y,Y
VOC02291,앱 로그인이 되지 않습니다 확인 부탁드립니다.,[오류코드] 메시지가 표시되면서 앱에 접속할 수 없습니다. 확인 부탁드립니다.,회원,로그인,S004,로그인 오류,Y,Y,Y
VOC00952,운전 후 포인트 반영 시간 문의,오늘 주행을 마쳤는데 포인트가 아직 반영되지 않았습니다. 보통 얼마나 걸리나요? 관련 기준도 함께 알려주세요.,포인트,적립,S002,주행 포인트 적립 지연,Y,Y,Y
VOC08965,등록 연락처 수정 요청,휴대전화 번호를 바꿨는데 앱 회원정보에는 이전 번호가 표시됩니다.,회원,회원정보,S014,휴대전화 번호 변경,Y,Y,Y
VOC02045,로그인 화면에서 넘어가지 않아요,아이디와 비밀번호를 입력해도 로그인 오류가 발생합니다.,회원,로그인,S004,로그인 오류,Y,Y,Y
VOC04876,차량을 변경했습니다,차량번호 변경 후 주행 서비스 연결 방법을 문의드립니다. 확인 부탁드립니다.,차량,차량정보,S008,차량정보 변경,Y,Y,Y
VOC08197,보험 계약자 정보 오류,갱신한 계약이 앱에서 이전 계약으로 보입니다.,보험,계약정보,S013,계약정보 불일치,Y,Y,Y
VOC03319,비밀번호가 기억나지 않아요,비밀번호 변경 절차와 조건을 안내해주세요. 앱에서 확인이 어려워 문의드립니다.,회원,계정관리,S005,비밀번호 재설정,Y,Y,Y
VOC06213,포인트 잔액 오류,어제 확인한 잔액과 오늘 잔액이 달라서 문의드립니다. 동일 현상이 반복되고 있습니다.,포인트,차감,S010,포인트 오차감,Y,Y,Y
VOC00185,주행 포인트가 적립되지 않았습니다,지난 주행 건에 대한 포인트를 받지 못했습니다. 확인 부탁드립니다.,포인트,적립,S001,주행 포인트 미적립,Y,Y,Y
VOC06156,잘못 차감된 포인트 문의,사용한 적이 없는데 [금액] 포인트가 차감된 것으로 표시됩니다. 확인 부탁드립니다. 필요한 확인 항목이 있다면 안내 부탁드립니다.,포인트,차감,S010,포인트 오차감,Y,Y,Y
VOC07836,사고 접수 후 연락이 없습니다,제출한 서류가 정상적으로 접수됐는지 알고 싶습니다. 관련 기준도 함께 알려주세요.,사고,처리현황,S012,사고 처리 진행 문의,Y,Y,Y
VOC03565,최근 주행기록 누락 문의,차량은 정상적으로 운행했는데 주행 데이터가 수집되지 않은 것 같습니다.,주행,주행기록,S006,주행기록 미반영,Y,Y,Y
VOC03459,최근 주행기록 누락 문의,[주행일]에 [주행구간] 구간을 운전했는데 앱에서 기록이 보이지 않습니다.,주행,주행기록,S006,주행기록 미반영,Y,Y,Y
VOC01562,보유 포인트 사용 방법,포인트 사용 가능한 서비스와 제한 조건이 확인하고 싶습니다.,포인트,사용,S003,포인트 사용처 문의,Y,Y,Y
VOC03757,주행 데이터가 반영되지 않았어요 확인 부탁드립니다.,주행 종료 후에도 거리와 시간이 0으로 표시됩니다. 확인 부탁드립니다. 현재 화면에서 직접 수정할 수 없습니다.,주행,주행기록,S006,주행기록 미반영,Y,Y,Y
VOC07609,사건번호 처리 상태 확인 관련 기준도 함께 알려주세요.,제출한 서류가 정상적으로 접수됐는지 알고 싶습니다. 앱을 다시 실행해도 같은 상태입니다.,사고,처리현황,S012,사고 처리 진행 문의,Y,Y,Y
VOC02752,새 비밀번호 등록 문의,새 비밀번호를 입력했지만 변경이 완료안 됩니다.,회원,계정관리,S005,비밀번호 재설정,Y,Y,Y
VOC01134,운전 후 포인트 반영 시간 문의 앱에서 확인이 어려워 문의드립니다.,"포인트가 바로 들어오는지, 일정 시간이 필요한지 확인 요청드립니다.",포인트,적립,S002,주행 포인트 적립 지연,Y,Y,Y
VOC02543,앱 로그인이 되지 않습니다,아이디와 비밀번호를 입력해도 로그인 오류가 발생합니다.,회원,로그인,S004,로그인 오류,Y,Y,Y
VOC06833,앱 화면이 멈춥니다,앱을 실행하면 [오류코드] 오류가 표시되고 바로 종료됩니다. 빠른 확인 요청드립니다. 앱을 다시 실행해도 같은 상태입니다.,앱,오류,S011,앱 실행 오류,Y,Y,Y
VOC05180,차량을 변경했습니다,차량번호 변경 후 주행 서비스 연결 방법을 확인 요청드립니다.,차량,차량정보,S008,차량정보 변경,Y,Y,Y
VOC05084,기존 차량 삭제 후 신규 등록 확인 부탁드립니다.,기존 차량 [차량번호]에서 새 차량 [변경차량번호]로 변경했습니다.,차량,차량정보,S008,차량정보 변경,Y,Y,Y
VOC08063,보험 계약자 정보 오류,앱에 표시된 계약자명이 [이름]으로 되어 있는데 실제 정보와 다릅니다.,보험,계약정보,S013,계약정보 불일치,Y,Y,Y
VOC01065,운전 후 포인트 반영 시간 문의,[시간]에 주행을 종료했습니다. 포인트 반영 예정 시간을 알고 싶습니다. 동일 현상이 반복되고 있습니다.,포인트,적립,S002,주행 포인트 적립 지연,Y,Y,Y
VOC06587,포인트 차감 내역이 이상합니다,포인트 사용 이력과 실제 잔액이 맞지 않습니다.,포인트,차감,S010,포인트 오차감,Y,Y,Y
VOC00908,포인트 반영이 늦어지고 있습니다 확인 부탁드립니다.,방금 운전한 기록은 보이는데 포인트는 처리 중으로 표시됩니다.,포인트,적립,S002,주행 포인트 적립 지연,Y,Y,Y
VOC09559,주행 포인트 산정 방법 문의 관련 기준도 함께 알려주세요.,포인트를 받기 위한 최소 주행 조건이 궁금합니다. 필요한 확인 항목이 있다면 안내 부탁드립니다.,포인트,적립기준,S015,포인트 적립 기준 문의,Y,Y,Y
VOC05871,더 이상 서비스를 이용하지 않습니다,계정과 저장된 개인정보를 삭제하는 절차를 안내 부탁드립니다.,회원,계정관리,S009,회원 탈퇴,Y,Y,Y
VOC06064,사용하지 않은 포인트가 차감됐어요 앱에서 확인이 어려워 문의드립니다.,결제를 취소했는데 차감된 포인트가 복구되지 않았습니다. 현재 화면에서 직접 수정할 수 없습니다.,포인트,차감,S010,포인트 오차감,Y,Y,Y
VOC00045,운전했는데 포인트가 안 들어왔어요,지난 주행 건에 대한 포인트를 받지 못했습니다. 확인 부탁드립니다.,포인트,적립,S001,주행 포인트 미적립,Y,Y,Y
VOC00122,주행 포인트가 적립되지 않았습니다 앱에서 확인이 어려워 문의드립니다.,[주행구간] 구간을 운전했는데 적립 내역이 확인되지 않습니다. 동일 현상이 반복되고 있습니다.,포인트,적립,S001,주행 포인트 미적립,Y,Y,Y
VOC08644,앱의 계약 내용이 맞지 않아요,증권번호 [증권번호]의 차량정보가 현재 차량과 일치하지 않습니다.,보험,계약정보,S013,계약정보 불일치,Y,Y,Y
VOC08620,앱의 계약 내용이 맞지 않아요 관련 기준도 함께 알려주세요.,앱에 표시된 계약자명이 [이름]으로 되어 있는데 실제 정보와 다릅니다. 이전에 정상적으로 이용한 적이 있습니다.,보험,계약정보,S013,계약정보 불일치,Y,Y,Y
VOC06571,사용하지 않은 포인트가 차감됐어요,포인트 내역에 알 수 없는 차감 기록이 있습니다. 동일 현상이 반복되고 있습니다.,포인트,차감,S010,포인트 오차감,Y,Y,Y
VOC09679,어떤 주행이 포인트 대상인가요 확인 부탁드립니다.,짧은 거리 주행도 포인트 적립 대상인지 문의드립니다.,포인트,적립기준,S015,포인트 적립 기준 문의,Y,Y,Y
VOC00194,운전했는데 포인트가 안 들어왔어요,지난 주행 건에 대한 포인트를 받지 못했습니다. 확인 부탁드립니다. 처리 방법을 안내해주세요.,포인트,적립,S001,주행 포인트 미적립,Y,Y,Y
VOC03000,새 비밀번호 등록 문의,본인 인증 후 비밀번호 재설정 화면으로 이동하지 않습니다.,회원,계정관리,S005,비밀번호 재설정,Y,Y,Y
VOC09538,어떤 주행이 포인트 대상인가요,짧은 거리 주행도 포인트 적립 대상인지 문의드립니다.,포인트,적립기준,S015,포인트 적립 기준 문의,Y,Y,Y
VOC01790,포인트 사용처가 궁금합니다 처리 방법을 안내해주세요.,보험료 결제 외에도 포인트를 사용할 수 있는 곳이 있나요?,포인트,사용,S003,포인트 사용처 문의,Y,Y,Y
VOC03541,최근 주행기록 누락 문의 확인 부탁드립니다.,해당 시간대의 운전 내역이 누락되어 확인 요청드립니다.,주행,주행기록,S006,주행기록 미반영,Y,Y,Y
VOC01005,포인트 반영이 늦어지고 있습니다,방금 운전한 기록은 보이는데 포인트는 처리 중으로 표시됩니다.,포인트,적립,S002,주행 포인트 적립 지연,Y,Y,Y
VOC00689,포인트 적립 처리 중 문의,오늘 주행을 마쳤는데 포인트가 아직 반영되지 않았습니다. 보통 얼마나 걸리나요?,포인트,적립,S002,주행 포인트 적립 지연,Y,Y,Y
VOC04542,주행점수 할인 확인 요청,안전운전 점수와 보험료 할인 적용 기준을 안내해주세요.,보험,할인,S007,보험료 할인 적용 문의,Y,Y,Y
VOC06513,포인트 잔액 오류,포인트 내역에 알 수 없는 차감 기록이 있습니다. 관련 기준도 함께 알려주세요.,포인트,차감,S010,포인트 오차감,Y,Y,Y
VOC09949,주행 포인트 산정 방법 문의,주행거리와 운전점수에 따라 포인트가 어떻게 산정되는지 알고 싶습니다. 앱을 다시 실행해도 같은 상태입니다.,포인트,적립기준,S015,포인트 적립 기준 문의,Y,Y,Y
VOC01775,적립 포인트는 어디서 쓰나요 처리 방법을 안내해주세요.,포인트 사용 가능한 서비스와 제한 조건이 궁금합니다.,포인트,사용,S003,포인트 사용처 문의,Y,Y,Y
VOC07985,사고 접수 후 연락이 없습니다,제출한 서류가 정상적으로 접수됐는지 알고 싶습니다.,사고,처리현황,S012,사고 처리 진행 문의,Y,Y,Y
VOC04509,계약 할인 적용 상태 문의,안전운전 점수와 보험료 할인 적용 기준을 안내해주세요.,보험,할인,S007,보험료 할인 적용 문의,Y,Y,Y
VOC00765,운전 후 포인트 반영 시간 문의,"포인트가 바로 들어오는지, 일정 시간이 필요한지 문의드립니다. 동일 현상이 반복되고 있습니다.",포인트,적립,S002,주행 포인트 적립 지연,Y,Y,Y
VOC05922,가입 정보 삭제 요청,앱에서 탈퇴 메뉴를 찾을 수 없어 문의드립니다. 이전에 정상적으로 이용한 적이 있습니다.,회원,계정관리,S009,회원 탈퇴,Y,Y,Y
VOC07865,사고 처리 진행 상황 문의,사건번호 [사고접수번호]와 관련해 현재 처리 단계를 확인하고 싶습니다. 빠른 확인 요청드립니다.,사고,처리현황,S012,사고 처리 진행 문의,Y,Y,Y
VOC01651,보유 포인트 사용 방법 처리 방법을 안내해주세요.,적립된 포인트의 사용처와 사용 절차를 안내 부탁드립니다.,포인트,사용,S003,포인트 사용처 문의,Y,Y,Y
VOC07158,앱 화면이 멈춥니다,특정 메뉴에 들어가면 화면이 멈추는 현상이 반복됩니다.,앱,오류,S011,앱 실행 오류,Y,Y,Y
VOC09535,어떤 주행이 포인트 대상인가요,포인트를 받기 위한 최소 주행 조건이 궁금합니다.,포인트,적립기준,S015,포인트 적립 기준 문의,Y,Y,Y
VOC05334,앱 차량정보 수정 문의,보험 계약 차량은 변경됐는데 앱에는 이전 차량이 표시됩니다.,차량,차량정보,S008,차량정보 변경,Y,Y,Y
VOC02605,계정 접속이 불가능합니다,기존에 사용하던 계정으로 접속되지 않아 문의드립니다.,회원,로그인,S004,로그인 오류,Y,Y,Y
VOC05605,가입 정보 삭제 요청,계정과 저장된 개인정보를 삭제하는 절차를 알려주세요.,회원,계정관리,S009,회원 탈퇴,Y,Y,Y
VOC01904,적립 포인트는 어디서 쓰나요,현재 보유한 포인트를 어디에서 사용할 수 있는지 알려주세요.,포인트,사용,S003,포인트 사용처 문의,Y,Y,Y
VOC05696,서비스 계정을 삭제하고 싶어요 빠른 확인 요청드립니다.,앱에서 탈퇴 메뉴를 찾을 수 없어 문의드립니다. 처리 방법을 안내해주세요.,회원,계정관리,S009,회원 탈퇴,Y,Y,Y
VOC00368,포인트가 누락된 것 같습니다 관련 기준도 함께 알려주세요.,주행 조건을 충족한 것으로 보이는데 포인트가 0으로 표시됩니다.,포인트,적립,S001,주행 포인트 미적립,Y,Y,Y
VOC01478,보유 포인트 사용 방법 관련 기준도 함께 알려주세요.,보험료 결제 외에도 포인트를 사용할 수 있는 곳이 있나요? 동일 현상이 반복되고 있습니다.,포인트,사용,S003,포인트 사용처 문의,Y,Y,Y
VOC04956,앱 차량정보 수정 문의,기존 차량을 삭제하고 새 차량을 등록하는 방법을 알려주세요.,차량,차량정보,S008,차량정보 변경,Y,Y,Y
VOC03033,비밀번호 찾기 인증 오류 빠른 확인 요청드립니다.,비밀번호 찾기 과정에서 [전화번호]로 인증번호가 오지 않습니다. 앱을 다시 실행해도 같은 상태입니다.,회원,계정관리,S005,비밀번호 재설정,Y,Y,Y
VOC08681,새 번호로 인증받고 싶어요 빠른 확인 요청드립니다.,휴대전화 번호를 바꿨는데 앱 회원정보에는 이전 번호가 표시됩니다.,회원,회원정보,S014,휴대전화 번호 변경,Y,Y,Y
VOC00004,주행 포인트 미적립 문의,운전 기록은 정상적으로 보이지만 포인트가 들어오지 않았습니다.,포인트,적립,S001,주행 포인트 미적립,Y,Y,Y
VOC05603,서비스 계정을 삭제하고 싶어요,본인 인증 후 탈퇴가 완료되지 않아 확인 부탁드립니다.,회원,계정관리,S009,회원 탈퇴,Y,Y,Y
VOC09220,기존 전화번호 변경 문의,등록된 연락처가 실제 사용하는 번호와 달라 수정 요청드립니다.,회원,회원정보,S014,휴대전화 번호 변경,Y,Y,Y
VOC00437,포인트가 누락된 것 같습니다,[주행일]에 주행을 완료했는데 포인트가 아직 적립되지 않았습니다. 처리 방법을 안내해주세요.,포인트,적립,S001,주행 포인트 미적립,Y,Y,Y
VOC08163,계약정보가 다르게 표시됩니다,갱신한 계약이 앱에서 이전 계약으로 보입니다.,보험,계약정보,S013,계약정보 불일치,Y,Y,Y
VOC02169,계정 접속이 불가능합니다,아이디와 비밀번호를 입력해도 로그인 오류가 발생합니다.,회원,로그인,S004,로그인 오류,Y,Y,Y
VOC01672,적립 포인트는 어디서 쓰나요 처리 방법을 안내해주세요.,적립된 포인트의 사용처와 사용 절차를 안내 부탁드립니다. 관련 기준도 함께 알려주세요.,포인트,사용,S003,포인트 사용처 문의,Y,Y,Y
VOC05658,앱 회원 탈퇴 방법 문의,계정과 저장된 개인정보를 삭제하는 절차를 알려주세요.,회원,계정관리,S009,회원 탈퇴,Y,Y,Y
VOC07544,보상 처리 단계 문의,제출한 서류가 정상적으로 접수됐는지 알고 싶습니다. 앱에서 확인이 어려워 문의드립니다.,사고,처리현황,S012,사고 처리 진행 문의,Y,Y,Y
VOC01342,보유 포인트 사용 방법 관련 기준도 함께 알려주세요.,현재 보유한 포인트를 어디에서 사용할 수 있는지 알려주세요. 처리 방법을 안내해주세요.,포인트,사용,S003,포인트 사용처 문의,Y,Y,Y
VOC03008,비밀번호가 기억나지 않아요,비밀번호 변경 절차와 조건을 안내해주세요.,회원,계정관리,S005,비밀번호 재설정,Y,Y,Y
VOC06618,포인트 차감 내역이 이상합니다,포인트 내역에 알 수 없는 차감 기록이 있습니다.,포인트,차감,S010,포인트 오차감,Y,Y,Y
VOC07484,사건번호 처리 상태 확인,[주행일]에 접수한 사고의 담당자 배정 여부가 궁금합니다. 빠른 확인 요청드립니다. 앱을 다시 실행해도 같은 상태입니다.,사고,처리현황,S012,사고 처리 진행 문의,Y,Y,Y
VOC03543,주행기록이 보이지 않습니다,차량은 정상적으로 운행했는데 주행 데이터가 수집되지 않은 것 같습니다.,주행,주행기록,S006,주행기록 미반영,Y,Y,Y
VOC00253,주행 포인트 미적립 문의,지난 주행 건에 대한 포인트를 받지 못했습니다. 확인 부탁드립니다. 확인 부탁드립니다.,포인트,적립,S001,주행 포인트 미적립,Y,Y,Y
VOC09216,휴대전화 번호를 변경하고 싶습니다,기존 번호 [전화번호]에서 새 번호 [변경전화번호]로 변경하고 싶습니다.,회원,회원정보,S014,휴대전화 번호 변경,Y,Y,Y
VOC03946,운전한 내역이 앱에 없습니다,운전을 완료했지만 최근 주행 목록에 추가되지 않았습니다.,주행,주행기록,S006,주행기록 미반영,Y,Y,Y
VOC01268,주행 포인트는 언제 들어오나요,"포인트가 바로 들어오는지, 일정 시간이 필요한지 문의드립니다. 현재 화면에서 직접 수정할 수 없습니다.",포인트,적립,S002,주행 포인트 적립 지연,Y,Y,Y
VOC04992,새 차량으로 바꾸고 싶어요 빠른 확인 요청드립니다.,차량을 교체해서 앱의 등록 정보를 수정하고 싶습니다.,차량,차량정보,S008,차량정보 변경,Y,Y,Y
VOC04370,보험료 할인 혜택이 궁금합니다,앱에는 할인 대상이라고 나오는데 실제 보험료에 적용됐는지 알고 싶습니다.,보험,할인,S007,보험료 할인 적용 문의,Y,Y,Y
VOC00121,주행 포인트가 적립되지 않았습니다,[접수일]에 주행을 완료했는데 포인트가 아직 적립되지 않았습니다.,포인트,적립,S001,주행 포인트 미적립,Y,Y,Y
VOC06968,업데이트 후 앱이 열리지 않아요,특정 메뉴에 들어가면 화면이 멈추는 현상이 반복됩니다.,앱,오류,S011,앱 실행 오류,Y,Y,Y
VOC00899,포인트 반영이 늦어지고 있습니다,"포인트가 바로 들어오는지, 일정 시간이 필요한지 문의드립니다.",포인트,적립,S002,주행 포인트 적립 지연,Y,Y,Y
VOC01724,적립 포인트는 어디서 쓰나요,현재 보유한 포인트를 어디에서 사용할 수 있는지 알려주세요. 확인 부탁드립니다.,포인트,사용,S003,포인트 사용처 문의,Y,Y,Y
VOC08278,앱의 계약 내용이 맞지 않아요 관련 기준도 함께 알려주세요.,앱에 표시된 계약자명이 [계약자명]으로 되어 있는데 실제 정보와 다릅니다.,보험,계약정보,S013,계약정보 불일치,Y,Y,Y
VOC01384,보유 포인트 사용 방법,현재 보유한 포인트를 어디에서 사용할 수 있는지 알려주세요.,포인트,사용,S003,포인트 사용처 문의,Y,Y,Y
VOC02631,로그인 화면에서 넘어가지 않아요,기존에 사용하던 계정으로 접속되지 않아 문의드립니다. 앱에서 확인이 어려워 문의드립니다.,회원,로그인,S004,로그인 오류,Y,Y,Y
VOC05165,등록 차량 변경 요청,기존 차량 [기존차량번호]에서 새 차량 [새차량번호]로 변경했습니다.,차량,차량정보,S008,차량정보 변경,Y,Y,Y
VOC01123,포인트가 아직 처리되지 않았어요,방금 운전한 기록은 보이는데 포인트는 처리 중으로 표시됩니다.,포인트,적립,S002,주행 포인트 적립 지연,Y,Y,Y
VOC08835,휴대전화 번호를 변경하고 싶습니다,번호 변경 후 로그인 인증 문자가 이전 번호로 발송됩니다.,회원,회원정보,S014,휴대전화 번호 변경,Y,Y,Y
VOC08730,회원정보의 전화번호가 다릅니다 앱에서 확인이 어려워 문의드립니다.,새 번호로 본인 인증을 진행하는 방법을 알려주세요. 현재 화면에서 직접 수정할 수 없습니다.,회원,회원정보,S014,휴대전화 번호 변경,Y,Y,Y
VOC08485,계약정보가 다르게 표시됩니다,계약 기간과 보험료 정보가 가입 당시 안내와 다르게 표시됩니다.,보험,계약정보,S013,계약정보 불일치,Y,Y,Y
VOC02615,앱 로그인이 되지 않습니다,기존에 사용하던 계정으로 접속되지 않아 문의드립니다.,회원,로그인,S004,로그인 오류,Y,Y,Y
VOC09158,새 번호로 인증받고 싶어요,기존 번호 [기존전화번호]에서 새 번호 [새전화번호]로 변경하고 싶습니다.,회원,회원정보,S014,휴대전화 번호 변경,Y,Y,Y
VOC04417,보험료 할인이 반영됐나요 빠른 확인 요청드립니다.,현재 운전점수 기준으로 받을 수 있는 보험료 할인율이 확인하고 싶습니다.,보험,할인,S007,보험료 할인 적용 문의,Y,Y,Y
VOC09923,어떤 주행이 포인트 대상인가요,포인트 지급 대상과 제외 조건을 자세히 안내해주세요. 이전에 정상적으로 이용한 적이 있습니다.,포인트,적립기준,S015,포인트 적립 기준 문의,Y,Y,Y
VOC07834,접수한 사고는 어떻게 진행되고 있나요,제출한 서류가 정상적으로 접수됐는지 알고 싶습니다. 빠른 확인 요청드립니다.,사고,처리현황,S012,사고 처리 진행 문의,Y,Y,Y
VOC07523,사건번호 처리 상태 확인 확인 부탁드립니다.,사건번호 [사건번호]와 관련해 현재 처리 단계를 확인하고 싶습니다.,사고,처리현황,S012,사고 처리 진행 문의,Y,Y,Y
VOC01320,포인트가 아직 처리되지 않았어요 관련 기준도 함께 알려주세요.,방금 운전한 기록은 보이는데 포인트는 처리 중으로 표시됩니다. 필요한 확인 항목이 있다면 안내 부탁드립니다.,포인트,적립,S002,주행 포인트 적립 지연,Y,Y,Y
VOC02018,계속 로그인에 실패합니다,로그인 버튼을 눌러도 화면이 그대로입니다. 관련 기준도 함께 알려주세요. 현재 화면에서 직접 수정할 수 없습니다.,회원,로그인,S004,로그인 오류,Y,Y,Y
VOC05686,가입 정보 삭제 요청,계정과 저장된 개인정보를 삭제하는 절차를 알려주세요.,회원,계정관리,S009,회원 탈퇴,Y,Y,Y
VOC01426,포인트 사용처가 궁금합니다,보험료 결제 외에도 포인트를 사용할 수 있는 곳이 있나요? 앱에서 확인이 어려워 문의드립니다.,포인트,사용,S003,포인트 사용처 문의,Y,Y,Y
VOC00351,주행 포인트 미적립 문의 관련 기준도 함께 알려주세요.,[주행일]에 주행을 완료했는데 포인트가 아직 적립되지 않았습니다. 빠른 확인 요청드립니다.,포인트,적립,S001,주행 포인트 미적립,Y,Y,Y
VOC01210,포인트 반영이 늦어지고 있습니다 처리 방법을 안내해주세요.,방금 운전한 기록은 보이는데 포인트는 처리 중으로 표시됩니다.,포인트,적립,S002,주행 포인트 적립 지연,Y,Y,Y
VOC03119,비밀번호가 기억나지 않아요,비밀번호가 기억나지 않아 재설정하려고 합니다. 빠른 확인 요청드립니다.,회원,계정관리,S005,비밀번호 재설정,Y,Y,Y
VOC07800,사고 처리 진행 상황 문의,[날짜]에 접수한 사고의 담당자 배정 여부가 궁금합니다.,사고,처리현황,S012,사고 처리 진행 문의,Y,Y,Y
VOC08636,증권 정보 수정 문의 확인 부탁드립니다.,갱신한 계약이 앱에서 이전 계약으로 보입니다.,보험,계약정보,S013,계약정보 불일치,Y,Y,Y
VOC08072,보험 계약자 정보 오류,증권번호 [계약번호]의 차량정보가 현재 차량과 일치하지 않습니다. 현재 화면에서 직접 수정할 수 없습니다.,보험,계약정보,S013,계약정보 불일치,Y,Y,Y
VOC07208,업데이트 후 앱이 열리지 않아요,앱을 실행하면 [에러코드] 오류가 표시되고 바로 종료됩니다. 필요한 확인 항목이 있다면 안내 부탁드립니다.,앱,오류,S011,앱 실행 오류,Y,Y,Y
VOC05437,더 이상 서비스를 이용하지 않습니다 확인 부탁드립니다.,회원 탈퇴 시 남은 포인트와 주행기록이 어떻게 처리되는지 궁금합니다.,회원,계정관리,S009,회원 탈퇴,Y,Y,Y
VOC07406,사건번호 처리 상태 확인,사건번호 [사건번호]와 관련해 현재 처리 단계를 확인하고 싶습니다.,사고,처리현황,S012,사고 처리 진행 문의,Y,Y,Y
VOC01430,보유 포인트 사용 방법 확인 부탁드립니다.,적립된 포인트의 사용처와 사용 절차를 안내 부탁드립니다. 확인 부탁드립니다.,포인트,사용,S003,포인트 사용처 문의,Y,Y,Y
VOC04711,새 차량으로 바꾸고 싶어요,기존 차량을 삭제하고 새 차량을 등록하는 방법을 확인 부탁드립니다.,차량,차량정보,S008,차량정보 변경,Y,Y,Y
VOC07942,보상 처리 단계 문의,[날짜]에 접수한 사고의 담당자 배정 여부가 궁금합니다.,사고,처리현황,S012,사고 처리 진행 문의,Y,Y,Y
VOC04306,안전운전 할인 적용 여부 문의,현재 운전점수 기준으로 받을 수 있는 보험료 할인율이 궁금합니다.,보험,할인,S007,보험료 할인 적용 문의,Y,Y,Y
VOC03674,앱에서 운전 기록 확인 불가,해당 시간대의 운전 내역이 누락되어 확인 요청드립니다.,주행,주행기록,S006,주행기록 미반영,Y,Y,Y
VOC03951,주행기록이 보이지 않습니다 관련 기준도 함께 알려주세요.,운전을 완료했지만 최근 주행 목록에 추가되지 않았습니다. 처리 방법을 안내해주세요.,주행,주행기록,S006,주행기록 미반영,Y,Y,Y
VOC04740,앱 차량정보 수정 문의,차량을 교체해서 앱의 등록 정보를 수정하고 싶습니다.,차량,차량정보,S008,차량정보 변경,Y,Y,Y
VOC03015,비밀번호 찾기 인증 오류,비밀번호 찾기 과정에서 [기존전화번호]로 인증번호가 오지 않습니다.,회원,계정관리,S005,비밀번호 재설정,Y,Y,Y
VOC04300,주행점수 할인 확인 요청,안전운전 점수와 보험료 할인 적용 기준을 안내해주세요.,보험,할인,S007,보험료 할인 적용 문의,Y,Y,Y
VOC00827,운전 후 포인트 반영 시간 문의,"포인트가 바로 들어오는지, 일정 시간이 필요한지 문의합니다.",포인트,적립,S002,주행 포인트 적립 지연,Y,Y,Y
VOC09592,주행 포인트 산정 방법 문의,짧은 거리 주행도 포인트 적립 대상인지 문의드립니다. 필요한 확인 항목이 있다면 안내 부탁드립니다.,포인트,적립기준,S015,포인트 적립 기준 문의,Y,Y,Y
VOC02048,계속 로그인에 실패합니다 확인 부탁드립니다.,기존에 사용하던 계정으로 접속되지 않아 문의드립니다.,회원,로그인,S004,로그인 오류,Y,Y,Y
VOC08010,증권 정보 수정 문의 처리 방법을 안내해주세요.,앱에 표시된 계약자명이 [이름]으로 되어 있는데 실제 정보와 다릅니다.,보험,계약정보,S013,계약정보 불일치,Y,Y,Y
VOC01293,포인트 적립 처리 중 문의,"포인트가 바로 들어오는지, 일정 시간이 필요한지 문의드립니다. 확인 부탁드립니다.",포인트,적립,S002,주행 포인트 적립 지연,Y,Y,Y
VOC08080,앱의 계약 내용이 맞지 않아요,증권번호 [증권번호]의 차량정보가 현재 차량과 일치하지 않습니다. 확인 부탁드립니다.,보험,계약정보,S013,계약정보 불일치,Y,Y,Y
VOC03885,주행 데이터가 반영되지 않았어요 확인 부탁드립니다.,운전을 완료했지만 최근 주행 목록에 추가되지 않았습니다. 이전에 정상적으로 이용한 적이 있습니다.,주행,주행기록,S006,주행기록 미반영,Y,Y,Y
VOC07893,보상 처리 단계 문의 관련 기준도 함께 알려주세요.,사건번호 [사고접수번호]와 관련해 현재 처리 단계를 확인하고 싶습니다.,사고,처리현황,S012,사고 처리 진행 문의,Y,Y,Y
VOC08059,앱의 계약 내용이 맞지 않아요,증권번호 [계약번호]의 차량정보가 현재 차량과 일치하지 않습니다.,보험,계약정보,S013,계약정보 불일치,Y,Y,Y
VOC05044,기존 차량 삭제 후 신규 등록,보험 계약 차량은 변경됐는데 앱에는 이전 차량이 표시됩니다. 이전에 정상적으로 이용한 적이 있습니다.,차량,차량정보,S008,차량정보 변경,Y,Y,Y
VOC02085,계속 로그인에 실패합니다,여러 번 시도했지만 인증 후 다시 로그인 화면으로 돌아옵니다.,회원,로그인,S004,로그인 오류,Y,Y,Y
VOC04957,등록 차량 변경 요청,보험 계약 차량은 변경됐는데 앱에는 이전 차량이 표시됩니다.,차량,차량정보,S008,차량정보 변경,Y,Y,Y
VOC09595,어떤 주행이 포인트 대상인가요 빠른 확인 요청드립니다.,주행거리와 운전점수에 따라 포인트가 어떻게 산정되는지 알고 싶습니다. 관련 기준도 함께 알려주세요. 필요한 확인 항목이 있다면 안내 부탁드립니다.,포인트,적립기준,S015,포인트 적립 기준 문의,Y,Y,Y
VOC09042,등록 연락처 수정 요청,휴대전화 번호를 바꿨는데 앱 회원정보에는 이전 번호가 표시됩니다. 확인 부탁드립니다.,회원,회원정보,S014,휴대전화 번호 변경,Y,Y,Y
VOC07393,접수한 사고는 어떻게 진행되고 있나요,[접수일]에 접수한 사고의 담당자 배정 여부가 확인하고 싶습니다.,사고,처리현황,S012,사고 처리 진행 문의,Y,Y,Y
VOC09942,포인트 지급 조건 안내 요청 빠른 확인 요청드립니다.,주행거리와 운전점수에 따라 포인트가 어떻게 산정되는지 알고 싶습니다.,포인트,적립기준,S015,포인트 적립 기준 문의,Y,Y,Y
VOC04651,계약 할인 적용 상태 문의,현재 운전점수 기준으로 받을 수 있는 보험료 할인율이 궁금합니다.,보험,할인,S007,보험료 할인 적용 문의,Y,Y,Y
VOC02962,비밀번호를 재설정하고 싶습니다 확인 부탁드립니다.,비밀번호가 기억나지 않아 재설정하려고 합니다.,회원,계정관리,S005,비밀번호 재설정,Y,Y,Y
VOC05278,앱 차량정보 수정 문의,기존 차량을 삭제하고 새 차량을 등록하는 방법을 알려주세요.,차량,차량정보,S008,차량정보 변경,Y,Y,Y
VOC00543,주행 후 포인트가 없습니다,주행 조건을 충족한 것으로 보이는데 포인트가 0으로 표시됩니다.,포인트,적립,S001,주행 포인트 미적립,Y,Y,Y
VOC07778,보상 처리 단계 문의,[접수일]에 접수한 사고의 담당자 배정 여부가 궁금합니다.,사고,처리현황,S012,사고 처리 진행 문의,Y,Y,Y
VOC06949,앱 실행 중 오류가 발생합니다,앱을 열면 흰 화면만 보이고 아무 기능도 사용할 수 없습니다.,앱,오류,S011,앱 실행 오류,Y,Y,Y
VOC09789,주행 포인트 산정 방법 문의,주행거리와 운전점수에 따라 포인트가 어떻게 산정되는지 알고 싶습니다. 현재 화면에서 직접 수정할 수 없습니다.,포인트,적립기준,S015,포인트 적립 기준 문의,Y,Y,Y
VOC08149,보험 계약자 정보 오류 앱에서 확인이 어려워 문의드립니다.,증권번호 [계약번호]의 차량정보가 현재 차량과 일치하지 않습니다. 현재 화면에서 직접 수정할 수 없습니다.,보험,계약정보,S013,계약정보 불일치,Y,Y,Y
VOC06771,앱 화면이 멈춥니다 앱에서 확인이 어려워 문의드립니다.,특정 메뉴에 들어가면 화면이 멈추는 현상이 반복됩니다.,앱,오류,S011,앱 실행 오류,Y,Y,Y
VOC03601,운전한 내역이 앱에 없습니다,[접수일]에 [주행구간] 구간을 운전했는데 앱에서 기록이 보이지 않습니다.,주행,주행기록,S006,주행기록 미반영,Y,Y,Y
VOC06544,사용하지 않은 포인트가 차감됐어요,결제를 취소했는데 차감된 포인트가 복구되지 않았습니다. 앱에서 확인이 어려워 문의드립니다.,포인트,차감,S010,포인트 오차감,Y,Y,Y
VOC05814,더 이상 서비스를 이용하지 않습니다 관련 기준도 함께 알려주세요.,회원 탈퇴 시 남은 포인트와 주행기록이 어떻게 처리되는지 확인하고 싶습니다.,회원,계정관리,S009,회원 탈퇴,Y,Y,Y
VOC03630,주행 데이터가 반영되지 않았어요,주행 종료 후에도 거리와 시간이 0으로 표시됩니다. 현재 화면에서 직접 수정할 수 없습니다.,주행,주행기록,S006,주행기록 미반영,Y,Y,Y
VOC03380,주행기록이 보이지 않습니다 앱에서 확인이 어려워 문의드립니다.,운전을 완료했지만 최근 주행 목록에 추가되지 않았습니다.,주행,주행기록,S006,주행기록 미반영,Y,Y,Y
VOC07376,보상 처리 단계 문의 관련 기준도 함께 알려주세요.,사고 접수 이후 진행 상황 안내를 받지 못했습니다.,사고,처리현황,S012,사고 처리 진행 문의,Y,Y,Y
VOC08843,회원정보의 전화번호가 다릅니다,번호 변경 후 로그인 인증 문자가 이전 번호로 발송됩니다. 필요한 확인 항목이 있다면 안내 부탁드립니다.,회원,회원정보,S014,휴대전화 번호 변경,Y,Y,Y
VOC05647,가입 정보 삭제 요청,본인 인증 후 탈퇴가 완료되지 않아 확인 부탁드립니다.,회원,계정관리,S009,회원 탈퇴,Y,Y,Y
VOC01442,포인트 사용 가능 서비스 문의,적립된 포인트의 사용처와 사용 절차를 안내 부탁드립니다.,포인트,사용,S003,포인트 사용처 문의,Y,Y,Y
VOC02140,앱 로그인이 되지 않습니다,여러 번 시도했지만 인증 후 다시 로그인 화면으로 돌아옵니다.,회원,로그인,S004,로그인 오류,Y,Y,Y
VOC06500,포인트 잔액 오류,포인트 내역에 알 수 없는 차감 기록이 있습니다. 필요한 확인 항목이 있다면 안내 부탁드립니다.,포인트,차감,S010,포인트 오차감,Y,Y,Y
VOC07649,사고 처리 진행 상황 문의,사건번호 [사고접수번호]와 관련해 현재 처리 단계를 확인하고 싶습니다. 관련 기준도 함께 알려주세요.,사고,처리현황,S012,사고 처리 진행 문의,Y,Y,Y
VOC02074,아이디 입력 후 접속 오류,아이디와 비밀번호를 입력해도 로그인 오류가 발생합니다.,회원,로그인,S004,로그인 오류,Y,Y,Y
VOC05950,앱 회원 탈퇴 방법 문의,계정과 저장된 개인정보를 삭제하는 절차를 안내 부탁드립니다.,회원,계정관리,S009,회원 탈퇴,Y,Y,Y
VOC08759,등록 연락처 수정 요청 관련 기준도 함께 알려주세요.,등록된 연락처가 실제 사용하는 번호와 달라 수정 요청드립니다. 앱을 다시 실행해도 같은 상태입니다.,회원,회원정보,S014,휴대전화 번호 변경,Y,Y,Y
VOC09120,등록 연락처 수정 요청,휴대전화 번호를 바꿨는데 앱 회원정보에는 이전 번호가 표시됩니다. 필요한 확인 항목이 있다면 안내 부탁드립니다.,회원,회원정보,S014,휴대전화 번호 변경,Y,Y,Y
VOC08887,새 번호로 인증받고 싶어요,번호 변경 후 로그인 인증 문자가 이전 번호로 발송됩니다.,회원,회원정보,S014,휴대전화 번호 변경,Y,Y,Y
VOC00661,포인트가 누락된 것 같습니다,주행 조건을 충족한 것으로 보이는데 포인트가 0으로 표시됩니다. 확인 부탁드립니다.,포인트,적립,S001,주행 포인트 미적립,Y,Y,Y
VOC09348,어떤 주행이 포인트 대상인가요,포인트를 받기 위한 최소 주행 조건이 궁금합니다. 확인 부탁드립니다.,포인트,적립기준,S015,포인트 적립 기준 문의,Y,Y,Y
VOC05901,앱 회원 탈퇴 방법 문의 확인 부탁드립니다.,계정과 저장된 개인정보를 삭제하는 절차를 확인 부탁드립니다.,회원,계정관리,S009,회원 탈퇴,Y,Y,Y
VOC01376,포인트 사용처가 궁금합니다,포인트 사용 가능한 서비스와 제한 조건이 궁금합니다.,포인트,사용,S003,포인트 사용처 문의,Y,Y,Y
VOC00265,포인트가 누락된 것 같습니다,[주행일]에 주행을 완료했는데 포인트가 아직 적립되지 않았습니다. 확인 부탁드립니다.,포인트,적립,S001,주행 포인트 미적립,Y,Y,Y
VOC00192,운전했는데 포인트가 안 들어왔어요 확인 부탁드립니다.,주행 조건을 충족한 것으로 보이는데 포인트가 0으로 표시됩니다.,포인트,적립,S001,주행 포인트 미적립,Y,Y,Y
VOC00189,주행 포인트 미적립 문의,[출발지]-[도착지] 구간을 운전했는데 적립 내역이 확인되지 않습니다.,포인트,적립,S001,주행 포인트 미적립,Y,Y,Y
VOC02108,계정 접속이 불가능합니다 빠른 확인 요청드립니다.,[오류코드] 메시지가 표시되면서 앱에 접속할 수 없습니다.,회원,로그인,S004,로그인 오류,Y,Y,Y
VOC05505,회원 탈퇴를 요청합니다,앱에서 탈퇴 메뉴를 찾을 수 없어 문의드립니다.,회원,계정관리,S009,회원 탈퇴,Y,Y,Y
VOC06120,포인트가 갑자기 줄었습니다 확인 부탁드립니다.,포인트 내역에 알 수 없는 차감 기록이 있습니다.,포인트,차감,S010,포인트 오차감,Y,Y,Y
VOC01649,포인트를 사용할 수 있는 곳,포인트 사용 가능한 서비스와 제한 조건이 궁금합니다. 이전에 정상적으로 이용한 적이 있습니다.,포인트,사용,S003,포인트 사용처 문의,Y,Y,Y
VOC02785,비밀번호를 재설정하고 싶습니다,새 비밀번호를 입력했지만 변경이 완료되지 않습니다.,회원,계정관리,S005,비밀번호 재설정,Y,Y,Y
VOC09075,새 번호로 인증받고 싶어요,등록된 연락처가 실제 사용하는 번호와 달라 수정 요청드립니다.,회원,회원정보,S014,휴대전화 번호 변경,Y,Y,Y
VOC07425,보상 처리 단계 문의,제출한 서류가 정상적으로 접수됐는지 알고 싶습니다. 처리 방법을 안내해주세요.,사고,처리현황,S012,사고 처리 진행 문의,Y,Y,Y
VOC09053,회원정보의 전화번호가 다릅니다,등록된 연락처가 실제 사용하는 번호와 달라 수정 요청드립니다. 빠른 확인 요청드립니다. 이전에 정상적으로 이용한 적이 있습니다.,회원,회원정보,S014,휴대전화 번호 변경,Y,Y,Y
VOC00386,주행 포인트 미적립 문의,지난 주행 건에 대한 포인트를 받지 못했습니다. 확인 부탁드립니다.,포인트,적립,S001,주행 포인트 미적립,Y,Y,Y
VOC03457,앱에서 운전 기록 확인 불가,주행 종료 후에도 거리와 시간이 0으로 표시됩니다. 이전에 정상적으로 이용한 적이 있습니다.,주행,주행기록,S006,주행기록 미반영,Y,Y,Y
VOC06591,잘못 차감된 포인트 문의 관련 기준도 함께 알려주세요.,포인트 사용 이력과 실제 잔액이 맞지 않습니다. 이전에 정상적으로 이용한 적이 있습니다.,포인트,차감,S010,포인트 오차감,Y,Y,Y
VOC07650,사건번호 처리 상태 확인,사건번호 [사고접수번호]와 관련해 현재 처리 단계를 확인하고 싶습니다.,사고,처리현황,S012,사고 처리 진행 문의,Y,Y,Y
VOC07755,사건번호 처리 상태 확인,제출한 서류가 정상적으로 접수됐는지 알고 싶습니다.,사고,처리현황,S012,사고 처리 진행 문의,Y,Y,Y
VOC06780,앱 실행 중 오류가 발생합니다,업데이트 이후 첫 화면에서 멈추고 다음으로 넘어가지 않습니다. 앱을 다시 실행해도 같은 상태입니다.,앱,오류,S011,앱 실행 오류,Y,Y,Y
VOC03964,주행기록이 보이지 않습니다,주행 종료 후에도 거리와 시간이 0으로 표시됩니다. 동일 현상이 반복되고 있습니다.,주행,주행기록,S006,주행기록 미반영,Y,Y,Y
VOC00939,포인트 반영이 늦어지고 있습니다,오늘 주행을 마쳤는데 포인트가 아직 반영되지 않았습니다. 보통 얼마나 걸리나요?,포인트,적립,S002,주행 포인트 적립 지연,Y,Y,Y
VOC02067,앱 로그인이 되지 않습니다,로그인 버튼을 눌러도 화면이 그대로입니다.,회원,로그인,S004,로그인 오류,Y,Y,Y
VOC08712,등록 연락처 수정 요청,기존 번호 [전화번호]에서 새 번호 [새전화번호]로 변경하고 싶습니다.,회원,회원정보,S014,휴대전화 번호 변경,Y,Y,Y
VOC02484,계속 로그인에 실패합니다 관련 기준도 함께 알려주세요.,로그인 버튼을 눌러도 화면이 그대로입니다. 동일 현상이 반복되고 있습니다.,회원,로그인,S004,로그인 오류,Y,Y,Y
VOC06823,앱 화면이 멈춥니다 빠른 확인 요청드립니다.,재설치 후에도 동일하게 앱이 강제 종료됩니다.,앱,오류,S011,앱 실행 오류,Y,Y,Y
VOC04687,기존 차량 삭제 후 신규 등록,차량번호 변경 후 주행 서비스 연결 방법을 문의드립니다. 빠른 확인 요청드립니다.,차량,차량정보,S008,차량정보 변경,Y,Y,Y
VOC03658,주행 데이터가 반영되지 않았어요,주행 종료 후에도 거리와 시간이 0으로 표시됩니다.,주행,주행기록,S006,주행기록 미반영,Y,Y,Y
VOC09079,회원정보의 전화번호가 다릅니다,휴대전화 번호를 바꿨는데 앱 회원정보에는 이전 번호가 표시됩니다. 앱에서 확인이 어려워 문의드립니다.,회원,회원정보,S014,휴대전화 번호 변경,Y,Y,Y
VOC01358,포인트 사용처가 궁금합니다 관련 기준도 함께 알려주세요.,포인트 사용 가능한 서비스와 제한 조건이 궁금합니다.,포인트,사용,S003,포인트 사용처 문의,Y,Y,Y
VOC01074,주행 포인트는 언제 들어오나요 앱에서 확인이 어려워 문의드립니다.,방금 운전한 기록은 보이는데 포인트는 처리 중으로 표시됩니다.,포인트,적립,S002,주행 포인트 적립 지연,Y,Y,Y
VOC01275,포인트 반영이 늦어지고 있습니다,[주행종료시간]에 주행을 종료했습니다. 포인트 반영 예정 시간을 알고 싶습니다.,포인트,적립,S002,주행 포인트 적립 지연,Y,Y,Y
VOC08244,증권 정보 수정 문의 처리 방법을 안내해주세요.,계약 기간과 보험료 정보가 가입 당시 안내와 다르게 표시됩니다.,보험,계약정보,S013,계약정보 불일치,Y,Y,Y
VOC05833,더 이상 서비스를 이용하지 않습니다 처리 방법을 안내해주세요.,더 이상 서비스를 이용하지 않아 회원 탈퇴를 진행하고 싶습니다.,회원,계정관리,S009,회원 탈퇴,Y,Y,Y
VOC07550,접수한 사고는 어떻게 진행되고 있나요,사건번호 [사고접수번호]와 관련해 현재 처리 단계를 확인하고 싶습니다.,사고,처리현황,S012,사고 처리 진행 문의,Y,Y,Y
VOC00413,포인트가 누락된 것 같습니다,[출발지]에서 [도착지]까지 구간을 운전했는데 적립 내역이 확인되지 않습니다. 이전에 정상적으로 이용한 적이 있습니다.,포인트,적립,S001,주행 포인트 미적립,Y,Y,Y
VOC08909,휴대전화 번호를 변경하고 싶습니다 앱에서 확인이 어려워 문의드립니다.,새 번호로 본인 인증을 진행하는 방법을 안내 부탁드립니다. 관련 기준도 함께 알려주세요.,회원,회원정보,S014,휴대전화 번호 변경,Y,Y,Y
VOC04595,보험료 할인 혜택이 궁금합니다,현재 운전점수 기준으로 받을 수 있는 보험료 할인율이 궁금합니다.,보험,할인,S007,보험료 할인 적용 문의,Y,Y,Y
VOC00512,주행 포인트가 적립되지 않았습니다,지난 주행 건에 대한 포인트를 받지 못했습니다. 확인 부탁드립니다.,포인트,적립,S001,주행 포인트 미적립,Y,Y,Y
VOC04569,보험료 할인이 반영됐나요 관련 기준도 함께 알려주세요.,안전운전 점수와 보험료 할인 적용 기준을 안내해주세요.,보험,할인,S007,보험료 할인 적용 문의,Y,Y,Y
VOC01038,포인트 적립 처리 중 문의 확인 부탁드립니다.,방금 운전한 기록은 보이는데 포인트는 처리 중으로 표시됩니다. 관련 기준도 함께 알려주세요. 현재 화면에서 직접 수정할 수 없습니다.,포인트,적립,S002,주행 포인트 적립 지연,Y,Y,Y
VOC06172,포인트 잔액 오류,포인트 사용 이력과 실제 잔액이 맞지 않습니다. 현재 화면에서 직접 수정할 수 없습니다.,포인트,차감,S010,포인트 오차감,Y,Y,Y
VOC02895,비밀번호가 기억나지 않아요,본인 인증 후 비밀번호 재설정 화면으로 이동하지 않습니다. 관련 기준도 함께 알려주세요.,회원,계정관리,S005,비밀번호 재설정,Y,Y,Y
VOC04189,계약 할인 적용 상태 문의 빠른 확인 요청드립니다.,갱신 계약에 주행분석 할인 혜택이 반영되는지 문의드립니다.,보험,할인,S007,보험료 할인 적용 문의,Y,Y,Y
VOC01634,포인트를 사용할 수 있는 곳 확인 부탁드립니다.,현재 보유한 포인트를 어디에서 사용할 수 있는지 알려주세요. 확인 부탁드립니다. 동일 현상이 반복되고 있습니다.,포인트,사용,S003,포인트 사용처 문의,Y,Y,Y
VOC08408,앱의 계약 내용이 맞지 않아요,갱신한 계약이 앱에서 이전 계약으로 보입니다.,보험,계약정보,S013,계약정보 불일치,Y,Y,Y
VOC02475,계정 접속이 불가능합니다,여러 번 시도했지만 인증 후 다시 로그인 화면으로 돌아옵니다. 앱을 다시 실행해도 같은 상태입니다.,회원,로그인,S004,로그인 오류,Y,Y,Y
VOC08093,보험 계약자 정보 오류,앱에 표시된 계약자명이 [이름]으로 되어 있는데 실제 정보와 다릅니다. 필요한 확인 항목이 있다면 안내 부탁드립니다.,보험,계약정보,S013,계약정보 불일치,Y,Y,Y
VOC06331,사용하지 않은 포인트가 차감됐어요,포인트 사용 이력과 실제 잔액이 맞지 않습니다. 동일 현상이 반복되고 있습니다.,포인트,차감,S010,포인트 오차감,Y,Y,Y
VOC09236,회원정보의 전화번호가 다릅니다,등록된 연락처가 실제 사용하는 번호와 달라 수정 요청드립니다.,회원,회원정보,S014,휴대전화 번호 변경,Y,Y,Y
VOC09757,어떤 주행이 포인트 대상인가요,급가속이나 급감속 기록이 포인트 적립에 영향을 주나요?,포인트,적립기준,S015,포인트 적립 기준 문의,Y,Y,Y
VOC02038,계속 로그인에 실패합니다 관련 기준도 함께 알려주세요.,아이디와 비밀번호를 입력해도 로그인 오류가 발생합니다.,회원,로그인,S004,로그인 오류,Y,Y,Y
VOC07673,사건번호 처리 상태 확인,제출한 서류가 정상적으로 접수됐는지 알고 싶습니다.,사고,처리현황,S012,사고 처리 진행 문의,Y,Y,Y
VOC03248,비밀번호 찾기 인증 오류,새 비밀번호를 입력했지만 변경이 완료되지 않습니다.,회원,계정관리,S005,비밀번호 재설정,Y,Y,Y
VOC02144,계정 접속이 불가능합니다 관련 기준도 함께 알려주세요.,여러 번 시도했지만 인증 후 다시 로그인 화면으로 돌아옵니다.,회원,로그인,S004,로그인 오류,Y,Y,Y
VOC07946,사건번호 처리 상태 확인 빠른 확인 요청드립니다.,제출한 서류가 정상적으로 접수됐는지 알고 싶습니다.,사고,처리현황,S012,사고 처리 진행 문의,Y,Y,Y
VOC01681,보유 포인트 사용 방법,보험료 결제 외에도 포인트를 사용할 수 있는 곳이 있나요? 빠른 확인 요청드립니다.,포인트,사용,S003,포인트 사용처 문의,Y,Y,Y
VOC01889,보유 포인트 사용 방법,포인트 사용 가능한 서비스와 제한 조건이 궁금합니다.,포인트,사용,S003,포인트 사용처 문의,Y,Y,Y
VOC00391,주행 포인트가 적립되지 않았습니다,운전 기록은 정상적으로 보이지만 포인트가 들어오지 않았습니다. 확인 부탁드립니다. 필요한 확인 항목이 있다면 안내 부탁드립니다.,포인트,적립,S001,주행 포인트 미적립,Y,Y,Y
VOC08504,증권 정보 수정 문의,보험 계약 정보 중 일부 항목이 잘못되어 수정 요청드립니다.,보험,계약정보,S013,계약정보 불일치,Y,Y,Y
VOC09414,포인트 적립 기준이 궁금합니다,포인트 지급 대상과 제외 조건을 자세히 안내해주세요. 빠른 확인 요청드립니다.,포인트,적립기준,S015,포인트 적립 기준 문의,Y,Y,Y
VOC07843,접수한 사고는 어떻게 진행되고 있나요,제출한 서류가 정상적으로 접수됐는지 알고 싶습니다.,사고,처리현황,S012,사고 처리 진행 문의,Y,Y,Y
VOC03367,앱에서 운전 기록 확인 불가,해당 시간대의 운전 내역이 누락되어 확인 요청드립니다. 이전에 정상적으로 이용한 적이 있습니다.,주행,주행기록,S006,주행기록 미반영,Y,Y,Y
VOC00348,운전했는데 포인트가 안 들어왔어요 처리 방법을 안내해주세요.,주행 조건을 충족한 것으로 보이는데 포인트가 0으로 표시됩니다.,포인트,적립,S001,주행 포인트 미적립,Y,Y,Y
VOC03638,최근 주행기록 누락 문의,차량은 정상적으로 운행했는데 주행 데이터가 수집되지 않은 것 같습니다. 앱에서 확인이 어려워 문의드립니다.,주행,주행기록,S006,주행기록 미반영,Y,Y,Y
VOC05845,회원 탈퇴를 요청합니다,회원 탈퇴 시 남은 포인트와 주행기록이 어떻게 처리되는지 궁금합니다.,회원,계정관리,S009,회원 탈퇴,Y,Y,Y
VOC08747,등록 연락처 수정 요청,휴대전화 번호를 바꿨는데 앱 회원정보에는 이전 번호가 표시됩니다. 앱에서 확인이 어려워 문의드립니다.,회원,회원정보,S014,휴대전화 번호 변경,Y,Y,Y
VOC09605,어떤 주행이 포인트 대상인가요,주행거리와 운전점수에 따라 포인트가 어떻게 산정되는지 알고 싶습니다.,포인트,적립기준,S015,포인트 적립 기준 문의,Y,Y,Y
VOC07813,보상 처리 단계 문의,보상 심사가 어느 단계까지 진행됐는지 확인 부탁드립니다. 이전에 정상적으로 이용한 적이 있습니다.,사고,처리현황,S012,사고 처리 진행 문의,Y,Y,Y
VOC08582,계약정보가 다르게 표시됩니다,계약 기간과 보험료 정보가 가입 당시 안내와 다르게 표시됩니다. 앱에서 확인이 어려워 문의드립니다.,보험,계약정보,S013,계약정보 불일치,Y,Y,Y
VOC07301,앱 실행 중 오류가 발생합니다,재설치 후에도 동일하게 앱이 강제 종료됩니다. 앱을 다시 실행해도 같은 상태입니다.,앱,오류,S011,앱 실행 오류,Y,Y,Y
VOC06076,잘못 차감된 포인트 문의,포인트 사용 이력과 실제 잔액이 맞지 않습니다. 처리 방법을 안내해주세요.,포인트,차감,S010,포인트 오차감,Y,Y,Y
VOC05572,회원 탈퇴를 요청합니다,본인 인증 후 탈퇴가 완료되지 않아 확인 부탁드립니다. 앱에서 확인이 어려워 문의드립니다.,회원,계정관리,S009,회원 탈퇴,Y,Y,Y
VOC01739,보유 포인트 사용 방법,적립된 포인트의 사용처와 사용 절차를 안내 부탁드립니다.,포인트,사용,S003,포인트 사용처 문의,Y,Y,Y
VOC01781,포인트 사용처가 궁금합니다,포인트 사용 가능한 서비스와 제한 조건이 궁금합니다. 확인 부탁드립니다.,포인트,사용,S003,포인트 사용처 문의,Y,Y,Y
VOC01820,포인트 사용처가 궁금합니다,앱에 [포인트수량] 포인트가 있는데 사용 가능한 항목을 확인하고 싶습니다.,포인트,사용,S003,포인트 사용처 문의,Y,Y,Y
VOC09194,등록 연락처 수정 요청,등록된 연락처가 실제 사용하는 번호와 달라 수정 요청드립니다.,회원,회원정보,S014,휴대전화 번호 변경,Y,Y,Y
VOC02875,새 비밀번호 등록 문의,비밀번호가 기억나지 않아 재설정하려고 합니다.,회원,계정관리,S005,비밀번호 재설정,Y,Y,Y
VOC04947,새 차량으로 바꾸고 싶어요,보험 계약 차량은 변경됐는데 앱에는 이전 차량이 표시됩니다. 관련 기준도 함께 알려주세요. 동일 현상이 반복되고 있습니다.,차량,차량정보,S008,차량정보 변경,Y,Y,Y
VOC01763,적립 포인트는 어디서 쓰나요 처리 방법을 안내해주세요.,적립된 포인트의 사용처와 사용 절차를 안내 부탁드립니다.,포인트,사용,S003,포인트 사용처 문의,Y,Y,Y
VOC01489,보유 포인트 사용 방법,적립된 포인트의 사용처와 사용 절차를 안내 부탁드립니다.,포인트,사용,S003,포인트 사용처 문의,Y,Y,Y
VOC01152,포인트가 아직 처리되지 않았어요,[주행종료시간]에 주행을 종료했습니다. 포인트 반영 예정 시간을 알고 싶습니다. 관련 기준도 함께 알려주세요.,포인트,적립,S002,주행 포인트 적립 지연,Y,Y,Y
VOC06714,업데이트 후 앱이 열리지 않아요,특정 메뉴에 들어가면 화면이 멈추는 현상이 반복됩니다.,앱,오류,S011,앱 실행 오류,Y,Y,Y
VOC08705,휴대전화 번호를 변경하고 싶습니다,등록된 연락처가 실제 사용하는 번호와 달라 수정 요청드립니다. 동일 현상이 반복되고 있습니다.,회원,회원정보,S014,휴대전화 번호 변경,Y,Y,Y
VOC07441,사고 처리 진행 상황 문의,보상 심사가 어느 단계까지 진행됐는지 확인 부탁드립니다.,사고,처리현황,S012,사고 처리 진행 문의,Y,Y,Y
VOC02679,비밀번호 찾기 인증 오류 처리 방법을 안내해주세요.,새 비밀번호를 입력했지만 변경이 완료되지 않습니다.,회원,계정관리,S005,비밀번호 재설정,Y,Y,Y
VOC00983,포인트 반영이 늦어지고 있습니다,오늘 주행을 마쳤는데 포인트가 아직 반영되지 않았습니다. 보통 얼마나 걸리나요? 이전에 정상적으로 이용한 적이 있습니다.,포인트,적립,S002,주행 포인트 적립 지연,Y,Y,Y
VOC05957,가입 정보 삭제 요청,앱에서 탈퇴 메뉴를 찾을 수 없어 문의드립니다.,회원,계정관리,S009,회원 탈퇴,Y,Y,Y
VOC06665,포인트 차감 내역이 이상합니다,결제를 취소했는데 차감된 포인트가 복구되지 않았습니다.,포인트,차감,S010,포인트 오차감,Y,Y,Y
VOC01087,운전 후 포인트 반영 시간 문의,방금 운전한 기록은 보이는데 포인트는 처리 중으로 표시됩니다.,포인트,적립,S002,주행 포인트 적립 지연,Y,Y,Y
VOC06403,포인트 차감 내역이 이상합니다,포인트 내역에 알 수 없는 차감 기록이 있습니다. 앱을 다시 실행해도 같은 상태입니다.,포인트,차감,S010,포인트 오차감,Y,Y,Y
VOC06725,업데이트 후 앱이 열리지 않아요,업데이트 이후 첫 화면에서 멈추고 다음으로 넘어가지 않습니다. 이전에 정상적으로 이용한 적이 있습니다.,앱,오류,S011,앱 실행 오류,Y,Y,Y
VOC00307,운전했는데 포인트가 안 들어왔어요,[접수일]에 주행을 완료했는데 포인트가 아직 적립되지 않았습니다.,포인트,적립,S001,주행 포인트 미적립,Y,Y,Y
VOC02172,아이디 입력 후 접속 오류,기존에 사용하던 계정으로 접속되지 않아 확인 요청드립니다.,회원,로그인,S004,로그인 오류,Y,Y,Y
VOC08469,계약정보가 다르게 표시됩니다,증권번호 [계약번호]의 차량정보가 현재 차량과 일치하지 않습니다.,보험,계약정보,S013,계약정보 불일치,Y,Y,Y
VOC04411,보험료 할인이 반영됐나요 처리 방법을 안내해주세요.,현재 운전점수 기준으로 받을 수 있는 보험료 할인율이 궁금합니다. 동일 현상이 반복되고 있습니다.,보험,할인,S007,보험료 할인 적용 문의,Y,Y,Y
VOC01847,포인트 사용 가능 서비스 문의,포인트 사용 가능한 서비스와 제한 조건이 궁금합니다.,포인트,사용,S003,포인트 사용처 문의,Y,Y,Y
VOC06165,포인트 차감 내역이 이상합니다,사용한 적이 없는데 [금액] 포인트가 차감된 것으로 표시됩니다. 빠른 확인 요청드립니다.,포인트,차감,S010,포인트 오차감,Y,Y,Y
VOC09993,포인트 적립 기준이 안내받고 싶습니다 앱에서 확인이 어려워 문의드립니다.,급가속이나 급감속 기록이 포인트 적립에 영향을 주나요?,포인트,적립기준,S015,포인트 적립 기준 문의,Y,Y,Y
VOC00284,주행 포인트가 적립되지 않았습니다 관련 기준도 함께 알려주세요.,지난 주행 건에 대한 포인트를 받지 못했습니다. 확인 부탁드립니다.,포인트,적립,S001,주행 포인트 미적립,Y,Y,Y
VOC03570,최근 주행기록 누락 문의,해당 시간대의 운전 내역이 누락되어 확인 요청드립니다. 처리 방법을 안내해주세요.,주행,주행기록,S006,주행기록 미반영,Y,Y,Y
VOC05159,앱 차량정보 수정 문의,보험 계약 차량은 변경됐는데 앱에는 이전 차량이 표시됩니다.,차량,차량정보,S008,차량정보 변경,Y,Y,Y
VOC01457,포인트 사용 가능 서비스 문의 빠른 확인 요청드립니다.,적립된 포인트의 사용처와 사용 절차를 안내 부탁드립니다. 처리 방법을 안내해주세요.,포인트,사용,S003,포인트 사용처 문의,Y,Y,Y
VOC07054,앱 실행 중 오류가 발생합니다 확인 부탁드립니다.,재설치 후에도 동일하게 앱이 강제 종료됩니다. 처리 방법을 안내해주세요. 앱을 다시 실행해도 같은 상태입니다.,앱,오류,S011,앱 실행 오류,Y,Y,Y
VOC07774,보상 처리 단계 문의,사고 접수 이후 진행 상황 안내를 받지 못했습니다.,사고,처리현황,S012,사고 처리 진행 문의,Y,Y,Y
VOC02832,비밀번호를 재설정하고 싶습니다,새 비밀번호를 입력했지만 변경이 완료되지 않습니다. 처리 방법을 안내해주세요.,회원,계정관리,S005,비밀번호 재설정,Y,Y,Y
VOC04778,새 차량으로 바꾸고 싶어요,차량을 교체해서 앱의 등록 정보를 수정하고 싶습니다. 빠른 확인 요청드립니다.,차량,차량정보,S008,차량정보 변경,Y,Y,Y
VOC03082,새 비밀번호 등록 문의,비밀번호 변경 절차와 조건을 안내해주세요. 처리 방법을 안내해주세요.,회원,계정관리,S005,비밀번호 재설정,Y,Y,Y
VOC00497,포인트가 누락된 것 같습니다 빠른 확인 요청드립니다.,[주행구간] 구간을 운전했는데 적립 내역이 확인되지 않습니다.,포인트,적립,S001,주행 포인트 미적립,Y,Y,Y
VOC08539,앱의 계약 내용이 맞지 않아요,증권번호 [증권번호]의 차량정보가 현재 차량과 일치하지 않습니다. 현재 화면에서 직접 수정할 수 없습니다.,보험,계약정보,S013,계약정보 불일치,Y,Y,Y
VOC02581,아이디 입력 후 접속 오류,아이디와 비밀번호를 입력해도 로그인 오류가 발생합니다.,회원,로그인,S004,로그인 오류,Y,Y,Y
VOC07240,앱 실행 중 오류가 발생합니다,앱을 열면 흰 화면만 보이고 아무 기능도 사용할 수 없습니다.,앱,오류,S011,앱 실행 오류,Y,Y,Y
VOC03886,최근 주행기록 누락 문의,해당 시간대의 운전 내역이 누락되어 확인 요청드립니다.,주행,주행기록,S006,주행기록 미반영,Y,Y,Y
VOC05366,회원 탈퇴를 요청합니다,계정과 저장된 개인정보를 삭제하는 절차를 알려주세요.,회원,계정관리,S009,회원 탈퇴,Y,Y,Y
VOC00648,포인트가 누락된 것 같습니다 관련 기준도 함께 알려주세요.,운전 기록은 정상적으로 보이지만 포인트가 들어오지 않았습니다.,포인트,적립,S001,주행 포인트 미적립,Y,Y,Y
VOC03420,최근 주행기록 누락 문의,차량은 정상적으로 운행했는데 주행 데이터가 수집되지 않은 것 같습니다.,주행,주행기록,S006,주행기록 미반영,Y,Y,Y
VOC08147,앱의 계약 내용이 맞지 않아요,계약 기간과 보험료 정보가 가입 당시 안내와 다르게 표시됩니다.,보험,계약정보,S013,계약정보 불일치,Y,Y,Y
VOC08657,보험 계약자 정보 오류,앱에 표시된 계약자명이 [이름]으로 되어 있는데 실제 정보와 다릅니다. 동일 현상이 반복되고 있습니다.,보험,계약정보,S013,계약정보 불일치,Y,Y,Y
VOC09212,새 번호로 인증받고 싶어요,휴대전화 번호를 바꿨는데 앱 회원정보에는 이전 번호가 표시됩니다.,회원,회원정보,S014,휴대전화 번호 변경,Y,Y,Y
VOC08150,계약정보가 다르게 표시됩니다 처리 방법을 안내해주세요.,보험 계약 정보 중 일부 항목이 잘못되어 수정 요청드립니다. 이전에 정상적으로 이용한 적이 있습니다.,보험,계약정보,S013,계약정보 불일치,Y,Y,Y
VOC02303,아이디 입력 후 접속 오류,로그인 버튼을 눌러도 화면이 그대로입니다.,회원,로그인,S004,로그인 오류,Y,Y,Y
VOC09874,운전점수와 포인트 관계,짧은 거리 주행도 포인트 적립 대상인지 문의드립니다.,포인트,적립기준,S015,포인트 적립 기준 문의,Y,Y,Y
VOC08696,휴대전화 번호를 변경하고 싶습니다,등록된 연락처가 실제 사용하는 번호와 달라 수정 요청드립니다. 필요한 확인 항목이 있다면 안내 부탁드립니다.,회원,회원정보,S014,휴대전화 번호 변경,Y,Y,Y
VOC07140,앱 화면이 멈춥니다,특정 메뉴에 들어가면 화면이 멈추는 현상이 반복됩니다. 현재 화면에서 직접 수정할 수 없습니다.,앱,오류,S011,앱 실행 오류,Y,Y,Y
VOC03799,주행기록이 보이지 않습니다 앱에서 확인이 어려워 문의드립니다.,주행 종료 후에도 거리와 시간이 0으로 표시됩니다.,주행,주행기록,S006,주행기록 미반영,Y,Y,Y
VOC08544,보험 계약자 정보 오류,증권번호 [계약번호]의 차량정보가 현재 차량과 일치하지 않습니다.,보험,계약정보,S013,계약정보 불일치,Y,Y,Y
VOC09106,휴대전화 번호를 변경하고 싶습니다,기존 번호 [전화번호]에서 새 번호 [새전화번호]로 변경하고 싶습니다. 관련 기준도 함께 알려주세요.,회원,회원정보,S014,휴대전화 번호 변경,Y,Y,Y
VOC04917,앱 차량정보 수정 문의,보험 계약 차량은 변경됐는데 앱에는 이전 차량이 표시됩니다.,차량,차량정보,S008,차량정보 변경,Y,Y,Y
VOC08935,회원정보의 전화번호가 다릅니다,등록된 연락처가 실제 사용하는 번호와 달라 수정 요청드립니다. 앱에서 확인이 어려워 문의드립니다.,회원,회원정보,S014,휴대전화 번호 변경,Y,Y,Y
VOC05537,서비스 계정을 삭제하고 싶어요,더 이상 서비스를 이용하지 않아 회원 탈퇴를 진행하고 싶습니다.,회원,계정관리,S009,회원 탈퇴,Y,Y,Y
VOC01618,보유 포인트 사용 방법,앱에 [차감금액] 포인트가 있는데 사용 가능한 항목을 확인하고 싶습니다.,포인트,사용,S003,포인트 사용처 문의,Y,Y,Y
VOC03110,비밀번호 찾기 인증 오류,비밀번호가 기억나지 않아 재설정하려고 합니다.,회원,계정관리,S005,비밀번호 재설정,Y,Y,Y
VOC00397,주행 후 포인트가 없습니다 처리 방법을 안내해주세요.,주행 조건을 충족한 것으로 보이는데 포인트가 0으로 표시됩니다. 처리 방법을 안내해주세요.,포인트,적립,S001,주행 포인트 미적립,Y,Y,Y
VOC09271,새 번호로 인증받고 싶어요,번호 변경 후 로그인 인증 문자가 이전 번호로 발송됩니다.,회원,회원정보,S014,휴대전화 번호 변경,Y,Y,Y
VOC08688,등록 연락처 수정 요청,휴대전화 번호를 바꿨는데 앱 회원정보에는 이전 번호가 표시됩니다. 확인 부탁드립니다.,회원,회원정보,S014,휴대전화 번호 변경,Y,Y,Y
VOC09972,어떤 주행이 포인트 대상인가요,짧은 거리 주행도 포인트 적립 대상인지 문의드립니다.,포인트,적립기준,S015,포인트 적립 기준 문의,Y,Y,Y
VOC04016,주행점수 할인 확인 요청 확인 부탁드립니다.,갱신 계약에 주행분석 할인 혜택이 반영되는지 문의드립니다. 앱에서 확인이 어려워 문의드립니다.,보험,할인,S007,보험료 할인 적용 문의,Y,Y,Y
VOC02159,계속 로그인에 실패합니다,기존에 사용하던 계정으로 접속되지 않아 문의드립니다. 앱을 다시 실행해도 같은 상태입니다.,회원,로그인,S004,로그인 오류,Y,Y,Y
VOC06377,사용하지 않은 포인트가 차감됐어요,사용한 적이 없는데 [금액] 포인트가 차감된 것으로 표시됩니다. 빠른 확인 요청드립니다.,포인트,차감,S010,포인트 오차감,Y,Y,Y
VOC00606,주행 포인트 미적립 문의,[출발지]-[도착지] 구간을 운전했는데 적립 내역이 확인정상적으로 처리되지 않습니다.,포인트,적립,S001,주행 포인트 미적립,Y,Y,Y
VOC03242,비밀번호를 재설정하고 싶습니다,새 비밀번호를 입력했지만 변경이 완료되지 않습니다.,회원,계정관리,S005,비밀번호 재설정,Y,Y,Y
VOC00590,주행 포인트가 적립되지 않았습니다 앱에서 확인이 어려워 문의드립니다.,[출발지]에서 [도착지]까지 구간을 운전했는데 적립 내역이 확인되지 않습니다.,포인트,적립,S001,주행 포인트 미적립,Y,Y,Y
VOC08060,앱의 계약 내용이 맞지 않아요,앱에 표시된 계약자명이 [이름]으로 되어 있는데 실제 정보와 다릅니다. 앱에서 확인이 어려워 문의드립니다.,보험,계약정보,S013,계약정보 불일치,Y,Y,Y
VOC07568,사고 처리 진행 상황 문의,제출한 서류가 정상적으로 접수됐는지 알고 싶습니다.,사고,처리현황,S012,사고 처리 진행 문의,Y,Y,Y
VOC02992,새 비밀번호 등록 문의 확인 부탁드립니다.,새 비밀번호를 입력했지만 변경이 완료정상적으로 처리되지 않습니다.,회원,계정관리,S005,비밀번호 재설정,Y,Y,Y
VOC06310,잘못 차감된 포인트 문의,어제 확인한 잔액과 오늘 잔액이 달라서 문의드립니다.,포인트,차감,S010,포인트 오차감,Y,Y,Y
VOC05789,회원 탈퇴를 요청합니다,더 이상 서비스를 이용하지 않아 회원 탈퇴를 진행하고 싶습니다.,회원,계정관리,S009,회원 탈퇴,Y,Y,Y
VOC07257,앱 화면이 멈춥니다,특정 메뉴에 들어가면 화면이 멈추는 현상이 반복됩니다. 빠른 확인 요청드립니다.,앱,오류,S011,앱 실행 오류,Y,Y,Y
VOC01372,포인트 사용 가능 서비스 문의,현재 보유한 포인트를 어디에서 사용할 수 있는지 알려주세요.,포인트,사용,S003,포인트 사용처 문의,Y,Y,Y
VOC04412,계약 할인 적용 상태 문의,증권번호 [계약번호] 계약에 안전운전 할인이 적용됐는지 확인하고 싶습니다. 빠른 확인 요청드립니다.,보험,할인,S007,보험료 할인 적용 문의,Y,Y,Y
VOC08746,등록 연락처 수정 요청,기존 번호 [전화번호]에서 새 번호 [새전화번호]로 변경하고 싶습니다. 빠른 확인 요청드립니다.,회원,회원정보,S014,휴대전화 번호 변경,Y,Y,Y
VOC03138,비밀번호가 기억나지 않아요 처리 방법을 안내해주세요.,비밀번호 변경 절차와 조건을 안내해주세요. 관련 기준도 함께 알려주세요.,회원,계정관리,S005,비밀번호 재설정,Y,Y,Y
VOC02629,계정 접속이 불가능합니다,기존에 사용하던 계정으로 접속되지 않아 문의드립니다. 관련 기준도 함께 알려주세요. 필요한 확인 항목이 있다면 안내 부탁드립니다.,회원,로그인,S004,로그인 오류,Y,Y,Y
VOC09640,포인트 적립 기준이 확인하고 싶습니다,급가속이나 급감속 기록이 포인트 적립에 영향을 주나요?,포인트,적립기준,S015,포인트 적립 기준 문의,Y,Y,Y
VOC08699,회원정보의 전화번호가 다릅니다,번호 변경 후 로그인 인증 문자가 이전 번호로 발송됩니다. 현재 화면에서 직접 수정할 수 없습니다.,회원,회원정보,S014,휴대전화 번호 변경,Y,Y,Y
VOC06657,사용하지 않은 포인트가 차감됐어요,포인트 사용 이력과 실제 잔액이 맞지 않습니다.,포인트,차감,S010,포인트 오차감,Y,Y,Y
VOC08800,회원정보의 전화번호가 다릅니다 관련 기준도 함께 알려주세요.,기존 번호 [기존전화번호]에서 새 번호 [새전화번호]로 변경하고 싶습니다.,회원,회원정보,S014,휴대전화 번호 변경,Y,Y,Y
VOC04017,안전운전 할인 적용 여부 문의,현재 운전점수 기준으로 받을 수 있는 보험료 할인율이 안내받고 싶습니다.,보험,할인,S007,보험료 할인 적용 문의,Y,Y,Y
VOC08937,휴대전화 번호를 변경하고 싶습니다,새 번호로 본인 인증을 진행하는 방법을 알려주세요.,회원,회원정보,S014,휴대전화 번호 변경,Y,Y,Y
VOC02668,계정 접속이 불가능합니다,기존에 사용하던 계정으로 접속되지 않아 문의드립니다.,회원,로그인,S004,로그인 오류,Y,Y,Y
VOC05246,기존 차량 삭제 후 신규 등록,기존 차량을 삭제하고 새 차량을 등록하는 방법을 안내 부탁드립니다.,차량,차량정보,S008,차량정보 변경,Y,Y,Y
VOC02416,아이디 입력 후 접속 오류,로그인 버튼을 눌러도 화면이 그대로입니다. 확인 부탁드립니다.,회원,로그인,S004,로그인 오류,Y,Y,Y
VOC08285,증권 정보 수정 문의,앱에 표시된 계약자명이 [이름]으로 되어 있는데 실제 정보와 다릅니다.,보험,계약정보,S013,계약정보 불일치,Y,Y,Y
VOC06811,업데이트 후 앱이 열리지 않아요,앱을 열면 흰 화면만 보이고 아무 기능도 사용할 수 없습니다.,앱,오류,S011,앱 실행 오류,Y,Y,Y
VOC07476,사고 접수 후 연락이 없습니다 빠른 확인 요청드립니다.,사건번호 [사건번호]와 관련해 현재 처리 단계를 확인하고 싶습니다.,사고,처리현황,S012,사고 처리 진행 문의,Y,Y,Y
VOC09222,휴대전화 번호를 변경하고 싶습니다 관련 기준도 함께 알려주세요.,기존 번호 [전화번호]에서 새 번호 [변경전화번호]로 변경하고 싶습니다.,회원,회원정보,S014,휴대전화 번호 변경,Y,Y,Y
VOC06873,앱 실행 중 오류가 발생합니다,업데이트 이후 첫 화면에서 멈추고 다음으로 넘어가지 않습니다. 앱을 다시 실행해도 같은 상태입니다.,앱,오류,S011,앱 실행 오류,Y,Y,Y
VOC04065,주행점수 할인 확인 요청,앱에는 할인 대상이라고 나오는데 실제 보험료에 적용됐는지 알고 싶습니다. 앱을 다시 실행해도 같은 상태입니다.,보험,할인,S007,보험료 할인 적용 문의,Y,Y,Y
VOC03977,운전한 내역이 앱에 없습니다,주행 종료 후에도 거리와 시간이 0으로 표시됩니다.,주행,주행기록,S006,주행기록 미반영,Y,Y,Y
VOC03196,새 비밀번호 등록 문의,본인 인증 후 비밀번호 재설정 화면으로 이동하지 않습니다.,회원,계정관리,S005,비밀번호 재설정,Y,Y,Y
VOC03287,새 비밀번호 등록 문의,비밀번호 찾기 과정에서 [전화번호]로 인증번호가 오지 않습니다. 현재 화면에서 직접 수정할 수 없습니다.,회원,계정관리,S005,비밀번호 재설정,Y,Y,Y
VOC02403,아이디 입력 후 접속 오류 처리 방법을 안내해주세요.,여러 번 시도했지만 인증 후 다시 로그인 화면으로 돌아옵니다. 이전에 정상적으로 이용한 적이 있습니다.,회원,로그인,S004,로그인 오류,Y,Y,Y
VOC01623,적립 포인트는 어디서 쓰나요,현재 보유한 포인트를 어디에서 사용할 수 있는지 알려주세요. 처리 방법을 안내해주세요.,포인트,사용,S003,포인트 사용처 문의,Y,Y,Y
VOC06737,앱이 계속 종료됩니다,재설치 후에도 동일하게 앱이 강제 종료됩니다.,앱,오류,S011,앱 실행 오류,Y,Y,Y
VOC06122,포인트 잔액 오류,어제 확인한 잔액과 오늘 잔액이 달라서 문의드립니다. 확인 부탁드립니다.,포인트,차감,S010,포인트 오차감,Y,Y,Y
VOC00211,주행 포인트 미적립 문의 확인 부탁드립니다.,[출발지]에서 [도착지]까지 구간을 운전했는데 적립 내역이 확인안 됩니다. 확인 부탁드립니다.,포인트,적립,S001,주행 포인트 미적립,Y,Y,Y
VOC06596,사용하지 않은 포인트가 차감됐어요,포인트 사용 이력과 실제 잔액이 맞지 않습니다.,포인트,차감,S010,포인트 오차감,Y,Y,Y
VOC04911,등록 차량 변경 요청,기존 차량 [차량번호]에서 새 차량 [새차량번호]로 변경했습니다.,차량,차량정보,S008,차량정보 변경,Y,Y,Y
VOC06854,앱 실행 중 오류가 발생합니다,앱을 열면 흰 화면만 보이고 아무 기능도 사용할 수 없습니다.,앱,오류,S011,앱 실행 오류,Y,Y,Y
VOC08341,계약정보가 다르게 표시됩니다,증권번호 [계약번호]의 차량정보가 현재 차량과 일치하지 않습니다.,보험,계약정보,S013,계약정보 불일치,Y,Y,Y
VOC06184,포인트가 갑자기 줄었습니다,어제 확인한 잔액과 오늘 잔액이 달라서 문의드립니다. 처리 방법을 안내해주세요.,포인트,차감,S010,포인트 오차감,Y,Y,Y
VOC02436,로그인 화면에서 넘어가지 않아요 관련 기준도 함께 알려주세요.,아이디와 비밀번호를 입력해도 로그인 오류가 발생합니다.,회원,로그인,S004,로그인 오류,Y,Y,Y
VOC02424,계속 로그인에 실패합니다,[에러코드] 메시지가 표시되면서 앱에 접속할 수 없습니다. 필요한 확인 항목이 있다면 안내 부탁드립니다.,회원,로그인,S004,로그인 오류,Y,Y,Y
VOC01756,포인트 사용 가능 서비스 문의,적립된 포인트의 사용처와 사용 절차를 안내 부탁드립니다. 필요한 확인 항목이 있다면 안내 부탁드립니다.,포인트,사용,S003,포인트 사용처 문의,Y,Y,Y
VOC06468,포인트 잔액 오류,사용한 적이 없는데 [금액] 포인트가 차감된 것으로 표시됩니다. 이전에 정상적으로 이용한 적이 있습니다.,포인트,차감,S010,포인트 오차감,Y,Y,Y
VOC05693,앱 회원 탈퇴 방법 문의 확인 부탁드립니다.,본인 인증 후 탈퇴가 완료되지 않아 확인 부탁드립니다. 앱에서 확인이 어려워 문의드립니다.,회원,계정관리,S009,회원 탈퇴,Y,Y,Y
VOC09814,포인트 지급 조건 안내 요청,주행거리와 운전점수에 따라 포인트가 어떻게 산정되는지 알고 싶습니다. 확인 부탁드립니다.,포인트,적립기준,S015,포인트 적립 기준 문의,Y,Y,Y
VOC05532,더 이상 서비스를 이용하지 않습니다,계정과 저장된 개인정보를 삭제하는 절차를 알려주세요. 확인 부탁드립니다. 현재 화면에서 직접 수정할 수 없습니다.,회원,계정관리,S009,회원 탈퇴,Y,Y,Y
VOC04850,등록 차량 변경 요청,기존 차량 [차량번호]에서 새 차량 [변경차량번호]로 변경했습니다.,차량,차량정보,S008,차량정보 변경,Y,Y,Y
VOC04551,주행점수 할인 확인 요청 빠른 확인 요청드립니다.,갱신 계약에 주행분석 할인 혜택이 반영되는지 문의드립니다.,보험,할인,S007,보험료 할인 적용 문의,Y,Y,Y
VOC00331,주행 포인트 미적립 문의,운전 기록은 정상적으로 보이지만 포인트가 들어오지 않았습니다. 빠른 확인 요청드립니다.,포인트,적립,S001,주행 포인트 미적립,Y,Y,Y
VOC09357,어떤 주행이 포인트 대상인가요 처리 방법을 안내해주세요.,포인트 지급 대상과 제외 조건을 자세히 안내해주세요.,포인트,적립기준,S015,포인트 적립 기준 문의,Y,Y,Y
VOC00021,주행 후 포인트가 없습니다 빠른 확인 요청드립니다.,[주행구간] 구간을 운전했는데 적립 내역이 확인되지 않습니다. 처리 방법을 안내해주세요.,포인트,적립,S001,주행 포인트 미적립,Y,Y,Y
VOC07658,사고 처리 진행 상황 문의 앱에서 확인이 어려워 문의드립니다.,보상 심사가 어느 단계까지 진행됐는지 확인 부탁드립니다. 이전에 정상적으로 이용한 적이 있습니다.,사고,처리현황,S012,사고 처리 진행 문의,Y,Y,Y
VOC05651,앱 회원 탈퇴 방법 문의 빠른 확인 요청드립니다.,더 이상 서비스를 이용하지 않아 회원 탈퇴를 진행하고 싶습니다.,회원,계정관리,S009,회원 탈퇴,Y,Y,Y
VOC01693,포인트 사용 가능 서비스 문의 확인 부탁드립니다.,포인트 사용 가능한 서비스와 제한 조건이 궁금합니다.,포인트,사용,S003,포인트 사용처 문의,Y,Y,Y
VOC07965,사고 접수 후 연락이 없습니다,[날짜]에 접수한 사고의 담당자 배정 여부가 궁금합니다. 관련 기준도 함께 알려주세요.,사고,처리현황,S012,사고 처리 진행 문의,Y,Y,Y
VOC01553,포인트 사용 가능 서비스 문의 확인 부탁드립니다.,현재 보유한 포인트를 어디에서 사용할 수 있는지 알려주세요.,포인트,사용,S003,포인트 사용처 문의,Y,Y,Y
VOC03877,앱에서 운전 기록 확인 불가,해당 시간대의 운전 내역이 누락되어 확인 요청드립니다.,주행,주행기록,S006,주행기록 미반영,Y,Y,Y
VOC09029,기존 전화번호 변경 문의 빠른 확인 요청드립니다.,번호 변경 후 로그인 인증 문자가 이전 번호로 발송됩니다. 앱에서 확인이 어려워 문의드립니다.,회원,회원정보,S014,휴대전화 번호 변경,Y,Y,Y
VOC05937,서비스 계정을 삭제하고 싶어요,계정과 저장된 개인정보를 삭제하는 절차를 확인 부탁드립니다. 앱에서 확인이 어려워 문의드립니다.,회원,계정관리,S009,회원 탈퇴,Y,Y,Y
VOC06317,잘못 차감된 포인트 문의,어제 확인한 잔액과 오늘 잔액이 달라서 문의합니다.,포인트,차감,S010,포인트 오차감,Y,Y,Y
VOC03322,비밀번호 찾기 인증 오류,본인 인증 후 비밀번호 재설정 화면으로 이동하지 않습니다.,회원,계정관리,S005,비밀번호 재설정,Y,Y,Y
VOC02139,계정 접속이 불가능합니다 빠른 확인 요청드립니다.,아이디와 비밀번호를 입력해도 로그인 오류가 발생합니다.,회원,로그인,S004,로그인 오류,Y,Y,Y
VOC00015,주행 후 포인트가 없습니다,[출발지]에서 [도착지]까지 구간을 운전했는데 적립 내역이 확인안 됩니다.,포인트,적립,S001,주행 포인트 미적립,Y,Y,Y
VOC08344,앱의 계약 내용이 맞지 않아요,앱에 표시된 계약자명이 [이름]으로 되어 있는데 실제 정보와 다릅니다. 처리 방법을 안내해주세요.,보험,계약정보,S013,계약정보 불일치,Y,Y,Y
VOC04015,보험료 할인 혜택이 궁금합니다 처리 방법을 안내해주세요.,현재 운전점수 기준으로 받을 수 있는 보험료 할인율이 확인하고 싶습니다.,보험,할인,S007,보험료 할인 적용 문의,Y,Y,Y
VOC07480,사고 접수 후 연락이 없습니다,제출한 서류가 정상적으로 접수됐는지 알고 싶습니다. 빠른 확인 요청드립니다.,사고,처리현황,S012,사고 처리 진행 문의,Y,Y,Y
VOC05720,서비스 계정을 삭제하고 싶어요 확인 부탁드립니다.,계정과 저장된 개인정보를 삭제하는 절차를 알려주세요.,회원,계정관리,S009,회원 탈퇴,Y,Y,Y
VOC07832,사고 접수 후 연락이 없습니다,제출한 서류가 정상적으로 접수됐는지 알고 싶습니다. 현재 화면에서 직접 수정할 수 없습니다.,사고,처리현황,S012,사고 처리 진행 문의,Y,Y,Y
VOC08672,새 번호로 인증받고 싶어요,휴대전화 번호를 바꿨는데 앱 회원정보에는 이전 번호가 표시됩니다.,회원,회원정보,S014,휴대전화 번호 변경,Y,Y,Y
VOC05626,앱 회원 탈퇴 방법 문의,계정과 저장된 개인정보를 삭제하는 절차를 안내 부탁드립니다. 관련 기준도 함께 알려주세요.,회원,계정관리,S009,회원 탈퇴,Y,Y,Y
VOC07349,사고 접수 후 연락이 없습니다,보상 심사가 어느 단계까지 진행됐는지 확인 부탁드립니다.,사고,처리현황,S012,사고 처리 진행 문의,Y,Y,Y
VOC08945,기존 전화번호 변경 문의,새 번호로 본인 인증을 진행하는 방법을 알려주세요.,회원,회원정보,S014,휴대전화 번호 변경,Y,Y,Y
VOC08748,새 번호로 인증받고 싶어요,새 번호로 본인 인증을 진행하는 방법을 알려주세요.,회원,회원정보,S014,휴대전화 번호 변경,Y,Y,Y
VOC02685,비밀번호가 기억나지 않아요 관련 기준도 함께 알려주세요.,새 비밀번호를 입력했지만 변경이 완료되지 않습니다. 처리 방법을 안내해주세요.,회원,계정관리,S005,비밀번호 재설정,Y,Y,Y
VOC04217,보험료 할인이 반영됐나요 처리 방법을 안내해주세요.,앱에는 할인 대상이라고 나오는데 실제 보험료에 적용됐는지 알고 싶습니다.,보험,할인,S007,보험료 할인 적용 문의,Y,Y,Y
VOC02283,계정 접속이 불가능합니다,여러 번 시도했지만 인증 후 다시 로그인 화면으로 돌아옵니다. 앱에서 확인이 어려워 문의드립니다. 동일 현상이 반복되고 있습니다.,회원,로그인,S004,로그인 오류,Y,Y,Y
VOC00029,포인트가 누락된 것 같습니다,주행 조건을 충족한 것으로 보이는데 포인트가 0으로 표시됩니다. 이전에 정상적으로 이용한 적이 있습니다.,포인트,적립,S001,주행 포인트 미적립,Y,Y,Y
VOC00380,운전했는데 포인트가 안 들어왔어요,지난 주행 건에 대한 포인트를 받지 못했습니다. 확인 부탁드립니다.,포인트,적립,S001,주행 포인트 미적립,Y,Y,Y
VOC02571,아이디 입력 후 접속 오류 처리 방법을 안내해주세요.,아이디와 비밀번호를 입력해도 로그인 오류가 발생합니다.,회원,로그인,S004,로그인 오류,Y,Y,Y
VOC06870,앱이 계속 종료됩니다,앱을 실행하면 [오류코드] 오류가 표시되고 바로 종료됩니다.,앱,오류,S011,앱 실행 오류,Y,Y,Y
VOC07355,접수한 사고는 어떻게 진행되고 있나요,[접수일]에 접수한 사고의 담당자 배정 여부가 확인하고 싶습니다.,사고,처리현황,S012,사고 처리 진행 문의,Y,Y,Y
VOC07633,사고 처리 진행 상황 문의,사고 접수 이후 진행 상황 안내를 받지 못했습니다.,사고,처리현황,S012,사고 처리 진행 문의,Y,Y,Y
VOC09879,주행 포인트 산정 방법 문의,급가속이나 급감속 기록이 포인트 적립에 영향을 주나요? 빠른 확인 요청드립니다.,포인트,적립기준,S015,포인트 적립 기준 문의,Y,Y,Y
VOC05512,서비스 계정을 삭제하고 싶어요 관련 기준도 함께 알려주세요.,앱에서 탈퇴 메뉴를 찾을 수 없어 문의합니다.,회원,계정관리,S009,회원 탈퇴,Y,Y,Y
VOC03876,운전한 내역이 앱에 없습니다,차량은 정상적으로 운행했는데 주행 데이터가 수집되지 않은 것 같습니다.,주행,주행기록,S006,주행기록 미반영,Y,Y,Y
VOC01383,보유 포인트 사용 방법,적립된 포인트의 사용처와 사용 절차를 안내 부탁드립니다. 관련 기준도 함께 알려주세요.,포인트,사용,S003,포인트 사용처 문의,Y,Y,Y
VOC06535,포인트 잔액 오류,결제를 취소했는데 차감된 포인트가 복구되지 않았습니다. 확인 부탁드립니다. 앱을 다시 실행해도 같은 상태입니다.,포인트,차감,S010,포인트 오차감,Y,Y,Y
VOC04777,등록 차량 변경 요청,보험 계약 차량은 변경됐는데 앱에는 이전 차량이 표시됩니다.,차량,차량정보,S008,차량정보 변경,Y,Y,Y
VOC06304,포인트 차감 내역이 이상합니다 관련 기준도 함께 알려주세요.,어제 확인한 잔액과 오늘 잔액이 달라서 문의합니다. 처리 방법을 안내해주세요. 동일 현상이 반복되고 있습니다.,포인트,차감,S010,포인트 오차감,Y,Y,Y
VOC04680,차량을 변경했습니다 빠른 확인 요청드립니다.,차량번호 변경 후 주행 서비스 연결 방법을 문의드립니다. 처리 방법을 안내해주세요. 필요한 확인 항목이 있다면 안내 부탁드립니다.,차량,차량정보,S008,차량정보 변경,Y,Y,Y
VOC06598,포인트가 갑자기 줄었습니다,어제 확인한 잔액과 오늘 잔액이 달라서 문의합니다.,포인트,차감,S010,포인트 오차감,Y,Y,Y
VOC03819,주행 데이터가 반영되지 않았어요,차량은 정상적으로 운행했는데 주행 데이터가 수집되지 않은 것 같습니다. 앱에서 확인이 어려워 문의드립니다.,주행,주행기록,S006,주행기록 미반영,Y,Y,Y
VOC04894,차량을 변경했습니다,기존 차량을 삭제하고 새 차량을 등록하는 방법을 알려주세요. 이전에 정상적으로 이용한 적이 있습니다.,차량,차량정보,S008,차량정보 변경,Y,Y,Y
VOC08276,계약정보가 다르게 표시됩니다,증권번호 [계약번호]의 차량정보가 현재 차량과 일치하지 않습니다.,보험,계약정보,S013,계약정보 불일치,Y,Y,Y
VOC09774,포인트 적립 기준이 안내받고 싶습니다,짧은 거리 주행도 포인트 적립 대상인지 문의합니다.,포인트,적립기준,S015,포인트 적립 기준 문의,Y,Y,Y
VOC09618,포인트 적립 기준이 확인하고 싶습니다 관련 기준도 함께 알려주세요.,급가속이나 급감속 기록이 포인트 적립에 영향을 주나요? 현재 화면에서 직접 수정할 수 없습니다.,포인트,적립기준,S015,포인트 적립 기준 문의,Y,Y,Y
VOC03767,운전한 내역이 앱에 없습니다,해당 시간대의 운전 내역이 누락되어 확인 요청드립니다. 처리 방법을 안내해주세요.,주행,주행기록,S006,주행기록 미반영,Y,Y,Y
VOC06847,서비스 실행 불가 문의 확인 부탁드립니다.,앱을 열면 흰 화면만 보이고 아무 기능도 사용할 수 없습니다.,앱,오류,S011,앱 실행 오류,Y,Y,Y
VOC00766,운전 후 포인트 반영 시간 문의 앱에서 확인이 어려워 문의드립니다.,[주행종료시간]에 주행을 종료했습니다. 포인트 반영 예정 시간을 알고 싶습니다.,포인트,적립,S002,주행 포인트 적립 지연,Y,Y,Y
VOC07933,사건번호 처리 상태 확인,사고 접수 이후 진행 상황 안내를 받지 못했습니다.,사고,처리현황,S012,사고 처리 진행 문의,Y,Y,Y
VOC04837,기존 차량 삭제 후 신규 등록,기존 차량 [기존차량번호]에서 새 차량 [변경차량번호]로 변경했습니다. 앱에서 확인이 어려워 문의드립니다.,차량,차량정보,S008,차량정보 변경,Y,Y,Y
VOC05294,차량을 변경했습니다,차량번호 변경 후 주행 서비스 연결 방법을 문의드립니다.,차량,차량정보,S008,차량정보 변경,Y,Y,Y
VOC01817,적립 포인트는 어디서 쓰나요 앱에서 확인이 어려워 문의드립니다.,앱에 [차감금액] 포인트가 있는데 사용 가능한 항목을 확인하고 싶습니다. 앱을 다시 실행해도 같은 상태입니다.,포인트,사용,S003,포인트 사용처 문의,Y,Y,Y
VOC07071,업데이트 후 앱이 열리지 않아요,업데이트 이후 첫 화면에서 멈추고 다음으로 넘어가지 않습니다.,앱,오류,S011,앱 실행 오류,Y,Y,Y
VOC06493,사용하지 않은 포인트가 차감됐어요,포인트 내역에 알 수 없는 차감 기록이 있습니다. 처리 방법을 안내해주세요.,포인트,차감,S010,포인트 오차감,Y,Y,Y
VOC06109,포인트 잔액 오류 앱에서 확인이 어려워 문의드립니다.,결제를 취소했는데 차감된 포인트가 복구되지 않았습니다. 앱에서 확인이 어려워 문의드립니다.,포인트,차감,S010,포인트 오차감,Y,Y,Y
VOC00979,주행 포인트는 언제 들어오나요,방금 운전한 기록은 보이는데 포인트는 처리 중으로 표시됩니다.,포인트,적립,S002,주행 포인트 적립 지연,Y,Y,Y
VOC00527,운전했는데 포인트가 안 들어왔어요 관련 기준도 함께 알려주세요.,지난 주행 건에 대한 포인트를 받지 못했습니다. 확인 부탁드립니다. 처리 방법을 안내해주세요.,포인트,적립,S001,주행 포인트 미적립,Y,Y,Y
VOC01633,적립 포인트는 어디서 쓰나요,현재 보유한 포인트를 어디에서 사용할 수 있는지 알려주세요.,포인트,사용,S003,포인트 사용처 문의,Y,Y,Y
VOC00825,주행 포인트는 언제 들어오나요,"포인트가 바로 들어오는지, 일정 시간이 필요한지 문의드립니다. 관련 기준도 함께 알려주세요.",포인트,적립,S002,주행 포인트 적립 지연,Y,Y,Y
VOC02361,계속 로그인에 실패합니다,로그인 버튼을 눌러도 화면이 그대로입니다.,회원,로그인,S004,로그인 오류,Y,Y,Y
VOC02529,앱 로그인이 되지 않습니다 처리 방법을 안내해주세요.,여러 번 시도했지만 인증 후 다시 로그인 화면으로 돌아옵니다. 확인 부탁드립니다.,회원,로그인,S004,로그인 오류,Y,Y,Y
VOC01085,운전 후 포인트 반영 시간 문의,"포인트가 바로 들어오는지, 일정 시간이 필요한지 문의합니다.",포인트,적립,S002,주행 포인트 적립 지연,Y,Y,Y
VOC01121,포인트 반영이 늦어지고 있습니다,오늘 주행을 마쳤는데 포인트가 아직 반영되지 않았습니다. 보통 얼마나 걸리나요?,포인트,적립,S002,주행 포인트 적립 지연,Y,Y,Y
VOC05295,기존 차량 삭제 후 신규 등록,보험 계약 차량은 변경됐는데 앱에는 이전 차량이 표시됩니다. 필요한 확인 항목이 있다면 안내 부탁드립니다.,차량,차량정보,S008,차량정보 변경,Y,Y,Y
VOC07318,앱이 계속 종료됩니다 확인 부탁드립니다.,앱을 열면 흰 화면만 보이고 아무 기능도 사용할 수 없습니다.,앱,오류,S011,앱 실행 오류,Y,Y,Y
VOC01400,포인트 사용처가 궁금합니다,현재 보유한 포인트를 어디에서 사용할 수 있는지 알려주세요.,포인트,사용,S003,포인트 사용처 문의,Y,Y,Y
VOC06299,포인트가 갑자기 줄었습니다 관련 기준도 함께 알려주세요.,포인트 사용 이력과 실제 잔액이 맞지 않습니다.,포인트,차감,S010,포인트 오차감,Y,Y,Y
VOC04624,보험료 할인이 반영됐나요,현재 운전점수 기준으로 받을 수 있는 보험료 할인율이 궁금합니다. 앱에서 확인이 어려워 문의드립니다.,보험,할인,S007,보험료 할인 적용 문의,Y,Y,Y
VOC00526,포인트가 누락된 것 같습니다,운전 기록은 정상적으로 보이지만 포인트가 들어오지 않았습니다. 확인 부탁드립니다.,포인트,적립,S001,주행 포인트 미적립,Y,Y,Y
VOC06677,서비스 실행 불가 문의,앱을 열면 흰 화면만 보이고 아무 기능도 사용할 수 없습니다. 확인 부탁드립니다. 현재 화면에서 직접 수정할 수 없습니다.,앱,오류,S011,앱 실행 오류,Y,Y,Y
VOC06550,포인트 차감 내역이 이상합니다,결제를 취소했는데 차감된 포인트가 복구되지 않았습니다. 동일 현상이 반복되고 있습니다.,포인트,차감,S010,포인트 오차감,Y,Y,Y
VOC09572,포인트 적립 기준이 궁금합니다,주행거리와 운전점수에 따라 포인트가 어떻게 산정되는지 알고 싶습니다. 관련 기준도 함께 알려주세요.,포인트,적립기준,S015,포인트 적립 기준 문의,Y,Y,Y
VOC09111,등록 연락처 수정 요청 확인 부탁드립니다.,기존 번호 [기존전화번호]에서 새 번호 [새전화번호]로 변경하고 싶습니다.,회원,회원정보,S014,휴대전화 번호 변경,Y,Y,Y
VOC04480,주행점수 할인 확인 요청,현재 운전점수 기준으로 받을 수 있는 보험료 할인율이 확인하고 싶습니다. 앱에서 확인이 어려워 문의드립니다.,보험,할인,S007,보험료 할인 적용 문의,Y,Y,Y
VOC08211,앱의 계약 내용이 맞지 않아요,갱신한 계약이 앱에서 이전 계약으로 보입니다.,보험,계약정보,S013,계약정보 불일치,Y,Y,Y
VOC00169,포인트가 누락된 것 같습니다,운전 기록은 정상적으로 보이지만 포인트가 들어오지 않았습니다.,포인트,적립,S001,주행 포인트 미적립,Y,Y,Y
VOC05488,서비스 계정을 삭제하고 싶어요,본인 인증 후 탈퇴가 완료되지 않아 확인 부탁드립니다. 확인 부탁드립니다. 이전에 정상적으로 이용한 적이 있습니다.,회원,계정관리,S009,회원 탈퇴,Y,Y,Y
VOC00460,운전했는데 포인트가 안 들어왔어요,[접수일]에 주행을 완료했는데 포인트가 아직 적립되지 않았습니다.,포인트,적립,S001,주행 포인트 미적립,Y,Y,Y
VOC03970,주행기록이 보이지 않습니다,해당 시간대의 운전 내역이 누락되어 확인 요청드립니다. 처리 방법을 안내해주세요.,주행,주행기록,S006,주행기록 미반영,Y,Y,Y
VOC07087,업데이트 후 앱이 열리지 않아요,업데이트 이후 첫 화면에서 멈추고 다음으로 넘어가지 않습니다. 관련 기준도 함께 알려주세요. 현재 화면에서 직접 수정할 수 없습니다.,앱,오류,S011,앱 실행 오류,Y,Y,Y
VOC08781,휴대전화 번호를 변경하고 싶습니다,휴대전화 번호를 바꿨는데 앱 회원정보에는 이전 번호가 표시됩니다.,회원,회원정보,S014,휴대전화 번호 변경,Y,Y,Y
VOC02223,로그인 화면에서 넘어가지 않아요,기존에 사용하던 계정으로 접속되지 않아 문의드립니다.,회원,로그인,S004,로그인 오류,Y,Y,Y
VOC05708,가입 정보 삭제 요청,본인 인증 후 탈퇴가 완료되지 않아 확인 부탁드립니다.,회원,계정관리,S009,회원 탈퇴,Y,Y,Y
VOC05627,가입 정보 삭제 요청,더 이상 서비스를 이용하지 않아 회원 탈퇴를 진행하고 싶습니다. 확인 부탁드립니다.,회원,계정관리,S009,회원 탈퇴,Y,Y,Y
VOC02701,새 비밀번호 등록 문의 관련 기준도 함께 알려주세요.,비밀번호가 기억나지 않아 재설정하려고 합니다.,회원,계정관리,S005,비밀번호 재설정,Y,Y,Y
VOC07179,앱이 계속 종료됩니다,재설치 후에도 동일하게 앱이 강제 종료됩니다.,앱,오류,S011,앱 실행 오류,Y,Y,Y
VOC00703,주행 포인트는 언제 들어오나요,[주행종료시간]에 주행을 종료했습니다. 포인트 반영 예정 시간을 알고 싶습니다. 관련 기준도 함께 알려주세요.,포인트,적립,S002,주행 포인트 적립 지연,Y,Y,Y
VOC04744,기존 차량 삭제 후 신규 등록,기존 차량 [차량번호]에서 새 차량 [새차량번호]로 변경했습니다. 관련 기준도 함께 알려주세요.,차량,차량정보,S008,차량정보 변경,Y,Y,Y
VOC04730,새 차량으로 바꾸고 싶어요 관련 기준도 함께 알려주세요.,차량번호 변경 후 주행 서비스 연결 방법을 문의드립니다. 앱을 다시 실행해도 같은 상태입니다.,차량,차량정보,S008,차량정보 변경,Y,Y,Y
VOC08579,앱의 계약 내용이 맞지 않아요,계약 기간과 보험료 정보가 가입 당시 안내와 다르게 표시됩니다.,보험,계약정보,S013,계약정보 불일치,Y,Y,Y
VOC08355,보험 계약자 정보 오류,계약 기간과 보험료 정보가 가입 당시 안내와 다르게 표시됩니다. 앱에서 확인이 어려워 문의드립니다.,보험,계약정보,S013,계약정보 불일치,Y,Y,Y
VOC04920,등록 차량 변경 요청 처리 방법을 안내해주세요.,보험 계약 차량은 변경됐는데 앱에는 이전 차량이 표시됩니다. 동일 현상이 반복되고 있습니다.,차량,차량정보,S008,차량정보 변경,Y,Y,Y
VOC04773,새 차량으로 바꾸고 싶어요,차량번호 변경 후 주행 서비스 연결 방법을 문의합니다.,차량,차량정보,S008,차량정보 변경,Y,Y,Y
VOC07788,접수한 사고는 어떻게 진행되고 있나요,제출한 서류가 정상적으로 접수됐는지 알고 싶습니다. 현재 화면에서 직접 수정할 수 없습니다.,사고,처리현황,S012,사고 처리 진행 문의,Y,Y,Y
VOC00593,주행 포인트가 적립되지 않았습니다,지난 주행 건에 대한 포인트를 받지 못했습니다. 확인 부탁드립니다.,포인트,적립,S001,주행 포인트 미적립,Y,Y,Y
VOC03911,주행 데이터가 반영되지 않았어요,해당 시간대의 운전 내역이 누락되어 확인 요청드립니다.,주행,주행기록,S006,주행기록 미반영,Y,Y,Y
VOC01502,포인트를 사용할 수 있는 곳 확인 부탁드립니다.,적립된 포인트의 사용처와 사용 절차를 안내 부탁드립니다.,포인트,사용,S003,포인트 사용처 문의,Y,Y,Y
VOC00751,포인트가 아직 처리되지 않았어요 빠른 확인 요청드립니다.,"포인트가 바로 들어오는지, 일정 시간이 필요한지 문의드립니다.",포인트,적립,S002,주행 포인트 적립 지연,Y,Y,Y
VOC09270,등록 연락처 수정 요청,번호 변경 후 로그인 인증 문자가 이전 번호로 발송됩니다.,회원,회원정보,S014,휴대전화 번호 변경,Y,Y,Y
VOC04799,새 차량으로 바꾸고 싶어요,차량을 교체해서 앱의 등록 정보를 수정하고 싶습니다.,차량,차량정보,S008,차량정보 변경,Y,Y,Y
VOC09905,주행 포인트 산정 방법 문의,주행거리와 운전점수에 따라 포인트가 어떻게 산정되는지 알고 싶습니다.,포인트,적립기준,S015,포인트 적립 기준 문의,Y,Y,Y
VOC04617,보험료 할인이 반영됐나요 빠른 확인 요청드립니다.,갱신 계약에 주행분석 할인 혜택이 반영되는지 확인 요청드립니다. 필요한 확인 항목이 있다면 안내 부탁드립니다.,보험,할인,S007,보험료 할인 적용 문의,Y,Y,Y
VOC07338,사고 처리 진행 상황 문의,[날짜]에 접수한 사고의 담당자 배정 여부가 궁금합니다. 이전에 정상적으로 이용한 적이 있습니다.,사고,처리현황,S012,사고 처리 진행 문의,Y,Y,Y
VOC09481,주행 포인트 산정 방법 문의,포인트 지급 대상과 제외 조건을 자세히 안내해주세요.,포인트,적립기준,S015,포인트 적립 기준 문의,Y,Y,Y
VOC01464,보유 포인트 사용 방법 앱에서 확인이 어려워 문의드립니다.,현재 보유한 포인트를 어디에서 사용할 수 있는지 알려주세요.,포인트,사용,S003,포인트 사용처 문의,Y,Y,Y
VOC03212,비밀번호를 재설정하고 싶습니다 빠른 확인 요청드립니다.,본인 인증 후 비밀번호 재설정 화면으로 이동하지 않습니다.,회원,계정관리,S005,비밀번호 재설정,Y,Y,Y
VOC04314,계약 할인 적용 상태 문의 확인 부탁드립니다.,안전운전 점수와 보험료 할인 적용 기준을 안내해주세요.,보험,할인,S007,보험료 할인 적용 문의,Y,Y,Y
VOC00263,주행 포인트 미적립 문의,주행 조건을 충족한 것으로 보이는데 포인트가 0으로 표시됩니다.,포인트,적립,S001,주행 포인트 미적립,Y,Y,Y
VOC03748,주행기록이 보이지 않습니다 확인 부탁드립니다.,해당 시간대의 운전 내역이 누락되어 확인 요청드립니다. 확인 부탁드립니다.,주행,주행기록,S006,주행기록 미반영,Y,Y,Y
VOC09072,등록 연락처 수정 요청,번호 변경 후 로그인 인증 문자가 이전 번호로 발송됩니다.,회원,회원정보,S014,휴대전화 번호 변경,Y,Y,Y
VOC07663,사고 처리 진행 상황 문의,사건번호 [사고접수번호]와 관련해 현재 처리 단계를 확인하고 싶습니다. 빠른 확인 요청드립니다. 동일 현상이 반복되고 있습니다.,사고,처리현황,S012,사고 처리 진행 문의,Y,Y,Y
VOC09820,어떤 주행이 포인트 대상인가요,급가속이나 급감속 기록이 포인트 적립에 영향을 주나요? 현재 화면에서 직접 수정할 수 없습니다.,포인트,적립기준,S015,포인트 적립 기준 문의,Y,Y,Y
VOC07247,앱 화면이 멈춥니다 빠른 확인 요청드립니다.,앱을 실행하면 [에러코드] 오류가 표시되고 바로 종료됩니다.,앱,오류,S011,앱 실행 오류,Y,Y,Y
VOC01735,포인트를 사용할 수 있는 곳,앱에 [차감금액] 포인트가 있는데 사용 가능한 항목을 확인하고 싶습니다.,포인트,사용,S003,포인트 사용처 문의,Y,Y,Y
VOC06255,잘못 차감된 포인트 문의,결제를 취소했는데 차감된 포인트가 복구되지 않았습니다.,포인트,차감,S010,포인트 오차감,Y,Y,Y
VOC04791,등록 차량 변경 요청,기존 차량 [차량번호]에서 새 차량 [변경차량번호]로 변경했습니다. 필요한 확인 항목이 있다면 안내 부탁드립니다.,차량,차량정보,S008,차량정보 변경,Y,Y,Y
VOC04806,기존 차량 삭제 후 신규 등록,기존 차량을 삭제하고 새 차량을 등록하는 방법을 알려주세요.,차량,차량정보,S008,차량정보 변경,Y,Y,Y
VOC05354,가입 정보 삭제 요청 처리 방법을 안내해주세요.,더 이상 서비스를 이용하지 않아 회원 탈퇴를 진행하고 싶습니다. 관련 기준도 함께 알려주세요.,회원,계정관리,S009,회원 탈퇴,Y,Y,Y
VOC09974,포인트 지급 조건 안내 요청,포인트 지급 대상과 제외 조건을 자세히 안내해주세요.,포인트,적립기준,S015,포인트 적립 기준 문의,Y,Y,Y
VOC04368,보험료 할인이 반영됐나요 관련 기준도 함께 알려주세요.,갱신 계약에 주행분석 할인 혜택이 반영되는지 문의드립니다.,보험,할인,S007,보험료 할인 적용 문의,Y,Y,Y
VOC04566,주행점수 할인 확인 요청,안전운전 점수와 보험료 할인 적용 기준을 안내해주세요. 관련 기준도 함께 알려주세요.,보험,할인,S007,보험료 할인 적용 문의,Y,Y,Y
VOC08698,휴대전화 번호를 변경하고 싶습니다,기존 번호 [전화번호]에서 새 번호 [새전화번호]로 변경하고 싶습니다.,회원,회원정보,S014,휴대전화 번호 변경,Y,Y,Y
VOC08574,계약정보가 다르게 표시됩니다,증권번호 [계약번호]의 차량정보가 현재 차량과 일치하지 않습니다.,보험,계약정보,S013,계약정보 불일치,Y,Y,Y
VOC04250,안전운전 할인 적용 여부 문의,안전운전 점수와 보험료 할인 적용 기준을 안내해주세요. 빠른 확인 요청드립니다.,보험,할인,S007,보험료 할인 적용 문의,Y,Y,Y
VOC07452,보상 처리 단계 문의,보상 심사가 어느 단계까지 진행됐는지 확인 부탁드립니다.,사고,처리현황,S012,사고 처리 진행 문의,Y,Y,Y
VOC07150,업데이트 후 앱이 열리지 않아요,재설치 후에도 동일하게 앱이 강제 종료됩니다. 앱을 다시 실행해도 같은 상태입니다.,앱,오류,S011,앱 실행 오류,Y,Y,Y
VOC05880,서비스 계정을 삭제하고 싶어요,회원 탈퇴 시 남은 포인트와 주행기록이 어떻게 처리되는지 궁금합니다.,회원,계정관리,S009,회원 탈퇴,Y,Y,Y
VOC02556,계정 접속이 불가능합니다,아이디와 비밀번호를 입력해도 로그인 오류가 발생합니다. 관련 기준도 함께 알려주세요.,회원,로그인,S004,로그인 오류,Y,Y,Y
VOC09299,새 번호로 인증받고 싶어요,새 번호로 본인 인증을 진행하는 방법을 알려주세요.,회원,회원정보,S014,휴대전화 번호 변경,Y,Y,Y
VOC05331,앱 차량정보 수정 문의,차량번호 변경 후 주행 서비스 연결 방법을 확인 요청드립니다. 확인 부탁드립니다. 이전에 정상적으로 이용한 적이 있습니다.,차량,차량정보,S008,차량정보 변경,Y,Y,Y
VOC04841,등록 차량 변경 요청,차량번호 변경 후 주행 서비스 연결 방법을 문의드립니다.,차량,차량정보,S008,차량정보 변경,Y,Y,Y
VOC00487,주행 후 포인트가 없습니다,운전 기록은 정상적으로 보이지만 포인트가 들어오지 않았습니다.,포인트,적립,S001,주행 포인트 미적립,Y,Y,Y
VOC00457,주행 포인트 미적립 문의,주행 조건을 충족한 것으로 보이는데 포인트가 0으로 표시됩니다. 처리 방법을 안내해주세요. 이전에 정상적으로 이용한 적이 있습니다.,포인트,적립,S001,주행 포인트 미적립,Y,Y,Y
VOC07576,사건번호 처리 상태 확인,사고 접수 이후 진행 상황 안내를 받지 못했습니다.,사고,처리현황,S012,사고 처리 진행 문의,Y,Y,Y
VOC07456,보상 처리 단계 문의,사고 접수 이후 진행 상황 안내를 받지 못했습니다.,사고,처리현황,S012,사고 처리 진행 문의,Y,Y,Y
VOC02245,계속 로그인에 실패합니다,[오류코드] 메시지가 표시되면서 앱에 접속할 수 없습니다.,회원,로그인,S004,로그인 오류,Y,Y,Y
VOC08977,새 번호로 인증받고 싶어요 앱에서 확인이 어려워 문의드립니다.,기존 번호 [기존전화번호]에서 새 번호 [새전화번호]로 변경하고 싶습니다. 이전에 정상적으로 이용한 적이 있습니다.,회원,회원정보,S014,휴대전화 번호 변경,Y,Y,Y
VOC02612,계속 로그인에 실패합니다,[오류코드] 메시지가 표시되면서 앱에 접속할 수 없습니다. 빠른 확인 요청드립니다. 이전에 정상적으로 이용한 적이 있습니다.,회원,로그인,S004,로그인 오류,Y,Y,Y
VOC06866,앱 실행 중 오류가 발생합니다 확인 부탁드립니다.,특정 메뉴에 들어가면 화면이 멈추는 현상이 반복됩니다.,앱,오류,S011,앱 실행 오류,Y,Y,Y
VOC08234,계약 차량 정보 불일치,보험 계약 정보 중 일부 항목이 잘못되어 수정 요청드립니다. 앱에서 확인이 어려워 문의드립니다.,보험,계약정보,S013,계약정보 불일치,Y,Y,Y
VOC09638,포인트 지급 조건 안내 요청,포인트를 받기 위한 최소 주행 조건이 안내받고 싶습니다. 처리 방법을 안내해주세요.,포인트,적립기준,S015,포인트 적립 기준 문의,Y,Y,Y
VOC04620,안전운전 할인 적용 여부 문의,안전운전 점수와 보험료 할인 적용 기준을 안내해주세요.,보험,할인,S007,보험료 할인 적용 문의,Y,Y,Y
VOC08646,계약 차량 정보 불일치,증권번호 [증권번호]의 차량정보가 현재 차량과 일치하지 않습니다.,보험,계약정보,S013,계약정보 불일치,Y,Y,Y
VOC00402,주행 후 포인트가 없습니다,[출발지]-[도착지] 구간을 운전했는데 적립 내역이 확인안 됩니다.,포인트,적립,S001,주행 포인트 미적립,Y,Y,Y
VOC09574,어떤 주행이 포인트 대상인가요,주행거리와 운전점수에 따라 포인트가 어떻게 산정되는지 알고 싶습니다. 처리 방법을 안내해주세요. 필요한 확인 항목이 있다면 안내 부탁드립니다.,포인트,적립기준,S015,포인트 적립 기준 문의,Y,Y,Y
VOC08161,계약 차량 정보 불일치,갱신한 계약이 앱에서 이전 계약으로 보입니다.,보험,계약정보,S013,계약정보 불일치,Y,Y,Y
VOC09505,포인트 적립 기준이 궁금합니다,주행거리와 운전점수에 따라 포인트가 어떻게 산정되는지 알고 싶습니다. 처리 방법을 안내해주세요. 앱을 다시 실행해도 같은 상태입니다.,포인트,적립기준,S015,포인트 적립 기준 문의,Y,Y,Y
VOC00956,운전 후 포인트 반영 시간 문의,주행 후 몇 시간이 지났는데 아직 적립 대기 상태입니다.,포인트,적립,S002,주행 포인트 적립 지연,Y,Y,Y
VOC09306,기존 전화번호 변경 문의,등록된 연락처가 실제 사용하는 번호와 달라 수정 요청드립니다.,회원,회원정보,S014,휴대전화 번호 변경,Y,Y,Y
VOC03731,앱에서 운전 기록 확인 불가,주행 종료 후에도 거리와 시간이 0으로 표시됩니다. 앱에서 확인이 어려워 문의드립니다.,주행,주행기록,S006,주행기록 미반영,Y,Y,Y
VOC00792,포인트가 아직 처리되지 않았어요,방금 운전한 기록은 보이는데 포인트는 처리 중으로 표시됩니다.,포인트,적립,S002,주행 포인트 적립 지연,Y,Y,Y
VOC05566,더 이상 서비스를 이용하지 않습니다,계정과 저장된 개인정보를 삭제하는 절차를 알려주세요. 확인 부탁드립니다.,회원,계정관리,S009,회원 탈퇴,Y,Y,Y
VOC00156,포인트가 누락된 것 같습니다,지난 주행 건에 대한 포인트를 받지 못했습니다. 확인 부탁드립니다. 확인 부탁드립니다. 필요한 확인 항목이 있다면 안내 부탁드립니다.,포인트,적립,S001,주행 포인트 미적립,Y,Y,Y
VOC08959,휴대전화 번호를 변경하고 싶습니다,휴대전화 번호를 바꿨는데 앱 회원정보에는 이전 번호가 표시됩니다. 빠른 확인 요청드립니다.,회원,회원정보,S014,휴대전화 번호 변경,Y,Y,Y
VOC00835,포인트가 아직 처리되지 않았어요,오늘 주행을 마쳤는데 포인트가 아직 반영되지 않았습니다. 보통 얼마나 걸리나요?,포인트,적립,S002,주행 포인트 적립 지연,Y,Y,Y
VOC09847,포인트 적립 기준이 궁금합니다,짧은 거리 주행도 포인트 적립 대상인지 확인 요청드립니다.,포인트,적립기준,S015,포인트 적립 기준 문의,Y,Y,Y
VOC09023,회원정보의 전화번호가 다릅니다,휴대전화 번호를 바꿨는데 앱 회원정보에는 이전 번호가 표시됩니다. 앱에서 확인이 어려워 문의드립니다. 동일 현상이 반복되고 있습니다.,회원,회원정보,S014,휴대전화 번호 변경,Y,Y,Y
VOC07111,앱이 계속 종료됩니다,재설치 후에도 동일하게 앱이 강제 종료됩니다.,앱,오류,S011,앱 실행 오류,Y,Y,Y
VOC01285,포인트 적립 처리 중 문의,주행 후 몇 시간이 지났는데 아직 적립 대기 상태입니다.,포인트,적립,S002,주행 포인트 적립 지연,Y,Y,Y
VOC07540,접수한 사고는 어떻게 진행되고 있나요,[접수일]에 접수한 사고의 담당자 배정 여부가 궁금합니다.,사고,처리현황,S012,사고 처리 진행 문의,Y,Y,Y
VOC04950,새 차량으로 바꾸고 싶어요 관련 기준도 함께 알려주세요.,차량번호 변경 후 주행 서비스 연결 방법을 문의드립니다.,차량,차량정보,S008,차량정보 변경,Y,Y,Y
VOC02953,비밀번호 변경이 되지 않습니다,비밀번호가 기억나지 않아 재설정하려고 합니다.,회원,계정관리,S005,비밀번호 재설정,Y,Y,Y
VOC04634,보험료 할인이 반영됐나요,갱신 계약에 주행분석 할인 혜택이 반영되는지 문의드립니다. 처리 방법을 안내해주세요.,보험,할인,S007,보험료 할인 적용 문의,Y,Y,Y
VOC07407,사고 접수 후 연락이 없습니다,제출한 서류가 정상적으로 접수됐는지 알고 싶습니다. 앱에서 확인이 어려워 문의드립니다. 동일 현상이 반복되고 있습니다.,사고,처리현황,S012,사고 처리 진행 문의,Y,Y,Y
VOC04348,보험료 할인이 반영됐나요,현재 운전점수 기준으로 받을 수 있는 보험료 할인율이 궁금합니다.,보험,할인,S007,보험료 할인 적용 문의,Y,Y,Y
VOC04697,앱 차량정보 수정 문의,보험 계약 차량은 변경됐는데 앱에는 이전 차량이 표시됩니다.,차량,차량정보,S008,차량정보 변경,Y,Y,Y
VOC05930,가입 정보 삭제 요청 빠른 확인 요청드립니다.,앱에서 탈퇴 메뉴를 찾을 수 없어 확인 요청드립니다. 확인 부탁드립니다.,회원,계정관리,S009,회원 탈퇴,Y,Y,Y
VOC01044,주행 포인트는 언제 들어오나요,주행 후 몇 시간이 지났는데 아직 적립 대기 상태입니다. 확인 부탁드립니다. 앱을 다시 실행해도 같은 상태입니다.,포인트,적립,S002,주행 포인트 적립 지연,Y,Y,Y
VOC00848,포인트가 아직 처리되지 않았어요,오늘 주행을 마쳤는데 포인트가 아직 반영되지 않았습니다. 보통 얼마나 걸리나요? 처리 방법을 안내해주세요.,포인트,적립,S002,주행 포인트 적립 지연,Y,Y,Y
VOC01964,보유 포인트 사용 방법 관련 기준도 함께 알려주세요.,앱에 [포인트수량] 포인트가 있는데 사용 가능한 항목을 확인하고 싶습니다.,포인트,사용,S003,포인트 사용처 문의,Y,Y,Y
VOC09822,운전점수와 포인트 관계,짧은 거리 주행도 포인트 적립 대상인지 확인 요청드립니다. 확인 부탁드립니다.,포인트,적립기준,S015,포인트 적립 기준 문의,Y,Y,Y
VOC04573,주행점수 할인 확인 요청,앱에는 할인 대상이라고 나오는데 실제 보험료에 적용됐는지 알고 싶습니다.,보험,할인,S007,보험료 할인 적용 문의,Y,Y,Y
VOC06119,포인트 잔액 오류,결제를 취소했는데 차감된 포인트가 복구되지 않았습니다.,포인트,차감,S010,포인트 오차감,Y,Y,Y
VOC02394,로그인 화면에서 넘어가지 않아요,로그인 버튼을 눌러도 화면이 그대로입니다. 동일 현상이 반복되고 있습니다.,회원,로그인,S004,로그인 오류,Y,Y,Y
VOC01494,포인트를 사용할 수 있는 곳 빠른 확인 요청드립니다.,앱에 [포인트수량] 포인트가 있는데 사용 가능한 항목을 확인하고 싶습니다.,포인트,사용,S003,포인트 사용처 문의,Y,Y,Y
VOC06489,사용하지 않은 포인트가 차감됐어요,결제를 취소했는데 차감된 포인트가 복구되지 않았습니다. 확인 부탁드립니다.,포인트,차감,S010,포인트 오차감,Y,Y,Y
VOC00310,운전했는데 포인트가 안 들어왔어요,운전 기록은 정상적으로 보이지만 포인트가 들어오지 않았습니다.,포인트,적립,S001,주행 포인트 미적립,Y,Y,Y
VOC02118,앱 로그인이 되지 않습니다,아이디와 비밀번호를 입력해도 로그인 오류가 발생합니다. 이전에 정상적으로 이용한 적이 있습니다.,회원,로그인,S004,로그인 오류,Y,Y,Y
VOC09240,등록 연락처 수정 요청,기존 번호 [기존전화번호]에서 새 번호 [새전화번호]로 변경하고 싶습니다. 동일 현상이 반복되고 있습니다.,회원,회원정보,S014,휴대전화 번호 변경,Y,Y,Y
VOC07346,사건번호 처리 상태 확인 확인 부탁드립니다.,사고 접수 이후 진행 상황 안내를 받지 못했습니다.,사고,처리현황,S012,사고 처리 진행 문의,Y,Y,Y
VOC03702,주행기록이 보이지 않습니다 빠른 확인 요청드립니다.,운전을 완료했지만 최근 주행 목록에 추가되지 않았습니다. 앱에서 확인이 어려워 문의드립니다.,주행,주행기록,S006,주행기록 미반영,Y,Y,Y
VOC08215,계약정보가 다르게 표시됩니다,갱신한 계약이 앱에서 이전 계약으로 보입니다.,보험,계약정보,S013,계약정보 불일치,Y,Y,Y
VOC02487,앱 로그인이 되지 않습니다,여러 번 시도했지만 인증 후 다시 로그인 화면으로 돌아옵니다.,회원,로그인,S004,로그인 오류,Y,Y,Y
VOC04669,안전운전 할인 적용 여부 문의,앱에는 할인 대상이라고 나오는데 실제 보험료에 적용됐는지 알고 싶습니다. 처리 방법을 안내해주세요.,보험,할인,S007,보험료 할인 적용 문의,Y,Y,Y
VOC05706,가입 정보 삭제 요청,더 이상 서비스를 이용하지 않아 회원 탈퇴를 진행하고 싶습니다. 앱에서 확인이 어려워 문의드립니다. 이전에 정상적으로 이용한 적이 있습니다.,회원,계정관리,S009,회원 탈퇴,Y,Y,Y
VOC03089,비밀번호 찾기 인증 오류,새 비밀번호를 입력했지만 변경이 완료되지 않습니다. 관련 기준도 함께 알려주세요. 동일 현상이 반복되고 있습니다.,회원,계정관리,S005,비밀번호 재설정,Y,Y,Y
VOC05543,더 이상 서비스를 이용하지 않습니다,계정과 저장된 개인정보를 삭제하는 절차를 알려주세요. 앱을 다시 실행해도 같은 상태입니다.,회원,계정관리,S009,회원 탈퇴,Y,Y,Y
VOC06924,앱이 계속 종료됩니다 관련 기준도 함께 알려주세요.,특정 메뉴에 들어가면 화면이 멈추는 현상이 반복됩니다. 앱에서 확인이 어려워 문의드립니다.,앱,오류,S011,앱 실행 오류,Y,Y,Y
VOC07016,앱 실행 중 오류가 발생합니다,앱을 열면 흰 화면만 보이고 아무 기능도 사용할 수 없습니다.,앱,오류,S011,앱 실행 오류,Y,Y,Y
VOC04539,안전운전 할인 적용 여부 문의,앱에는 할인 대상이라고 나오는데 실제 보험료에 적용됐는지 알고 싶습니다. 앱에서 확인이 어려워 문의드립니다.,보험,할인,S007,보험료 할인 적용 문의,Y,Y,Y
VOC05496,서비스 계정을 삭제하고 싶어요,회원 탈퇴 시 남은 포인트와 주행기록이 어떻게 처리되는지 확인하고 싶습니다.,회원,계정관리,S009,회원 탈퇴,Y,Y,Y
VOC08070,계약정보가 다르게 표시됩니다,갱신한 계약이 앱에서 이전 계약으로 보입니다. 빠른 확인 요청드립니다.,보험,계약정보,S013,계약정보 불일치,Y,Y,Y
VOC07315,업데이트 후 앱이 열리지 않아요,앱을 열면 흰 화면만 보이고 아무 기능도 사용할 수 없습니다. 앱에서 확인이 어려워 문의드립니다.,앱,오류,S011,앱 실행 오류,Y,Y,Y
VOC06698,업데이트 후 앱이 열리지 않아요,업데이트 이후 첫 화면에서 멈추고 다음으로 넘어가지 않습니다.,앱,오류,S011,앱 실행 오류,Y,Y,Y
VOC00619,주행 포인트가 적립되지 않았습니다,주행 조건을 충족한 것으로 보이는데 포인트가 0으로 표시됩니다. 앱에서 확인이 어려워 문의드립니다.,포인트,적립,S001,주행 포인트 미적립,Y,Y,Y
VOC07242,업데이트 후 앱이 열리지 않아요,업데이트 이후 첫 화면에서 멈추고 다음으로 넘어가지 않습니다. 앱에서 확인이 어려워 문의드립니다.,앱,오류,S011,앱 실행 오류,Y,Y,Y
VOC01245,포인트 적립 처리 중 문의 확인 부탁드립니다.,오늘 주행을 마쳤는데 포인트가 아직 반영되지 않았습니다. 보통 얼마나 걸리나요?,포인트,적립,S002,주행 포인트 적립 지연,Y,Y,Y
VOC07154,앱 실행 중 오류가 발생합니다,업데이트 이후 첫 화면에서 멈추고 다음으로 넘어가지 않습니다. 이전에 정상적으로 이용한 적이 있습니다.,앱,오류,S011,앱 실행 오류,Y,Y,Y
VOC03491,운전한 내역이 앱에 없습니다,해당 시간대의 운전 내역이 누락되어 확인 요청드립니다.,주행,주행기록,S006,주행기록 미반영,Y,Y,Y
VOC08011,보험 계약자 정보 오류,증권번호 [증권번호]의 차량정보가 현재 차량과 일치하지 않습니다.,보험,계약정보,S013,계약정보 불일치,Y,Y,Y
VOC01230,포인트 적립 처리 중 문의,방금 운전한 기록은 보이는데 포인트는 처리 중으로 표시됩니다.,포인트,적립,S002,주행 포인트 적립 지연,Y,Y,Y
VOC06520,사용하지 않은 포인트가 차감됐어요 앱에서 확인이 어려워 문의드립니다.,결제를 취소했는데 차감된 포인트가 복구되지 않았습니다.,포인트,차감,S010,포인트 오차감,Y,Y,Y
VOC02649,계정 접속이 불가능합니다,로그인 버튼을 눌러도 화면이 그대로입니다.,회원,로그인,S004,로그인 오류,Y,Y,Y
VOC01898,포인트 사용처가 궁금합니다,현재 보유한 포인트를 어디에서 사용할 수 있는지 알려주세요.,포인트,사용,S003,포인트 사용처 문의,Y,Y,Y
VOC06889,업데이트 후 앱이 열리지 않아요 앱에서 확인이 어려워 문의드립니다.,앱을 열면 흰 화면만 보이고 아무 기능도 사용할 수 없습니다.,앱,오류,S011,앱 실행 오류,Y,Y,Y
VOC02880,비밀번호 변경이 되지 않습니다,비밀번호가 기억나지 않아 재설정하려고 합니다. 빠른 확인 요청드립니다.,회원,계정관리,S005,비밀번호 재설정,Y,Y,Y
VOC04190,안전운전 할인 적용 여부 문의,갱신 계약에 주행분석 할인 혜택이 반영되는지 문의드립니다.,보험,할인,S007,보험료 할인 적용 문의,Y,Y,Y
VOC06655,포인트가 갑자기 줄었습니다,포인트 사용 이력과 실제 잔액이 맞지 않습니다. 확인 부탁드립니다.,포인트,차감,S010,포인트 오차감,Y,Y,Y
VOC06223,포인트가 갑자기 줄었습니다,어제 확인한 잔액과 오늘 잔액이 달라서 문의드립니다. 이전에 정상적으로 이용한 적이 있습니다.,포인트,차감,S010,포인트 오차감,Y,Y,Y
VOC00816,포인트 반영이 늦어지고 있습니다,"포인트가 바로 들어오는지, 일정 시간이 필요한지 문의드립니다. 현재 화면에서 직접 수정할 수 없습니다.",포인트,적립,S002,주행 포인트 적립 지연,Y,Y,Y
VOC07767,사고 접수 후 연락이 없습니다,[날짜]에 접수한 사고의 담당자 배정 여부가 궁금합니다.,사고,처리현황,S012,사고 처리 진행 문의,Y,Y,Y
VOC00491,포인트가 누락된 것 같습니다,[출발지]에서 [도착지]까지 구간을 운전했는데 적립 내역이 확인되지 않습니다. 이전에 정상적으로 이용한 적이 있습니다.,포인트,적립,S001,주행 포인트 미적립,Y,Y,Y
VOC08667,보험 계약자 정보 오류 앱에서 확인이 어려워 문의드립니다.,앱에 표시된 계약자명이 [이름]으로 되어 있는데 실제 정보와 다릅니다.,보험,계약정보,S013,계약정보 불일치,Y,Y,Y
VOC00587,운전했는데 포인트가 안 들어왔어요,지난 주행 건에 대한 포인트를 받지 못했습니다. 확인 부탁드립니다.,포인트,적립,S001,주행 포인트 미적립,Y,Y,Y
VOC02429,계정 접속이 불가능합니다 확인 부탁드립니다.,[에러코드] 메시지가 표시되면서 앱에 접속할 수 없습니다.,회원,로그인,S004,로그인 오류,Y,Y,Y
VOC09742,운전점수와 포인트 관계,주행거리와 운전점수에 따라 포인트가 어떻게 산정되는지 알고 싶습니다. 처리 방법을 안내해주세요. 필요한 확인 항목이 있다면 안내 부탁드립니다.,포인트,적립기준,S015,포인트 적립 기준 문의,Y,Y,Y
VOC07709,접수한 사고는 어떻게 진행되고 있나요,제출한 서류가 정상적으로 접수됐는지 알고 싶습니다. 필요한 확인 항목이 있다면 안내 부탁드립니다.,사고,처리현황,S012,사고 처리 진행 문의,Y,Y,Y
VOC03294,비밀번호를 재설정하고 싶습니다,비밀번호가 기억나지 않아 재설정하려고 합니다. 확인 부탁드립니다.,회원,계정관리,S005,비밀번호 재설정,Y,Y,Y
VOC02280,로그인 화면에서 넘어가지 않아요,로그인 버튼을 눌러도 화면이 그대로입니다.,회원,로그인,S004,로그인 오류,Y,Y,Y
VOC05904,회원 탈퇴를 요청합니다,본인 인증 후 탈퇴가 완료되지 않아 확인 부탁드립니다. 앱에서 확인이 어려워 문의드립니다. 현재 화면에서 직접 수정할 수 없습니다.,회원,계정관리,S009,회원 탈퇴,Y,Y,Y
VOC04753,앱 차량정보 수정 문의,보험 계약 차량은 변경됐는데 앱에는 이전 차량이 표시됩니다.,차량,차량정보,S008,차량정보 변경,Y,Y,Y
VOC02729,비밀번호를 재설정하고 싶습니다,새 비밀번호를 입력했지만 변경이 완료안 됩니다.,회원,계정관리,S005,비밀번호 재설정,Y,Y,Y
VOC09556,어떤 주행이 포인트 대상인가요,주행거리와 운전점수에 따라 포인트가 어떻게 산정되는지 알고 싶습니다.,포인트,적립기준,S015,포인트 적립 기준 문의,Y,Y,Y
VOC01198,주행 포인트는 언제 들어오나요,"포인트가 바로 들어오는지, 일정 시간이 필요한지 문의드립니다. 확인 부탁드립니다. 앱을 다시 실행해도 같은 상태입니다.",포인트,적립,S002,주행 포인트 적립 지연,Y,Y,Y
VOC03903,주행기록이 보이지 않습니다 앱에서 확인이 어려워 문의드립니다.,해당 시간대의 운전 내역이 누락되어 확인 요청드립니다.,주행,주행기록,S006,주행기록 미반영,Y,Y,Y
VOC07178,업데이트 후 앱이 열리지 않아요,업데이트 이후 첫 화면에서 멈추고 다음으로 넘어가지 않습니다.,앱,오류,S011,앱 실행 오류,Y,Y,Y
VOC06402,포인트 잔액 오류,어제 확인한 잔액과 오늘 잔액이 달라서 문의드립니다.,포인트,차감,S010,포인트 오차감,Y,Y,Y
VOC04102,안전운전 할인 적용 여부 문의 관련 기준도 함께 알려주세요.,안전운전 점수와 보험료 할인 적용 기준을 안내해주세요. 빠른 확인 요청드립니다.,보험,할인,S007,보험료 할인 적용 문의,Y,Y,Y
VOC08529,앱의 계약 내용이 맞지 않아요,앱에 표시된 계약자명이 [계약자명]으로 되어 있는데 실제 정보와 다릅니다. 관련 기준도 함께 알려주세요.,보험,계약정보,S013,계약정보 불일치,Y,Y,Y
VOC05071,앱 차량정보 수정 문의,보험 계약 차량은 변경됐는데 앱에는 이전 차량이 표시됩니다.,차량,차량정보,S008,차량정보 변경,Y,Y,Y
VOC01547,보유 포인트 사용 방법,앱에 [금액] 포인트가 있는데 사용 가능한 항목을 확인하고 싶습니다. 앱에서 확인이 어려워 문의드립니다.,포인트,사용,S003,포인트 사용처 문의,Y,Y,Y
VOC06025,잘못 차감된 포인트 문의,결제를 취소했는데 차감된 포인트가 복구되지 않았습니다.,포인트,차감,S010,포인트 오차감,Y,Y,Y
VOC07306,업데이트 후 앱이 열리지 않아요,앱을 실행하면 [오류코드] 오류가 표시되고 바로 종료됩니다.,앱,오류,S011,앱 실행 오류,Y,Y,Y
VOC09006,휴대전화 번호를 변경하고 싶습니다,번호 변경 후 로그인 인증 문자가 이전 번호로 발송됩니다. 앱에서 확인이 어려워 문의드립니다.,회원,회원정보,S014,휴대전화 번호 변경,Y,Y,Y
VOC03602,주행 데이터가 반영되지 않았어요,차량은 정상적으로 운행했는데 주행 데이터가 수집되지 않은 것 같습니다.,주행,주행기록,S006,주행기록 미반영,Y,Y,Y
VOC07271,앱 화면이 멈춥니다 확인 부탁드립니다.,특정 메뉴에 들어가면 화면이 멈추는 현상이 반복됩니다. 앱에서 확인이 어려워 문의드립니다.,앱,오류,S011,앱 실행 오류,Y,Y,Y
VOC08191,보험 계약자 정보 오류,증권번호 [증권번호]의 차량정보가 현재 차량과 일치하지 않습니다. 앱에서 확인이 어려워 문의드립니다. 앱을 다시 실행해도 같은 상태입니다.,보험,계약정보,S013,계약정보 불일치,Y,Y,Y
VOC02013,계정 접속이 불가능합니다,로그인 버튼을 눌러도 화면이 그대로입니다. 확인 부탁드립니다.,회원,로그인,S004,로그인 오류,Y,Y,Y
VOC08084,앱의 계약 내용이 맞지 않아요,계약 기간과 보험료 정보가 가입 당시 안내와 다르게 표시됩니다. 빠른 확인 요청드립니다. 현재 화면에서 직접 수정할 수 없습니다.,보험,계약정보,S013,계약정보 불일치,Y,Y,Y
VOC03807,앱에서 운전 기록 확인 불가 관련 기준도 함께 알려주세요.,주행 종료 후에도 거리와 시간이 0으로 표시됩니다. 처리 방법을 안내해주세요.,주행,주행기록,S006,주행기록 미반영,Y,Y,Y
VOC09829,주행 포인트 산정 방법 문의,포인트 지급 대상과 제외 조건을 자세히 안내해주세요. 앱을 다시 실행해도 같은 상태입니다.,포인트,적립기준,S015,포인트 적립 기준 문의,Y,Y,Y
VOC04898,기존 차량 삭제 후 신규 등록,보험 계약 차량은 변경됐는데 앱에는 이전 차량이 표시됩니다. 현재 화면에서 직접 수정할 수 없습니다.,차량,차량정보,S008,차량정보 변경,Y,Y,Y
VOC04807,등록 차량 변경 요청,보험 계약 차량은 변경됐는데 앱에는 이전 차량이 표시됩니다.,차량,차량정보,S008,차량정보 변경,Y,Y,Y
VOC00671,포인트 적립 처리 중 문의 관련 기준도 함께 알려주세요.,방금 운전한 기록은 보이는데 포인트는 처리 중으로 표시됩니다.,포인트,적립,S002,주행 포인트 적립 지연,Y,Y,Y
VOC03296,비밀번호를 재설정하고 싶습니다,새 비밀번호를 입력했지만 변경이 완료되지 않습니다. 처리 방법을 안내해주세요. 이전에 정상적으로 이용한 적이 있습니다.,회원,계정관리,S005,비밀번호 재설정,Y,Y,Y
VOC05898,회원 탈퇴를 요청합니다 처리 방법을 안내해주세요.,더 이상 서비스를 이용하지 않아 회원 탈퇴를 진행하고 싶습니다. 빠른 확인 요청드립니다.,회원,계정관리,S009,회원 탈퇴,Y,Y,Y
VOC04618,보험료 할인 혜택이 궁금합니다,안전운전 점수와 보험료 할인 적용 기준을 안내해주세요. 앱을 다시 실행해도 같은 상태입니다.,보험,할인,S007,보험료 할인 적용 문의,Y,Y,Y
VOC08985,새 번호로 인증받고 싶어요,새 번호로 본인 인증을 진행하는 방법을 알려주세요.,회원,회원정보,S014,휴대전화 번호 변경,Y,Y,Y
VOC07770,사고 접수 후 연락이 없습니다 빠른 확인 요청드립니다.,사고 접수 이후 진행 상황 안내를 받지 못했습니다.,사고,처리현황,S012,사고 처리 진행 문의,Y,Y,Y
VOC01823,포인트를 사용할 수 있는 곳,보험료 결제 외에도 포인트를 사용할 수 있는 곳이 있나요?,포인트,사용,S003,포인트 사용처 문의,Y,Y,Y
VOC06628,포인트 차감 내역이 이상합니다,어제 확인한 잔액과 오늘 잔액이 달라서 문의드립니다. 이전에 정상적으로 이용한 적이 있습니다.,포인트,차감,S010,포인트 오차감,Y,Y,Y
VOC06993,앱 화면이 멈춥니다 앱에서 확인이 어려워 문의드립니다.,재설치 후에도 동일하게 앱이 강제 종료됩니다. 동일 현상이 반복되고 있습니다.,앱,오류,S011,앱 실행 오류,Y,Y,Y
VOC09438,운전점수와 포인트 관계,짧은 거리 주행도 포인트 적립 대상인지 문의드립니다.,포인트,적립기준,S015,포인트 적립 기준 문의,Y,Y,Y
VOC01269,운전 후 포인트 반영 시간 문의,방금 운전한 기록은 보이는데 포인트는 처리 중으로 표시됩니다. 동일 현상이 반복되고 있습니다.,포인트,적립,S002,주행 포인트 적립 지연,Y,Y,Y
VOC08723,등록 연락처 수정 요청,번호 변경 후 로그인 인증 문자가 이전 번호로 발송됩니다.,회원,회원정보,S014,휴대전화 번호 변경,Y,Y,Y
VOC08568,계약정보가 다르게 표시됩니다,갱신한 계약이 앱에서 이전 계약으로 보입니다.,보험,계약정보,S013,계약정보 불일치,Y,Y,Y
VOC03745,앱에서 운전 기록 확인 불가,[접수일]에 [출발지]에서 [도착지]까지 구간을 운전했는데 앱에서 기록이 보이지 않습니다. 필요한 확인 항목이 있다면 안내 부탁드립니다.,주행,주행기록,S006,주행기록 미반영,Y,Y,Y
VOC05872,가입 정보 삭제 요청 관련 기준도 함께 알려주세요.,더 이상 서비스를 이용하지 않아 회원 탈퇴를 진행하고 싶습니다.,회원,계정관리,S009,회원 탈퇴,Y,Y,Y
VOC04649,안전운전 할인 적용 여부 문의,앱에는 할인 대상이라고 나오는데 실제 보험료에 적용됐는지 알고 싶습니다. 이전에 정상적으로 이용한 적이 있습니다.,보험,할인,S007,보험료 할인 적용 문의,Y,Y,Y
VOC07411,보상 처리 단계 문의 앱에서 확인이 어려워 문의드립니다.,보상 심사가 어느 단계까지 진행됐는지 확인 부탁드립니다.,사고,처리현황,S012,사고 처리 진행 문의,Y,Y,Y
VOC09448,주행 포인트 산정 방법 문의 관련 기준도 함께 알려주세요.,주행거리와 운전점수에 따라 포인트가 어떻게 산정되는지 알고 싶습니다.,포인트,적립기준,S015,포인트 적립 기준 문의,Y,Y,Y
VOC08283,증권 정보 수정 문의,계약 기간과 보험료 정보가 가입 당시 안내와 다르게 표시됩니다.,보험,계약정보,S013,계약정보 불일치,Y,Y,Y
VOC00796,주행 포인트는 언제 들어오나요,오늘 주행을 마쳤는데 포인트가 아직 반영되지 않았습니다. 보통 얼마나 걸리나요? 관련 기준도 함께 알려주세요. 동일 현상이 반복되고 있습니다.,포인트,적립,S002,주행 포인트 적립 지연,Y,Y,Y
VOC02551,아이디 입력 후 접속 오류,아이디와 비밀번호를 입력해도 로그인 오류가 발생합니다.,회원,로그인,S004,로그인 오류,Y,Y,Y
VOC08362,계약 차량 정보 불일치,앱에 표시된 계약자명이 [이름]으로 되어 있는데 실제 정보와 다릅니다.,보험,계약정보,S013,계약정보 불일치,Y,Y,Y
VOC02359,로그인 화면에서 넘어가지 않아요,아이디와 비밀번호를 입력해도 로그인 오류가 발생합니다.,회원,로그인,S004,로그인 오류,Y,Y,Y
VOC05144,등록 차량 변경 요청,차량번호 변경 후 주행 서비스 연결 방법을 문의드립니다. 확인 부탁드립니다. 앱을 다시 실행해도 같은 상태입니다.,차량,차량정보,S008,차량정보 변경,Y,Y,Y
VOC00474,주행 포인트 미적립 문의,주행 조건을 충족한 것으로 보이는데 포인트가 0으로 표시됩니다. 앱에서 확인이 어려워 문의드립니다.,포인트,적립,S001,주행 포인트 미적립,Y,Y,Y
VOC05714,가입 정보 삭제 요청,더 이상 서비스를 이용하지 않아 회원 탈퇴를 진행하고 싶습니다. 필요한 확인 항목이 있다면 안내 부탁드립니다.,회원,계정관리,S009,회원 탈퇴,Y,Y,Y
VOC02146,아이디 입력 후 접속 오류,[오류코드] 메시지가 표시되면서 앱에 접속할 수 없습니다.,회원,로그인,S004,로그인 오류,Y,Y,Y
VOC05091,앱 차량정보 수정 문의 앱에서 확인이 어려워 문의드립니다.,기존 차량을 삭제하고 새 차량을 등록하는 방법을 알려주세요.,차량,차량정보,S008,차량정보 변경,Y,Y,Y
VOC00267,주행 포인트 미적립 문의,운전 기록은 정상적으로 보이지만 포인트가 들어오지 않았습니다.,포인트,적립,S001,주행 포인트 미적립,Y,Y,Y
VOC07435,보상 처리 단계 문의,[주행일]에 접수한 사고의 담당자 배정 여부가 안내받고 싶습니다.,사고,처리현황,S012,사고 처리 진행 문의,Y,Y,Y
VOC03656,주행 데이터가 반영되지 않았어요,[접수일]에 [출발지]-[도착지] 구간을 운전했는데 앱에서 기록이 보이지 않습니다. 확인 부탁드립니다.,주행,주행기록,S006,주행기록 미반영,Y,Y,Y
VOC03011,새 비밀번호 등록 문의,새 비밀번호를 입력했지만 변경이 완료정상적으로 처리되지 않습니다. 앱을 다시 실행해도 같은 상태입니다.,회원,계정관리,S005,비밀번호 재설정,Y,Y,Y
VOC08630,앱의 계약 내용이 맞지 않아요,계약 기간과 보험료 정보가 가입 당시 안내와 다르게 표시됩니다.,보험,계약정보,S013,계약정보 불일치,Y,Y,Y
VOC06545,잘못 차감된 포인트 문의,사용한 적이 없는데 [금액] 포인트가 차감된 것으로 표시됩니다.,포인트,차감,S010,포인트 오차감,Y,Y,Y
VOC06734,앱이 계속 종료됩니다,특정 메뉴에 들어가면 화면이 멈추는 현상이 반복됩니다. 이전에 정상적으로 이용한 적이 있습니다.,앱,오류,S011,앱 실행 오류,Y,Y,Y
VOC00409,주행 포인트가 적립되지 않았습니다,[접수일]에 주행을 완료했는데 포인트가 아직 적립되지 않았습니다.,포인트,적립,S001,주행 포인트 미적립,Y,Y,Y
VOC08281,계약 차량 정보 불일치 빠른 확인 요청드립니다.,앱에 표시된 계약자명이 [계약자명]으로 되어 있는데 실제 정보와 다릅니다. 필요한 확인 항목이 있다면 안내 부탁드립니다.,보험,계약정보,S013,계약정보 불일치,Y,Y,Y
VOC08821,새 번호로 인증받고 싶어요 앱에서 확인이 어려워 문의드립니다.,새 번호로 본인 인증을 진행하는 방법을 알려주세요. 앱을 다시 실행해도 같은 상태입니다.,회원,회원정보,S014,휴대전화 번호 변경,Y,Y,Y
VOC00038,운전했는데 포인트가 안 들어왔어요,지난 주행 건에 대한 포인트를 받지 못했습니다. 확인 부탁드립니다.,포인트,적립,S001,주행 포인트 미적립,Y,Y,Y
VOC07719,보상 처리 단계 문의,[주행일]에 접수한 사고의 담당자 배정 여부가 궁금합니다. 관련 기준도 함께 알려주세요.,사고,처리현황,S012,사고 처리 진행 문의,Y,Y,Y
VOC01810,보유 포인트 사용 방법,포인트 사용 가능한 서비스와 제한 조건이 안내받고 싶습니다.,포인트,사용,S003,포인트 사용처 문의,Y,Y,Y
VOC07459,접수한 사고는 어떻게 진행되고 있나요 처리 방법을 안내해주세요.,사고 접수 이후 진행 상황 안내를 받지 못했습니다.,사고,처리현황,S012,사고 처리 진행 문의,Y,Y,Y
VOC00109,운전했는데 포인트가 안 들어왔어요 처리 방법을 안내해주세요.,[날짜]에 주행을 완료했는데 포인트가 아직 적립되지 않았습니다.,포인트,적립,S001,주행 포인트 미적립,Y,Y,Y
VOC02465,앱 로그인이 되지 않습니다,아이디와 비밀번호를 입력해도 로그인 오류가 발생합니다.,회원,로그인,S004,로그인 오류,Y,Y,Y
VOC02322,아이디 입력 후 접속 오류,기존에 사용하던 계정으로 접속되지 않아 문의드립니다.,회원,로그인,S004,로그인 오류,Y,Y,Y
VOC05592,가입 정보 삭제 요청 확인 부탁드립니다.,본인 인증 후 탈퇴가 완료되지 않아 확인 부탁드립니다.,회원,계정관리,S009,회원 탈퇴,Y,Y,Y
VOC00571,주행 포인트가 적립되지 않았습니다,[주행일]에 주행을 완료했는데 포인트가 아직 적립되지 않았습니다.,포인트,적립,S001,주행 포인트 미적립,Y,Y,Y
VOC01444,보유 포인트 사용 방법,적립된 포인트의 사용처와 사용 절차를 안내 부탁드립니다. 동일 현상이 반복되고 있습니다.,포인트,사용,S003,포인트 사용처 문의,Y,Y,Y
VOC06153,사용하지 않은 포인트가 차감됐어요,포인트 사용 이력과 실제 잔액이 맞지 않습니다.,포인트,차감,S010,포인트 오차감,Y,Y,Y
VOC06194,포인트 차감 내역이 이상합니다,결제를 취소했는데 차감된 포인트가 복구되지 않았습니다.,포인트,차감,S010,포인트 오차감,Y,Y,Y
VOC08086,보험 계약자 정보 오류,증권번호 [계약번호]의 차량정보가 현재 차량과 일치하지 않습니다.,보험,계약정보,S013,계약정보 불일치,Y,Y,Y
VOC02062,아이디 입력 후 접속 오류,[에러코드] 메시지가 표시되면서 앱에 접속할 수 없습니다.,회원,로그인,S004,로그인 오류,Y,Y,Y
VOC07358,보상 처리 단계 문의,사건번호 [사건번호]와 관련해 현재 처리 단계를 확인하고 싶습니다.,사고,처리현황,S012,사고 처리 진행 문의,Y,Y,Y
VOC01888,포인트 사용처가 궁금합니다,앱에 [금액] 포인트가 있는데 사용 가능한 항목을 확인하고 싶습니다.,포인트,사용,S003,포인트 사용처 문의,Y,Y,Y
VOC04538,주행점수 할인 확인 요청,현재 운전점수 기준으로 받을 수 있는 보험료 할인율이 궁금합니다. 처리 방법을 안내해주세요.,보험,할인,S007,보험료 할인 적용 문의,Y,Y,Y
VOC00568,주행 포인트 미적립 문의,운전 기록은 정상적으로 보이지만 포인트가 들어오지 않았습니다. 관련 기준도 함께 알려주세요.,포인트,적립,S001,주행 포인트 미적립,Y,Y,Y
VOC02390,계속 로그인에 실패합니다,여러 번 시도했지만 인증 후 다시 로그인 화면으로 돌아옵니다. 확인 부탁드립니다. 현재 화면에서 직접 수정할 수 없습니다.,회원,로그인,S004,로그인 오류,Y,Y,Y
VOC07526,접수한 사고는 어떻게 진행되고 있나요,보상 심사가 어느 단계까지 진행됐는지 확인 부탁드립니다.,사고,처리현황,S012,사고 처리 진행 문의,Y,Y,Y
VOC04610,계약 할인 적용 상태 문의 앱에서 확인이 어려워 문의드립니다.,현재 운전점수 기준으로 받을 수 있는 보험료 할인율이 궁금합니다. 필요한 확인 항목이 있다면 안내 부탁드립니다.,보험,할인,S007,보험료 할인 적용 문의,Y,Y,Y
VOC01191,주행 포인트는 언제 들어오나요 관련 기준도 함께 알려주세요.,방금 운전한 기록은 보이는데 포인트는 처리 중으로 표시됩니다. 관련 기준도 함께 알려주세요. 앱을 다시 실행해도 같은 상태입니다.,포인트,적립,S002,주행 포인트 적립 지연,Y,Y,Y
VOC09490,포인트 지급 조건 안내 요청,급가속이나 급감속 기록이 포인트 적립에 영향을 주나요? 확인 부탁드립니다. 이전에 정상적으로 이용한 적이 있습니다.,포인트,적립기준,S015,포인트 적립 기준 문의,Y,Y,Y
VOC04402,안전운전 할인 적용 여부 문의 빠른 확인 요청드립니다.,앱에는 할인 대상이라고 나오는데 실제 보험료에 적용됐는지 알고 싶습니다. 앱을 다시 실행해도 같은 상태입니다.,보험,할인,S007,보험료 할인 적용 문의,Y,Y,Y
VOC00450,포인트가 누락된 것 같습니다,운전 기록은 정상적으로 보이지만 포인트가 들어오지 않았습니다. 이전에 정상적으로 이용한 적이 있습니다.,포인트,적립,S001,주행 포인트 미적립,Y,Y,Y
VOC04774,앱 차량정보 수정 문의,기존 차량 [기존차량번호]에서 새 차량 [변경차량번호]로 변경했습니다.,차량,차량정보,S008,차량정보 변경,Y,Y,Y
VOC01492,포인트 사용처가 안내받고 싶습니다,현재 보유한 포인트를 어디에서 사용할 수 있는지 알려주세요. 동일 현상이 반복되고 있습니다.,포인트,사용,S003,포인트 사용처 문의,Y,Y,Y
VOC04365,보험료 할인 혜택이 궁금합니다,증권번호 [증권번호] 계약에 안전운전 할인이 적용됐는지 확인하고 싶습니다.,보험,할인,S007,보험료 할인 적용 문의,Y,Y,Y
VOC00701,주행 포인트는 언제 들어오나요,주행 후 몇 시간이 지났는데 아직 적립 대기 상태입니다.,포인트,적립,S002,주행 포인트 적립 지연,Y,Y,Y
VOC05947,서비스 계정을 삭제하고 싶어요,더 이상 서비스를 이용하지 않아 회원 탈퇴를 진행하고 싶습니다.,회원,계정관리,S009,회원 탈퇴,Y,Y,Y
VOC08068,증권 정보 수정 문의,보험 계약 정보 중 일부 항목이 잘못되어 수정 요청드립니다.,보험,계약정보,S013,계약정보 불일치,Y,Y,Y
VOC07763,보상 처리 단계 문의,사건번호 [사고접수번호]와 관련해 현재 처리 단계를 확인하고 싶습니다.,사고,처리현황,S012,사고 처리 진행 문의,Y,Y,Y
VOC03668,주행 데이터가 반영되지 않았어요,[접수일]에 [출발지]에서 [도착지]까지 구간을 운전했는데 앱에서 기록이 보이지 않습니다.,주행,주행기록,S006,주행기록 미반영,Y,Y,Y
VOC01607,적립 포인트는 어디서 쓰나요,앱에 [포인트수량] 포인트가 있는데 사용 가능한 항목을 확인하고 싶습니다. 앱을 다시 실행해도 같은 상태입니다.,포인트,사용,S003,포인트 사용처 문의,Y,Y,Y
VOC06653,포인트가 갑자기 줄었습니다,결제를 취소했는데 차감된 포인트가 복구되지 않았습니다.,포인트,차감,S010,포인트 오차감,Y,Y,Y
VOC07938,사고 처리 진행 상황 문의,제출한 서류가 정상적으로 접수됐는지 알고 싶습니다. 앱에서 확인이 어려워 문의드립니다.,사고,처리현황,S012,사고 처리 진행 문의,Y,Y,Y
VOC04614,주행점수 할인 확인 요청,현재 운전점수 기준으로 받을 수 있는 보험료 할인율이 궁금합니다. 앱을 다시 실행해도 같은 상태입니다.,보험,할인,S007,보험료 할인 적용 문의,Y,Y,Y
VOC08666,계약정보가 다르게 표시됩니다 처리 방법을 안내해주세요.,증권번호 [증권번호]의 차량정보가 현재 차량과 일치하지 않습니다. 관련 기준도 함께 알려주세요.,보험,계약정보,S013,계약정보 불일치,Y,Y,Y
VOC08808,등록 연락처 수정 요청,휴대전화 번호를 바꿨는데 앱 회원정보에는 이전 번호가 표시됩니다.,회원,회원정보,S014,휴대전화 번호 변경,Y,Y,Y
VOC07772,보상 처리 단계 문의,사고 접수 이후 진행 상황 안내를 받지 못했습니다.,사고,처리현황,S012,사고 처리 진행 문의,Y,Y,Y
VOC02072,로그인 화면에서 넘어가지 않아요 빠른 확인 요청드립니다.,기존에 사용하던 계정으로 접속되지 않아 문의드립니다.,회원,로그인,S004,로그인 오류,Y,Y,Y
VOC02634,아이디 입력 후 접속 오류,아이디와 비밀번호를 입력해도 로그인 오류가 발생합니다. 빠른 확인 요청드립니다. 필요한 확인 항목이 있다면 안내 부탁드립니다.,회원,로그인,S004,로그인 오류,Y,Y,Y
VOC01630,보유 포인트 사용 방법,적립된 포인트의 사용처와 사용 절차를 안내 부탁드립니다.,포인트,사용,S003,포인트 사용처 문의,Y,Y,Y
VOC09462,포인트 지급 조건 안내 요청,포인트를 받기 위한 최소 주행 조건이 궁금합니다. 확인 부탁드립니다.,포인트,적립기준,S015,포인트 적립 기준 문의,Y,Y,Y
VOC00854,포인트가 아직 처리되지 않았어요,[주행종료시간]에 주행을 종료했습니다. 포인트 반영 예정 시간을 알고 싶습니다.,포인트,적립,S002,주행 포인트 적립 지연,Y,Y,Y
VOC00930,포인트가 아직 처리되지 않았어요,오늘 주행을 마쳤는데 포인트가 아직 반영되지 않았습니다. 보통 얼마나 걸리나요?,포인트,적립,S002,주행 포인트 적립 지연,Y,Y,Y
VOC06495,잘못 차감된 포인트 문의,포인트 사용 이력과 실제 잔액이 맞지 않습니다. 처리 방법을 안내해주세요.,포인트,차감,S010,포인트 오차감,Y,Y,Y
VOC09876,주행 포인트 산정 방법 문의,짧은 거리 주행도 포인트 적립 대상인지 확인 요청드립니다. 앱에서 확인이 어려워 문의드립니다.,포인트,적립기준,S015,포인트 적립 기준 문의,Y,Y,Y
VOC09446,포인트 지급 조건 안내 요청,급가속이나 급감속 기록이 포인트 적립에 영향을 주나요? 앱에서 확인이 어려워 문의드립니다.,포인트,적립기준,S015,포인트 적립 기준 문의,Y,Y,Y
VOC02824,새 비밀번호 등록 문의,비밀번호 변경 절차와 조건을 안내해주세요.,회원,계정관리,S005,비밀번호 재설정,Y,Y,Y
VOC04209,안전운전 할인 적용 여부 문의,현재 운전점수 기준으로 받을 수 있는 보험료 할인율이 확인하고 싶습니다. 앱에서 확인이 어려워 문의드립니다.,보험,할인,S007,보험료 할인 적용 문의,Y,Y,Y
VOC09583,어떤 주행이 포인트 대상인가요 확인 부탁드립니다.,주행거리와 운전점수에 따라 포인트가 어떻게 산정되는지 알고 싶습니다. 빠른 확인 요청드립니다.,포인트,적립기준,S015,포인트 적립 기준 문의,Y,Y,Y
VOC04444,보험료 할인 혜택이 궁금합니다,현재 운전점수 기준으로 받을 수 있는 보험료 할인율이 확인하고 싶습니다.,보험,할인,S007,보험료 할인 적용 문의,Y,Y,Y
VOC02864,비밀번호 찾기 인증 오류,비밀번호가 기억나지 않아 재설정하려고 합니다.,회원,계정관리,S005,비밀번호 재설정,Y,Y,Y
VOC08055,보험 계약자 정보 오류,앱에 표시된 계약자명이 [이름]으로 되어 있는데 실제 정보와 다릅니다.,보험,계약정보,S013,계약정보 불일치,Y,Y,Y
VOC07883,접수한 사고는 어떻게 진행되고 있나요 관련 기준도 함께 알려주세요.,[날짜]에 접수한 사고의 담당자 배정 여부가 안내받고 싶습니다.,사고,처리현황,S012,사고 처리 진행 문의,Y,Y,Y
VOC07671,사고 접수 후 연락이 없습니다,사고 접수 이후 진행 상황 안내를 받지 못했습니다.,사고,처리현황,S012,사고 처리 진행 문의,Y,Y,Y
VOC04442,안전운전 할인 적용 여부 문의 확인 부탁드립니다.,안전운전 점수와 보험료 할인 적용 기준을 안내해주세요. 동일 현상이 반복되고 있습니다.,보험,할인,S007,보험료 할인 적용 문의,Y,Y,Y
VOC09132,휴대전화 번호를 변경하고 싶습니다,등록된 연락처가 실제 사용하는 번호와 달라 수정 요청드립니다. 관련 기준도 함께 알려주세요.,회원,회원정보,S014,휴대전화 번호 변경,Y,Y,Y
VOC03126,비밀번호를 재설정하고 싶습니다,비밀번호가 기억나지 않아 재설정하려고 합니다. 앱에서 확인이 어려워 문의드립니다. 필요한 확인 항목이 있다면 안내 부탁드립니다.,회원,계정관리,S005,비밀번호 재설정,Y,Y,Y
VOC08484,앱의 계약 내용이 맞지 않아요,증권번호 [증권번호]의 차량정보가 현재 차량과 일치하지 않습니다.,보험,계약정보,S013,계약정보 불일치,Y,Y,Y
VOC03265,비밀번호 변경이 되지 않습니다,비밀번호가 기억나지 않아 재설정하려고 합니다. 필요한 확인 항목이 있다면 안내 부탁드립니다.,회원,계정관리,S005,비밀번호 재설정,Y,Y,Y
VOC02725,비밀번호가 기억나지 않아요,비밀번호 변경 절차와 조건을 안내해주세요. 앱을 다시 실행해도 같은 상태입니다.,회원,계정관리,S005,비밀번호 재설정,Y,Y,Y
VOC06911,앱 실행 중 오류가 발생합니다,재설치 후에도 동일하게 앱이 강제 종료됩니다. 처리 방법을 안내해주세요.,앱,오류,S011,앱 실행 오류,Y,Y,Y
VOC01422,적립 포인트는 어디서 쓰나요,적립된 포인트의 사용처와 사용 절차를 안내 부탁드립니다. 처리 방법을 안내해주세요.,포인트,사용,S003,포인트 사용처 문의,Y,Y,Y
VOC02697,비밀번호 찾기 인증 오류,본인 인증 후 비밀번호 재설정 화면으로 이동하지 않습니다.,회원,계정관리,S005,비밀번호 재설정,Y,Y,Y
VOC01893,포인트를 사용할 수 있는 곳,보험료 결제 외에도 포인트를 사용할 수 있는 곳이 있나요? 관련 기준도 함께 알려주세요.,포인트,사용,S003,포인트 사용처 문의,Y,Y,Y
VOC04676,등록 차량 변경 요청 앱에서 확인이 어려워 문의드립니다.,차량번호 변경 후 주행 서비스 연결 방법을 문의합니다.,차량,차량정보,S008,차량정보 변경,Y,Y,Y
VOC01329,포인트 반영이 늦어지고 있습니다,[접수시간]에 주행을 종료했습니다. 포인트 반영 예정 시간을 알고 싶습니다. 필요한 확인 항목이 있다면 안내 부탁드립니다.,포인트,적립,S002,주행 포인트 적립 지연,Y,Y,Y
VOC06040,포인트가 갑자기 줄었습니다,포인트 내역에 알 수 없는 차감 기록이 있습니다.,포인트,차감,S010,포인트 오차감,Y,Y,Y
VOC01251,포인트가 아직 처리되지 않았어요,[시간]에 주행을 종료했습니다. 포인트 반영 예정 시간을 알고 싶습니다. 동일 현상이 반복되고 있습니다.,포인트,적립,S002,주행 포인트 적립 지연,Y,Y,Y
VOC05582,서비스 계정을 삭제하고 싶어요 앱에서 확인이 어려워 문의드립니다.,더 이상 서비스를 이용하지 않아 회원 탈퇴를 진행하고 싶습니다.,회원,계정관리,S009,회원 탈퇴,Y,Y,Y
VOC05316,등록 차량 변경 요청,기존 차량 [차량번호]에서 새 차량 [새차량번호]로 변경했습니다. 필요한 확인 항목이 있다면 안내 부탁드립니다.,차량,차량정보,S008,차량정보 변경,Y,Y,Y
VOC02528,계정 접속이 불가능합니다 확인 부탁드립니다.,아이디와 비밀번호를 입력해도 로그인 오류가 발생합니다.,회원,로그인,S004,로그인 오류,Y,Y,Y
VOC05465,회원 탈퇴를 요청합니다,더 이상 서비스를 이용하지 않아 회원 탈퇴를 진행하고 싶습니다. 빠른 확인 요청드립니다.,회원,계정관리,S009,회원 탈퇴,Y,Y,Y
VOC01088,포인트 반영이 늦어지고 있습니다,주행 후 몇 시간이 지났는데 아직 적립 대기 상태입니다.,포인트,적립,S002,주행 포인트 적립 지연,Y,Y,Y
VOC02276,아이디 입력 후 접속 오류,[오류코드] 메시지가 표시되면서 앱에 접속할 수 없습니다.,회원,로그인,S004,로그인 오류,Y,Y,Y
VOC06909,서비스 실행 불가 문의,앱을 실행하면 [오류코드] 오류가 표시되고 바로 종료됩니다.,앱,오류,S011,앱 실행 오류,Y,Y,Y
VOC04399,계약 할인 적용 상태 문의,증권번호 [계약번호] 계약에 안전운전 할인이 적용됐는지 확인하고 싶습니다. 앱에서 확인이 어려워 문의드립니다.,보험,할인,S007,보험료 할인 적용 문의,Y,Y,Y
VOC06124,포인트 잔액 오류,포인트 사용 이력과 실제 잔액이 맞지 않습니다.,포인트,차감,S010,포인트 오차감,Y,Y,Y
VOC09846,어떤 주행이 포인트 대상인가요,급가속이나 급감속 기록이 포인트 적립에 영향을 주나요? 앱에서 확인이 어려워 문의드립니다.,포인트,적립기준,S015,포인트 적립 기준 문의,Y,Y,Y
VOC03523,최근 주행기록 누락 문의,운전을 완료했지만 최근 주행 목록에 추가되지 않았습니다.,주행,주행기록,S006,주행기록 미반영,Y,Y,Y
VOC07091,앱 화면이 멈춥니다,재설치 후에도 동일하게 앱이 강제 종료됩니다.,앱,오류,S011,앱 실행 오류,Y,Y,Y
VOC02787,비밀번호 변경이 안 됩니다,새 비밀번호를 입력했지만 변경이 완료되지 않습니다.,회원,계정관리,S005,비밀번호 재설정,Y,Y,Y
VOC02575,로그인 화면에서 넘어가지 않아요,기존에 사용하던 계정으로 접속되지 않아 문의드립니다.,회원,로그인,S004,로그인 오류,Y,Y,Y
VOC04181,주행점수 할인 확인 요청,현재 운전점수 기준으로 받을 수 있는 보험료 할인율이 궁금합니다.,보험,할인,S007,보험료 할인 적용 문의,Y,Y,Y
VOC03761,운전한 내역이 앱에 없습니다,주행 종료 후에도 거리와 시간이 0으로 표시됩니다. 빠른 확인 요청드립니다.,주행,주행기록,S006,주행기록 미반영,Y,Y,Y
VOC01766,포인트 사용처가 궁금합니다,앱에 [차감금액] 포인트가 있는데 사용 가능한 항목을 확인하고 싶습니다.,포인트,사용,S003,포인트 사용처 문의,Y,Y,Y
VOC05052,차량을 변경했습니다,차량을 교체해서 앱의 등록 정보를 수정하고 싶습니다. 확인 부탁드립니다.,차량,차량정보,S008,차량정보 변경,Y,Y,Y
VOC08563,계약 차량 정보 불일치,계약 기간과 보험료 정보가 가입 당시 안내와 다르게 표시됩니다.,보험,계약정보,S013,계약정보 불일치,Y,Y,Y
VOC03972,최근 주행기록 누락 문의,운전을 완료했지만 최근 주행 목록에 추가되지 않았습니다. 동일 현상이 반복되고 있습니다.,주행,주행기록,S006,주행기록 미반영,Y,Y,Y
VOC07597,접수한 사고는 어떻게 진행되고 있나요,[접수일]에 접수한 사고의 담당자 배정 여부가 궁금합니다.,사고,처리현황,S012,사고 처리 진행 문의,Y,Y,Y
VOC09426,포인트 적립 기준이 궁금합니다 확인 부탁드립니다.,포인트 지급 대상과 제외 조건을 자세히 안내해주세요. 처리 방법을 안내해주세요.,포인트,적립기준,S015,포인트 적립 기준 문의,Y,Y,Y
VOC02182,로그인 화면에서 넘어가지 않아요,아이디와 비밀번호를 입력해도 로그인 오류가 발생합니다.,회원,로그인,S004,로그인 오류,Y,Y,Y
VOC02073,아이디 입력 후 접속 오류,[오류코드] 메시지가 표시되면서 앱에 접속할 수 없습니다.,회원,로그인,S004,로그인 오류,Y,Y,Y
VOC04421,안전운전 할인 적용 여부 문의 관련 기준도 함께 알려주세요.,갱신 계약에 주행분석 할인 혜택이 반영되는지 문의드립니다.,보험,할인,S007,보험료 할인 적용 문의,Y,Y,Y
VOC05229,등록 차량 변경 요청,차량을 교체해서 앱의 등록 정보를 수정하고 싶습니다.,차량,차량정보,S008,차량정보 변경,Y,Y,Y
VOC01832,적립 포인트는 어디서 쓰나요,포인트 사용 가능한 서비스와 제한 조건이 궁금합니다. 필요한 확인 항목이 있다면 안내 부탁드립니다.,포인트,사용,S003,포인트 사용처 문의,Y,Y,Y
VOC01187,주행 포인트는 언제 들어오나요,주행 후 몇 시간이 지났는데 아직 적립 대기 상태입니다.,포인트,적립,S002,주행 포인트 적립 지연,Y,Y,Y
VOC02281,계정 접속이 불가능합니다,기존에 사용하던 계정으로 접속되지 않아 문의드립니다. 앱에서 확인이 어려워 문의드립니다.,회원,로그인,S004,로그인 오류,Y,Y,Y
VOC08394,계약 차량 정보 불일치,보험 계약 정보 중 일부 항목이 잘못되어 수정 요청드립니다.,보험,계약정보,S013,계약정보 불일치,Y,Y,Y
VOC04642,보험료 할인이 반영됐나요,갱신 계약에 주행분석 할인 혜택이 반영되는지 문의드립니다. 처리 방법을 안내해주세요.,보험,할인,S007,보험료 할인 적용 문의,Y,Y,Y
VOC05396,서비스 계정을 삭제하고 싶어요,회원 탈퇴 시 남은 포인트와 주행기록이 어떻게 처리되는지 궁금합니다. 필요한 확인 항목이 있다면 안내 부탁드립니다.,회원,계정관리,S009,회원 탈퇴,Y,Y,Y
VOC02751,비밀번호 찾기 인증 오류,본인 인증 후 비밀번호 재설정 화면으로 이동하지 않습니다.,회원,계정관리,S005,비밀번호 재설정,Y,Y,Y
VOC05735,더 이상 서비스를 이용하지 않습니다,본인 인증 후 탈퇴가 완료되지 않아 확인 부탁드립니다.,회원,계정관리,S009,회원 탈퇴,Y,Y,Y
VOC02211,계속 로그인에 실패합니다,로그인 버튼을 눌러도 화면이 그대로입니다. 앱에서 확인이 어려워 문의드립니다.,회원,로그인,S004,로그인 오류,Y,Y,Y
VOC00032,주행 후 포인트가 없습니다 관련 기준도 함께 알려주세요.,[출발지]-[도착지] 구간을 운전했는데 적립 내역이 확인안 됩니다. 동일 현상이 반복되고 있습니다.,포인트,적립,S001,주행 포인트 미적립,Y,Y,Y
VOC01639,적립 포인트는 어디서 쓰나요 확인 부탁드립니다.,포인트 사용 가능한 서비스와 제한 조건이 궁금합니다.,포인트,사용,S003,포인트 사용처 문의,Y,Y,Y
VOC04726,앱 차량정보 수정 문의,기존 차량을 삭제하고 새 차량을 등록하는 방법을 알려주세요. 앱에서 확인이 어려워 문의드립니다.,차량,차량정보,S008,차량정보 변경,Y,Y,Y
VOC00706,포인트가 아직 처리되지 않았어요,방금 운전한 기록은 보이는데 포인트는 처리 중으로 표시됩니다.,포인트,적립,S002,주행 포인트 적립 지연,Y,Y,Y
VOC08966,휴대전화 번호를 변경하고 싶습니다 관련 기준도 함께 알려주세요.,휴대전화 번호를 바꿨는데 앱 회원정보에는 이전 번호가 표시됩니다. 확인 부탁드립니다.,회원,회원정보,S014,휴대전화 번호 변경,Y,Y,Y
VOC01102,운전 후 포인트 반영 시간 문의,방금 운전한 기록은 보이는데 포인트는 처리 중으로 표시됩니다.,포인트,적립,S002,주행 포인트 적립 지연,Y,Y,Y
VOC06554,포인트가 갑자기 줄었습니다 앱에서 확인이 어려워 문의드립니다.,사용한 적이 없는데 [포인트수량] 포인트가 차감된 것으로 표시됩니다.,포인트,차감,S010,포인트 오차감,Y,Y,Y
VOC09543,포인트 적립 기준이 궁금합니다,포인트를 받기 위한 최소 주행 조건이 확인하고 싶습니다. 빠른 확인 요청드립니다.,포인트,적립기준,S015,포인트 적립 기준 문의,Y,Y,Y
VOC04291,주행점수 할인 확인 요청,현재 운전점수 기준으로 받을 수 있는 보험료 할인율이 궁금합니다.,보험,할인,S007,보험료 할인 적용 문의,Y,Y,Y
VOC08255,보험 계약자 정보 오류,갱신한 계약이 앱에서 이전 계약으로 보입니다.,보험,계약정보,S013,계약정보 불일치,Y,Y,Y
VOC07559,접수한 사고는 어떻게 진행되고 있나요,보상 심사가 어느 단계까지 진행됐는지 확인 부탁드립니다.,사고,처리현황,S012,사고 처리 진행 문의,Y,Y,Y
VOC05579,회원 탈퇴를 요청합니다,더 이상 서비스를 이용하지 않아 회원 탈퇴를 진행하고 싶습니다. 동일 현상이 반복되고 있습니다.,회원,계정관리,S009,회원 탈퇴,Y,Y,Y
VOC00159,주행 포인트 미적립 문의,[출발지]에서 [도착지]까지 구간을 운전했는데 적립 내역이 확인되지 않습니다.,포인트,적립,S001,주행 포인트 미적립,Y,Y,Y
VOC06683,앱 화면이 멈춥니다,앱을 실행하면 [에러코드] 오류가 표시되고 바로 종료됩니다. 이전에 정상적으로 이용한 적이 있습니다.,앱,오류,S011,앱 실행 오류,Y,Y,Y
VOC09005,기존 전화번호 변경 문의,기존 번호 [기존전화번호]에서 새 번호 [변경전화번호]로 변경하고 싶습니다.,회원,회원정보,S014,휴대전화 번호 변경,Y,Y,Y
VOC02886,비밀번호 찾기 인증 오류,비밀번호 변경 절차와 조건을 안내해주세요. 앱에서 확인이 어려워 문의드립니다.,회원,계정관리,S005,비밀번호 재설정,Y,Y,Y
VOC09137,회원정보의 전화번호가 다릅니다 앱에서 확인이 어려워 문의드립니다.,등록된 연락처가 실제 사용하는 번호와 달라 수정 요청드립니다.,회원,회원정보,S014,휴대전화 번호 변경,Y,Y,Y
VOC08196,앱의 계약 내용이 맞지 않아요 앱에서 확인이 어려워 문의드립니다.,계약 기간과 보험료 정보가 가입 당시 안내와 다르게 표시됩니다. 처리 방법을 안내해주세요.,보험,계약정보,S013,계약정보 불일치,Y,Y,Y
VOC09711,운전점수와 포인트 관계 빠른 확인 요청드립니다.,포인트 지급 대상과 제외 조건을 자세히 안내해주세요.,포인트,적립기준,S015,포인트 적립 기준 문의,Y,Y,Y
VOC06899,앱이 계속 종료됩니다,앱을 열면 흰 화면만 보이고 아무 기능도 사용할 수 없습니다.,앱,오류,S011,앱 실행 오류,Y,Y,Y
VOC05668,서비스 계정을 삭제하고 싶어요,계정과 저장된 개인정보를 삭제하는 절차를 알려주세요.,회원,계정관리,S009,회원 탈퇴,Y,Y,Y
VOC08049,증권 정보 수정 문의,갱신한 계약이 앱에서 이전 계약으로 보입니다. 앱에서 확인이 어려워 문의드립니다.,보험,계약정보,S013,계약정보 불일치,Y,Y,Y
VOC04323,보험료 할인이 반영됐나요,갱신 계약에 주행분석 할인 혜택이 반영되는지 문의드립니다.,보험,할인,S007,보험료 할인 적용 문의,Y,Y,Y
VOC02816,비밀번호 변경이 되지 않습니다,새 비밀번호를 입력했지만 변경이 완료정상적으로 처리되지 않습니다. 빠른 확인 요청드립니다.,회원,계정관리,S005,비밀번호 재설정,Y,Y,Y
VOC05826,서비스 계정을 삭제하고 싶어요,회원 탈퇴 시 남은 포인트와 주행기록이 어떻게 처리되는지 궁금합니다.,회원,계정관리,S009,회원 탈퇴,Y,Y,Y
VOC08079,계약정보가 다르게 표시됩니다,보험 계약 정보 중 일부 항목이 잘못되어 수정 요청드립니다.,보험,계약정보,S013,계약정보 불일치,Y,Y,Y
VOC05241,앱 차량정보 수정 문의 앱에서 확인이 어려워 문의드립니다.,차량번호 변경 후 주행 서비스 연결 방법을 문의드립니다.,차량,차량정보,S008,차량정보 변경,Y,Y,Y
VOC03606,주행기록이 보이지 않습니다 처리 방법을 안내해주세요.,[날짜]에 [출발지]-[도착지] 구간을 운전했는데 앱에서 기록이 보이지 않습니다.,주행,주행기록,S006,주행기록 미반영,Y,Y,Y
VOC09296,기존 전화번호 변경 문의,기존 번호 [전화번호]에서 새 번호 [새전화번호]로 변경하고 싶습니다.,회원,회원정보,S014,휴대전화 번호 변경,Y,Y,Y
VOC09519,어떤 주행이 포인트 대상인가요 빠른 확인 요청드립니다.,짧은 거리 주행도 포인트 적립 대상인지 문의합니다.,포인트,적립기준,S015,포인트 적립 기준 문의,Y,Y,Y
VOC04025,보험료 할인이 반영됐나요,증권번호 [계약번호] 계약에 안전운전 할인이 적용됐는지 확인하고 싶습니다.,보험,할인,S007,보험료 할인 적용 문의,Y,Y,Y
VOC01516,포인트를 사용할 수 있는 곳,포인트 사용 가능한 서비스와 제한 조건이 궁금합니다.,포인트,사용,S003,포인트 사용처 문의,Y,Y,Y
VOC00300,주행 포인트가 적립되지 않았습니다,주행 조건을 충족한 것으로 보이는데 포인트가 0으로 표시됩니다.,포인트,적립,S001,주행 포인트 미적립,Y,Y,Y
VOC01530,보유 포인트 사용 방법,앱에 [금액] 포인트가 있는데 사용 가능한 항목을 확인하고 싶습니다. 빠른 확인 요청드립니다. 필요한 확인 항목이 있다면 안내 부탁드립니다.,포인트,사용,S003,포인트 사용처 문의,Y,Y,Y
VOC09792,어떤 주행이 포인트 대상인가요 확인 부탁드립니다.,짧은 거리 주행도 포인트 적립 대상인지 문의드립니다. 관련 기준도 함께 알려주세요.,포인트,적립기준,S015,포인트 적립 기준 문의,Y,Y,Y
VOC03945,주행 데이터가 반영되지 않았어요,운전을 완료했지만 최근 주행 목록에 추가되지 않았습니다.,주행,주행기록,S006,주행기록 미반영,Y,Y,Y
VOC08438,보험 계약자 정보 오류,계약 기간과 보험료 정보가 가입 당시 안내와 다르게 표시됩니다.,보험,계약정보,S013,계약정보 불일치,Y,Y,Y
VOC02741,비밀번호를 재설정하고 싶습니다,본인 인증 후 비밀번호 재설정 화면으로 이동하지 않습니다. 앱에서 확인이 어려워 문의드립니다. 현재 화면에서 직접 수정할 수 없습니다.,회원,계정관리,S005,비밀번호 재설정,Y,Y,Y
VOC08186,앱의 계약 내용이 맞지 않아요 관련 기준도 함께 알려주세요.,증권번호 [증권번호]의 차량정보가 현재 차량과 일치하지 않습니다.,보험,계약정보,S013,계약정보 불일치,Y,Y,Y
VOC00581,운전했는데 포인트가 안 들어왔어요,운전 기록은 정상적으로 보이지만 포인트가 들어오지 않았습니다. 이전에 정상적으로 이용한 적이 있습니다.,포인트,적립,S001,주행 포인트 미적립,Y,Y,Y
VOC08889,등록 연락처 수정 요청,기존 번호 [전화번호]에서 새 번호 [새전화번호]로 변경하고 싶습니다. 앱에서 확인이 어려워 문의드립니다.,회원,회원정보,S014,휴대전화 번호 변경,Y,Y,Y
VOC07012,앱이 계속 종료됩니다,특정 메뉴에 들어가면 화면이 멈추는 현상이 반복됩니다.,앱,오류,S011,앱 실행 오류,Y,Y,Y
VOC00252,주행 포인트 미적립 문의 빠른 확인 요청드립니다.,주행 조건을 충족한 것으로 보이는데 포인트가 0으로 표시됩니다.,포인트,적립,S001,주행 포인트 미적립,Y,Y,Y
VOC01459,보유 포인트 사용 방법,보험료 결제 외에도 포인트를 사용할 수 있는 곳이 있나요? 관련 기준도 함께 알려주세요.,포인트,사용,S003,포인트 사용처 문의,Y,Y,Y
VOC04502,보험료 할인이 반영됐나요 빠른 확인 요청드립니다.,증권번호 [계약번호] 계약에 안전운전 할인이 적용됐는지 확인하고 싶습니다.,보험,할인,S007,보험료 할인 적용 문의,Y,Y,Y
VOC04725,등록 차량 변경 요청,기존 차량 [차량번호]에서 새 차량 [변경차량번호]로 변경했습니다. 동일 현상이 반복되고 있습니다.,차량,차량정보,S008,차량정보 변경,Y,Y,Y
VOC03413,주행기록이 보이지 않습니다,차량은 정상적으로 운행했는데 주행 데이터가 수집되지 않은 것 같습니다.,주행,주행기록,S006,주행기록 미반영,Y,Y,Y
VOC03139,비밀번호가 기억나지 않아요,본인 인증 후 비밀번호 재설정 화면으로 이동하지 않습니다. 빠른 확인 요청드립니다.,회원,계정관리,S005,비밀번호 재설정,Y,Y,Y
VOC08976,새 번호로 인증받고 싶어요 확인 부탁드립니다.,번호 변경 후 로그인 인증 문자가 이전 번호로 발송됩니다.,회원,회원정보,S014,휴대전화 번호 변경,Y,Y,Y
VOC07032,앱 화면이 멈춥니다,앱을 열면 흰 화면만 보이고 아무 기능도 사용할 수 없습니다. 빠른 확인 요청드립니다. 동일 현상이 반복되고 있습니다.,앱,오류,S011,앱 실행 오류,Y,Y,Y
VOC04530,주행점수 할인 확인 요청 관련 기준도 함께 알려주세요.,갱신 계약에 주행분석 할인 혜택이 반영되는지 문의드립니다. 필요한 확인 항목이 있다면 안내 부탁드립니다.,보험,할인,S007,보험료 할인 적용 문의,Y,Y,Y
VOC05877,가입 정보 삭제 요청,더 이상 서비스를 이용하지 않아 회원 탈퇴를 진행하고 싶습니다.,회원,계정관리,S009,회원 탈퇴,Y,Y,Y
VOC05780,앱 회원 탈퇴 방법 문의,앱에서 탈퇴 메뉴를 찾을 수 없어 문의드립니다.,회원,계정관리,S009,회원 탈퇴,Y,Y,Y
VOC05521,서비스 계정을 삭제하고 싶어요 확인 부탁드립니다.,계정과 저장된 개인정보를 삭제하는 절차를 알려주세요.,회원,계정관리,S009,회원 탈퇴,Y,Y,Y
VOC01950,포인트를 사용할 수 있는 곳,적립된 포인트의 사용처와 사용 절차를 안내 부탁드립니다.,포인트,사용,S003,포인트 사용처 문의,Y,Y,Y
VOC09971,어떤 주행이 포인트 대상인가요 처리 방법을 안내해주세요.,짧은 거리 주행도 포인트 적립 대상인지 문의합니다.,포인트,적립기준,S015,포인트 적립 기준 문의,Y,Y,Y
VOC09169,새 번호로 인증받고 싶어요,번호 변경 후 로그인 인증 문자가 이전 번호로 발송됩니다. 앱에서 확인이 어려워 문의드립니다.,회원,회원정보,S014,휴대전화 번호 변경,Y,Y,Y
VOC08365,증권 정보 수정 문의 처리 방법을 안내해주세요.,갱신한 계약이 앱에서 이전 계약으로 보입니다.,보험,계약정보,S013,계약정보 불일치,Y,Y,Y
VOC03847,주행기록이 보이지 않습니다,주행 종료 후에도 거리와 시간이 0으로 표시됩니다. 관련 기준도 함께 알려주세요.,주행,주행기록,S006,주행기록 미반영,Y,Y,Y
VOC03858,최근 주행기록 누락 문의 빠른 확인 요청드립니다.,해당 시간대의 운전 내역이 누락되어 확인 요청드립니다. 앱에서 확인이 어려워 문의드립니다.,주행,주행기록,S006,주행기록 미반영,Y,Y,Y
VOC06841,업데이트 후 앱이 열리지 않아요 앱에서 확인이 어려워 문의드립니다.,특정 메뉴에 들어가면 화면이 멈추는 현상이 반복됩니다. 필요한 확인 항목이 있다면 안내 부탁드립니다.,앱,오류,S011,앱 실행 오류,Y,Y,Y
VOC05240,차량을 변경했습니다 관련 기준도 함께 알려주세요.,기존 차량 [기존차량번호]에서 새 차량 [새차량번호]로 변경했습니다.,차량,차량정보,S008,차량정보 변경,Y,Y,Y
VOC01913,포인트 사용처가 궁금합니다,앱에 [포인트수량] 포인트가 있는데 사용 가능한 항목을 확인하고 싶습니다.,포인트,사용,S003,포인트 사용처 문의,Y,Y,Y
VOC05565,앱 회원 탈퇴 방법 문의 처리 방법을 안내해주세요.,앱에서 탈퇴 메뉴를 찾을 수 없어 문의드립니다. 관련 기준도 함께 알려주세요. 현재 화면에서 직접 수정할 수 없습니다.,회원,계정관리,S009,회원 탈퇴,Y,Y,Y
VOC06085,잘못 차감된 포인트 문의,사용한 적이 없는데 [금액] 포인트가 차감된 것으로 표시됩니다.,포인트,차감,S010,포인트 오차감,Y,Y,Y
VOC04870,등록 차량 변경 요청,기존 차량을 삭제하고 새 차량을 등록하는 방법을 알려주세요. 빠른 확인 요청드립니다.,차량,차량정보,S008,차량정보 변경,Y,Y,Y
VOC02618,로그인 화면에서 넘어가지 않아요 앱에서 확인이 어려워 문의드립니다.,로그인 버튼을 눌러도 화면이 그대로입니다.,회원,로그인,S004,로그인 오류,Y,Y,Y
VOC09673,어떤 주행이 포인트 대상인가요,주행거리와 운전점수에 따라 포인트가 어떻게 산정되는지 알고 싶습니다.,포인트,적립기준,S015,포인트 적립 기준 문의,Y,Y,Y
VOC09754,포인트 지급 조건 안내 요청,포인트 지급 대상과 제외 조건을 자세히 안내해주세요. 동일 현상이 반복되고 있습니다.,포인트,적립기준,S015,포인트 적립 기준 문의,Y,Y,Y
VOC09637,포인트 지급 조건 안내 요청,짧은 거리 주행도 포인트 적립 대상인지 문의드립니다. 앱에서 확인이 어려워 문의드립니다.,포인트,적립기준,S015,포인트 적립 기준 문의,Y,Y,Y
VOC02754,새 비밀번호 등록 문의 처리 방법을 안내해주세요.,비밀번호가 기억나지 않아 재설정하려고 합니다.,회원,계정관리,S005,비밀번호 재설정,Y,Y,Y
VOC00925,운전 후 포인트 반영 시간 문의 앱에서 확인이 어려워 문의드립니다.,주행 후 몇 시간이 지났는데 아직 적립 대기 상태입니다. 관련 기준도 함께 알려주세요.,포인트,적립,S002,주행 포인트 적립 지연,Y,Y,Y
VOC00508,주행 후 포인트가 없습니다,[주행일]에 주행을 완료했는데 포인트가 아직 적립되지 않았습니다. 빠른 확인 요청드립니다.,포인트,적립,S001,주행 포인트 미적립,Y,Y,Y
VOC08756,기존 전화번호 변경 문의,등록된 연락처가 실제 사용하는 번호와 달라 수정 요청드립니다. 빠른 확인 요청드립니다. 동일 현상이 반복되고 있습니다.,회원,회원정보,S014,휴대전화 번호 변경,Y,Y,Y
VOC00475,주행 후 포인트가 없습니다 관련 기준도 함께 알려주세요.,[출발지]에서 [도착지]까지 구간을 운전했는데 적립 내역이 확인되지 않습니다. 현재 화면에서 직접 수정할 수 없습니다.,포인트,적립,S001,주행 포인트 미적립,Y,Y,Y
VOC06713,앱 실행 중 오류가 발생합니다,재설치 후에도 동일하게 앱이 강제 종료됩니다.,앱,오류,S011,앱 실행 오류,Y,Y,Y
VOC01246,운전 후 포인트 반영 시간 문의,[접수시간]에 주행을 종료했습니다. 포인트 반영 예정 시간을 알고 싶습니다.,포인트,적립,S002,주행 포인트 적립 지연,Y,Y,Y
VOC07988,사고 처리 진행 상황 문의,제출한 서류가 정상적으로 접수됐는지 알고 싶습니다.,사고,처리현황,S012,사고 처리 진행 문의,Y,Y,Y
VOC07283,앱이 계속 종료됩니다,앱을 열면 흰 화면만 보이고 아무 기능도 사용할 수 없습니다. 앱에서 확인이 어려워 문의드립니다.,앱,오류,S011,앱 실행 오류,Y,Y,Y
VOC04372,보험료 할인 혜택이 궁금합니다,안전운전 점수와 보험료 할인 적용 기준을 안내해주세요.,보험,할인,S007,보험료 할인 적용 문의,Y,Y,Y
VOC05858,앱 회원 탈퇴 방법 문의,더 이상 서비스를 이용하지 않아 회원 탈퇴를 진행하고 싶습니다.,회원,계정관리,S009,회원 탈퇴,Y,Y,Y
VOC08309,계약정보가 다르게 표시됩니다,앱에 표시된 계약자명이 [계약자명]으로 되어 있는데 실제 정보와 다릅니다.,보험,계약정보,S013,계약정보 불일치,Y,Y,Y
VOC08728,새 번호로 인증받고 싶어요,새 번호로 본인 인증을 진행하는 방법을 알려주세요. 앱을 다시 실행해도 같은 상태입니다.,회원,회원정보,S014,휴대전화 번호 변경,Y,Y,Y
VOC03912,주행 데이터가 반영되지 않았어요,주행 종료 후에도 거리와 시간이 0으로 표시됩니다.,주행,주행기록,S006,주행기록 미반영,Y,Y,Y
VOC00565,주행 포인트 미적립 문의,[출발지]-[도착지] 구간을 운전했는데 적립 내역이 확인되지 않습니다. 필요한 확인 항목이 있다면 안내 부탁드립니다.,포인트,적립,S001,주행 포인트 미적립,Y,Y,Y
VOC03878,최근 주행기록 누락 문의,차량은 정상적으로 운행했는데 주행 데이터가 수집되지 않은 것 같습니다. 앱을 다시 실행해도 같은 상태입니다.,주행,주행기록,S006,주행기록 미반영,Y,Y,Y
VOC03939,운전한 내역이 앱에 없습니다,해당 시간대의 운전 내역이 누락되어 확인 요청드립니다.,주행,주행기록,S006,주행기록 미반영,Y,Y,Y
VOC05932,서비스 계정을 삭제하고 싶어요 앱에서 확인이 어려워 문의드립니다.,더 이상 서비스를 이용하지 않아 회원 탈퇴를 진행하고 싶습니다. 빠른 확인 요청드립니다.,회원,계정관리,S009,회원 탈퇴,Y,Y,Y
VOC01733,적립 포인트는 어디서 쓰나요,포인트 사용 가능한 서비스와 제한 조건이 궁금합니다. 필요한 확인 항목이 있다면 안내 부탁드립니다.,포인트,사용,S003,포인트 사용처 문의,Y,Y,Y
VOC08708,기존 전화번호 변경 문의,등록된 연락처가 실제 사용하는 번호와 달라 수정 요청드립니다. 앱에서 확인이 어려워 문의드립니다.,회원,회원정보,S014,휴대전화 번호 변경,Y,Y,Y
VOC00840,포인트 반영이 늦어지고 있습니다,방금 운전한 기록은 보이는데 포인트는 처리 중으로 표시됩니다.,포인트,적립,S002,주행 포인트 적립 지연,Y,Y,Y
VOC02097,아이디 입력 후 접속 오류 처리 방법을 안내해주세요.,아이디와 비밀번호를 입력해도 로그인 오류가 발생합니다.,회원,로그인,S004,로그인 오류,Y,Y,Y
VOC02619,아이디 입력 후 접속 오류,[에러코드] 메시지가 표시되면서 앱에 접속할 수 없습니다. 이전에 정상적으로 이용한 적이 있습니다.,회원,로그인,S004,로그인 오류,Y,Y,Y
VOC04640,계약 할인 적용 상태 문의 관련 기준도 함께 알려주세요.,갱신 계약에 주행분석 할인 혜택이 반영되는지 문의합니다. 현재 화면에서 직접 수정할 수 없습니다.,보험,할인,S007,보험료 할인 적용 문의,Y,Y,Y
VOC04002,주행 데이터가 반영되지 않았어요,해당 시간대의 운전 내역이 누락되어 확인 요청드립니다.,주행,주행기록,S006,주행기록 미반영,Y,Y,Y
VOC05613,서비스 계정을 삭제하고 싶어요 확인 부탁드립니다.,회원 탈퇴 시 남은 포인트와 주행기록이 어떻게 처리되는지 궁금합니다.,회원,계정관리,S009,회원 탈퇴,Y,Y,Y
VOC01019,포인트 반영이 늦어지고 있습니다,"포인트가 바로 들어오는지, 일정 시간이 필요한지 문의드립니다.",포인트,적립,S002,주행 포인트 적립 지연,Y,Y,Y
VOC02901,비밀번호가 기억나지 않아요,새 비밀번호를 입력했지만 변경이 완료되지 않습니다.,회원,계정관리,S005,비밀번호 재설정,Y,Y,Y
VOC01073,포인트가 아직 처리되지 않았어요,오늘 주행을 마쳤는데 포인트가 아직 반영되지 않았습니다. 보통 얼마나 걸리나요? 현재 화면에서 직접 수정할 수 없습니다.,포인트,적립,S002,주행 포인트 적립 지연,Y,Y,Y
VOC07082,앱이 계속 종료됩니다,앱을 실행하면 [에러코드] 오류가 표시되고 바로 종료됩니다.,앱,오류,S011,앱 실행 오류,Y,Y,Y
VOC05397,회원 탈퇴를 요청합니다,본인 인증 후 탈퇴가 완료되지 않아 확인 부탁드립니다.,회원,계정관리,S009,회원 탈퇴,Y,Y,Y
VOC06661,사용하지 않은 포인트가 차감됐어요,포인트 내역에 알 수 없는 차감 기록이 있습니다.,포인트,차감,S010,포인트 오차감,Y,Y,Y
VOC08567,증권 정보 수정 문의,증권번호 [증권번호]의 차량정보가 현재 차량과 일치하지 않습니다.,보험,계약정보,S013,계약정보 불일치,Y,Y,Y
VOC09748,포인트 지급 조건 안내 요청,짧은 거리 주행도 포인트 적립 대상인지 문의드립니다. 관련 기준도 함께 알려주세요.,포인트,적립기준,S015,포인트 적립 기준 문의,Y,Y,Y
VOC08494,계약정보가 다르게 표시됩니다 확인 부탁드립니다.,계약 기간과 보험료 정보가 가입 당시 안내와 다르게 표시됩니다.,보험,계약정보,S013,계약정보 불일치,Y,Y,Y
VOC02943,비밀번호 찾기 인증 오류,본인 인증 후 비밀번호 재설정 화면으로 이동하지 않습니다. 확인 부탁드립니다.,회원,계정관리,S005,비밀번호 재설정,Y,Y,Y
VOC06254,잘못 차감된 포인트 문의,포인트 사용 이력과 실제 잔액이 맞지 않습니다. 관련 기준도 함께 알려주세요.,포인트,차감,S010,포인트 오차감,Y,Y,Y
VOC00237,주행 포인트 미적립 문의,운전 기록은 정상적으로 보이지만 포인트가 들어오지 않았습니다.,포인트,적립,S001,주행 포인트 미적립,Y,Y,Y
VOC02608,앱 로그인이 되지 않습니다,[오류코드] 메시지가 표시되면서 앱에 접속할 수 없습니다. 현재 화면에서 직접 수정할 수 없습니다.,회원,로그인,S004,로그인 오류,Y,Y,Y
VOC03412,주행 데이터가 반영되지 않았어요,[주행일]에 [출발지]에서 [도착지]까지 구간을 운전했는데 앱에서 기록이 보이지 않습니다.,주행,주행기록,S006,주행기록 미반영,Y,Y,Y
VOC02257,로그인 화면에서 넘어가지 않아요 확인 부탁드립니다.,아이디와 비밀번호를 입력해도 로그인 오류가 발생합니다. 확인 부탁드립니다.,회원,로그인,S004,로그인 오류,Y,Y,Y
VOC06382,포인트가 갑자기 줄었습니다,사용한 적이 없는데 [금액] 포인트가 차감된 것으로 표시됩니다.,포인트,차감,S010,포인트 오차감,Y,Y,Y
VOC06797,업데이트 후 앱이 열리지 않아요 빠른 확인 요청드립니다.,업데이트 이후 첫 화면에서 멈추고 다음으로 넘어가지 않습니다.,앱,오류,S011,앱 실행 오류,Y,Y,Y
VOC03793,주행기록이 보이지 않습니다,해당 시간대의 운전 내역이 누락되어 확인 요청드립니다.,주행,주행기록,S006,주행기록 미반영,Y,Y,Y
VOC08622,계약정보가 다르게 표시됩니다 앱에서 확인이 어려워 문의드립니다.,보험 계약 정보 중 일부 항목이 잘못되어 수정 요청드립니다.,보험,계약정보,S013,계약정보 불일치,Y,Y,Y
VOC07809,보상 처리 단계 문의,사건번호 [사고접수번호]와 관련해 현재 처리 단계를 확인하고 싶습니다.,사고,처리현황,S012,사고 처리 진행 문의,Y,Y,Y
VOC00071,주행 후 포인트가 없습니다,지난 주행 건에 대한 포인트를 받지 못했습니다. 확인 부탁드립니다.,포인트,적립,S001,주행 포인트 미적립,Y,Y,Y
VOC00385,주행 후 포인트가 없습니다,[주행구간] 구간을 운전했는데 적립 내역이 확인되지 않습니다.,포인트,적립,S001,주행 포인트 미적립,Y,Y,Y
VOC00516,주행 포인트가 적립되지 않았습니다,지난 주행 건에 대한 포인트를 받지 못했습니다. 확인 부탁드립니다.,포인트,적립,S001,주행 포인트 미적립,Y,Y,Y
VOC08262,계약 차량 정보 불일치 관련 기준도 함께 알려주세요.,앱에 표시된 계약자명이 [이름]으로 되어 있는데 실제 정보와 다릅니다.,보험,계약정보,S013,계약정보 불일치,Y,Y,Y
VOC08138,보험 계약자 정보 오류,보험 계약 정보 중 일부 항목이 잘못되어 수정 요청드립니다.,보험,계약정보,S013,계약정보 불일치,Y,Y,Y
VOC01235,포인트 반영이 늦어지고 있습니다 확인 부탁드립니다.,오늘 주행을 마쳤는데 포인트가 아직 반영되지 않았습니다. 보통 얼마나 걸리나요? 앱에서 확인이 어려워 문의드립니다. 앱을 다시 실행해도 같은 상태입니다.,포인트,적립,S002,주행 포인트 적립 지연,Y,Y,Y
VOC00685,포인트 적립 처리 중 문의,오늘 주행을 마쳤는데 포인트가 아직 반영되지 않았습니다. 보통 얼마나 걸리나요?,포인트,적립,S002,주행 포인트 적립 지연,Y,Y,Y
VOC09776,어떤 주행이 포인트 대상인가요,짧은 거리 주행도 포인트 적립 대상인지 문의드립니다.,포인트,적립기준,S015,포인트 적립 기준 문의,Y,Y,Y
VOC03914,최근 주행기록 누락 문의,[접수일]에 [출발지]-[도착지] 구간을 운전했는데 앱에서 기록이 보이지 않습니다.,주행,주행기록,S006,주행기록 미반영,Y,Y,Y
VOC03403,주행 데이터가 반영되지 않았어요,[날짜]에 [주행구간] 구간을 운전했는데 앱에서 기록이 보이지 않습니다.,주행,주행기록,S006,주행기록 미반영,Y,Y,Y
VOC04696,차량을 변경했습니다,기존 차량 [차량번호]에서 새 차량 [변경차량번호]로 변경했습니다.,차량,차량정보,S008,차량정보 변경,Y,Y,Y
VOC02215,앱 로그인이 되지 않습니다,아이디와 비밀번호를 입력해도 로그인 오류가 발생합니다. 이전에 정상적으로 이용한 적이 있습니다.,회원,로그인,S004,로그인 오류,Y,Y,Y
VOC00461,주행 포인트 미적립 문의,[출발지]-[도착지] 구간을 운전했는데 적립 내역이 확인되지 않습니다.,포인트,적립,S001,주행 포인트 미적립,Y,Y,Y
VOC06700,앱 화면이 멈춥니다,앱을 실행하면 [에러코드] 오류가 표시되고 바로 종료됩니다.,앱,오류,S011,앱 실행 오류,Y,Y,Y
VOC05210,차량을 변경했습니다,차량을 교체해서 앱의 등록 정보를 수정하고 싶습니다.,차량,차량정보,S008,차량정보 변경,Y,Y,Y
VOC03292,비밀번호 찾기 인증 오류 확인 부탁드립니다.,비밀번호 찾기 과정에서 [전화번호]로 인증번호가 오지 않습니다. 앱에서 확인이 어려워 문의드립니다.,회원,계정관리,S005,비밀번호 재설정,Y,Y,Y
VOC09697,포인트 적립 기준이 궁금합니다,급가속이나 급감속 기록이 포인트 적립에 영향을 주나요? 확인 부탁드립니다.,포인트,적립기준,S015,포인트 적립 기준 문의,Y,Y,Y
VOC03594,주행 데이터가 반영되지 않았어요 관련 기준도 함께 알려주세요.,차량은 정상적으로 운행했는데 주행 데이터가 수집되지 않은 것 같습니다.,주행,주행기록,S006,주행기록 미반영,Y,Y,Y
VOC00507,주행 포인트 미적립 문의 확인 부탁드립니다.,[출발지]-[도착지] 구간을 운전했는데 적립 내역이 확인안 됩니다.,포인트,적립,S001,주행 포인트 미적립,Y,Y,Y
VOC09215,회원정보의 전화번호가 다릅니다,번호 변경 후 로그인 인증 문자가 이전 번호로 발송됩니다.,회원,회원정보,S014,휴대전화 번호 변경,Y,Y,Y
VOC00079,포인트가 누락된 것 같습니다,운전 기록은 정상적으로 보이지만 포인트가 들어오지 않았습니다.,포인트,적립,S001,주행 포인트 미적립,Y,Y,Y
VOC01559,포인트를 사용할 수 있는 곳,앱에 [포인트수량] 포인트가 있는데 사용 가능한 항목을 확인하고 싶습니다. 이전에 정상적으로 이용한 적이 있습니다.,포인트,사용,S003,포인트 사용처 문의,Y,Y,Y
VOC09872,포인트 적립 기준이 궁금합니다,포인트 지급 대상과 제외 조건을 자세히 안내해주세요. 확인 부탁드립니다.,포인트,적립기준,S015,포인트 적립 기준 문의,Y,Y,Y
VOC07964,사고 접수 후 연락이 없습니다,제출한 서류가 정상적으로 접수됐는지 알고 싶습니다.,사고,처리현황,S012,사고 처리 진행 문의,Y,Y,Y
VOC01924,포인트 사용처가 궁금합니다,앱에 [금액] 포인트가 있는데 사용 가능한 항목을 확인하고 싶습니다.,포인트,사용,S003,포인트 사용처 문의,Y,Y,Y
VOC04173,보험료 할인 혜택이 궁금합니다 확인 부탁드립니다.,갱신 계약에 주행분석 할인 혜택이 반영되는지 문의드립니다. 처리 방법을 안내해주세요.,보험,할인,S007,보험료 할인 적용 문의,Y,Y,Y
VOC09767,어떤 주행이 포인트 대상인가요,급가속이나 급감속 기록이 포인트 적립에 영향을 주나요? 앱을 다시 실행해도 같은 상태입니다.,포인트,적립기준,S015,포인트 적립 기준 문의,Y,Y,Y
VOC02613,앱 로그인이 되지 않습니다,[오류코드] 메시지가 표시되면서 앱에 접속할 수 없습니다.,회원,로그인,S004,로그인 오류,Y,Y,Y
VOC06020,잘못 차감된 포인트 문의,포인트 사용 이력과 실제 잔액이 맞지 않습니다.,포인트,차감,S010,포인트 오차감,Y,Y,Y
VOC09002,새 번호로 인증받고 싶어요 확인 부탁드립니다.,번호 변경 후 로그인 인증 문자가 이전 번호로 발송됩니다. 동일 현상이 반복되고 있습니다.,회원,회원정보,S014,휴대전화 번호 변경,Y,Y,Y
VOC05639,더 이상 서비스를 이용하지 않습니다 확인 부탁드립니다.,회원 탈퇴 시 남은 포인트와 주행기록이 어떻게 처리되는지 궁금합니다. 이전에 정상적으로 이용한 적이 있습니다.,회원,계정관리,S009,회원 탈퇴,Y,Y,Y
VOC05617,회원 탈퇴를 요청합니다 처리 방법을 안내해주세요.,회원 탈퇴 시 남은 포인트와 주행기록이 어떻게 처리되는지 궁금합니다. 동일 현상이 반복되고 있습니다.,회원,계정관리,S009,회원 탈퇴,Y,Y,Y
VOC05202,새 차량으로 바꾸고 싶어요,보험 계약 차량은 변경됐는데 앱에는 이전 차량이 표시됩니다.,차량,차량정보,S008,차량정보 변경,Y,Y,Y
VOC00190,운전했는데 포인트가 안 들어왔어요,주행 조건을 충족한 것으로 보이는데 포인트가 0으로 표시됩니다. 앱에서 확인이 어려워 문의드립니다.,포인트,적립,S001,주행 포인트 미적립,Y,Y,Y
VOC06803,서비스 실행 불가 문의,업데이트 이후 첫 화면에서 멈추고 다음으로 넘어가지 않습니다.,앱,오류,S011,앱 실행 오류,Y,Y,Y
VOC00110,주행 포인트가 적립되지 않았습니다,[출발지]에서 [도착지]까지 구간을 운전했는데 적립 내역이 확인되지 않습니다.,포인트,적립,S001,주행 포인트 미적립,Y,Y,Y
VOC05823,더 이상 서비스를 이용하지 않습니다 앱에서 확인이 어려워 문의드립니다.,앱에서 탈퇴 메뉴를 찾을 수 없어 문의합니다. 처리 방법을 안내해주세요.,회원,계정관리,S009,회원 탈퇴,Y,Y,Y
VOC04914,차량을 변경했습니다 빠른 확인 요청드립니다.,차량을 교체해서 앱의 등록 정보를 수정하고 싶습니다.,차량,차량정보,S008,차량정보 변경,Y,Y,Y
VOC06674,서비스 실행 불가 문의 처리 방법을 안내해주세요.,재설치 후에도 동일하게 앱이 강제 종료됩니다. 현재 화면에서 직접 수정할 수 없습니다.,앱,오류,S011,앱 실행 오류,Y,Y,Y
VOC09273,기존 전화번호 변경 문의,기존 번호 [전화번호]에서 새 번호 [새전화번호]로 변경하고 싶습니다.,회원,회원정보,S014,휴대전화 번호 변경,Y,Y,Y
VOC01061,포인트 적립 처리 중 문의,[시간]에 주행을 종료했습니다. 포인트 반영 예정 시간을 알고 싶습니다. 처리 방법을 안내해주세요. 앱을 다시 실행해도 같은 상태입니다.,포인트,적립,S002,주행 포인트 적립 지연,Y,Y,Y
VOC06594,포인트가 갑자기 줄었습니다,결제를 취소했는데 차감된 포인트가 복구되지 않았습니다.,포인트,차감,S010,포인트 오차감,Y,Y,Y
VOC03545,최근 주행기록 누락 문의,차량은 정상적으로 운행했는데 주행 데이터가 수집되지 않은 것 같습니다. 앱을 다시 실행해도 같은 상태입니다.,주행,주행기록,S006,주행기록 미반영,Y,Y,Y
VOC04230,주행점수 할인 확인 요청 관련 기준도 함께 알려주세요.,앱에는 할인 대상이라고 나오는데 실제 보험료에 적용됐는지 알고 싶습니다. 처리 방법을 안내해주세요.,보험,할인,S007,보험료 할인 적용 문의,Y,Y,Y
VOC03699,운전한 내역이 앱에 없습니다,해당 시간대의 운전 내역이 누락되어 확인 요청드립니다.,주행,주행기록,S006,주행기록 미반영,Y,Y,Y
VOC00955,운전 후 포인트 반영 시간 문의,주행 후 몇 시간이 지났는데 아직 적립 대기 상태입니다.,포인트,적립,S002,주행 포인트 적립 지연,Y,Y,Y
VOC03371,주행 데이터가 반영되지 않았어요,운전을 완료했지만 최근 주행 목록에 추가되지 않았습니다. 처리 방법을 안내해주세요.,주행,주행기록,S006,주행기록 미반영,Y,Y,Y
VOC07618,사고 접수 후 연락이 없습니다,사건번호 [사고접수번호]와 관련해 현재 처리 단계를 확인하고 싶습니다. 현재 화면에서 직접 수정할 수 없습니다.,사고,처리현황,S012,사고 처리 진행 문의,Y,Y,Y
VOC09413,포인트 적립 기준이 궁금합니다,주행거리와 운전점수에 따라 포인트가 어떻게 산정되는지 알고 싶습니다.,포인트,적립기준,S015,포인트 적립 기준 문의,Y,Y,Y
VOC00692,운전 후 포인트 반영 시간 문의,"포인트가 바로 들어오는지, 일정 시간이 필요한지 문의합니다.",포인트,적립,S002,주행 포인트 적립 지연,Y,Y,Y
VOC08814,새 번호로 인증받고 싶어요 앱에서 확인이 어려워 문의드립니다.,번호 변경 후 로그인 인증 문자가 이전 번호로 발송됩니다. 필요한 확인 항목이 있다면 안내 부탁드립니다.,회원,회원정보,S014,휴대전화 번호 변경,Y,Y,Y
VOC05883,가입 정보 삭제 요청,앱에서 탈퇴 메뉴를 찾을 수 없어 문의드립니다. 빠른 확인 요청드립니다.,회원,계정관리,S009,회원 탈퇴,Y,Y,Y
VOC03670,최근 주행기록 누락 문의,해당 시간대의 운전 내역이 누락되어 확인 요청드립니다.,주행,주행기록,S006,주행기록 미반영,Y,Y,Y
VOC08892,휴대전화 번호를 변경하고 싶습니다,기존 번호 [기존전화번호]에서 새 번호 [변경전화번호]로 변경하고 싶습니다.,회원,회원정보,S014,휴대전화 번호 변경,Y,Y,Y
VOC06272,포인트가 갑자기 줄었습니다,사용한 적이 없는데 [포인트수량] 포인트가 차감된 것으로 표시됩니다. 앱에서 확인이 어려워 문의드립니다.,포인트,차감,S010,포인트 오차감,Y,Y,Y
VOC00337,주행 후 포인트가 없습니다,[출발지]에서 [도착지]까지 구간을 운전했는데 적립 내역이 확인정상적으로 처리되지 않습니다. 현재 화면에서 직접 수정할 수 없습니다.,포인트,적립,S001,주행 포인트 미적립,Y,Y,Y
VOC02805,비밀번호 찾기 인증 오류,비밀번호 찾기 과정에서 [전화번호]로 인증번호가 오지 않습니다. 처리 방법을 안내해주세요.,회원,계정관리,S005,비밀번호 재설정,Y,Y,Y
VOC04431,보험료 할인이 반영됐나요 관련 기준도 함께 알려주세요.,현재 운전점수 기준으로 받을 수 있는 보험료 할인율이 궁금합니다.,보험,할인,S007,보험료 할인 적용 문의,Y,Y,Y
VOC00937,포인트 반영이 늦어지고 있습니다,[주행종료시간]에 주행을 종료했습니다. 포인트 반영 예정 시간을 알고 싶습니다. 관련 기준도 함께 알려주세요.,포인트,적립,S002,주행 포인트 적립 지연,Y,Y,Y
VOC09016,회원정보의 전화번호가 다릅니다,번호 변경 후 로그인 인증 문자가 이전 번호로 발송됩니다.,회원,회원정보,S014,휴대전화 번호 변경,Y,Y,Y
VOC01324,운전 후 포인트 반영 시간 문의,방금 운전한 기록은 보이는데 포인트는 처리 중으로 표시됩니다. 처리 방법을 안내해주세요.,포인트,적립,S002,주행 포인트 적립 지연,Y,Y,Y
VOC02810,비밀번호 찾기 인증 오류 빠른 확인 요청드립니다.,새 비밀번호를 입력했지만 변경이 완료되지 않습니다.,회원,계정관리,S005,비밀번호 재설정,Y,Y,Y
VOC02167,앱 로그인이 되지 않습니다,로그인 버튼을 눌러도 화면이 그대로입니다.,회원,로그인,S004,로그인 오류,Y,Y,Y
VOC03209,비밀번호를 재설정하고 싶습니다 처리 방법을 안내해주세요.,본인 인증 후 비밀번호 재설정 화면으로 이동하지 않습니다.,회원,계정관리,S005,비밀번호 재설정,Y,Y,Y
VOC02813,비밀번호 찾기 인증 오류,새 비밀번호를 입력했지만 변경이 완료정상적으로 처리되지 않습니다.,회원,계정관리,S005,비밀번호 재설정,Y,Y,Y
VOC01684,적립 포인트는 어디서 쓰나요,현재 보유한 포인트를 어디에서 사용할 수 있는지 알려주세요. 빠른 확인 요청드립니다.,포인트,사용,S003,포인트 사용처 문의,Y,Y,Y
VOC01206,주행 포인트는 언제 들어오나요,"포인트가 바로 들어오는지, 일정 시간이 필요한지 확인 요청드립니다. 필요한 확인 항목이 있다면 안내 부탁드립니다.",포인트,적립,S002,주행 포인트 적립 지연,Y,Y,Y
VOC07873,보상 처리 단계 문의,보상 심사가 어느 단계까지 진행됐는지 확인 부탁드립니다. 확인 부탁드립니다.,사고,처리현황,S012,사고 처리 진행 문의,Y,Y,Y
VOC05120,새 차량으로 바꾸고 싶어요,기존 차량을 삭제하고 새 차량을 등록하는 방법을 알려주세요.,차량,차량정보,S008,차량정보 변경,Y,Y,Y
VOC04864,새 차량으로 바꾸고 싶어요,기존 차량 [기존차량번호]에서 새 차량 [새차량번호]로 변경했습니다.,차량,차량정보,S008,차량정보 변경,Y,Y,Y
VOC06755,앱이 계속 종료됩니다,특정 메뉴에 들어가면 화면이 멈추는 현상이 반복됩니다. 앱에서 확인이 어려워 문의드립니다.,앱,오류,S011,앱 실행 오류,Y,Y,Y
VOC09494,운전점수와 포인트 관계,짧은 거리 주행도 포인트 적립 대상인지 문의드립니다.,포인트,적립기준,S015,포인트 적립 기준 문의,Y,Y,Y
VOC00604,운전했는데 포인트가 안 들어왔어요,[출발지]-[도착지] 구간을 운전했는데 적립 내역이 확인되지 않습니다. 필요한 확인 항목이 있다면 안내 부탁드립니다.,포인트,적립,S001,주행 포인트 미적립,Y,Y,Y
VOC05384,서비스 계정을 삭제하고 싶어요 확인 부탁드립니다.,앱에서 탈퇴 메뉴를 찾을 수 없어 문의드립니다. 현재 화면에서 직접 수정할 수 없습니다.,회원,계정관리,S009,회원 탈퇴,Y,Y,Y
VOC08677,회원정보의 전화번호가 다릅니다,새 번호로 본인 인증을 진행하는 방법을 알려주세요.,회원,회원정보,S014,휴대전화 번호 변경,Y,Y,Y
VOC09919,주행 포인트 산정 방법 문의,포인트를 받기 위한 최소 주행 조건이 궁금합니다. 확인 부탁드립니다. 현재 화면에서 직접 수정할 수 없습니다.,포인트,적립기준,S015,포인트 적립 기준 문의,Y,Y,Y
VOC03180,비밀번호 찾기 인증 오류 처리 방법을 안내해주세요.,비밀번호 찾기 과정에서 [기존전화번호]로 인증번호가 오지 않습니다. 이전에 정상적으로 이용한 적이 있습니다.,회원,계정관리,S005,비밀번호 재설정,Y,Y,Y
VOC01162,포인트 반영이 늦어지고 있습니다 앱에서 확인이 어려워 문의드립니다.,방금 운전한 기록은 보이는데 포인트는 처리 중으로 표시됩니다.,포인트,적립,S002,주행 포인트 적립 지연,Y,Y,Y
VOC09586,포인트 적립 기준이 궁금합니다,급가속이나 급감속 기록이 포인트 적립에 영향을 주나요? 빠른 확인 요청드립니다.,포인트,적립기준,S015,포인트 적립 기준 문의,Y,Y,Y
VOC00367,운전했는데 포인트가 안 들어왔어요,지난 주행 건에 대한 포인트를 받지 못했습니다. 확인 부탁드립니다. 관련 기준도 함께 알려주세요.,포인트,적립,S001,주행 포인트 미적립,Y,Y,Y
VOC04420,보험료 할인 혜택이 궁금합니다 앱에서 확인이 어려워 문의드립니다.,현재 운전점수 기준으로 받을 수 있는 보험료 할인율이 궁금합니다.,보험,할인,S007,보험료 할인 적용 문의,Y,Y,Y
VOC00410,주행 포인트 미적립 문의,[주행일]에 주행을 완료했는데 포인트가 아직 적립되지 않았습니다.,포인트,적립,S001,주행 포인트 미적립,Y,Y,Y
VOC04477,안전운전 할인 적용 여부 문의 관련 기준도 함께 알려주세요.,현재 운전점수 기준으로 받을 수 있는 보험료 할인율이 궁금합니다. 앱에서 확인이 어려워 문의드립니다.,보험,할인,S007,보험료 할인 적용 문의,Y,Y,Y
VOC07031,앱이 계속 종료됩니다,재설치 후에도 동일하게 앱이 강제 종료됩니다.,앱,오류,S011,앱 실행 오류,Y,Y,Y
VOC07465,사고 접수 후 연락이 없습니다 앱에서 확인이 어려워 문의드립니다.,사고 접수 이후 진행 상황 안내를 받지 못했습니다.,사고,처리현황,S012,사고 처리 진행 문의,Y,Y,Y
VOC09307,새 번호로 인증받고 싶어요 확인 부탁드립니다.,휴대전화 번호를 바꿨는데 앱 회원정보에는 이전 번호가 표시됩니다.,회원,회원정보,S014,휴대전화 번호 변경,Y,Y,Y
VOC09910,포인트 지급 조건 안내 요청,짧은 거리 주행도 포인트 적립 대상인지 문의드립니다.,포인트,적립기준,S015,포인트 적립 기준 문의,Y,Y,Y
VOC06073,포인트 차감 내역이 이상합니다,포인트 사용 이력과 실제 잔액이 맞지 않습니다.,포인트,차감,S010,포인트 오차감,Y,Y,Y
VOC07462,사건번호 처리 상태 확인,보상 심사가 어느 단계까지 진행됐는지 확인 부탁드립니다.,사고,처리현황,S012,사고 처리 진행 문의,Y,Y,Y
VOC03067,새 비밀번호 등록 문의 빠른 확인 요청드립니다.,비밀번호가 기억나지 않아 재설정하려고 합니다. 관련 기준도 함께 알려주세요. 필요한 확인 항목이 있다면 안내 부탁드립니다.,회원,계정관리,S005,비밀번호 재설정,Y,Y,Y
VOC02687,비밀번호 찾기 인증 오류,비밀번호 찾기 과정에서 [전화번호]로 인증번호가 오지 않습니다.,회원,계정관리,S005,비밀번호 재설정,Y,Y,Y
VOC08014,보험 계약자 정보 오류,갱신한 계약이 앱에서 이전 계약으로 보입니다.,보험,계약정보,S013,계약정보 불일치,Y,Y,Y
VOC08088,증권 정보 수정 문의,증권번호 [계약번호]의 차량정보가 현재 차량과 일치하지 않습니다. 확인 부탁드립니다.,보험,계약정보,S013,계약정보 불일치,Y,Y,Y
VOC04375,계약 할인 적용 상태 문의 관련 기준도 함께 알려주세요.,증권번호 [증권번호] 계약에 안전운전 할인이 적용됐는지 확인하고 싶습니다. 앱을 다시 실행해도 같은 상태입니다.,보험,할인,S007,보험료 할인 적용 문의,Y,Y,Y
VOC08142,계약정보가 다르게 표시됩니다,증권번호 [계약번호]의 차량정보가 현재 차량과 일치하지 않습니다. 처리 방법을 안내해주세요.,보험,계약정보,S013,계약정보 불일치,Y,Y,Y
VOC02552,앱 로그인이 되지 않습니다,[오류코드] 메시지가 표시되면서 앱에 접속할 수 없습니다.,회원,로그인,S004,로그인 오류,Y,Y,Y
VOC09353,주행 포인트 산정 방법 문의,포인트를 받기 위한 최소 주행 조건이 궁금합니다.,포인트,적립기준,S015,포인트 적립 기준 문의,Y,Y,Y
VOC00285,주행 후 포인트가 없습니다,[주행일]에 주행을 완료했는데 포인트가 아직 적립되지 않았습니다. 필요한 확인 항목이 있다면 안내 부탁드립니다.,포인트,적립,S001,주행 포인트 미적립,Y,Y,Y
VOC09058,등록 연락처 수정 요청 앱에서 확인이 어려워 문의드립니다.,등록된 연락처가 실제 사용하는 번호와 달라 수정 요청드립니다.,회원,회원정보,S014,휴대전화 번호 변경,Y,Y,Y
VOC08702,기존 전화번호 변경 문의,새 번호로 본인 인증을 진행하는 방법을 알려주세요.,회원,회원정보,S014,휴대전화 번호 변경,Y,Y,Y
VOC00791,운전 후 포인트 반영 시간 문의,오늘 주행을 마쳤는데 포인트가 아직 반영되지 않았습니다. 보통 얼마나 걸리나요?,포인트,적립,S002,주행 포인트 적립 지연,Y,Y,Y
VOC01966,보유 포인트 사용 방법,앱에 [금액] 포인트가 있는데 사용 가능한 항목을 확인하고 싶습니다. 확인 부탁드립니다.,포인트,사용,S003,포인트 사용처 문의,Y,Y,Y
VOC00210,운전했는데 포인트가 안 들어왔어요 처리 방법을 안내해주세요.,[주행구간] 구간을 운전했는데 적립 내역이 확인되지 않습니다.,포인트,적립,S001,주행 포인트 미적립,Y,Y,Y
VOC09841,어떤 주행이 포인트 대상인가요 앱에서 확인이 어려워 문의드립니다.,짧은 거리 주행도 포인트 적립 대상인지 문의드립니다.,포인트,적립기준,S015,포인트 적립 기준 문의,Y,Y,Y
VOC08870,기존 전화번호 변경 문의,기존 번호 [기존전화번호]에서 새 번호 [변경전화번호]로 변경하고 싶습니다. 앱을 다시 실행해도 같은 상태입니다.,회원,회원정보,S014,휴대전화 번호 변경,Y,Y,Y
VOC01988,보유 포인트 사용 방법,적립된 포인트의 사용처와 사용 절차를 안내 부탁드립니다. 관련 기준도 함께 알려주세요.,포인트,사용,S003,포인트 사용처 문의,Y,Y,Y
VOC06414,포인트 차감 내역이 이상합니다,어제 확인한 잔액과 오늘 잔액이 달라서 문의드립니다. 확인 부탁드립니다.,포인트,차감,S010,포인트 오차감,Y,Y,Y
VOC01682,포인트 사용처가 궁금합니다,현재 보유한 포인트를 어디에서 사용할 수 있는지 알려주세요. 확인 부탁드립니다.,포인트,사용,S003,포인트 사용처 문의,Y,Y,Y
VOC07957,사고 접수 후 연락이 없습니다,보상 심사가 어느 단계까지 진행됐는지 확인 부탁드립니다. 관련 기준도 함께 알려주세요.,사고,처리현황,S012,사고 처리 진행 문의,Y,Y,Y
VOC09692,주행 포인트 산정 방법 문의,포인트 지급 대상과 제외 조건을 자세히 안내해주세요. 앱을 다시 실행해도 같은 상태입니다.,포인트,적립기준,S015,포인트 적립 기준 문의,Y,Y,Y
VOC00113,주행 후 포인트가 없습니다 앱에서 확인이 어려워 문의드립니다.,[주행구간] 구간을 운전했는데 적립 내역이 확인되지 않습니다.,포인트,적립,S001,주행 포인트 미적립,Y,Y,Y
VOC02168,계속 로그인에 실패합니다,기존에 사용하던 계정으로 접속되지 않아 문의드립니다. 관련 기준도 함께 알려주세요.,회원,로그인,S004,로그인 오류,Y,Y,Y
VOC03721,주행기록이 보이지 않습니다,주행 종료 후에도 거리와 시간이 0으로 표시됩니다.,주행,주행기록,S006,주행기록 미반영,Y,Y,Y
VOC01050,포인트 반영이 늦어지고 있습니다,오늘 주행을 마쳤는데 포인트가 아직 반영되지 않았습니다. 보통 얼마나 걸리나요? 빠른 확인 요청드립니다.,포인트,적립,S002,주행 포인트 적립 지연,Y,Y,Y
VOC05258,기존 차량 삭제 후 신규 등록,기존 차량 [기존차량번호]에서 새 차량 [변경차량번호]로 변경했습니다.,차량,차량정보,S008,차량정보 변경,Y,Y,Y
VOC00793,포인트 반영이 늦어지고 있습니다,오늘 주행을 마쳤는데 포인트가 아직 반영되지 않았습니다. 보통 얼마나 걸리나요? 처리 방법을 안내해주세요.,포인트,적립,S002,주행 포인트 적립 지연,Y,Y,Y
VOC04168,주행점수 할인 확인 요청,안전운전 점수와 보험료 할인 적용 기준을 안내해주세요. 앱에서 확인이 어려워 문의드립니다.,보험,할인,S007,보험료 할인 적용 문의,Y,Y,Y
VOC08339,보험 계약자 정보 오류 처리 방법을 안내해주세요.,갱신한 계약이 앱에서 이전 계약으로 보입니다.,보험,계약정보,S013,계약정보 불일치,Y,Y,Y
VOC03127,비밀번호를 재설정하고 싶습니다,비밀번호가 기억나지 않아 재설정하려고 합니다. 처리 방법을 안내해주세요.,회원,계정관리,S005,비밀번호 재설정,Y,Y,Y
VOC04602,계약 할인 적용 상태 문의 처리 방법을 안내해주세요.,안전운전 점수와 보험료 할인 적용 기준을 안내해주세요. 관련 기준도 함께 알려주세요. 앱을 다시 실행해도 같은 상태입니다.,보험,할인,S007,보험료 할인 적용 문의,Y,Y,Y
VOC03130,비밀번호를 재설정하고 싶습니다,비밀번호 찾기 과정에서 [기존전화번호]로 인증번호가 오지 않습니다. 빠른 확인 요청드립니다.,회원,계정관리,S005,비밀번호 재설정,Y,Y,Y
VOC04604,주행점수 할인 확인 요청,앱에는 할인 대상이라고 나오는데 실제 보험료에 적용됐는지 알고 싶습니다.,보험,할인,S007,보험료 할인 적용 문의,Y,Y,Y
VOC02578,아이디 입력 후 접속 오류,여러 번 시도했지만 인증 후 다시 로그인 화면으로 돌아옵니다. 확인 부탁드립니다.,회원,로그인,S004,로그인 오류,Y,Y,Y
VOC09636,운전점수와 포인트 관계 빠른 확인 요청드립니다.,포인트를 받기 위한 최소 주행 조건이 궁금합니다.,포인트,적립기준,S015,포인트 적립 기준 문의,Y,Y,Y
VOC07382,사고 처리 진행 상황 문의,사고 접수 이후 진행 상황 안내를 받지 못했습니다. 이전에 정상적으로 이용한 적이 있습니다.,사고,처리현황,S012,사고 처리 진행 문의,Y,Y,Y
VOC00954,주행 포인트는 언제 들어오나요,"포인트가 바로 들어오는지, 일정 시간이 필요한지 문의합니다.",포인트,적립,S002,주행 포인트 적립 지연,Y,Y,Y
VOC04214,계약 할인 적용 상태 문의 앱에서 확인이 어려워 문의드립니다.,갱신 계약에 주행분석 할인 혜택이 반영되는지 문의드립니다.,보험,할인,S007,보험료 할인 적용 문의,Y,Y,Y
VOC00223,주행 포인트 미적립 문의,[날짜]에 주행을 완료했는데 포인트가 아직 적립되지 않았습니다.,포인트,적립,S001,주행 포인트 미적립,Y,Y,Y
VOC05107,등록 차량 변경 요청,차량번호 변경 후 주행 서비스 연결 방법을 문의드립니다.,차량,차량정보,S008,차량정보 변경,Y,Y,Y
VOC09890,어떤 주행이 포인트 대상인가요,포인트 지급 대상과 제외 조건을 자세히 안내해주세요.,포인트,적립기준,S015,포인트 적립 기준 문의,Y,Y,Y
VOC00522,주행 포인트 미적립 문의,지난 주행 건에 대한 포인트를 받지 못했습니다. 확인 부탁드립니다.,포인트,적립,S001,주행 포인트 미적립,Y,Y,Y
VOC06431,포인트 잔액 오류,어제 확인한 잔액과 오늘 잔액이 달라서 문의드립니다.,포인트,차감,S010,포인트 오차감,Y,Y,Y
VOC01390,보유 포인트 사용 방법,앱에 [금액] 포인트가 있는데 사용 가능한 항목을 확인하고 싶습니다.,포인트,사용,S003,포인트 사용처 문의,Y,Y,Y
VOC00951,주행 포인트는 언제 들어오나요,주행 후 몇 시간이 지났는데 아직 적립 대기 상태입니다.,포인트,적립,S002,주행 포인트 적립 지연,Y,Y,Y
VOC05133,등록 차량 변경 요청 관련 기준도 함께 알려주세요.,기존 차량을 삭제하고 새 차량을 등록하는 방법을 알려주세요.,차량,차량정보,S008,차량정보 변경,Y,Y,Y
VOC02971,비밀번호 변경이 되지 않습니다,비밀번호 변경 절차와 조건을 안내해주세요. 빠른 확인 요청드립니다.,회원,계정관리,S005,비밀번호 재설정,Y,Y,Y
VOC05111,등록 차량 변경 요청,기존 차량을 삭제하고 새 차량을 등록하는 방법을 알려주세요.,차량,차량정보,S008,차량정보 변경,Y,Y,Y
VOC01094,포인트 적립 처리 중 문의,주행 후 몇 시간이 지났는데 아직 적립 대기 상태입니다.,포인트,적립,S002,주행 포인트 적립 지연,Y,Y,Y
VOC00384,주행 후 포인트가 없습니다,[접수일]에 주행을 완료했는데 포인트가 아직 적립되지 않았습니다.,포인트,적립,S001,주행 포인트 미적립,Y,Y,Y
VOC09187,휴대전화 번호를 변경하고 싶습니다,기존 번호 [전화번호]에서 새 번호 [변경전화번호]로 변경하고 싶습니다. 현재 화면에서 직접 수정할 수 없습니다.,회원,회원정보,S014,휴대전화 번호 변경,Y,Y,Y
VOC00099,주행 후 포인트가 없습니다 앱에서 확인이 어려워 문의드립니다.,주행 조건을 충족한 것으로 보이는데 포인트가 0으로 표시됩니다. 빠른 확인 요청드립니다.,포인트,적립,S001,주행 포인트 미적립,Y,Y,Y
VOC02311,아이디 입력 후 접속 오류 처리 방법을 안내해주세요.,아이디와 비밀번호를 입력해도 로그인 오류가 발생합니다. 확인 부탁드립니다.,회원,로그인,S004,로그인 오류,Y,Y,Y
VOC07363,보상 처리 단계 문의,보상 심사가 어느 단계까지 진행됐는지 확인 부탁드립니다.,사고,처리현황,S012,사고 처리 진행 문의,Y,Y,Y
VOC07884,접수한 사고는 어떻게 진행되고 있나요,[접수일]에 접수한 사고의 담당자 배정 여부가 궁금합니다.,사고,처리현황,S012,사고 처리 진행 문의,Y,Y,Y
VOC00895,주행 포인트는 언제 들어오나요,오늘 주행을 마쳤는데 포인트가 아직 반영되지 않았습니다. 보통 얼마나 걸리나요?,포인트,적립,S002,주행 포인트 적립 지연,Y,Y,Y
VOC01424,포인트 사용처가 확인하고 싶습니다 빠른 확인 요청드립니다.,보험료 결제 외에도 포인트를 사용할 수 있는 곳이 있나요? 앱을 다시 실행해도 같은 상태입니다.,포인트,사용,S003,포인트 사용처 문의,Y,Y,Y
VOC06813,앱 화면이 멈춥니다,앱을 열면 흰 화면만 보이고 아무 기능도 사용할 수 없습니다. 현재 화면에서 직접 수정할 수 없습니다.,앱,오류,S011,앱 실행 오류,Y,Y,Y
VOC06856,업데이트 후 앱이 열리지 않아요 앱에서 확인이 어려워 문의드립니다.,특정 메뉴에 들어가면 화면이 멈추는 현상이 반복됩니다.,앱,오류,S011,앱 실행 오류,Y,Y,Y
VOC03669,주행기록이 보이지 않습니다,운전을 완료했지만 최근 주행 목록에 추가되지 않았습니다.,주행,주행기록,S006,주행기록 미반영,Y,Y,Y
VOC08075,보험 계약자 정보 오류 빠른 확인 요청드립니다.,보험 계약 정보 중 일부 항목이 잘못되어 수정 요청드립니다.,보험,계약정보,S013,계약정보 불일치,Y,Y,Y
VOC09838,포인트 적립 기준이 궁금합니다,주행거리와 운전점수에 따라 포인트가 어떻게 산정되는지 알고 싶습니다. 동일 현상이 반복되고 있습니다.,포인트,적립기준,S015,포인트 적립 기준 문의,Y,Y,Y
VOC01334,포인트 반영이 늦어지고 있습니다,방금 운전한 기록은 보이는데 포인트는 처리 중으로 표시됩니다.,포인트,적립,S002,주행 포인트 적립 지연,Y,Y,Y
VOC00018,운전했는데 포인트가 안 들어왔어요,[접수일]에 주행을 완료했는데 포인트가 아직 적립되지 않았습니다.,포인트,적립,S001,주행 포인트 미적립,Y,Y,Y
VOC06357,사용하지 않은 포인트가 차감됐어요,결제를 취소했는데 차감된 포인트가 복구되지 않았습니다.,포인트,차감,S010,포인트 오차감,Y,Y,Y
VOC00627,주행 후 포인트가 없습니다,[출발지]에서 [도착지]까지 구간을 운전했는데 적립 내역이 확인되지 않습니다.,포인트,적립,S001,주행 포인트 미적립,Y,Y,Y
VOC00713,포인트가 아직 처리되지 않았어요,오늘 주행을 마쳤는데 포인트가 아직 반영되지 않았습니다. 보통 얼마나 걸리나요?,포인트,적립,S002,주행 포인트 적립 지연,Y,Y,Y
VOC05110,앱 차량정보 수정 문의,보험 계약 차량은 변경됐는데 앱에는 이전 차량이 표시됩니다. 앱에서 확인이 어려워 문의드립니다.,차량,차량정보,S008,차량정보 변경,Y,Y,Y
VOC01816,적립 포인트는 어디서 쓰나요 앱에서 확인이 어려워 문의드립니다.,현재 보유한 포인트를 어디에서 사용할 수 있는지 알려주세요. 빠른 확인 요청드립니다.,포인트,사용,S003,포인트 사용처 문의,Y,Y,Y
VOC01204,포인트 적립 처리 중 문의,오늘 주행을 마쳤는데 포인트가 아직 반영되지 않았습니다. 보통 얼마나 걸리나요?,포인트,적립,S002,주행 포인트 적립 지연,Y,Y,Y
VOC08381,보험 계약자 정보 오류,갱신한 계약이 앱에서 이전 계약으로 보입니다.,보험,계약정보,S013,계약정보 불일치,Y,Y,Y
VOC05891,더 이상 서비스를 이용하지 않습니다,계정과 저장된 개인정보를 삭제하는 절차를 알려주세요.,회원,계정관리,S009,회원 탈퇴,Y,Y,Y
VOC01539,포인트 사용처가 안내받고 싶습니다,포인트 사용 가능한 서비스와 제한 조건이 확인하고 싶습니다. 앱을 다시 실행해도 같은 상태입니다.,포인트,사용,S003,포인트 사용처 문의,Y,Y,Y
VOC05754,더 이상 서비스를 이용하지 않습니다,앱에서 탈퇴 메뉴를 찾을 수 없어 문의드립니다.,회원,계정관리,S009,회원 탈퇴,Y,Y,Y
VOC01318,운전 후 포인트 반영 시간 문의 관련 기준도 함께 알려주세요.,주행 후 몇 시간이 지났는데 아직 적립 대기 상태입니다. 처리 방법을 안내해주세요.,포인트,적립,S002,주행 포인트 적립 지연,Y,Y,Y
VOC04413,주행점수 할인 확인 요청,현재 운전점수 기준으로 받을 수 있는 보험료 할인율이 궁금합니다. 확인 부탁드립니다.,보험,할인,S007,보험료 할인 적용 문의,Y,Y,Y
VOC08946,휴대전화 번호를 변경하고 싶습니다,새 번호로 본인 인증을 진행하는 방법을 안내 부탁드립니다.,회원,회원정보,S014,휴대전화 번호 변경,Y,Y,Y
VOC02967,비밀번호를 재설정하고 싶습니다 확인 부탁드립니다.,본인 인증 후 비밀번호 재설정 화면으로 이동하지 않습니다. 관련 기준도 함께 알려주세요.,회원,계정관리,S005,비밀번호 재설정,Y,Y,Y
VOC06101,잘못 차감된 포인트 문의 앱에서 확인이 어려워 문의드립니다.,포인트 사용 이력과 실제 잔액이 맞지 않습니다.,포인트,차감,S010,포인트 오차감,Y,Y,Y
VOC03183,비밀번호가 기억나지 않아요 앱에서 확인이 어려워 문의드립니다.,본인 인증 후 비밀번호 재설정 화면으로 이동하지 않습니다. 빠른 확인 요청드립니다.,회원,계정관리,S005,비밀번호 재설정,Y,Y,Y
VOC00483,주행 후 포인트가 없습니다 앱에서 확인이 어려워 문의드립니다.,지난 주행 건에 대한 포인트를 받지 못했습니다. 확인 부탁드립니다. 동일 현상이 반복되고 있습니다.,포인트,적립,S001,주행 포인트 미적립,Y,Y,Y
VOC03112,비밀번호를 재설정하고 싶습니다,비밀번호 찾기 과정에서 [기존전화번호]로 인증번호가 오지 않습니다. 빠른 확인 요청드립니다.,회원,계정관리,S005,비밀번호 재설정,Y,Y,Y
VOC01840,포인트 사용 가능 서비스 문의,현재 보유한 포인트를 어디에서 사용할 수 있는지 알려주세요. 필요한 확인 항목이 있다면 안내 부탁드립니다.,포인트,사용,S003,포인트 사용처 문의,Y,Y,Y
VOC01452,포인트 사용 가능 서비스 문의,앱에 [금액] 포인트가 있는데 사용 가능한 항목을 확인하고 싶습니다. 확인 부탁드립니다.,포인트,사용,S003,포인트 사용처 문의,Y,Y,Y
VOC01177,주행 포인트는 언제 들어오나요 앱에서 확인이 어려워 문의드립니다.,주행 후 몇 시간이 지났는데 아직 적립 대기 상태입니다. 빠른 확인 요청드립니다.,포인트,적립,S002,주행 포인트 적립 지연,Y,Y,Y
VOC04423,보험료 할인 혜택이 궁금합니다,앱에는 할인 대상이라고 나오는데 실제 보험료에 적용됐는지 알고 싶습니다.,보험,할인,S007,보험료 할인 적용 문의,Y,Y,Y
VOC00084,포인트가 누락된 것 같습니다 빠른 확인 요청드립니다.,[접수일]에 주행을 완료했는데 포인트가 아직 적립되지 않았습니다.,포인트,적립,S001,주행 포인트 미적립,Y,Y,Y
VOC05787,앱 회원 탈퇴 방법 문의,회원 탈퇴 시 남은 포인트와 주행기록이 어떻게 처리되는지 안내받고 싶습니다.,회원,계정관리,S009,회원 탈퇴,Y,Y,Y
VOC02524,계정 접속이 불가능합니다,기존에 사용하던 계정으로 접속되지 않아 문의드립니다.,회원,로그인,S004,로그인 오류,Y,Y,Y
VOC06155,포인트가 갑자기 줄었습니다 빠른 확인 요청드립니다.,포인트 사용 이력과 실제 잔액이 맞지 않습니다.,포인트,차감,S010,포인트 오차감,Y,Y,Y
VOC00932,운전 후 포인트 반영 시간 문의,주행 후 몇 시간이 지났는데 아직 적립 대기 상태입니다.,포인트,적립,S002,주행 포인트 적립 지연,Y,Y,Y
VOC06681,앱 실행 중 오류가 발생합니다,업데이트 이후 첫 화면에서 멈추고 다음으로 넘어가지 않습니다.,앱,오류,S011,앱 실행 오류,Y,Y,Y
VOC03042,비밀번호가 기억나지 않아요,비밀번호 찾기 과정에서 [전화번호]로 인증번호가 오지 않습니다.,회원,계정관리,S005,비밀번호 재설정,Y,Y,Y
VOC06498,포인트 차감 내역이 이상합니다,포인트 사용 이력과 실제 잔액이 맞지 않습니다. 처리 방법을 안내해주세요.,포인트,차감,S010,포인트 오차감,Y,Y,Y
VOC00124,포인트가 누락된 것 같습니다,[주행구간] 구간을 운전했는데 적립 내역이 확인정상적으로 처리되지 않습니다.,포인트,적립,S001,주행 포인트 미적립,Y,Y,Y
VOC00712,포인트가 아직 처리되지 않았어요,주행 후 몇 시간이 지났는데 아직 적립 대기 상태입니다.,포인트,적립,S002,주행 포인트 적립 지연,Y,Y,Y
VOC09471,포인트 지급 조건 안내 요청 확인 부탁드립니다.,주행거리와 운전점수에 따라 포인트가 어떻게 산정되는지 알고 싶습니다.,포인트,적립기준,S015,포인트 적립 기준 문의,Y,Y,Y
VOC07944,사건번호 처리 상태 확인,[접수일]에 접수한 사고의 담당자 배정 여부가 궁금합니다.,사고,처리현황,S012,사고 처리 진행 문의,Y,Y,Y
VOC03441,앱에서 운전 기록 확인 불가,운전을 완료했지만 최근 주행 목록에 추가되지 않았습니다. 앱에서 확인이 어려워 문의드립니다.,주행,주행기록,S006,주행기록 미반영,Y,Y,Y
VOC02208,아이디 입력 후 접속 오류,[에러코드] 메시지가 표시되면서 앱에 접속할 수 없습니다. 이전에 정상적으로 이용한 적이 있습니다.,회원,로그인,S004,로그인 오류,Y,Y,Y
VOC07578,사고 접수 후 연락이 없습니다 확인 부탁드립니다.,보상 심사가 어느 단계까지 진행됐는지 확인 부탁드립니다.,사고,처리현황,S012,사고 처리 진행 문의,Y,Y,Y
VOC06334,포인트가 갑자기 줄었습니다,사용한 적이 없는데 [포인트수량] 포인트가 차감된 것으로 표시됩니다.,포인트,차감,S010,포인트 오차감,Y,Y,Y
VOC07169,서비스 실행 불가 문의,앱을 실행하면 [에러코드] 오류가 표시되고 바로 종료됩니다. 확인 부탁드립니다. 이전에 정상적으로 이용한 적이 있습니다.,앱,오류,S011,앱 실행 오류,Y,Y,Y
VOC00998,포인트가 아직 처리되지 않았어요,[접수시간]에 주행을 종료했습니다. 포인트 반영 예정 시간을 알고 싶습니다.,포인트,적립,S002,주행 포인트 적립 지연,Y,Y,Y
VOC00134,주행 포인트가 적립되지 않았습니다,주행 조건을 충족한 것으로 보이는데 포인트가 0으로 표시됩니다.,포인트,적립,S001,주행 포인트 미적립,Y,Y,Y
VOC03132,새 비밀번호 등록 문의,비밀번호 변경 절차와 조건을 안내해주세요.,회원,계정관리,S005,비밀번호 재설정,Y,Y,Y
VOC08717,등록 연락처 수정 요청,휴대전화 번호를 바꿨는데 앱 회원정보에는 이전 번호가 표시됩니다. 확인 부탁드립니다. 필요한 확인 항목이 있다면 안내 부탁드립니다.,회원,회원정보,S014,휴대전화 번호 변경,Y,Y,Y
VOC07249,업데이트 후 앱이 열리지 않아요,업데이트 이후 첫 화면에서 멈추고 다음으로 넘어가지 않습니다. 앱에서 확인이 어려워 문의드립니다.,앱,오류,S011,앱 실행 오류,Y,Y,Y
VOC03769,주행기록이 보이지 않습니다,차량은 정상적으로 운행했는데 주행 데이터가 수집되지 않은 것 같습니다.,주행,주행기록,S006,주행기록 미반영,Y,Y,Y
VOC05461,서비스 계정을 삭제하고 싶어요,본인 인증 후 탈퇴가 완료되지 않아 확인 부탁드립니다. 이전에 정상적으로 이용한 적이 있습니다.,회원,계정관리,S009,회원 탈퇴,Y,Y,Y
VOC04404,주행점수 할인 확인 요청,앱에는 할인 대상이라고 나오는데 실제 보험료에 적용됐는지 알고 싶습니다. 빠른 확인 요청드립니다.,보험,할인,S007,보험료 할인 적용 문의,Y,Y,Y
VOC00646,포인트가 누락된 것 같습니다 빠른 확인 요청드립니다.,[주행일]에 주행을 완료했는데 포인트가 아직 적립되지 않았습니다.,포인트,적립,S001,주행 포인트 미적립,Y,Y,Y
VOC08927,등록 연락처 수정 요청,새 번호로 본인 인증을 진행하는 방법을 알려주세요.,회원,회원정보,S014,휴대전화 번호 변경,Y,Y,Y
VOC06466,사용하지 않은 포인트가 차감됐어요 앱에서 확인이 어려워 문의드립니다.,포인트 사용 이력과 실제 잔액이 맞지 않습니다.,포인트,차감,S010,포인트 오차감,Y,Y,Y
VOC06977,앱 실행 중 오류가 발생합니다,앱을 열면 흰 화면만 보이고 아무 기능도 사용할 수 없습니다. 필요한 확인 항목이 있다면 안내 부탁드립니다.,앱,오류,S011,앱 실행 오류,Y,Y,Y
VOC05879,서비스 계정을 삭제하고 싶어요,본인 인증 후 탈퇴가 완료되지 않아 확인 부탁드립니다.,회원,계정관리,S009,회원 탈퇴,Y,Y,Y
VOC07816,접수한 사고는 어떻게 진행되고 있나요,보상 심사가 어느 단계까지 진행됐는지 확인 부탁드립니다.,사고,처리현황,S012,사고 처리 진행 문의,Y,Y,Y
VOC08560,증권 정보 수정 문의,보험 계약 정보 중 일부 항목이 잘못되어 수정 요청드립니다.,보험,계약정보,S013,계약정보 불일치,Y,Y,Y
VOC08453,보험 계약자 정보 오류,앱에 표시된 계약자명이 [이름]으로 되어 있는데 실제 정보와 다릅니다.,보험,계약정보,S013,계약정보 불일치,Y,Y,Y
VOC08174,보험 계약자 정보 오류,계약 기간과 보험료 정보가 가입 당시 안내와 다르게 표시됩니다.,보험,계약정보,S013,계약정보 불일치,Y,Y,Y
VOC05155,앱 차량정보 수정 문의 앱에서 확인이 어려워 문의드립니다.,기존 차량을 삭제하고 새 차량을 등록하는 방법을 알려주세요.,차량,차량정보,S008,차량정보 변경,Y,Y,Y
VOC00277,주행 포인트 미적립 문의 확인 부탁드립니다.,[출발지]에서 [도착지]까지 구간을 운전했는데 적립 내역이 확인정상적으로 처리되지 않습니다.,포인트,적립,S001,주행 포인트 미적립,Y,Y,Y
VOC08704,회원정보의 전화번호가 다릅니다,새 번호로 본인 인증을 진행하는 방법을 알려주세요. 빠른 확인 요청드립니다.,회원,회원정보,S014,휴대전화 번호 변경,Y,Y,Y
VOC01926,보유 포인트 사용 방법,앱에 [금액] 포인트가 있는데 사용 가능한 항목을 확인하고 싶습니다.,포인트,사용,S003,포인트 사용처 문의,Y,Y,Y
VOC00609,주행 후 포인트가 없습니다,운전 기록은 정상적으로 보이지만 포인트가 들어오지 않았습니다.,포인트,적립,S001,주행 포인트 미적립,Y,Y,Y
VOC05157,등록 차량 변경 요청,기존 차량 [차량번호]에서 새 차량 [새차량번호]로 변경했습니다.,차량,차량정보,S008,차량정보 변경,Y,Y,Y
VOC04305,안전운전 할인 적용 여부 문의,앱에는 할인 대상이라고 나오는데 실제 보험료에 적용됐는지 알고 싶습니다.,보험,할인,S007,보험료 할인 적용 문의,Y,Y,Y
VOC06592,잘못 차감된 포인트 문의,어제 확인한 잔액과 오늘 잔액이 달라서 확인 요청드립니다. 현재 화면에서 직접 수정할 수 없습니다.,포인트,차감,S010,포인트 오차감,Y,Y,Y
VOC01581,포인트 사용 가능 서비스 문의,포인트 사용 가능한 서비스와 제한 조건이 궁금합니다.,포인트,사용,S003,포인트 사용처 문의,Y,Y,Y
VOC02158,로그인 화면에서 넘어가지 않아요 앱에서 확인이 어려워 문의드립니다.,기존에 사용하던 계정으로 접속되지 않아 문의드립니다.,회원,로그인,S004,로그인 오류,Y,Y,Y
VOC05925,서비스 계정을 삭제하고 싶어요 처리 방법을 안내해주세요.,더 이상 서비스를 이용하지 않아 회원 탈퇴를 진행하고 싶습니다. 필요한 확인 항목이 있다면 안내 부탁드립니다.,회원,계정관리,S009,회원 탈퇴,Y,Y,Y
VOC07901,사고 접수 후 연락이 없습니다,사건번호 [사고접수번호]와 관련해 현재 처리 단계를 확인하고 싶습니다.,사고,처리현황,S012,사고 처리 진행 문의,Y,Y,Y
VOC00251,포인트가 누락된 것 같습니다,주행 조건을 충족한 것으로 보이는데 포인트가 0으로 표시됩니다. 앱에서 확인이 어려워 문의드립니다.,포인트,적립,S001,주행 포인트 미적립,Y,Y,Y
VOC08897,등록 연락처 수정 요청,등록된 연락처가 실제 사용하는 번호와 달라 수정 요청드립니다. 처리 방법을 안내해주세요. 필요한 확인 항목이 있다면 안내 부탁드립니다.,회원,회원정보,S014,휴대전화 번호 변경,Y,Y,Y
VOC09063,기존 전화번호 변경 문의 앱에서 확인이 어려워 문의드립니다.,휴대전화 번호를 바꿨는데 앱 회원정보에는 이전 번호가 표시됩니다. 처리 방법을 안내해주세요.,회원,회원정보,S014,휴대전화 번호 변경,Y,Y,Y
VOC02458,로그인 화면에서 넘어가지 않아요 처리 방법을 안내해주세요.,기존에 사용하던 계정으로 접속되지 않아 문의드립니다.,회원,로그인,S004,로그인 오류,Y,Y,Y
VOC09465,주행 포인트 산정 방법 문의,포인트 지급 대상과 제외 조건을 자세히 안내해주세요. 앱에서 확인이 어려워 문의드립니다. 필요한 확인 항목이 있다면 안내 부탁드립니다.,포인트,적립기준,S015,포인트 적립 기준 문의,Y,Y,Y
VOC04768,기존 차량 삭제 후 신규 등록,기존 차량 [차량번호]에서 새 차량 [변경차량번호]로 변경했습니다.,차량,차량정보,S008,차량정보 변경,Y,Y,Y
VOC00127,주행 포인트가 적립되지 않았습니다 관련 기준도 함께 알려주세요.,운전 기록은 정상적으로 보이지만 포인트가 들어오지 않았습니다.,포인트,적립,S001,주행 포인트 미적립,Y,Y,Y
VOC06412,포인트 차감 내역이 이상합니다,결제를 취소했는데 차감된 포인트가 복구되지 않았습니다. 동일 현상이 반복되고 있습니다.,포인트,차감,S010,포인트 오차감,Y,Y,Y
VOC02907,비밀번호를 재설정하고 싶습니다,새 비밀번호를 입력했지만 변경이 완료안 됩니다.,회원,계정관리,S005,비밀번호 재설정,Y,Y,Y
VOC01062,주행 포인트는 언제 들어오나요,[주행종료시간]에 주행을 종료했습니다. 포인트 반영 예정 시간을 알고 싶습니다. 앱을 다시 실행해도 같은 상태입니다.,포인트,적립,S002,주행 포인트 적립 지연,Y,Y,Y
VOC01427,보유 포인트 사용 방법,적립된 포인트의 사용처와 사용 절차를 안내 부탁드립니다.,포인트,사용,S003,포인트 사용처 문의,Y,Y,Y
VOC06164,사용하지 않은 포인트가 차감됐어요,포인트 내역에 알 수 없는 차감 기록이 있습니다.,포인트,차감,S010,포인트 오차감,Y,Y,Y
VOC04307,주행점수 할인 확인 요청,갱신 계약에 주행분석 할인 혜택이 반영되는지 문의드립니다. 확인 부탁드립니다.,보험,할인,S007,보험료 할인 적용 문의,Y,Y,Y
VOC07166,앱 화면이 멈춥니다,재설치 후에도 동일하게 앱이 강제 종료됩니다.,앱,오류,S011,앱 실행 오류,Y,Y,Y
VOC06731,앱 화면이 멈춥니다,업데이트 이후 첫 화면에서 멈추고 다음으로 넘어가지 않습니다.,앱,오류,S011,앱 실행 오류,Y,Y,Y
VOC04231,보험료 할인 혜택이 궁금합니다,앱에는 할인 대상이라고 나오는데 실제 보험료에 적용됐는지 알고 싶습니다. 동일 현상이 반복되고 있습니다.,보험,할인,S007,보험료 할인 적용 문의,Y,Y,Y
VOC02358,아이디 입력 후 접속 오류 관련 기준도 함께 알려주세요.,아이디와 비밀번호를 입력해도 로그인 오류가 발생합니다. 앱을 다시 실행해도 같은 상태입니다.,회원,로그인,S004,로그인 오류,Y,Y,Y
VOC01772,적립 포인트는 어디서 쓰나요,포인트 사용 가능한 서비스와 제한 조건이 궁금합니다.,포인트,사용,S003,포인트 사용처 문의,Y,Y,Y
VOC02113,아이디 입력 후 접속 오류 앱에서 확인이 어려워 문의드립니다.,아이디와 비밀번호를 입력해도 로그인 오류가 발생합니다. 동일 현상이 반복되고 있습니다.,회원,로그인,S004,로그인 오류,Y,Y,Y
VOC06927,서비스 실행 불가 문의 관련 기준도 함께 알려주세요.,앱을 실행하면 [오류코드] 오류가 표시되고 바로 종료됩니다.,앱,오류,S011,앱 실행 오류,Y,Y,Y
VOC02328,앱 로그인이 되지 않습니다,로그인 버튼을 눌러도 화면이 그대로입니다. 필요한 확인 항목이 있다면 안내 부탁드립니다.,회원,로그인,S004,로그인 오류,Y,Y,Y
VOC00050,포인트가 누락된 것 같습니다,운전 기록은 정상적으로 보이지만 포인트가 들어오지 않았습니다.,포인트,적립,S001,주행 포인트 미적립,Y,Y,Y
VOC07053,서비스 실행 불가 문의,앱을 실행하면 [에러코드] 오류가 표시되고 바로 종료됩니다. 처리 방법을 안내해주세요. 필요한 확인 항목이 있다면 안내 부탁드립니다.,앱,오류,S011,앱 실행 오류,Y,Y,Y
VOC02326,계정 접속이 불가능합니다,기존에 사용하던 계정으로 접속되지 않아 문의드립니다.,회원,로그인,S004,로그인 오류,Y,Y,Y
VOC02970,비밀번호가 기억나지 않아요 앱에서 확인이 어려워 문의드립니다.,본인 인증 후 비밀번호 재설정 화면으로 이동하지 않습니다.,회원,계정관리,S005,비밀번호 재설정,Y,Y,Y
VOC08604,계약 차량 정보 불일치 처리 방법을 안내해주세요.,앱에 표시된 계약자명이 [계약자명]으로 되어 있는데 실제 정보와 다릅니다. 빠른 확인 요청드립니다.,보험,계약정보,S013,계약정보 불일치,Y,Y,Y
VOC01472,포인트 사용 가능 서비스 문의,앱에 [금액] 포인트가 있는데 사용 가능한 항목을 확인하고 싶습니다. 처리 방법을 안내해주세요.,포인트,사용,S003,포인트 사용처 문의,Y,Y,Y
VOC00435,주행 포인트가 적립되지 않았습니다,[주행구간] 구간을 운전했는데 적립 내역이 확인정상적으로 처리되지 않습니다. 필요한 확인 항목이 있다면 안내 부탁드립니다.,포인트,적립,S001,주행 포인트 미적립,Y,Y,Y
VOC01658,포인트를 사용할 수 있는 곳,포인트 사용 가능한 서비스와 제한 조건이 궁금합니다.,포인트,사용,S003,포인트 사용처 문의,Y,Y,Y
VOC02161,앱 로그인이 되지 않습니다,기존에 사용하던 계정으로 접속되지 않아 문의합니다.,회원,로그인,S004,로그인 오류,Y,Y,Y
VOC02514,로그인 화면에서 넘어가지 않아요,[에러코드] 메시지가 표시되면서 앱에 접속할 수 없습니다.,회원,로그인,S004,로그인 오류,Y,Y,Y
VOC01265,포인트 반영이 늦어지고 있습니다,주행 후 몇 시간이 지났는데 아직 적립 대기 상태입니다.,포인트,적립,S002,주행 포인트 적립 지연,Y,Y,Y
VOC01962,포인트 사용처가 궁금합니다,현재 보유한 포인트를 어디에서 사용할 수 있는지 알려주세요. 빠른 확인 요청드립니다. 현재 화면에서 직접 수정할 수 없습니다.,포인트,사용,S003,포인트 사용처 문의,Y,Y,Y
VOC09632,포인트 지급 조건 안내 요청 확인 부탁드립니다.,포인트 지급 대상과 제외 조건을 자세히 안내해주세요.,포인트,적립기준,S015,포인트 적립 기준 문의,Y,Y,Y
VOC08498,계약정보가 다르게 표시됩니다,앱에 표시된 계약자명이 [이름]으로 되어 있는데 실제 정보와 다릅니다.,보험,계약정보,S013,계약정보 불일치,Y,Y,Y
VOC05139,새 차량으로 바꾸고 싶어요 처리 방법을 안내해주세요.,차량을 교체해서 앱의 등록 정보를 수정하고 싶습니다. 필요한 확인 항목이 있다면 안내 부탁드립니다.,차량,차량정보,S008,차량정보 변경,Y,Y,Y
VOC05991,가입 정보 삭제 요청,회원 탈퇴 시 남은 포인트와 주행기록이 어떻게 처리되는지 확인하고 싶습니다.,회원,계정관리,S009,회원 탈퇴,Y,Y,Y
VOC03268,비밀번호가 기억나지 않아요,본인 인증 후 비밀번호 재설정 화면으로 이동하지 않습니다.,회원,계정관리,S005,비밀번호 재설정,Y,Y,Y
VOC03088,새 비밀번호 등록 문의,본인 인증 후 비밀번호 재설정 화면으로 이동하지 않습니다.,회원,계정관리,S005,비밀번호 재설정,Y,Y,Y
VOC01154,포인트 적립 처리 중 문의,"포인트가 바로 들어오는지, 일정 시간이 필요한지 문의드립니다.",포인트,적립,S002,주행 포인트 적립 지연,Y,Y,Y
VOC08208,앱의 계약 내용이 맞지 않아요 관련 기준도 함께 알려주세요.,앱에 표시된 계약자명이 [이름]으로 되어 있는데 실제 정보와 다릅니다. 앱에서 확인이 어려워 문의드립니다.,보험,계약정보,S013,계약정보 불일치,Y,Y,Y
VOC03922,최근 주행기록 누락 문의,[주행일]에 [출발지]에서 [도착지]까지 구간을 운전했는데 앱에서 기록이 보이지 않습니다.,주행,주행기록,S006,주행기록 미반영,Y,Y,Y
VOC00090,주행 포인트가 적립되지 않았습니다,지난 주행 건에 대한 포인트를 받지 못했습니다. 확인 부탁드립니다. 확인 부탁드립니다.,포인트,적립,S001,주행 포인트 미적립,Y,Y,Y
VOC05403,가입 정보 삭제 요청,계정과 저장된 개인정보를 삭제하는 절차를 알려주세요.,회원,계정관리,S009,회원 탈퇴,Y,Y,Y
VOC01031,포인트 반영이 늦어지고 있습니다,방금 운전한 기록은 보이는데 포인트는 처리 중으로 표시됩니다.,포인트,적립,S002,주행 포인트 적립 지연,Y,Y,Y
VOC07157,앱 화면이 멈춥니다,업데이트 이후 첫 화면에서 멈추고 다음으로 넘어가지 않습니다.,앱,오류,S011,앱 실행 오류,Y,Y,Y
VOC07492,사고 처리 진행 상황 문의,제출한 서류가 정상적으로 접수됐는지 알고 싶습니다.,사고,처리현황,S012,사고 처리 진행 문의,Y,Y,Y
VOC08437,계약 차량 정보 불일치 처리 방법을 안내해주세요.,앱에 표시된 계약자명이 [계약자명]으로 되어 있는데 실제 정보와 다릅니다.,보험,계약정보,S013,계약정보 불일치,Y,Y,Y
VOC03225,비밀번호 찾기 인증 오류,비밀번호 찾기 과정에서 [전화번호]로 인증번호가 오지 않습니다.,회원,계정관리,S005,비밀번호 재설정,Y,Y,Y
VOC06855,앱 화면이 멈춥니다,업데이트 이후 첫 화면에서 멈추고 다음으로 넘어가지 않습니다. 동일 현상이 반복되고 있습니다.,앱,오류,S011,앱 실행 오류,Y,Y,Y
VOC09089,휴대전화 번호를 변경하고 싶습니다,번호 변경 후 로그인 인증 문자가 이전 번호로 발송됩니다. 현재 화면에서 직접 수정할 수 없습니다.,회원,회원정보,S014,휴대전화 번호 변경,Y,Y,Y
VOC01460,적립 포인트는 어디서 쓰나요,현재 보유한 포인트를 어디에서 사용할 수 있는지 알려주세요.,포인트,사용,S003,포인트 사용처 문의,Y,Y,Y
VOC06374,포인트 차감 내역이 이상합니다,결제를 취소했는데 차감된 포인트가 복구되지 않았습니다. 처리 방법을 안내해주세요. 이전에 정상적으로 이용한 적이 있습니다.,포인트,차감,S010,포인트 오차감,Y,Y,Y
VOC07729,사고 처리 진행 상황 문의,제출한 서류가 정상적으로 접수됐는지 알고 싶습니다.,사고,처리현황,S012,사고 처리 진행 문의,Y,Y,Y
VOC03172,비밀번호가 기억나지 않아요,새 비밀번호를 입력했지만 변경이 완료되지 않습니다. 앱을 다시 실행해도 같은 상태입니다.,회원,계정관리,S005,비밀번호 재설정,Y,Y,Y
VOC00452,운전했는데 포인트가 안 들어왔어요,[날짜]에 주행을 완료했는데 포인트가 아직 적립되지 않았습니다. 동일 현상이 반복되고 있습니다.,포인트,적립,S001,주행 포인트 미적립,Y,Y,Y
VOC01566,적립 포인트는 어디서 쓰나요,보험료 결제 외에도 포인트를 사용할 수 있는 곳이 있나요?,포인트,사용,S003,포인트 사용처 문의,Y,Y,Y
VOC05552,앱 회원 탈퇴 방법 문의,계정과 저장된 개인정보를 삭제하는 절차를 알려주세요.,회원,계정관리,S009,회원 탈퇴,Y,Y,Y
VOC07046,업데이트 후 앱이 열리지 않아요,재설치 후에도 동일하게 앱이 강제 종료됩니다. 빠른 확인 요청드립니다.,앱,오류,S011,앱 실행 오류,Y,Y,Y
VOC04258,안전운전 할인 적용 여부 문의,증권번호 [계약번호] 계약에 안전운전 할인이 적용됐는지 확인하고 싶습니다.,보험,할인,S007,보험료 할인 적용 문의,Y,Y,Y
VOC03496,주행기록이 보이지 않습니다,[주행일]에 [주행구간] 구간을 운전했는데 앱에서 기록이 보이지 않습니다.,주행,주행기록,S006,주행기록 미반영,Y,Y,Y
VOC00519,포인트가 누락된 것 같습니다,운전 기록은 정상적으로 보이지만 포인트가 들어오지 않았습니다. 앱을 다시 실행해도 같은 상태입니다.,포인트,적립,S001,주행 포인트 미적립,Y,Y,Y
VOC04889,기존 차량 삭제 후 신규 등록,차량번호 변경 후 주행 서비스 연결 방법을 문의드립니다. 현재 화면에서 직접 수정할 수 없습니다.,차량,차량정보,S008,차량정보 변경,Y,Y,Y
VOC04684,앱 차량정보 수정 문의 앱에서 확인이 어려워 문의드립니다.,차량번호 변경 후 주행 서비스 연결 방법을 문의드립니다. 확인 부탁드립니다. 앱을 다시 실행해도 같은 상태입니다.,차량,차량정보,S008,차량정보 변경,Y,Y,Y
VOC05320,앱 차량정보 수정 문의,기존 차량 [차량번호]에서 새 차량 [새차량번호]로 변경했습니다.,차량,차량정보,S008,차량정보 변경,Y,Y,Y
VOC04587,계약 할인 적용 상태 문의 관련 기준도 함께 알려주세요.,갱신 계약에 주행분석 할인 혜택이 반영되는지 문의드립니다.,보험,할인,S007,보험료 할인 적용 문의,Y,Y,Y
VOC05959,회원 탈퇴를 요청합니다,회원 탈퇴 시 남은 포인트와 주행기록이 어떻게 처리되는지 안내받고 싶습니다.,회원,계정관리,S009,회원 탈퇴,Y,Y,Y
VOC02710,비밀번호를 재설정하고 싶습니다 처리 방법을 안내해주세요.,비밀번호가 기억나지 않아 재설정하려고 합니다. 확인 부탁드립니다. 필요한 확인 항목이 있다면 안내 부탁드립니다.,회원,계정관리,S005,비밀번호 재설정,Y,Y,Y
VOC01314,포인트 적립 처리 중 문의 관련 기준도 함께 알려주세요.,방금 운전한 기록은 보이는데 포인트는 처리 중으로 표시됩니다. 동일 현상이 반복되고 있습니다.,포인트,적립,S002,주행 포인트 적립 지연,Y,Y,Y
VOC08350,계약정보가 다르게 표시됩니다,앱에 표시된 계약자명이 [계약자명]으로 되어 있는데 실제 정보와 다릅니다.,보험,계약정보,S013,계약정보 불일치,Y,Y,Y
VOC07594,사고 처리 진행 상황 문의,보상 심사가 어느 단계까지 진행됐는지 확인 부탁드립니다.,사고,처리현황,S012,사고 처리 진행 문의,Y,Y,Y
VOC05506,가입 정보 삭제 요청,계정과 저장된 개인정보를 삭제하는 절차를 알려주세요.,회원,계정관리,S009,회원 탈퇴,Y,Y,Y
VOC00688,포인트가 아직 처리되지 않았어요,주행 후 몇 시간이 지났는데 아직 적립 대기 상태입니다. 필요한 확인 항목이 있다면 안내 부탁드립니다.,포인트,적립,S002,주행 포인트 적립 지연,Y,Y,Y
VOC09997,어떤 주행이 포인트 대상인가요,포인트 지급 대상과 제외 조건을 자세히 안내해주세요.,포인트,적립기준,S015,포인트 적립 기준 문의,Y,Y,Y
VOC04394,보험료 할인 혜택이 궁금합니다 빠른 확인 요청드립니다.,앱에는 할인 대상이라고 나오는데 실제 보험료에 적용됐는지 알고 싶습니다.,보험,할인,S007,보험료 할인 적용 문의,Y,Y,Y
VOC03623,앱에서 운전 기록 확인 불가,[접수일]에 [출발지]에서 [도착지]까지 구간을 운전했는데 앱에서 기록이 보이지 않습니다.,주행,주행기록,S006,주행기록 미반영,Y,Y,Y
VOC00622,주행 포인트 미적립 문의,[주행구간] 구간을 운전했는데 적립 내역이 확인되지 않습니다.,포인트,적립,S001,주행 포인트 미적립,Y,Y,Y
VOC01734,보유 포인트 사용 방법,포인트 사용 가능한 서비스와 제한 조건이 궁금합니다.,포인트,사용,S003,포인트 사용처 문의,Y,Y,Y
VOC00537,주행 후 포인트가 없습니다,주행 조건을 충족한 것으로 보이는데 포인트가 0으로 표시됩니다. 앱에서 확인이 어려워 문의드립니다.,포인트,적립,S001,주행 포인트 미적립,Y,Y,Y
VOC03894,주행기록이 보이지 않습니다 확인 부탁드립니다.,주행 종료 후에도 거리와 시간이 0으로 표시됩니다. 앱에서 확인이 어려워 문의드립니다.,주행,주행기록,S006,주행기록 미반영,Y,Y,Y
VOC02504,앱 로그인이 안 됩니다,[오류코드] 메시지가 표시되면서 앱에 접속할 수 없습니다.,회원,로그인,S004,로그인 오류,Y,Y,Y
VOC07724,사고 접수 후 연락이 없습니다 관련 기준도 함께 알려주세요.,[날짜]에 접수한 사고의 담당자 배정 여부가 안내받고 싶습니다. 빠른 확인 요청드립니다.,사고,처리현황,S012,사고 처리 진행 문의,Y,Y,Y
VOC03729,주행 데이터가 반영되지 않았어요,주행 종료 후에도 거리와 시간이 0으로 표시됩니다.,주행,주행기록,S006,주행기록 미반영,Y,Y,Y
VOC05356,서비스 계정을 삭제하고 싶어요,앱에서 탈퇴 메뉴를 찾을 수 없어 문의드립니다. 앱을 다시 실행해도 같은 상태입니다.,회원,계정관리,S009,회원 탈퇴,Y,Y,Y
VOC03499,주행기록이 보이지 않습니다,운전을 완료했지만 최근 주행 목록에 추가되지 않았습니다.,주행,주행기록,S006,주행기록 미반영,Y,Y,Y
VOC05376,앱 회원 탈퇴 방법 문의 빠른 확인 요청드립니다.,회원 탈퇴 시 남은 포인트와 주행기록이 어떻게 처리되는지 궁금합니다. 이전에 정상적으로 이용한 적이 있습니다.,회원,계정관리,S009,회원 탈퇴,Y,Y,Y
VOC04097,보험료 할인 혜택이 궁금합니다 처리 방법을 안내해주세요.,안전운전 점수와 보험료 할인 적용 기준을 안내해주세요. 관련 기준도 함께 알려주세요. 현재 화면에서 직접 수정할 수 없습니다.,보험,할인,S007,보험료 할인 적용 문의,Y,Y,Y
VOC00724,포인트가 아직 처리되지 않았어요,"포인트가 바로 들어오는지, 일정 시간이 필요한지 문의드립니다.",포인트,적립,S002,주행 포인트 적립 지연,Y,Y,Y
VOC07923,사고 접수 후 연락이 없습니다,[주행일]에 접수한 사고의 담당자 배정 여부가 궁금합니다.,사고,처리현황,S012,사고 처리 진행 문의,Y,Y,Y
VOC02923,새 비밀번호 등록 문의 빠른 확인 요청드립니다.,본인 인증 후 비밀번호 재설정 화면으로 이동하지 않습니다. 앱에서 확인이 어려워 문의드립니다.,회원,계정관리,S005,비밀번호 재설정,Y,Y,Y
VOC06624,포인트 잔액 오류 처리 방법을 안내해주세요.,어제 확인한 잔액과 오늘 잔액이 달라서 문의드립니다. 관련 기준도 함께 알려주세요. 필요한 확인 항목이 있다면 안내 부탁드립니다.,포인트,차감,S010,포인트 오차감,Y,Y,Y
VOC03376,최근 주행기록 누락 문의,[주행일]에 [주행구간] 구간을 운전했는데 앱에서 기록이 보이지 않습니다. 필요한 확인 항목이 있다면 안내 부탁드립니다.,주행,주행기록,S006,주행기록 미반영,Y,Y,Y
VOC02019,앱 로그인이 되지 않습니다 관련 기준도 함께 알려주세요.,로그인 버튼을 눌러도 화면이 그대로입니다. 관련 기준도 함께 알려주세요.,회원,로그인,S004,로그인 오류,Y,Y,Y
VOC00470,주행 포인트가 적립되지 않았습니다,주행 조건을 충족한 것으로 보이는데 포인트가 0으로 표시됩니다. 현재 화면에서 직접 수정할 수 없습니다.,포인트,적립,S001,주행 포인트 미적립,Y,Y,Y
VOC04902,차량을 변경했습니다 확인 부탁드립니다.,기존 차량 [기존차량번호]에서 새 차량 [변경차량번호]로 변경했습니다.,차량,차량정보,S008,차량정보 변경,Y,Y,Y
VOC07086,앱이 계속 종료됩니다,업데이트 이후 첫 화면에서 멈추고 다음으로 넘어가지 않습니다.,앱,오류,S011,앱 실행 오류,Y,Y,Y
VOC08703,회원정보의 전화번호가 다릅니다,등록된 연락처가 실제 사용하는 번호와 달라 수정 요청드립니다. 처리 방법을 안내해주세요.,회원,회원정보,S014,휴대전화 번호 변경,Y,Y,Y
VOC06063,포인트 잔액 오류 앱에서 확인이 어려워 문의드립니다.,결제를 취소했는데 차감된 포인트가 복구되지 않았습니다.,포인트,차감,S010,포인트 오차감,Y,Y,Y
VOC01997,포인트 사용처가 궁금합니다 앱에서 확인이 어려워 문의드립니다.,현재 보유한 포인트를 어디에서 사용할 수 있는지 알려주세요.,포인트,사용,S003,포인트 사용처 문의,Y,Y,Y
VOC03168,비밀번호 변경이 되지 않습니다,비밀번호 찾기 과정에서 [기존전화번호]로 인증번호가 오지 않습니다.,회원,계정관리,S005,비밀번호 재설정,Y,Y,Y
VOC09569,주행 포인트 산정 방법 문의 관련 기준도 함께 알려주세요.,포인트를 받기 위한 최소 주행 조건이 궁금합니다.,포인트,적립기준,S015,포인트 적립 기준 문의,Y,Y,Y
VOC09752,어떤 주행이 포인트 대상인가요,포인트 지급 대상과 제외 조건을 자세히 안내해주세요.,포인트,적립기준,S015,포인트 적립 기준 문의,Y,Y,Y
VOC06351,포인트 차감 내역이 이상합니다 빠른 확인 요청드립니다.,포인트 사용 이력과 실제 잔액이 맞지 않습니다.,포인트,차감,S010,포인트 오차감,Y,Y,Y
VOC00635,포인트가 누락된 것 같습니다,지난 주행 건에 대한 포인트를 받지 못했습니다. 확인 부탁드립니다.,포인트,적립,S001,주행 포인트 미적립,Y,Y,Y
VOC03091,비밀번호를 재설정하고 싶습니다,새 비밀번호를 입력했지만 변경이 완료정상적으로 처리되지 않습니다. 필요한 확인 항목이 있다면 안내 부탁드립니다.,회원,계정관리,S005,비밀번호 재설정,Y,Y,Y
VOC08224,보험 계약자 정보 오류,계약 기간과 보험료 정보가 가입 당시 안내와 다르게 표시됩니다.,보험,계약정보,S013,계약정보 불일치,Y,Y,Y
VOC00094,주행 포인트가 적립되지 않았습니다,[날짜]에 주행을 완료했는데 포인트가 아직 적립되지 않았습니다. 확인 부탁드립니다. 동일 현상이 반복되고 있습니다.,포인트,적립,S001,주행 포인트 미적립,Y,Y,Y
VOC01605,포인트 사용 가능 서비스 문의 빠른 확인 요청드립니다.,현재 보유한 포인트를 어디에서 사용할 수 있는지 알려주세요.,포인트,사용,S003,포인트 사용처 문의,Y,Y,Y
VOC01231,주행 포인트는 언제 들어오나요,"포인트가 바로 들어오는지, 일정 시간이 필요한지 문의드립니다.",포인트,적립,S002,주행 포인트 적립 지연,Y,Y,Y
VOC09917,어떤 주행이 포인트 대상인가요,짧은 거리 주행도 포인트 적립 대상인지 문의드립니다.,포인트,적립기준,S015,포인트 적립 기준 문의,Y,Y,Y
VOC02293,계속 로그인에 실패합니다,아이디와 비밀번호를 입력해도 로그인 오류가 발생합니다.,회원,로그인,S004,로그인 오류,Y,Y,Y
VOC06524,잘못 차감된 포인트 문의 앱에서 확인이 어려워 문의드립니다.,어제 확인한 잔액과 오늘 잔액이 달라서 문의드립니다. 앱에서 확인이 어려워 문의드립니다.,포인트,차감,S010,포인트 오차감,Y,Y,Y
VOC02210,앱 로그인이 정상적으로 처리되지 않습니다 빠른 확인 요청드립니다.,여러 번 시도했지만 인증 후 다시 로그인 화면으로 돌아옵니다.,회원,로그인,S004,로그인 오류,Y,Y,Y
VOC09832,주행 포인트 산정 방법 문의,주행거리와 운전점수에 따라 포인트가 어떻게 산정되는지 알고 싶습니다.,포인트,적립기준,S015,포인트 적립 기준 문의,Y,Y,Y
VOC03538,주행 데이터가 반영되지 않았어요 빠른 확인 요청드립니다.,차량은 정상적으로 운행했는데 주행 데이터가 수집되지 않은 것 같습니다.,주행,주행기록,S006,주행기록 미반영,Y,Y,Y
VOC06727,서비스 실행 불가 문의,특정 메뉴에 들어가면 화면이 멈추는 현상이 반복됩니다.,앱,오류,S011,앱 실행 오류,Y,Y,Y
VOC06777,앱 실행 중 오류가 발생합니다,업데이트 이후 첫 화면에서 멈추고 다음으로 넘어가지 않습니다. 이전에 정상적으로 이용한 적이 있습니다.,앱,오류,S011,앱 실행 오류,Y,Y,Y
VOC08471,계약 차량 정보 불일치,갱신한 계약이 앱에서 이전 계약으로 보입니다. 확인 부탁드립니다.,보험,계약정보,S013,계약정보 불일치,Y,Y,Y
VOC07953,사고 처리 진행 상황 문의,보상 심사가 어느 단계까지 진행됐는지 확인 부탁드립니다. 필요한 확인 항목이 있다면 안내 부탁드립니다.,사고,처리현황,S012,사고 처리 진행 문의,Y,Y,Y
VOC01291,포인트 적립 처리 중 문의,[시간]에 주행을 종료했습니다. 포인트 반영 예정 시간을 알고 싶습니다.,포인트,적립,S002,주행 포인트 적립 지연,Y,Y,Y
VOC00444,주행 포인트 미적립 문의,[출발지]-[도착지] 구간을 운전했는데 적립 내역이 확인되지 않습니다.,포인트,적립,S001,주행 포인트 미적립,Y,Y,Y
VOC00658,운전했는데 포인트가 안 들어왔어요,[날짜]에 주행을 완료했는데 포인트가 아직 적립되지 않았습니다.,포인트,적립,S001,주행 포인트 미적립,Y,Y,Y
VOC00681,주행 포인트는 언제 들어오나요 처리 방법을 안내해주세요.,"포인트가 바로 들어오는지, 일정 시간이 필요한지 문의합니다. 관련 기준도 함께 알려주세요. 필요한 확인 항목이 있다면 안내 부탁드립니다.",포인트,적립,S002,주행 포인트 적립 지연,Y,Y,Y
VOC03684,운전한 내역이 앱에 없습니다,주행 종료 후에도 거리와 시간이 0으로 표시됩니다. 앱에서 확인이 어려워 문의드립니다.,주행,주행기록,S006,주행기록 미반영,Y,Y,Y
VOC04387,보험료 할인 혜택이 궁금합니다,안전운전 점수와 보험료 할인 적용 기준을 안내해주세요.,보험,할인,S007,보험료 할인 적용 문의,Y,Y,Y
VOC00650,운전했는데 포인트가 안 들어왔어요,[주행구간] 구간을 운전했는데 적립 내역이 확인되지 않습니다.,포인트,적립,S001,주행 포인트 미적립,Y,Y,Y
VOC01024,주행 포인트는 언제 들어오나요,오늘 주행을 마쳤는데 포인트가 아직 반영되지 않았습니다. 보통 얼마나 걸리나요? 관련 기준도 함께 알려주세요.,포인트,적립,S002,주행 포인트 적립 지연,Y,Y,Y
VOC00089,주행 포인트가 적립되지 않았습니다 앱에서 확인이 어려워 문의드립니다.,[출발지]-[도착지] 구간을 운전했는데 적립 내역이 확인되지 않습니다.,포인트,적립,S001,주행 포인트 미적립,Y,Y,Y
VOC00620,주행 후 포인트가 없습니다,[주행일]에 주행을 완료했는데 포인트가 아직 적립되지 않았습니다.,포인트,적립,S001,주행 포인트 미적립,Y,Y,Y
VOC00941,포인트 반영이 늦어지고 있습니다,주행 후 몇 시간이 지났는데 아직 적립 대기 상태입니다.,포인트,적립,S002,주행 포인트 적립 지연,Y,Y,Y
VOC04713,새 차량으로 바꾸고 싶어요,기존 차량 [차량번호]에서 새 차량 [새차량번호]로 변경했습니다. 앱에서 확인이 어려워 문의드립니다.,차량,차량정보,S008,차량정보 변경,Y,Y,Y
VOC03437,주행기록이 보이지 않습니다,[접수일]에 [출발지]에서 [도착지]까지 구간을 운전했는데 앱에서 기록이 보이지 않습니다.,주행,주행기록,S006,주행기록 미반영,Y,Y,Y
VOC02104,아이디 입력 후 접속 오류,기존에 사용하던 계정으로 접속되지 않아 문의드립니다.,회원,로그인,S004,로그인 오류,Y,Y,Y
VOC04921,새 차량으로 바꾸고 싶어요,차량번호 변경 후 주행 서비스 연결 방법을 문의드립니다.,차량,차량정보,S008,차량정보 변경,Y,Y,Y
VOC00894,포인트 반영이 늦어지고 있습니다,[접수시간]에 주행을 종료했습니다. 포인트 반영 예정 시간을 알고 싶습니다.,포인트,적립,S002,주행 포인트 적립 지연,Y,Y,Y
VOC06892,서비스 실행 불가 문의,앱을 실행하면 [오류코드] 오류가 표시되고 바로 종료됩니다.,앱,오류,S011,앱 실행 오류,Y,Y,Y
VOC08170,계약 차량 정보 불일치,갱신한 계약이 앱에서 이전 계약으로 보입니다.,보험,계약정보,S013,계약정보 불일치,Y,Y,Y
VOC04080,보험료 할인이 반영됐나요,안전운전 점수와 보험료 할인 적용 기준을 안내해주세요. 빠른 확인 요청드립니다.,보험,할인,S007,보험료 할인 적용 문의,Y,Y,Y
VOC07229,앱이 계속 종료됩니다,재설치 후에도 동일하게 앱이 강제 종료됩니다.,앱,오류,S011,앱 실행 오류,Y,Y,Y
VOC06207,잘못 차감된 포인트 문의,어제 확인한 잔액과 오늘 잔액이 달라서 문의드립니다.,포인트,차감,S010,포인트 오차감,Y,Y,Y
VOC05370,앱 회원 탈퇴 방법 문의,계정과 저장된 개인정보를 삭제하는 절차를 확인 부탁드립니다.,회원,계정관리,S009,회원 탈퇴,Y,Y,Y
VOC06037,포인트 잔액 오류,포인트 내역에 알 수 없는 차감 기록이 있습니다.,포인트,차감,S010,포인트 오차감,Y,Y,Y
VOC02308,계정 접속이 불가능합니다,아이디와 비밀번호를 입력해도 로그인 오류가 발생합니다.,회원,로그인,S004,로그인 오류,Y,Y,Y
VOC06051,포인트 잔액 오류 관련 기준도 함께 알려주세요.,포인트 내역에 알 수 없는 차감 기록이 있습니다. 이전에 정상적으로 이용한 적이 있습니다.,포인트,차감,S010,포인트 오차감,Y,Y,Y
VOC03853,주행기록이 보이지 않습니다 앱에서 확인이 어려워 문의드립니다.,[접수일]에 [출발지]에서 [도착지]까지 구간을 운전했는데 앱에서 기록이 보이지 않습니다.,주행,주행기록,S006,주행기록 미반영,Y,Y,Y
VOC02523,아이디 입력 후 접속 오류,[에러코드] 메시지가 표시되면서 앱에 접속할 수 없습니다. 관련 기준도 함께 알려주세요.,회원,로그인,S004,로그인 오류,Y,Y,Y
VOC03118,비밀번호 찾기 인증 오류,본인 인증 후 비밀번호 재설정 화면으로 이동하지 않습니다. 빠른 확인 요청드립니다.,회원,계정관리,S005,비밀번호 재설정,Y,Y,Y
VOC02801,새 비밀번호 등록 문의,비밀번호가 기억나지 않아 재설정하려고 합니다.,회원,계정관리,S005,비밀번호 재설정,Y,Y,Y
VOC08336,보험 계약자 정보 오류 관련 기준도 함께 알려주세요.,계약 기간과 보험료 정보가 가입 당시 안내와 다르게 표시됩니다. 앱을 다시 실행해도 같은 상태입니다.,보험,계약정보,S013,계약정보 불일치,Y,Y,Y
VOC02951,비밀번호 변경이 되지 않습니다,비밀번호 찾기 과정에서 [전화번호]로 인증번호가 오지 않습니다.,회원,계정관리,S005,비밀번호 재설정,Y,Y,Y
VOC05130,등록 차량 변경 요청,기존 차량 [기존차량번호]에서 새 차량 [새차량번호]로 변경했습니다. 처리 방법을 안내해주세요.,차량,차량정보,S008,차량정보 변경,Y,Y,Y
VOC04790,새 차량으로 바꾸고 싶어요,보험 계약 차량은 변경됐는데 앱에는 이전 차량이 표시됩니다.,차량,차량정보,S008,차량정보 변경,Y,Y,Y
VOC01874,보유 포인트 사용 방법,보험료 결제 외에도 포인트를 사용할 수 있는 곳이 있나요?,포인트,사용,S003,포인트 사용처 문의,Y,Y,Y
VOC09784,포인트 지급 조건 안내 요청,포인트 지급 대상과 제외 조건을 자세히 안내해주세요. 빠른 확인 요청드립니다.,포인트,적립기준,S015,포인트 적립 기준 문의,Y,Y,Y
VOC05108,차량을 변경했습니다 처리 방법을 안내해주세요.,보험 계약 차량은 변경됐는데 앱에는 이전 차량이 표시됩니다.,차량,차량정보,S008,차량정보 변경,Y,Y,Y
VOC00897,포인트가 아직 처리되지 않았어요,"포인트가 바로 들어오는지, 일정 시간이 필요한지 문의드립니다. 처리 방법을 안내해주세요.",포인트,적립,S002,주행 포인트 적립 지연,Y,Y,Y
VOC07345,접수한 사고는 어떻게 진행되고 있나요 앱에서 확인이 어려워 문의드립니다.,제출한 서류가 정상적으로 접수됐는지 알고 싶습니다. 관련 기준도 함께 알려주세요.,사고,처리현황,S012,사고 처리 진행 문의,Y,Y,Y
VOC02960,새 비밀번호 등록 문의,비밀번호가 기억나지 않아 재설정하려고 합니다.,회원,계정관리,S005,비밀번호 재설정,Y,Y,Y
VOC01133,운전 후 포인트 반영 시간 문의,"포인트가 바로 들어오는지, 일정 시간이 필요한지 문의드립니다.",포인트,적립,S002,주행 포인트 적립 지연,Y,Y,Y
VOC07092,서비스 실행 불가 문의 확인 부탁드립니다.,앱을 열면 흰 화면만 보이고 아무 기능도 사용할 수 없습니다. 이전에 정상적으로 이용한 적이 있습니다.,앱,오류,S011,앱 실행 오류,Y,Y,Y
VOC05899,서비스 계정을 삭제하고 싶어요,더 이상 서비스를 이용하지 않아 회원 탈퇴를 진행하고 싶습니다.,회원,계정관리,S009,회원 탈퇴,Y,Y,Y
VOC05990,회원 탈퇴를 요청합니다 확인 부탁드립니다.,계정과 저장된 개인정보를 삭제하는 절차를 확인 부탁드립니다.,회원,계정관리,S009,회원 탈퇴,Y,Y,Y
VOC06392,포인트 잔액 오류,포인트 사용 이력과 실제 잔액이 맞지 않습니다. 이전에 정상적으로 이용한 적이 있습니다.,포인트,차감,S010,포인트 오차감,Y,Y,Y
VOC04800,새 차량으로 바꾸고 싶어요,차량을 교체해서 앱의 등록 정보를 수정하고 싶습니다. 동일 현상이 반복되고 있습니다.,차량,차량정보,S008,차량정보 변경,Y,Y,Y
VOC05415,앱 회원 탈퇴 방법 문의,회원 탈퇴 시 남은 포인트와 주행기록이 어떻게 처리되는지 안내받고 싶습니다.,회원,계정관리,S009,회원 탈퇴,Y,Y,Y
VOC00058,주행 포인트가 적립되지 않았습니다 빠른 확인 요청드립니다.,주행 조건을 충족한 것으로 보이는데 포인트가 0으로 표시됩니다.,포인트,적립,S001,주행 포인트 미적립,Y,Y,Y
VOC03388,주행 데이터가 반영되지 않았어요,[접수일]에 [주행구간] 구간을 운전했는데 앱에서 기록이 보이지 않습니다. 확인 부탁드립니다.,주행,주행기록,S006,주행기록 미반영,Y,Y,Y
VOC02562,계속 로그인에 실패합니다,기존에 사용하던 계정으로 접속되지 않아 문의드립니다. 빠른 확인 요청드립니다.,회원,로그인,S004,로그인 오류,Y,Y,Y
VOC05204,기존 차량 삭제 후 신규 등록,기존 차량 [기존차량번호]에서 새 차량 [변경차량번호]로 변경했습니다. 처리 방법을 안내해주세요.,차량,차량정보,S008,차량정보 변경,Y,Y,Y
VOC01255,포인트가 아직 처리되지 않았어요,오늘 주행을 마쳤는데 포인트가 아직 반영되지 않았습니다. 보통 얼마나 걸리나요?,포인트,적립,S002,주행 포인트 적립 지연,Y,Y,Y
VOC09297,회원정보의 전화번호가 다릅니다 확인 부탁드립니다.,휴대전화 번호를 바꿨는데 앱 회원정보에는 이전 번호가 표시됩니다.,회원,회원정보,S014,휴대전화 번호 변경,Y,Y,Y
VOC04354,보험료 할인 혜택이 궁금합니다 확인 부탁드립니다.,갱신 계약에 주행분석 할인 혜택이 반영되는지 문의드립니다. 확인 부탁드립니다. 필요한 확인 항목이 있다면 안내 부탁드립니다.,보험,할인,S007,보험료 할인 적용 문의,Y,Y,Y
VOC00654,주행 포인트가 적립되지 않았습니다 앱에서 확인이 어려워 문의드립니다.,[주행일]에 주행을 완료했는데 포인트가 아직 적립되지 않았습니다.,포인트,적립,S001,주행 포인트 미적립,Y,Y,Y
VOC03672,운전한 내역이 앱에 없습니다 빠른 확인 요청드립니다.,해당 시간대의 운전 내역이 누락되어 확인 요청드립니다.,주행,주행기록,S006,주행기록 미반영,Y,Y,Y
VOC05677,서비스 계정을 삭제하고 싶어요 확인 부탁드립니다.,본인 인증 후 탈퇴가 완료되지 않아 확인 부탁드립니다. 필요한 확인 항목이 있다면 안내 부탁드립니다.,회원,계정관리,S009,회원 탈퇴,Y,Y,Y
VOC08028,계약 차량 정보 불일치 확인 부탁드립니다.,앱에 표시된 계약자명이 [이름]으로 되어 있는데 실제 정보와 다릅니다.,보험,계약정보,S013,계약정보 불일치,Y,Y,Y
VOC09163,기존 전화번호 변경 문의,휴대전화 번호를 바꿨는데 앱 회원정보에는 이전 번호가 표시됩니다.,회원,회원정보,S014,휴대전화 번호 변경,Y,Y,Y
VOC08571,증권 정보 수정 문의 빠른 확인 요청드립니다.,갱신한 계약이 앱에서 이전 계약으로 보입니다.,보험,계약정보,S013,계약정보 불일치,Y,Y,Y
VOC09593,포인트 적립 기준이 궁금합니다,짧은 거리 주행도 포인트 적립 대상인지 문의드립니다. 빠른 확인 요청드립니다. 현재 화면에서 직접 수정할 수 없습니다.,포인트,적립기준,S015,포인트 적립 기준 문의,Y,Y,Y
VOC02659,계속 로그인에 실패합니다 관련 기준도 함께 알려주세요.,아이디와 비밀번호를 입력해도 로그인 오류가 발생합니다.,회원,로그인,S004,로그인 오류,Y,Y,Y
VOC04986,차량을 변경했습니다,차량번호 변경 후 주행 서비스 연결 방법을 문의드립니다.,차량,차량정보,S008,차량정보 변경,Y,Y,Y
VOC03686,운전한 내역이 앱에 없습니다,운전을 완료했지만 최근 주행 목록에 추가되지 않았습니다. 앱에서 확인이 어려워 문의드립니다.,주행,주행기록,S006,주행기록 미반영,Y,Y,Y
VOC00744,포인트 반영이 늦어지고 있습니다,[접수시간]에 주행을 종료했습니다. 포인트 반영 예정 시간을 알고 싶습니다.,포인트,적립,S002,주행 포인트 적립 지연,Y,Y,Y
VOC00243,운전했는데 포인트가 안 들어왔어요,운전 기록은 정상적으로 보이지만 포인트가 들어오지 않았습니다.,포인트,적립,S001,주행 포인트 미적립,Y,Y,Y
VOC06974,앱이 계속 종료됩니다 빠른 확인 요청드립니다.,앱을 열면 흰 화면만 보이고 아무 기능도 사용할 수 없습니다.,앱,오류,S011,앱 실행 오류,Y,Y,Y
VOC03036,새 비밀번호 등록 문의,비밀번호 찾기 과정에서 [전화번호]로 인증번호가 오지 않습니다.,회원,계정관리,S005,비밀번호 재설정,Y,Y,Y
VOC00856,운전 후 포인트 반영 시간 문의,"포인트가 바로 들어오는지, 일정 시간이 필요한지 문의드립니다. 처리 방법을 안내해주세요. 현재 화면에서 직접 수정할 수 없습니다.",포인트,적립,S002,주행 포인트 적립 지연,Y,Y,Y
VOC08807,기존 전화번호 변경 문의,기존 번호 [기존전화번호]에서 새 번호 [새전화번호]로 변경하고 싶습니다. 관련 기준도 함께 알려주세요. 동일 현상이 반복되고 있습니다.,회원,회원정보,S014,휴대전화 번호 변경,Y,Y,Y
VOC03825,최근 주행기록 누락 문의,운전을 완료했지만 최근 주행 목록에 추가되지 않았습니다. 앱에서 확인이 어려워 문의드립니다.,주행,주행기록,S006,주행기록 미반영,Y,Y,Y
VOC03644,주행기록이 보이지 않습니다,운전을 완료했지만 최근 주행 목록에 추가되지 않았습니다. 관련 기준도 함께 알려주세요.,주행,주행기록,S006,주행기록 미반영,Y,Y,Y
VOC09852,운전점수와 포인트 관계,짧은 거리 주행도 포인트 적립 대상인지 확인 요청드립니다.,포인트,적립기준,S015,포인트 적립 기준 문의,Y,Y,Y
VOC02909,비밀번호 변경이 정상적으로 처리되지 않습니다,본인 인증 후 비밀번호 재설정 화면으로 이동하지 않습니다. 처리 방법을 안내해주세요.,회원,계정관리,S005,비밀번호 재설정,Y,Y,Y
VOC07533,사건번호 처리 상태 확인,[날짜]에 접수한 사고의 담당자 배정 여부가 안내받고 싶습니다. 확인 부탁드립니다. 필요한 확인 항목이 있다면 안내 부탁드립니다.,사고,처리현황,S012,사고 처리 진행 문의,Y,Y,Y
VOC00833,포인트 반영이 늦어지고 있습니다,방금 운전한 기록은 보이는데 포인트는 처리 중으로 표시됩니다.,포인트,적립,S002,주행 포인트 적립 지연,Y,Y,Y
VOC04426,보험료 할인이 반영됐나요,안전운전 점수와 보험료 할인 적용 기준을 안내해주세요. 처리 방법을 안내해주세요.,보험,할인,S007,보험료 할인 적용 문의,Y,Y,Y
VOC03210,비밀번호 찾기 인증 오류,본인 인증 후 비밀번호 재설정 화면으로 이동하지 않습니다.,회원,계정관리,S005,비밀번호 재설정,Y,Y,Y
VOC08975,새 번호로 인증받고 싶어요,새 번호로 본인 인증을 진행하는 방법을 알려주세요. 이전에 정상적으로 이용한 적이 있습니다.,회원,회원정보,S014,휴대전화 번호 변경,Y,Y,Y
VOC03821,앱에서 운전 기록 확인 불가 관련 기준도 함께 알려주세요.,해당 시간대의 운전 내역이 누락되어 확인 요청드립니다.,주행,주행기록,S006,주행기록 미반영,Y,Y,Y
VOC05633,더 이상 서비스를 이용하지 않습니다 앱에서 확인이 어려워 문의드립니다.,본인 인증 후 탈퇴가 완료되지 않아 확인 부탁드립니다. 동일 현상이 반복되고 있습니다.,회원,계정관리,S009,회원 탈퇴,Y,Y,Y
VOC06828,앱 실행 중 오류가 발생합니다,재설치 후에도 동일하게 앱이 강제 종료됩니다.,앱,오류,S011,앱 실행 오류,Y,Y,Y
VOC01354,포인트 사용 가능 서비스 문의,보험료 결제 외에도 포인트를 사용할 수 있는 곳이 있나요?,포인트,사용,S003,포인트 사용처 문의,Y,Y,Y
VOC07128,앱 실행 중 오류가 발생합니다,특정 메뉴에 들어가면 화면이 멈추는 현상이 반복됩니다.,앱,오류,S011,앱 실행 오류,Y,Y,Y
VOC02884,새 비밀번호 등록 문의 앱에서 확인이 어려워 문의드립니다.,비밀번호 변경 절차와 조건을 안내해주세요. 동일 현상이 반복되고 있습니다.,회원,계정관리,S005,비밀번호 재설정,Y,Y,Y
VOC06176,포인트가 갑자기 줄었습니다 관련 기준도 함께 알려주세요.,포인트 내역에 알 수 없는 차감 기록이 있습니다.,포인트,차감,S010,포인트 오차감,Y,Y,Y
VOC08481,증권 정보 수정 문의,보험 계약 정보 중 일부 항목이 잘못되어 수정 요청드립니다.,보험,계약정보,S013,계약정보 불일치,Y,Y,Y
VOC02788,비밀번호가 기억나지 않아요,본인 인증 후 비밀번호 재설정 화면으로 이동하지 않습니다. 확인 부탁드립니다.,회원,계정관리,S005,비밀번호 재설정,Y,Y,Y
VOC03816,운전한 내역이 앱에 없습니다 관련 기준도 함께 알려주세요.,주행 종료 후에도 거리와 시간이 0으로 표시됩니다.,주행,주행기록,S006,주행기록 미반영,Y,Y,Y
VOC00054,주행 포인트가 적립되지 않았습니다,지난 주행 건에 대한 포인트를 받지 못했습니다. 확인 부탁드립니다. 이전에 정상적으로 이용한 적이 있습니다.,포인트,적립,S001,주행 포인트 미적립,Y,Y,Y
VOC05515,서비스 계정을 삭제하고 싶어요,계정과 저장된 개인정보를 삭제하는 절차를 알려주세요.,회원,계정관리,S009,회원 탈퇴,Y,Y,Y
VOC03055,새 비밀번호 등록 문의 관련 기준도 함께 알려주세요.,본인 인증 후 비밀번호 재설정 화면으로 이동하지 않습니다.,회원,계정관리,S005,비밀번호 재설정,Y,Y,Y
VOC09786,주행 포인트 산정 방법 문의,주행거리와 운전점수에 따라 포인트가 어떻게 산정되는지 알고 싶습니다. 현재 화면에서 직접 수정할 수 없습니다.,포인트,적립기준,S015,포인트 적립 기준 문의,Y,Y,Y
VOC02307,계정 접속이 불가능합니다,[오류코드] 메시지가 표시되면서 앱에 접속할 수 없습니다. 앱을 다시 실행해도 같은 상태입니다.,회원,로그인,S004,로그인 오류,Y,Y,Y
VOC06100,포인트가 갑자기 줄었습니다,포인트 내역에 알 수 없는 차감 기록이 있습니다. 확인 부탁드립니다. 필요한 확인 항목이 있다면 안내 부탁드립니다.,포인트,차감,S010,포인트 오차감,Y,Y,Y
VOC01958,포인트 사용처가 확인하고 싶습니다,적립된 포인트의 사용처와 사용 절차를 안내 부탁드립니다. 동일 현상이 반복되고 있습니다.,포인트,사용,S003,포인트 사용처 문의,Y,Y,Y
VOC02335,계속 로그인에 실패합니다 빠른 확인 요청드립니다.,여러 번 시도했지만 인증 후 다시 로그인 화면으로 돌아옵니다. 이전에 정상적으로 이용한 적이 있습니다.,회원,로그인,S004,로그인 오류,Y,Y,Y
VOC04787,등록 차량 변경 요청,보험 계약 차량은 변경됐는데 앱에는 이전 차량이 표시됩니다.,차량,차량정보,S008,차량정보 변경,Y,Y,Y
VOC09968,주행 포인트 산정 방법 문의,급가속이나 급감속 기록이 포인트 적립에 영향을 주나요? 이전에 정상적으로 이용한 적이 있습니다.,포인트,적립기준,S015,포인트 적립 기준 문의,Y,Y,Y
VOC06229,잘못 차감된 포인트 문의 확인 부탁드립니다.,사용한 적이 없는데 [금액] 포인트가 차감된 것으로 표시됩니다.,포인트,차감,S010,포인트 오차감,Y,Y,Y
VOC05102,기존 차량 삭제 후 신규 등록,기존 차량을 삭제하고 새 차량을 등록하는 방법을 확인 부탁드립니다.,차량,차량정보,S008,차량정보 변경,Y,Y,Y
VOC07100,앱이 계속 종료됩니다 관련 기준도 함께 알려주세요.,재설치 후에도 동일하게 앱이 강제 종료됩니다.,앱,오류,S011,앱 실행 오류,Y,Y,Y
VOC08315,증권 정보 수정 문의,앱에 표시된 계약자명이 [이름]으로 되어 있는데 실제 정보와 다릅니다.,보험,계약정보,S013,계약정보 불일치,Y,Y,Y
VOC06593,포인트가 갑자기 줄었습니다,포인트 내역에 알 수 없는 차감 기록이 있습니다.,포인트,차감,S010,포인트 오차감,Y,Y,Y
VOC00880,운전 후 포인트 반영 시간 문의,"포인트가 바로 들어오는지, 일정 시간이 필요한지 문의드립니다. 이전에 정상적으로 이용한 적이 있습니다.",포인트,적립,S002,주행 포인트 적립 지연,Y,Y,Y
VOC08607,계약정보가 다르게 표시됩니다 빠른 확인 요청드립니다.,증권번호 [계약번호]의 차량정보가 현재 차량과 일치하지 않습니다. 확인 부탁드립니다.,보험,계약정보,S013,계약정보 불일치,Y,Y,Y
VOC04736,기존 차량 삭제 후 신규 등록,차량번호 변경 후 주행 서비스 연결 방법을 문의합니다.,차량,차량정보,S008,차량정보 변경,Y,Y,Y
VOC06760,서비스 실행 불가 문의,특정 메뉴에 들어가면 화면이 멈추는 현상이 반복됩니다. 앱에서 확인이 어려워 문의드립니다. 이전에 정상적으로 이용한 적이 있습니다.,앱,오류,S011,앱 실행 오류,Y,Y,Y
VOC05400,회원 탈퇴를 요청합니다,계정과 저장된 개인정보를 삭제하는 절차를 확인 부탁드립니다.,회원,계정관리,S009,회원 탈퇴,Y,Y,Y
VOC09383,포인트 지급 조건 안내 요청 관련 기준도 함께 알려주세요.,급가속이나 급감속 기록이 포인트 적립에 영향을 주나요? 필요한 확인 항목이 있다면 안내 부탁드립니다.,포인트,적립기준,S015,포인트 적립 기준 문의,Y,Y,Y
VOC06278,포인트 잔액 오류 앱에서 확인이 어려워 문의드립니다.,사용한 적이 없는데 [차감금액] 포인트가 차감된 것으로 표시됩니다. 앱에서 확인이 어려워 문의드립니다.,포인트,차감,S010,포인트 오차감,Y,Y,Y
VOC00550,주행 후 포인트가 없습니다,[주행일]에 주행을 완료했는데 포인트가 아직 적립되지 않았습니다.,포인트,적립,S001,주행 포인트 미적립,Y,Y,Y
VOC00502,주행 후 포인트가 없습니다,지난 주행 건에 대한 포인트를 받지 못했습니다. 확인 부탁드립니다.,포인트,적립,S001,주행 포인트 미적립,Y,Y,Y
VOC07537,사건번호 처리 상태 확인,[주행일]에 접수한 사고의 담당자 배정 여부가 궁금합니다. 동일 현상이 반복되고 있습니다.,사고,처리현황,S012,사고 처리 진행 문의,Y,Y,Y
VOC03343,최근 주행기록 누락 문의,주행 종료 후에도 거리와 시간이 0으로 표시됩니다. 관련 기준도 함께 알려주세요.,주행,주행기록,S006,주행기록 미반영,Y,Y,Y
VOC03624,최근 주행기록 누락 문의 처리 방법을 안내해주세요.,차량은 정상적으로 운행했는데 주행 데이터가 수집되지 않은 것 같습니다. 동일 현상이 반복되고 있습니다.,주행,주행기록,S006,주행기록 미반영,Y,Y,Y
VOC06608,포인트 차감 내역이 이상합니다,포인트 내역에 알 수 없는 차감 기록이 있습니다.,포인트,차감,S010,포인트 오차감,Y,Y,Y
VOC01973,보유 포인트 사용 방법,현재 보유한 포인트를 어디에서 사용할 수 있는지 알려주세요.,포인트,사용,S003,포인트 사용처 문의,Y,Y,Y
VOC01676,포인트를 사용할 수 있는 곳 확인 부탁드립니다.,적립된 포인트의 사용처와 사용 절차를 안내 부탁드립니다.,포인트,사용,S003,포인트 사용처 문의,Y,Y,Y
VOC01046,포인트가 아직 처리되지 않았어요,방금 운전한 기록은 보이는데 포인트는 처리 중으로 표시됩니다. 동일 현상이 반복되고 있습니다.,포인트,적립,S002,주행 포인트 적립 지연,Y,Y,Y
VOC03236,새 비밀번호 등록 문의,비밀번호 찾기 과정에서 [기존전화번호]로 인증번호가 오지 않습니다. 확인 부탁드립니다.,회원,계정관리,S005,비밀번호 재설정,Y,Y,Y
VOC07350,사고 처리 진행 상황 문의,사고 접수 이후 진행 상황 안내를 받지 못했습니다. 관련 기준도 함께 알려주세요.,사고,처리현황,S012,사고 처리 진행 문의,Y,Y,Y
VOC03295,비밀번호를 재설정하고 싶습니다,새 비밀번호를 입력했지만 변경이 완료되지 않습니다.,회원,계정관리,S005,비밀번호 재설정,Y,Y,Y
VOC05208,앱 차량정보 수정 문의 관련 기준도 함께 알려주세요.,기존 차량 [차량번호]에서 새 차량 [변경차량번호]로 변경했습니다. 관련 기준도 함께 알려주세요.,차량,차량정보,S008,차량정보 변경,Y,Y,Y
VOC03049,비밀번호 찾기 인증 오류,새 비밀번호를 입력했지만 변경이 완료되지 않습니다.,회원,계정관리,S005,비밀번호 재설정,Y,Y,Y
VOC06257,포인트 잔액 오류,포인트 내역에 알 수 없는 차감 기록이 있습니다.,포인트,차감,S010,포인트 오차감,Y,Y,Y
VOC03385,주행 데이터가 반영되지 않았어요,운전을 완료했지만 최근 주행 목록에 추가되지 않았습니다. 관련 기준도 함께 알려주세요.,주행,주행기록,S006,주행기록 미반영,Y,Y,Y
VOC03747,주행기록이 보이지 않습니다,해당 시간대의 운전 내역이 누락되어 확인 요청드립니다. 확인 부탁드립니다.,주행,주행기록,S006,주행기록 미반영,Y,Y,Y
VOC02069,아이디 입력 후 접속 오류,여러 번 시도했지만 인증 후 다시 로그인 화면으로 돌아옵니다.,회원,로그인,S004,로그인 오류,Y,Y,Y
VOC00406,주행 포인트 미적립 문의,주행 조건을 충족한 것으로 보이는데 포인트가 0으로 표시됩니다.,포인트,적립,S001,주행 포인트 미적립,Y,Y,Y
VOC07360,보상 처리 단계 문의,사건번호 [사고접수번호]와 관련해 현재 처리 단계를 확인하고 싶습니다.,사고,처리현황,S012,사고 처리 진행 문의,Y,Y,Y
VOC06117,포인트 차감 내역이 이상합니다,어제 확인한 잔액과 오늘 잔액이 달라서 문의드립니다.,포인트,차감,S010,포인트 오차감,Y,Y,Y
VOC06720,앱 실행 중 오류가 발생합니다 앱에서 확인이 어려워 문의드립니다.,재설치 후에도 동일하게 앱이 강제 종료됩니다.,앱,오류,S011,앱 실행 오류,Y,Y,Y
VOC02558,앱 로그인이 되지 않습니다,아이디와 비밀번호를 입력해도 로그인 오류가 발생합니다. 현재 화면에서 직접 수정할 수 없습니다.,회원,로그인,S004,로그인 오류,Y,Y,Y
VOC01882,포인트 사용처가 궁금합니다,적립된 포인트의 사용처와 사용 절차를 안내 부탁드립니다.,포인트,사용,S003,포인트 사용처 문의,Y,Y,Y
VOC05902,더 이상 서비스를 이용하지 않습니다 관련 기준도 함께 알려주세요.,회원 탈퇴 시 남은 포인트와 주행기록이 어떻게 처리되는지 안내받고 싶습니다. 앱에서 확인이 어려워 문의드립니다.,회원,계정관리,S009,회원 탈퇴,Y,Y,Y
VOC06929,앱이 계속 종료됩니다,앱을 열면 흰 화면만 보이고 아무 기능도 사용할 수 없습니다.,앱,오류,S011,앱 실행 오류,Y,Y,Y
VOC05987,앱 회원 탈퇴 방법 문의,더 이상 서비스를 이용하지 않아 회원 탈퇴를 진행하고 싶습니다.,회원,계정관리,S009,회원 탈퇴,Y,Y,Y
VOC01979,적립 포인트는 어디서 쓰나요,보험료 결제 외에도 포인트를 사용할 수 있는 곳이 있나요? 현재 화면에서 직접 수정할 수 없습니다.,포인트,사용,S003,포인트 사용처 문의,Y,Y,Y
VOC07769,보상 처리 단계 문의 관련 기준도 함께 알려주세요.,보상 심사가 어느 단계까지 진행됐는지 확인 부탁드립니다.,사고,처리현황,S012,사고 처리 진행 문의,Y,Y,Y
VOC02831,새 비밀번호 등록 문의,본인 인증 후 비밀번호 재설정 화면으로 이동하지 않습니다.,회원,계정관리,S005,비밀번호 재설정,Y,Y,Y
VOC01574,포인트 사용처가 확인하고 싶습니다,포인트 사용 가능한 서비스와 제한 조건이 궁금합니다. 동일 현상이 반복되고 있습니다.,포인트,사용,S003,포인트 사용처 문의,Y,Y,Y
VOC06094,잘못 차감된 포인트 문의 빠른 확인 요청드립니다.,사용한 적이 없는데 [금액] 포인트가 차감된 것으로 표시됩니다.,포인트,차감,S010,포인트 오차감,Y,Y,Y
VOC08025,앱의 계약 내용이 맞지 않아요,증권번호 [증권번호]의 차량정보가 현재 차량과 일치하지 않습니다.,보험,계약정보,S013,계약정보 불일치,Y,Y,Y
VOC06690,업데이트 후 앱이 열리지 않아요,앱을 열면 흰 화면만 보이고 아무 기능도 사용할 수 없습니다.,앱,오류,S011,앱 실행 오류,Y,Y,Y
VOC04619,보험료 할인 혜택이 궁금합니다,증권번호 [계약번호] 계약에 안전운전 할인이 적용됐는지 확인하고 싶습니다.,보험,할인,S007,보험료 할인 적용 문의,Y,Y,Y
VOC06484,사용하지 않은 포인트가 차감됐어요,포인트 사용 이력과 실제 잔액이 맞지 않습니다.,포인트,차감,S010,포인트 오차감,Y,Y,Y
VOC07049,앱이 계속 종료됩니다,앱을 열면 흰 화면만 보이고 아무 기능도 사용할 수 없습니다.,앱,오류,S011,앱 실행 오류,Y,Y,Y
VOC09252,휴대전화 번호를 변경하고 싶습니다,기존 번호 [전화번호]에서 새 번호 [변경전화번호]로 변경하고 싶습니다.,회원,회원정보,S014,휴대전화 번호 변경,Y,Y,Y
VOC04033,계약 할인 적용 상태 문의 확인 부탁드립니다.,안전운전 점수와 보험료 할인 적용 기준을 안내해주세요.,보험,할인,S007,보험료 할인 적용 문의,Y,Y,Y
VOC02189,로그인 화면에서 넘어가지 않아요,[에러코드] 메시지가 표시되면서 앱에 접속할 수 없습니다. 동일 현상이 반복되고 있습니다.,회원,로그인,S004,로그인 오류,Y,Y,Y
VOC04908,새 차량으로 바꾸고 싶어요,기존 차량 [차량번호]에서 새 차량 [새차량번호]로 변경했습니다.,차량,차량정보,S008,차량정보 변경,Y,Y,Y
VOC03590,최근 주행기록 누락 문의,해당 시간대의 운전 내역이 누락되어 확인 요청드립니다.,주행,주행기록,S006,주행기록 미반영,Y,Y,Y
VOC06706,앱이 계속 종료됩니다 빠른 확인 요청드립니다.,특정 메뉴에 들어가면 화면이 멈추는 현상이 반복됩니다.,앱,오류,S011,앱 실행 오류,Y,Y,Y
VOC06686,앱 화면이 멈춥니다,업데이트 이후 첫 화면에서 멈추고 다음으로 넘어가지 않습니다. 확인 부탁드립니다.,앱,오류,S011,앱 실행 오류,Y,Y,Y
VOC04513,주행점수 할인 확인 요청,앱에는 할인 대상이라고 나오는데 실제 보험료에 적용됐는지 알고 싶습니다. 앱을 다시 실행해도 같은 상태입니다.,보험,할인,S007,보험료 할인 적용 문의,Y,Y,Y
VOC00841,운전 후 포인트 반영 시간 문의,"포인트가 바로 들어오는지, 일정 시간이 필요한지 문의드립니다. 앱에서 확인이 어려워 문의드립니다. 앱을 다시 실행해도 같은 상태입니다.",포인트,적립,S002,주행 포인트 적립 지연,Y,Y,Y
VOC06044,포인트가 갑자기 줄었습니다,포인트 내역에 알 수 없는 차감 기록이 있습니다.,포인트,차감,S010,포인트 오차감,Y,Y,Y
VOC04880,차량을 변경했습니다,보험 계약 차량은 변경됐는데 앱에는 이전 차량이 표시됩니다. 동일 현상이 반복되고 있습니다.,차량,차량정보,S008,차량정보 변경,Y,Y,Y
VOC08100,계약 차량 정보 불일치,계약 기간과 보험료 정보가 가입 당시 안내와 다르게 표시됩니다.,보험,계약정보,S013,계약정보 불일치,Y,Y,Y
VOC09461,주행 포인트 산정 방법 문의 앱에서 확인이 어려워 문의드립니다.,주행거리와 운전점수에 따라 포인트가 어떻게 산정되는지 알고 싶습니다. 확인 부탁드립니다.,포인트,적립기준,S015,포인트 적립 기준 문의,Y,Y,Y
VOC04884,새 차량으로 바꾸고 싶어요,차량번호 변경 후 주행 서비스 연결 방법을 문의드립니다. 관련 기준도 함께 알려주세요.,차량,차량정보,S008,차량정보 변경,Y,Y,Y
VOC02872,비밀번호 찾기 인증 오류,비밀번호가 기억나지 않아 재설정하려고 합니다.,회원,계정관리,S005,비밀번호 재설정,Y,Y,Y
VOC01405,적립 포인트는 어디서 쓰나요 빠른 확인 요청드립니다.,앱에 [차감금액] 포인트가 있는데 사용 가능한 항목을 확인하고 싶습니다.,포인트,사용,S003,포인트 사용처 문의,Y,Y,Y
VOC06589,사용하지 않은 포인트가 차감됐어요,포인트 사용 이력과 실제 잔액이 맞지 않습니다.,포인트,차감,S010,포인트 오차감,Y,Y,Y
VOC00048,주행 포인트 미적립 문의,[날짜]에 주행을 완료했는데 포인트가 아직 적립되지 않았습니다. 빠른 확인 요청드립니다.,포인트,적립,S001,주행 포인트 미적립,Y,Y,Y
VOC02622,로그인 화면에서 넘어가지 않아요,여러 번 시도했지만 인증 후 다시 로그인 화면으로 돌아옵니다. 빠른 확인 요청드립니다.,회원,로그인,S004,로그인 오류,Y,Y,Y
VOC04228,계약 할인 적용 상태 문의,갱신 계약에 주행분석 할인 혜택이 반영되는지 문의드립니다. 앱에서 확인이 어려워 문의드립니다.,보험,할인,S007,보험료 할인 적용 문의,Y,Y,Y
VOC05332,앱 차량정보 수정 문의,기존 차량을 삭제하고 새 차량을 등록하는 방법을 알려주세요.,차량,차량정보,S008,차량정보 변경,Y,Y,Y
VOC05124,차량을 변경했습니다,차량을 교체해서 앱의 등록 정보를 수정하고 싶습니다. 처리 방법을 안내해주세요.,차량,차량정보,S008,차량정보 변경,Y,Y,Y
VOC03906,주행 데이터가 반영되지 않았어요,해당 시간대의 운전 내역이 누락되어 확인 요청드립니다.,주행,주행기록,S006,주행기록 미반영,Y,Y,Y
VOC06507,잘못 차감된 포인트 문의,어제 확인한 잔액과 오늘 잔액이 달라서 문의드립니다.,포인트,차감,S010,포인트 오차감,Y,Y,Y
VOC07747,사건번호 처리 상태 확인,제출한 서류가 정상적으로 접수됐는지 알고 싶습니다.,사고,처리현황,S012,사고 처리 진행 문의,Y,Y,Y
VOC09449,운전점수와 포인트 관계,급가속이나 급감속 기록이 포인트 적립에 영향을 주나요? 빠른 확인 요청드립니다.,포인트,적립기준,S015,포인트 적립 기준 문의,Y,Y,Y
VOC05727,가입 정보 삭제 요청,앱에서 탈퇴 메뉴를 찾을 수 없어 문의합니다. 앱에서 확인이 어려워 문의드립니다.,회원,계정관리,S009,회원 탈퇴,Y,Y,Y
VOC00490,운전했는데 포인트가 안 들어왔어요,주행 조건을 충족한 것으로 보이는데 포인트가 0으로 표시됩니다. 앱에서 확인이 어려워 문의드립니다.,포인트,적립,S001,주행 포인트 미적립,Y,Y,Y
VOC08157,보험 계약자 정보 오류,보험 계약 정보 중 일부 항목이 잘못되어 수정 요청드립니다.,보험,계약정보,S013,계약정보 불일치,Y,Y,Y
VOC09962,운전점수와 포인트 관계,짧은 거리 주행도 포인트 적립 대상인지 확인 요청드립니다.,포인트,적립기준,S015,포인트 적립 기준 문의,Y,Y,Y
VOC09376,어떤 주행이 포인트 대상인가요 처리 방법을 안내해주세요.,짧은 거리 주행도 포인트 적립 대상인지 문의드립니다.,포인트,적립기준,S015,포인트 적립 기준 문의,Y,Y,Y
VOC09710,주행 포인트 산정 방법 문의 확인 부탁드립니다.,급가속이나 급감속 기록이 포인트 적립에 영향을 주나요?,포인트,적립기준,S015,포인트 적립 기준 문의,Y,Y,Y
VOC06937,앱 화면이 멈춥니다,재설치 후에도 동일하게 앱이 강제 종료됩니다.,앱,오류,S011,앱 실행 오류,Y,Y,Y
VOC08116,증권 정보 수정 문의 빠른 확인 요청드립니다.,계약 기간과 보험료 정보가 가입 당시 안내와 다르게 표시됩니다.,보험,계약정보,S013,계약정보 불일치,Y,Y,Y
VOC00128,포인트가 누락된 것 같습니다,[출발지]에서 [도착지]까지 구간을 운전했는데 적립 내역이 확인되지 않습니다.,포인트,적립,S001,주행 포인트 미적립,Y,Y,Y
VOC07670,사고 처리 진행 상황 문의,사건번호 [사고접수번호]와 관련해 현재 처리 단계를 확인하고 싶습니다.,사고,처리현황,S012,사고 처리 진행 문의,Y,Y,Y
VOC00822,포인트 적립 처리 중 문의,오늘 주행을 마쳤는데 포인트가 아직 반영되지 않았습니다. 보통 얼마나 걸리나요?,포인트,적립,S002,주행 포인트 적립 지연,Y,Y,Y
VOC06863,앱 화면이 멈춥니다,재설치 후에도 동일하게 앱이 강제 종료됩니다. 필요한 확인 항목이 있다면 안내 부탁드립니다.,앱,오류,S011,앱 실행 오류,Y,Y,Y
VOC06818,앱이 계속 종료됩니다,특정 메뉴에 들어가면 화면이 멈추는 현상이 반복됩니다.,앱,오류,S011,앱 실행 오류,Y,Y,Y
VOC08232,계약정보가 다르게 표시됩니다,앱에 표시된 계약자명이 [이름]으로 되어 있는데 실제 정보와 다릅니다. 동일 현상이 반복되고 있습니다.,보험,계약정보,S013,계약정보 불일치,Y,Y,Y
VOC07493,사고 처리 진행 상황 문의 관련 기준도 함께 알려주세요.,사건번호 [사건번호]와 관련해 현재 처리 단계를 확인하고 싶습니다.,사고,처리현황,S012,사고 처리 진행 문의,Y,Y,Y
VOC02481,앱 로그인이 되지 않습니다,아이디와 비밀번호를 입력해도 로그인 오류가 발생합니다.,회원,로그인,S004,로그인 오류,Y,Y,Y
VOC00808,포인트가 아직 처리되지 않았어요,[접수시간]에 주행을 종료했습니다. 포인트 반영 예정 시간을 알고 싶습니다.,포인트,적립,S002,주행 포인트 적립 지연,Y,Y,Y
VOC01762,보유 포인트 사용 방법,현재 보유한 포인트를 어디에서 사용할 수 있는지 알려주세요.,포인트,사용,S003,포인트 사용처 문의,Y,Y,Y
VOC02973,비밀번호를 재설정하고 싶습니다,비밀번호 변경 절차와 조건을 안내해주세요.,회원,계정관리,S005,비밀번호 재설정,Y,Y,Y
VOC04389,계약 할인 적용 상태 문의,증권번호 [계약번호] 계약에 안전운전 할인이 적용됐는지 확인하고 싶습니다.,보험,할인,S007,보험료 할인 적용 문의,Y,Y,Y
VOC04390,보험료 할인이 반영됐나요,증권번호 [증권번호] 계약에 안전운전 할인이 적용됐는지 확인하고 싶습니다. 앱을 다시 실행해도 같은 상태입니다.,보험,할인,S007,보험료 할인 적용 문의,Y,Y,Y
VOC01956,보유 포인트 사용 방법,앱에 [금액] 포인트가 있는데 사용 가능한 항목을 확인하고 싶습니다.,포인트,사용,S003,포인트 사용처 문의,Y,Y,Y
VOC05784,가입 정보 삭제 요청,앱에서 탈퇴 메뉴를 찾을 수 없어 문의드립니다.,회원,계정관리,S009,회원 탈퇴,Y,Y,Y
VOC02512,계정 접속이 불가능합니다,로그인 버튼을 눌러도 화면이 그대로입니다.,회원,로그인,S004,로그인 오류,Y,Y,Y
VOC07820,사고 접수 후 연락이 없습니다,[주행일]에 접수한 사고의 담당자 배정 여부가 확인하고 싶습니다.,사고,처리현황,S012,사고 처리 진행 문의,Y,Y,Y
VOC03298,비밀번호 변경이 되지 않습니다,비밀번호 변경 절차와 조건을 안내해주세요. 동일 현상이 반복되고 있습니다.,회원,계정관리,S005,비밀번호 재설정,Y,Y,Y
VOC05337,회원 탈퇴를 요청합니다,회원 탈퇴 시 남은 포인트와 주행기록이 어떻게 처리되는지 궁금합니다.,회원,계정관리,S009,회원 탈퇴,Y,Y,Y
VOC01417,보유 포인트 사용 방법,보험료 결제 외에도 포인트를 사용할 수 있는 곳이 있나요?,포인트,사용,S003,포인트 사용처 문의,Y,Y,Y
VOC01550,포인트 사용 가능 서비스 문의,앱에 [포인트수량] 포인트가 있는데 사용 가능한 항목을 확인하고 싶습니다.,포인트,사용,S003,포인트 사용처 문의,Y,Y,Y
VOC06460,잘못 차감된 포인트 문의,포인트 사용 이력과 실제 잔액이 맞지 않습니다.,포인트,차감,S010,포인트 오차감,Y,Y,Y
VOC08016,계약정보가 다르게 표시됩니다 확인 부탁드립니다.,보험 계약 정보 중 일부 항목이 잘못되어 수정 요청드립니다.,보험,계약정보,S013,계약정보 불일치,Y,Y,Y
VOC04630,보험료 할인이 반영됐나요,증권번호 [증권번호] 계약에 안전운전 할인이 적용됐는지 확인하고 싶습니다.,보험,할인,S007,보험료 할인 적용 문의,Y,Y,Y
VOC05411,서비스 계정을 삭제하고 싶어요 앱에서 확인이 어려워 문의드립니다.,회원 탈퇴 시 남은 포인트와 주행기록이 어떻게 처리되는지 안내받고 싶습니다.,회원,계정관리,S009,회원 탈퇴,Y,Y,Y
VOC01122,주행 포인트는 언제 들어오나요,오늘 주행을 마쳤는데 포인트가 아직 반영되지 않았습니다. 보통 얼마나 걸리나요?,포인트,적립,S002,주행 포인트 적립 지연,Y,Y,Y
VOC07783,접수한 사고는 어떻게 진행되고 있나요,[날짜]에 접수한 사고의 담당자 배정 여부가 궁금합니다.,사고,처리현황,S012,사고 처리 진행 문의,Y,Y,Y
VOC05616,가입 정보 삭제 요청,본인 인증 후 탈퇴가 완료되지 않아 확인 부탁드립니다.,회원,계정관리,S009,회원 탈퇴,Y,Y,Y
VOC09406,주행 포인트 산정 방법 문의,급가속이나 급감속 기록이 포인트 적립에 영향을 주나요? 앱에서 확인이 어려워 문의드립니다.,포인트,적립기준,S015,포인트 적립 기준 문의,Y,Y,Y
VOC06664,잘못 차감된 포인트 문의,결제를 취소했는데 차감된 포인트가 복구되지 않았습니다. 확인 부탁드립니다.,포인트,차감,S010,포인트 오차감,Y,Y,Y
VOC02642,계속 로그인에 실패합니다,기존에 사용하던 계정으로 접속되지 않아 문의합니다.,회원,로그인,S004,로그인 오류,Y,Y,Y
VOC02046,계속 로그인에 실패합니다,[오류코드] 메시지가 표시되면서 앱에 접속할 수 없습니다.,회원,로그인,S004,로그인 오류,Y,Y,Y
VOC08627,증권 정보 수정 문의 확인 부탁드립니다.,앱에 표시된 계약자명이 [이름]으로 되어 있는데 실제 정보와 다릅니다. 현재 화면에서 직접 수정할 수 없습니다.,보험,계약정보,S013,계약정보 불일치,Y,Y,Y
VOC05282,등록 차량 변경 요청,차량번호 변경 후 주행 서비스 연결 방법을 문의드립니다.,차량,차량정보,S008,차량정보 변경,Y,Y,Y
VOC02700,비밀번호를 재설정하고 싶습니다,본인 인증 후 비밀번호 재설정 화면으로 이동하지 않습니다. 현재 화면에서 직접 수정할 수 없습니다.,회원,계정관리,S005,비밀번호 재설정,Y,Y,Y
VOC05586,더 이상 서비스를 이용하지 않습니다,앱에서 탈퇴 메뉴를 찾을 수 없어 문의드립니다. 관련 기준도 함께 알려주세요. 필요한 확인 항목이 있다면 안내 부탁드립니다.,회원,계정관리,S009,회원 탈퇴,Y,Y,Y
VOC05355,더 이상 서비스를 이용하지 않습니다 앱에서 확인이 어려워 문의드립니다.,본인 인증 후 탈퇴가 완료되지 않아 확인 부탁드립니다.,회원,계정관리,S009,회원 탈퇴,Y,Y,Y
VOC08052,증권 정보 수정 문의,보험 계약 정보 중 일부 항목이 잘못되어 수정 요청드립니다.,보험,계약정보,S013,계약정보 불일치,Y,Y,Y
VOC03121,비밀번호 변경이 정상적으로 처리되지 않습니다 빠른 확인 요청드립니다.,비밀번호 변경 절차와 조건을 안내해주세요.,회원,계정관리,S005,비밀번호 재설정,Y,Y,Y
VOC00583,주행 포인트 미적립 문의,주행 조건을 충족한 것으로 보이는데 포인트가 0으로 표시됩니다.,포인트,적립,S001,주행 포인트 미적립,Y,Y,Y
VOC08107,증권 정보 수정 문의,보험 계약 정보 중 일부 항목이 잘못되어 수정 요청드립니다. 이전에 정상적으로 이용한 적이 있습니다.,보험,계약정보,S013,계약정보 불일치,Y,Y,Y
VOC03537,앱에서 운전 기록 확인 불가 확인 부탁드립니다.,[주행일]에 [출발지]에서 [도착지]까지 구간을 운전했는데 앱에서 기록이 보이지 않습니다. 빠른 확인 요청드립니다.,주행,주행기록,S006,주행기록 미반영,Y,Y,Y
VOC05538,앱 회원 탈퇴 방법 문의 처리 방법을 안내해주세요.,앱에서 탈퇴 메뉴를 찾을 수 없어 문의드립니다. 확인 부탁드립니다.,회원,계정관리,S009,회원 탈퇴,Y,Y,Y
VOC06525,포인트 잔액 오류,사용한 적이 없는데 [포인트수량] 포인트가 차감된 것으로 표시됩니다.,포인트,차감,S010,포인트 오차감,Y,Y,Y
VOC06333,포인트 차감 내역이 이상합니다,포인트 내역에 알 수 없는 차감 기록이 있습니다.,포인트,차감,S010,포인트 오차감,Y,Y,Y
VOC04143,보험료 할인이 반영됐나요,안전운전 점수와 보험료 할인 적용 기준을 안내해주세요. 앱에서 확인이 어려워 문의드립니다.,보험,할인,S007,보험료 할인 적용 문의,Y,Y,Y
VOC04822,차량을 변경했습니다,차량을 교체해서 앱의 등록 정보를 수정하고 싶습니다.,차량,차량정보,S008,차량정보 변경,Y,Y,Y
VOC01626,포인트 사용처가 궁금합니다,적립된 포인트의 사용처와 사용 절차를 안내 부탁드립니다. 확인 부탁드립니다. 필요한 확인 항목이 있다면 안내 부탁드립니다.,포인트,사용,S003,포인트 사용처 문의,Y,Y,Y
VOC05473,더 이상 서비스를 이용하지 않습니다,더 이상 서비스를 이용하지 않아 회원 탈퇴를 진행하고 싶습니다. 빠른 확인 요청드립니다.,회원,계정관리,S009,회원 탈퇴,Y,Y,Y
VOC06642,잘못 차감된 포인트 문의,어제 확인한 잔액과 오늘 잔액이 달라서 확인 요청드립니다.,포인트,차감,S010,포인트 오차감,Y,Y,Y
VOC06896,앱 실행 중 오류가 발생합니다,앱을 실행하면 [에러코드] 오류가 표시되고 바로 종료됩니다.,앱,오류,S011,앱 실행 오류,Y,Y,Y
VOC00981,운전 후 포인트 반영 시간 문의,[시간]에 주행을 종료했습니다. 포인트 반영 예정 시간을 알고 싶습니다. 확인 부탁드립니다.,포인트,적립,S002,주행 포인트 적립 지연,Y,Y,Y
VOC04202,계약 할인 적용 상태 문의,증권번호 [계약번호] 계약에 안전운전 할인이 적용됐는지 확인하고 싶습니다. 빠른 확인 요청드립니다.,보험,할인,S007,보험료 할인 적용 문의,Y,Y,Y
VOC01116,포인트 반영이 늦어지고 있습니다,"포인트가 바로 들어오는지, 일정 시간이 필요한지 문의드립니다.",포인트,적립,S002,주행 포인트 적립 지연,Y,Y,Y
VOC09412,운전점수와 포인트 관계,주행거리와 운전점수에 따라 포인트가 어떻게 산정되는지 알고 싶습니다. 필요한 확인 항목이 있다면 안내 부탁드립니다.,포인트,적립기준,S015,포인트 적립 기준 문의,Y,Y,Y
VOC02511,앱 로그인이 되지 않습니다,여러 번 시도했지만 인증 후 다시 로그인 화면으로 돌아옵니다. 확인 부탁드립니다.,회원,로그인,S004,로그인 오류,Y,Y,Y
VOC07341,접수한 사고는 어떻게 진행되고 있나요,사건번호 [사건번호]와 관련해 현재 처리 단계를 확인하고 싶습니다.,사고,처리현황,S012,사고 처리 진행 문의,Y,Y,Y
VOC05498,가입 정보 삭제 요청,앱에서 탈퇴 메뉴를 찾을 수 없어 문의드립니다. 앱에서 확인이 어려워 문의드립니다.,회원,계정관리,S009,회원 탈퇴,Y,Y,Y
VOC01171,포인트 적립 처리 중 문의 빠른 확인 요청드립니다.,방금 운전한 기록은 보이는데 포인트는 처리 중으로 표시됩니다. 확인 부탁드립니다.,포인트,적립,S002,주행 포인트 적립 지연,Y,Y,Y
VOC08446,보험 계약자 정보 오류 확인 부탁드립니다.,갱신한 계약이 앱에서 이전 계약으로 보입니다.,보험,계약정보,S013,계약정보 불일치,Y,Y,Y
VOC06584,포인트 잔액 오류,포인트 내역에 알 수 없는 차감 기록이 있습니다. 앱에서 확인이 어려워 문의드립니다. 이전에 정상적으로 이용한 적이 있습니다.,포인트,차감,S010,포인트 오차감,Y,Y,Y
VOC01864,포인트 사용 가능 서비스 문의 처리 방법을 안내해주세요.,포인트 사용 가능한 서비스와 제한 조건이 궁금합니다. 앱을 다시 실행해도 같은 상태입니다.,포인트,사용,S003,포인트 사용처 문의,Y,Y,Y
VOC03134,비밀번호 찾기 인증 오류,새 비밀번호를 입력했지만 변경이 완료되지 않습니다.,회원,계정관리,S005,비밀번호 재설정,Y,Y,Y
VOC06757,업데이트 후 앱이 열리지 않아요,특정 메뉴에 들어가면 화면이 멈추는 현상이 반복됩니다.,앱,오류,S011,앱 실행 오류,Y,Y,Y
VOC03397,앱에서 운전 기록 확인 불가,차량은 정상적으로 운행했는데 주행 데이터가 수집되지 않은 것 같습니다.,주행,주행기록,S006,주행기록 미반영,Y,Y,Y
VOC09288,등록 연락처 수정 요청,새 번호로 본인 인증을 진행하는 방법을 알려주세요. 빠른 확인 요청드립니다.,회원,회원정보,S014,휴대전화 번호 변경,Y,Y,Y
VOC01589,포인트를 사용할 수 있는 곳,포인트 사용 가능한 서비스와 제한 조건이 궁금합니다. 처리 방법을 안내해주세요. 동일 현상이 반복되고 있습니다.,포인트,사용,S003,포인트 사용처 문의,Y,Y,Y
VOC09676,주행 포인트 산정 방법 문의,주행거리와 운전점수에 따라 포인트가 어떻게 산정되는지 알고 싶습니다. 관련 기준도 함께 알려주세요.,포인트,적립기준,S015,포인트 적립 기준 문의,Y,Y,Y
VOC04831,등록 차량 변경 요청,차량을 교체해서 앱의 등록 정보를 수정하고 싶습니다. 처리 방법을 안내해주세요.,차량,차량정보,S008,차량정보 변경,Y,Y,Y
VOC07408,사고 접수 후 연락이 없습니다,사고 접수 이후 진행 상황 안내를 받지 못했습니다.,사고,처리현황,S012,사고 처리 진행 문의,Y,Y,Y
VOC05326,앱 차량정보 수정 문의 앱에서 확인이 어려워 문의드립니다.,기존 차량 [기존차량번호]에서 새 차량 [새차량번호]로 변경했습니다.,차량,차량정보,S008,차량정보 변경,Y,Y,Y
VOC05424,더 이상 서비스를 이용하지 않습니다 관련 기준도 함께 알려주세요.,앱에서 탈퇴 메뉴를 찾을 수 없어 확인 요청드립니다. 관련 기준도 함께 알려주세요.,회원,계정관리,S009,회원 탈퇴,Y,Y,Y
VOC08078,계약 차량 정보 불일치,계약 기간과 보험료 정보가 가입 당시 안내와 다르게 표시됩니다.,보험,계약정보,S013,계약정보 불일치,Y,Y,Y
VOC09319,등록 연락처 수정 요청,기존 번호 [기존전화번호]에서 새 번호 [새전화번호]로 변경하고 싶습니다. 관련 기준도 함께 알려주세요.,회원,회원정보,S014,휴대전화 번호 변경,Y,Y,Y
VOC05259,앱 차량정보 수정 문의,기존 차량 [차량번호]에서 새 차량 [변경차량번호]로 변경했습니다. 빠른 확인 요청드립니다.,차량,차량정보,S008,차량정보 변경,Y,Y,Y
VOC02031,앱 로그인이 되지 않습니다,아이디와 비밀번호를 입력해도 로그인 오류가 발생합니다.,회원,로그인,S004,로그인 오류,Y,Y,Y
VOC00975,포인트가 아직 처리되지 않았어요,[접수시간]에 주행을 종료했습니다. 포인트 반영 예정 시간을 알고 싶습니다. 앱에서 확인이 어려워 문의드립니다.,포인트,적립,S002,주행 포인트 적립 지연,Y,Y,Y
VOC08337,보험 계약자 정보 오류,보험 계약 정보 중 일부 항목이 잘못되어 수정 요청드립니다.,보험,계약정보,S013,계약정보 불일치,Y,Y,Y
VOC07495,사고 접수 후 연락이 없습니다,보상 심사가 어느 단계까지 진행됐는지 확인 부탁드립니다.,사고,처리현황,S012,사고 처리 진행 문의,Y,Y,Y
VOC02922,새 비밀번호 등록 문의 빠른 확인 요청드립니다.,비밀번호 찾기 과정에서 [전화번호]로 인증번호가 오지 않습니다.,회원,계정관리,S005,비밀번호 재설정,Y,Y,Y
VOC04989,새 차량으로 바꾸고 싶어요,차량을 교체해서 앱의 등록 정보를 수정하고 싶습니다. 필요한 확인 항목이 있다면 안내 부탁드립니다.,차량,차량정보,S008,차량정보 변경,Y,Y,Y
VOC00567,주행 포인트 미적립 문의,주행 조건을 충족한 것으로 보이는데 포인트가 0으로 표시됩니다.,포인트,적립,S001,주행 포인트 미적립,Y,Y,Y
VOC08330,증권 정보 수정 문의,보험 계약 정보 중 일부 항목이 잘못되어 수정 요청드립니다.,보험,계약정보,S013,계약정보 불일치,Y,Y,Y
VOC08423,증권 정보 수정 문의,보험 계약 정보 중 일부 항목이 잘못되어 수정 요청드립니다. 관련 기준도 함께 알려주세요.,보험,계약정보,S013,계약정보 불일치,Y,Y,Y
VOC08321,계약정보가 다르게 표시됩니다,계약 기간과 보험료 정보가 가입 당시 안내와 다르게 표시됩니다.,보험,계약정보,S013,계약정보 불일치,Y,Y,Y
VOC09128,휴대전화 번호를 변경하고 싶습니다,새 번호로 본인 인증을 진행하는 방법을 알려주세요.,회원,회원정보,S014,휴대전화 번호 변경,Y,Y,Y
VOC00296,주행 후 포인트가 없습니다,지난 주행 건에 대한 포인트를 받지 못했습니다. 확인 부탁드립니다. 처리 방법을 안내해주세요. 현재 화면에서 직접 수정할 수 없습니다.,포인트,적립,S001,주행 포인트 미적립,Y,Y,Y
VOC03836,주행기록이 보이지 않습니다,차량은 정상적으로 운행했는데 주행 데이터가 수집되지 않은 것 같습니다.,주행,주행기록,S006,주행기록 미반영,Y,Y,Y
VOC04432,계약 할인 적용 상태 문의,앱에는 할인 대상이라고 나오는데 실제 보험료에 적용됐는지 알고 싶습니다.,보험,할인,S007,보험료 할인 적용 문의,Y,Y,Y
VOC09170,회원정보의 전화번호가 다릅니다,기존 번호 [전화번호]에서 새 번호 [새전화번호]로 변경하고 싶습니다.,회원,회원정보,S014,휴대전화 번호 변경,Y,Y,Y
VOC00150,운전했는데 포인트가 안 들어왔어요 확인 부탁드립니다.,주행 조건을 충족한 것으로 보이는데 포인트가 0으로 표시됩니다.,포인트,적립,S001,주행 포인트 미적립,Y,Y,Y
VOC03158,비밀번호 찾기 인증 오류,비밀번호가 기억나지 않아 재설정하려고 합니다.,회원,계정관리,S005,비밀번호 재설정,Y,Y,Y
VOC02407,앱 로그인이 되지 않습니다,[에러코드] 메시지가 표시되면서 앱에 접속할 수 없습니다.,회원,로그인,S004,로그인 오류,Y,Y,Y
VOC01454,포인트를 사용할 수 있는 곳,앱에 [차감금액] 포인트가 있는데 사용 가능한 항목을 확인하고 싶습니다.,포인트,사용,S003,포인트 사용처 문의,Y,Y,Y
VOC05716,앱 회원 탈퇴 방법 문의,계정과 저장된 개인정보를 삭제하는 절차를 알려주세요. 빠른 확인 요청드립니다.,회원,계정관리,S009,회원 탈퇴,Y,Y,Y
VOC09694,어떤 주행이 포인트 대상인가요,급가속이나 급감속 기록이 포인트 적립에 영향을 주나요? 확인 부탁드립니다. 이전에 정상적으로 이용한 적이 있습니다.,포인트,적립기준,S015,포인트 적립 기준 문의,Y,Y,Y
VOC03153,비밀번호 찾기 인증 오류,비밀번호 찾기 과정에서 [전화번호]로 인증번호가 오지 않습니다. 처리 방법을 안내해주세요.,회원,계정관리,S005,비밀번호 재설정,Y,Y,Y
VOC00020,운전했는데 포인트가 안 들어왔어요 처리 방법을 안내해주세요.,[날짜]에 주행을 완료했는데 포인트가 아직 적립되지 않았습니다.,포인트,적립,S001,주행 포인트 미적립,Y,Y,Y
VOC08920,등록 연락처 수정 요청 빠른 확인 요청드립니다.,기존 번호 [기존전화번호]에서 새 번호 [변경전화번호]로 변경하고 싶습니다. 관련 기준도 함께 알려주세요.,회원,회원정보,S014,휴대전화 번호 변경,Y,Y,Y
VOC08724,회원정보의 전화번호가 다릅니다 앱에서 확인이 어려워 문의드립니다.,새 번호로 본인 인증을 진행하는 방법을 알려주세요. 이전에 정상적으로 이용한 적이 있습니다.,회원,회원정보,S014,휴대전화 번호 변경,Y,Y,Y
VOC08189,증권 정보 수정 문의,보험 계약 정보 중 일부 항목이 잘못되어 수정 요청드립니다. 빠른 확인 요청드립니다. 동일 현상이 반복되고 있습니다.,보험,계약정보,S013,계약정보 불일치,Y,Y,Y
VOC00964,주행 포인트는 언제 들어오나요,주행 후 몇 시간이 지났는데 아직 적립 대기 상태입니다. 앱을 다시 실행해도 같은 상태입니다.,포인트,적립,S002,주행 포인트 적립 지연,Y,Y,Y
VOC00212,주행 후 포인트가 없습니다,지난 주행 건에 대한 포인트를 받지 못했습니다. 확인 부탁드립니다. 빠른 확인 요청드립니다.,포인트,적립,S001,주행 포인트 미적립,Y,Y,Y
VOC09417,운전점수와 포인트 관계 앱에서 확인이 어려워 문의드립니다.,주행거리와 운전점수에 따라 포인트가 어떻게 산정되는지 알고 싶습니다.,포인트,적립기준,S015,포인트 적립 기준 문의,Y,Y,Y
VOC03044,새 비밀번호 등록 문의,비밀번호가 기억나지 않아 재설정하려고 합니다.,회원,계정관리,S005,비밀번호 재설정,Y,Y,Y
VOC03975,운전한 내역이 앱에 없습니다,해당 시간대의 운전 내역이 누락되어 확인 요청드립니다.,주행,주행기록,S006,주행기록 미반영,Y,Y,Y
VOC07083,앱 화면이 멈춥니다,재설치 후에도 동일하게 앱이 강제 종료됩니다.,앱,오류,S011,앱 실행 오류,Y,Y,Y
VOC07487,사고 처리 진행 상황 문의,[접수일]에 접수한 사고의 담당자 배정 여부가 안내받고 싶습니다. 앱에서 확인이 어려워 문의드립니다.,사고,처리현황,S012,사고 처리 진행 문의,Y,Y,Y
VOC08180,보험 계약자 정보 오류 빠른 확인 요청드립니다.,갱신한 계약이 앱에서 이전 계약으로 보입니다.,보험,계약정보,S013,계약정보 불일치,Y,Y,Y
VOC00398,운전했는데 포인트가 안 들어왔어요,지난 주행 건에 대한 포인트를 받지 못했습니다. 확인 부탁드립니다.,포인트,적립,S001,주행 포인트 미적립,Y,Y,Y
VOC03834,최근 주행기록 누락 문의,해당 시간대의 운전 내역이 누락되어 확인 요청드립니다.,주행,주행기록,S006,주행기록 미반영,Y,Y,Y
VOC02735,비밀번호가 기억나지 않아요,비밀번호 찾기 과정에서 [전화번호]로 인증번호가 오지 않습니다.,회원,계정관리,S005,비밀번호 재설정,Y,Y,Y
VOC08185,증권 정보 수정 문의 관련 기준도 함께 알려주세요.,계약 기간과 보험료 정보가 가입 당시 안내와 다르게 표시됩니다.,보험,계약정보,S013,계약정보 불일치,Y,Y,Y
VOC07583,보상 처리 단계 문의,보상 심사가 어느 단계까지 진행됐는지 확인 부탁드립니다.,사고,처리현황,S012,사고 처리 진행 문의,Y,Y,Y
VOC01388,포인트를 사용할 수 있는 곳,적립된 포인트의 사용처와 사용 절차를 안내 부탁드립니다.,포인트,사용,S003,포인트 사용처 문의,Y,Y,Y
VOC02990,비밀번호 찾기 인증 오류 빠른 확인 요청드립니다.,비밀번호 변경 절차와 조건을 안내해주세요.,회원,계정관리,S005,비밀번호 재설정,Y,Y,Y
VOC05629,더 이상 서비스를 이용하지 않습니다,본인 인증 후 탈퇴가 완료되지 않아 확인 부탁드립니다.,회원,계정관리,S009,회원 탈퇴,Y,Y,Y
VOC05672,서비스 계정을 삭제하고 싶어요,회원 탈퇴 시 남은 포인트와 주행기록이 어떻게 처리되는지 확인하고 싶습니다.,회원,계정관리,S009,회원 탈퇴,Y,Y,Y
VOC08464,계약 차량 정보 불일치,계약 기간과 보험료 정보가 가입 당시 안내와 다르게 표시됩니다. 처리 방법을 안내해주세요.,보험,계약정보,S013,계약정보 불일치,Y,Y,Y
VOC01963,포인트 사용 가능 서비스 문의 관련 기준도 함께 알려주세요.,포인트 사용 가능한 서비스와 제한 조건이 궁금합니다.,포인트,사용,S003,포인트 사용처 문의,Y,Y,Y
VOC07733,사건번호 처리 상태 확인,제출한 서류가 정상적으로 접수됐는지 알고 싶습니다.,사고,처리현황,S012,사고 처리 진행 문의,Y,Y,Y
VOC08320,앱의 계약 내용이 맞지 않아요,앱에 표시된 계약자명이 [계약자명]으로 되어 있는데 실제 정보와 다릅니다. 확인 부탁드립니다.,보험,계약정보,S013,계약정보 불일치,Y,Y,Y
VOC05426,앱 회원 탈퇴 방법 문의,더 이상 서비스를 이용하지 않아 회원 탈퇴를 진행하고 싶습니다.,회원,계정관리,S009,회원 탈퇴,Y,Y,Y
VOC09456,주행 포인트 산정 방법 문의,급가속이나 급감속 기록이 포인트 적립에 영향을 주나요? 처리 방법을 안내해주세요.,포인트,적립기준,S015,포인트 적립 기준 문의,Y,Y,Y
VOC09657,포인트 지급 조건 안내 요청,급가속이나 급감속 기록이 포인트 적립에 영향을 주나요?,포인트,적립기준,S015,포인트 적립 기준 문의,Y,Y,Y
VOC08099,앱의 계약 내용이 맞지 않아요 관련 기준도 함께 알려주세요.,보험 계약 정보 중 일부 항목이 잘못되어 수정 요청드립니다.,보험,계약정보,S013,계약정보 불일치,Y,Y,Y
VOC02428,계속 로그인에 실패합니다 빠른 확인 요청드립니다.,아이디와 비밀번호를 입력해도 로그인 오류가 발생합니다. 확인 부탁드립니다.,회원,로그인,S004,로그인 오류,Y,Y,Y
VOC01117,운전 후 포인트 반영 시간 문의,"포인트가 바로 들어오는지, 일정 시간이 필요한지 문의드립니다. 이전에 정상적으로 이용한 적이 있습니다.",포인트,적립,S002,주행 포인트 적립 지연,Y,Y,Y
VOC04206,보험료 할인이 반영됐나요,갱신 계약에 주행분석 할인 혜택이 반영되는지 문의드립니다. 관련 기준도 함께 알려주세요.,보험,할인,S007,보험료 할인 적용 문의,Y,Y,Y
VOC06809,업데이트 후 앱이 열리지 않아요,앱을 열면 흰 화면만 보이고 아무 기능도 사용할 수 없습니다.,앱,오류,S011,앱 실행 오류,Y,Y,Y
VOC03227,비밀번호 변경이 되지 않습니다 처리 방법을 안내해주세요.,비밀번호 변경 절차와 조건을 안내해주세요.,회원,계정관리,S005,비밀번호 재설정,Y,Y,Y
VOC03019,비밀번호를 재설정하고 싶습니다,비밀번호 찾기 과정에서 [전화번호]로 인증번호가 오지 않습니다.,회원,계정관리,S005,비밀번호 재설정,Y,Y,Y
VOC01692,포인트 사용처가 안내받고 싶습니다,적립된 포인트의 사용처와 사용 절차를 안내 부탁드립니다. 필요한 확인 항목이 있다면 안내 부탁드립니다.,포인트,사용,S003,포인트 사용처 문의,Y,Y,Y
VOC04222,주행점수 할인 확인 요청,갱신 계약에 주행분석 할인 혜택이 반영되는지 문의드립니다.,보험,할인,S007,보험료 할인 적용 문의,Y,Y,Y
VOC05300,새 차량으로 바꾸고 싶어요,차량번호 변경 후 주행 서비스 연결 방법을 문의드립니다.,차량,차량정보,S008,차량정보 변경,Y,Y,Y
VOC00087,주행 후 포인트가 없습니다,운전 기록은 정상적으로 보이지만 포인트가 들어오지 않았습니다.,포인트,적립,S001,주행 포인트 미적립,Y,Y,Y
VOC05934,더 이상 서비스를 이용하지 않습니다,회원 탈퇴 시 남은 포인트와 주행기록이 어떻게 처리되는지 궁금합니다.,회원,계정관리,S009,회원 탈퇴,Y,Y,Y
VOC05189,새 차량으로 바꾸고 싶어요,차량을 교체해서 앱의 등록 정보를 수정하고 싶습니다.,차량,차량정보,S008,차량정보 변경,Y,Y,Y
VOC08271,증권 정보 수정 문의,보험 계약 정보 중 일부 항목이 잘못되어 수정 요청드립니다. 이전에 정상적으로 이용한 적이 있습니다.,보험,계약정보,S013,계약정보 불일치,Y,Y,Y
VOC05692,서비스 계정을 삭제하고 싶어요 빠른 확인 요청드립니다.,본인 인증 후 탈퇴가 완료되지 않아 확인 부탁드립니다.,회원,계정관리,S009,회원 탈퇴,Y,Y,Y
VOC02384,아이디 입력 후 접속 오류,아이디와 비밀번호를 입력해도 로그인 오류가 발생합니다. 처리 방법을 안내해주세요.,회원,로그인,S004,로그인 오류,Y,Y,Y
VOC03199,비밀번호 변경이 되지 않습니다,새 비밀번호를 입력했지만 변경이 완료되지 않습니다.,회원,계정관리,S005,비밀번호 재설정,Y,Y,Y
VOC05976,가입 정보 삭제 요청,회원 탈퇴 시 남은 포인트와 주행기록이 어떻게 처리되는지 확인하고 싶습니다. 빠른 확인 요청드립니다.,회원,계정관리,S009,회원 탈퇴,Y,Y,Y
VOC02780,비밀번호 찾기 인증 오류,비밀번호 변경 절차와 조건을 안내해주세요. 이전에 정상적으로 이용한 적이 있습니다.,회원,계정관리,S005,비밀번호 재설정,Y,Y,Y
VOC05269,앱 차량정보 수정 문의,기존 차량 [기존차량번호]에서 새 차량 [변경차량번호]로 변경했습니다. 빠른 확인 요청드립니다.,차량,차량정보,S008,차량정보 변경,Y,Y,Y
VOC03432,운전한 내역이 앱에 없습니다,해당 시간대의 운전 내역이 누락되어 확인 요청드립니다.,주행,주행기록,S006,주행기록 미반영,Y,Y,Y
VOC06543,포인트 차감 내역이 이상합니다,사용한 적이 없는데 [금액] 포인트가 차감된 것으로 표시됩니다. 확인 부탁드립니다. 필요한 확인 항목이 있다면 안내 부탁드립니다.,포인트,차감,S010,포인트 오차감,Y,Y,Y
VOC04975,새 차량으로 바꾸고 싶어요 확인 부탁드립니다.,보험 계약 차량은 변경됐는데 앱에는 이전 차량이 표시됩니다. 현재 화면에서 직접 수정할 수 없습니다.,차량,차량정보,S008,차량정보 변경,Y,Y,Y
VOC07365,사건번호 처리 상태 확인,제출한 서류가 정상적으로 접수됐는지 알고 싶습니다. 앱에서 확인이 어려워 문의드립니다.,사고,처리현황,S012,사고 처리 진행 문의,Y,Y,Y
VOC09619,포인트 적립 기준이 궁금합니다 확인 부탁드립니다.,짧은 거리 주행도 포인트 적립 대상인지 문의드립니다.,포인트,적립기준,S015,포인트 적립 기준 문의,Y,Y,Y
VOC00053,운전했는데 포인트가 안 들어왔어요 관련 기준도 함께 알려주세요.,운전 기록은 정상적으로 보이지만 포인트가 들어오지 않았습니다.,포인트,적립,S001,주행 포인트 미적립,Y,Y,Y
VOC07180,업데이트 후 앱이 열리지 않아요,앱을 열면 흰 화면만 보이고 아무 기능도 사용할 수 없습니다.,앱,오류,S011,앱 실행 오류,Y,Y,Y
VOC03983,최근 주행기록 누락 문의,[날짜]에 [출발지]-[도착지] 구간을 운전했는데 앱에서 기록이 보이지 않습니다. 관련 기준도 함께 알려주세요.,주행,주행기록,S006,주행기록 미반영,Y,Y,Y
VOC03735,앱에서 운전 기록 확인 불가 빠른 확인 요청드립니다.,[주행일]에 [주행구간] 구간을 운전했는데 앱에서 기록이 보이지 않습니다.,주행,주행기록,S006,주행기록 미반영,Y,Y,Y
VOC04439,계약 할인 적용 상태 문의,현재 운전점수 기준으로 받을 수 있는 보험료 할인율이 궁금합니다.,보험,할인,S007,보험료 할인 적용 문의,Y,Y,Y
VOC07450,보상 처리 단계 문의,제출한 서류가 정상적으로 접수됐는지 알고 싶습니다.,사고,처리현황,S012,사고 처리 진행 문의,Y,Y,Y
VOC04733,기존 차량 삭제 후 신규 등록 앱에서 확인이 어려워 문의드립니다.,기존 차량 [차량번호]에서 새 차량 [새차량번호]로 변경했습니다.,차량,차량정보,S008,차량정보 변경,Y,Y,Y
VOC01160,운전 후 포인트 반영 시간 문의,주행 후 몇 시간이 지났는데 아직 적립 대기 상태입니다.,포인트,적립,S002,주행 포인트 적립 지연,Y,Y,Y
VOC09151,휴대전화 번호를 변경하고 싶습니다,번호 변경 후 로그인 인증 문자가 이전 번호로 발송됩니다. 관련 기준도 함께 알려주세요.,회원,회원정보,S014,휴대전화 번호 변경,Y,Y,Y
VOC08727,회원정보의 전화번호가 다릅니다,새 번호로 본인 인증을 진행하는 방법을 알려주세요. 확인 부탁드립니다.,회원,회원정보,S014,휴대전화 번호 변경,Y,Y,Y
VOC02049,앱 로그인이 되지 않습니다,아이디와 비밀번호를 입력해도 로그인 오류가 발생합니다.,회원,로그인,S004,로그인 오류,Y,Y,Y
VOC00104,운전했는데 포인트가 안 들어왔어요,지난 주행 건에 대한 포인트를 받지 못했습니다. 확인 부탁드립니다.,포인트,적립,S001,주행 포인트 미적립,Y,Y,Y
VOC05346,가입 정보 삭제 요청,더 이상 서비스를 이용하지 않아 회원 탈퇴를 진행하고 싶습니다. 확인 부탁드립니다.,회원,계정관리,S009,회원 탈퇴,Y,Y,Y
VOC06045,사용하지 않은 포인트가 차감됐어요,사용한 적이 없는데 [포인트수량] 포인트가 차감된 것으로 표시됩니다. 앱을 다시 실행해도 같은 상태입니다.,포인트,차감,S010,포인트 오차감,Y,Y,Y
VOC08195,증권 정보 수정 문의,앱에 표시된 계약자명이 [계약자명]으로 되어 있는데 실제 정보와 다릅니다.,보험,계약정보,S013,계약정보 불일치,Y,Y,Y
VOC03007,비밀번호 변경이 되지 않습니다 처리 방법을 안내해주세요.,비밀번호가 기억나지 않아 재설정하려고 합니다.,회원,계정관리,S005,비밀번호 재설정,Y,Y,Y
VOC00205,주행 포인트가 적립되지 않았습니다 처리 방법을 안내해주세요.,지난 주행 건에 대한 포인트를 받지 못했습니다. 확인 부탁드립니다. 앱에서 확인이 어려워 문의드립니다.,포인트,적립,S001,주행 포인트 미적립,Y,Y,Y
VOC01103,포인트 적립 처리 중 문의,주행 후 몇 시간이 지났는데 아직 적립 대기 상태입니다.,포인트,적립,S002,주행 포인트 적립 지연,Y,Y,Y
VOC07014,앱 화면이 멈춥니다 빠른 확인 요청드립니다.,업데이트 이후 첫 화면에서 멈추고 다음으로 넘어가지 않습니다. 관련 기준도 함께 알려주세요. 필요한 확인 항목이 있다면 안내 부탁드립니다.,앱,오류,S011,앱 실행 오류,Y,Y,Y
VOC08936,등록 연락처 수정 요청 관련 기준도 함께 알려주세요.,등록된 연락처가 실제 사용하는 번호와 달라 수정 요청드립니다.,회원,회원정보,S014,휴대전화 번호 변경,Y,Y,Y
VOC01785,포인트를 사용할 수 있는 곳 빠른 확인 요청드립니다.,적립된 포인트의 사용처와 사용 절차를 안내 부탁드립니다.,포인트,사용,S003,포인트 사용처 문의,Y,Y,Y
VOC01176,운전 후 포인트 반영 시간 문의,주행 후 몇 시간이 지났는데 아직 적립 대기 상태입니다.,포인트,적립,S002,주행 포인트 적립 지연,Y,Y,Y
VOC00430,주행 포인트 미적립 문의,지난 주행 건에 대한 포인트를 받지 못했습니다. 확인 부탁드립니다.,포인트,적립,S001,주행 포인트 미적립,Y,Y,Y
VOC07736,접수한 사고는 어떻게 진행되고 있나요 빠른 확인 요청드립니다.,보상 심사가 어느 단계까지 진행됐는지 확인 부탁드립니다.,사고,처리현황,S012,사고 처리 진행 문의,Y,Y,Y
VOC00324,운전했는데 포인트가 안 들어왔어요,[출발지]-[도착지] 구간을 운전했는데 적립 내역이 확인되지 않습니다.,포인트,적립,S001,주행 포인트 미적립,Y,Y,Y
VOC09785,운전점수와 포인트 관계,짧은 거리 주행도 포인트 적립 대상인지 문의합니다.,포인트,적립기준,S015,포인트 적립 기준 문의,Y,Y,Y
VOC02070,아이디 입력 후 접속 오류 처리 방법을 안내해주세요.,[에러코드] 메시지가 표시되면서 앱에 접속할 수 없습니다.,회원,로그인,S004,로그인 오류,Y,Y,Y
VOC08507,계약정보가 다르게 표시됩니다 앱에서 확인이 어려워 문의드립니다.,보험 계약 정보 중 일부 항목이 잘못되어 수정 요청드립니다.,보험,계약정보,S013,계약정보 불일치,Y,Y,Y
VOC01710,포인트를 사용할 수 있는 곳,현재 보유한 포인트를 어디에서 사용할 수 있는지 알려주세요.,포인트,사용,S003,포인트 사용처 문의,Y,Y,Y
VOC04294,계약 할인 적용 상태 문의,현재 운전점수 기준으로 받을 수 있는 보험료 할인율이 궁금합니다.,보험,할인,S007,보험료 할인 적용 문의,Y,Y,Y
VOC07126,앱 실행 중 오류가 발생합니다,특정 메뉴에 들어가면 화면이 멈추는 현상이 반복됩니다. 빠른 확인 요청드립니다.,앱,오류,S011,앱 실행 오류,Y,Y,Y
VOC09378,주행 포인트 산정 방법 문의,짧은 거리 주행도 포인트 적립 대상인지 문의드립니다.,포인트,적립기준,S015,포인트 적립 기준 문의,Y,Y,Y
VOC08595,보험 계약자 정보 오류 빠른 확인 요청드립니다.,보험 계약 정보 중 일부 항목이 잘못되어 수정 요청드립니다. 빠른 확인 요청드립니다. 이전에 정상적으로 이용한 적이 있습니다.,보험,계약정보,S013,계약정보 불일치,Y,Y,Y
VOC06013,포인트가 갑자기 줄었습니다,포인트 사용 이력과 실제 잔액이 맞지 않습니다. 처리 방법을 안내해주세요.,포인트,차감,S010,포인트 오차감,Y,Y,Y
VOC09996,포인트 적립 기준이 궁금합니다,포인트 지급 대상과 제외 조건을 자세히 안내해주세요. 동일 현상이 반복되고 있습니다.,포인트,적립기준,S015,포인트 적립 기준 문의,Y,Y,Y
VOC01647,포인트 사용처가 궁금합니다 빠른 확인 요청드립니다.,앱에 [금액] 포인트가 있는데 사용 가능한 항목을 확인하고 싶습니다.,포인트,사용,S003,포인트 사용처 문의,Y,Y,Y
VOC02451,앱 로그인이 되지 않습니다,아이디와 비밀번호를 입력해도 로그인 오류가 발생합니다.,회원,로그인,S004,로그인 오류,Y,Y,Y
VOC06606,포인트가 갑자기 줄었습니다,어제 확인한 잔액과 오늘 잔액이 달라서 문의드립니다. 이전에 정상적으로 이용한 적이 있습니다.,포인트,차감,S010,포인트 오차감,Y,Y,Y
VOC02188,앱 로그인이 되지 않습니다 처리 방법을 안내해주세요.,여러 번 시도했지만 인증 후 다시 로그인 화면으로 돌아옵니다.,회원,로그인,S004,로그인 오류,Y,Y,Y
VOC07624,사고 처리 진행 상황 문의,사고 접수 이후 진행 상황 안내를 받지 못했습니다. 빠른 확인 요청드립니다.,사고,처리현황,S012,사고 처리 진행 문의,Y,Y,Y
VOC04863,등록 차량 변경 요청,기존 차량을 삭제하고 새 차량을 등록하는 방법을 알려주세요. 빠른 확인 요청드립니다.,차량,차량정보,S008,차량정보 변경,Y,Y,Y
VOC05763,가입 정보 삭제 요청 앱에서 확인이 어려워 문의드립니다.,더 이상 서비스를 이용하지 않아 회원 탈퇴를 진행하고 싶습니다. 이전에 정상적으로 이용한 적이 있습니다.,회원,계정관리,S009,회원 탈퇴,Y,Y,Y
VOC09766,포인트 적립 기준이 확인하고 싶습니다,포인트를 받기 위한 최소 주행 조건이 안내받고 싶습니다.,포인트,적립기준,S015,포인트 적립 기준 문의,Y,Y,Y
VOC04727,앱 차량정보 수정 문의,차량을 교체해서 앱의 등록 정보를 수정하고 싶습니다.,차량,차량정보,S008,차량정보 변경,Y,Y,Y
VOC07025,서비스 실행 불가 문의,업데이트 이후 첫 화면에서 멈추고 다음으로 넘어가지 않습니다. 처리 방법을 안내해주세요.,앱,오류,S011,앱 실행 오류,Y,Y,Y
VOC05429,더 이상 서비스를 이용하지 않습니다 처리 방법을 안내해주세요.,더 이상 서비스를 이용하지 않아 회원 탈퇴를 진행하고 싶습니다. 앱에서 확인이 어려워 문의드립니다. 동일 현상이 반복되고 있습니다.,회원,계정관리,S009,회원 탈퇴,Y,Y,Y
VOC06670,잘못 차감된 포인트 문의,포인트 사용 이력과 실제 잔액이 맞지 않습니다.,포인트,차감,S010,포인트 오차감,Y,Y,Y
VOC05019,새 차량으로 바꾸고 싶어요,기존 차량을 삭제하고 새 차량을 등록하는 방법을 알려주세요. 처리 방법을 안내해주세요.,차량,차량정보,S008,차량정보 변경,Y,Y,Y
VOC00006,주행 포인트 미적립 문의,운전 기록은 정상적으로 보이지만 포인트가 들어오지 않았습니다. 관련 기준도 함께 알려주세요.,포인트,적립,S001,주행 포인트 미적립,Y,Y,Y
VOC01900,적립 포인트는 어디서 쓰나요,포인트 사용 가능한 서비스와 제한 조건이 궁금합니다.,포인트,사용,S003,포인트 사용처 문의,Y,Y,Y
VOC01573,포인트 사용처가 궁금합니다,보험료 결제 외에도 포인트를 사용할 수 있는 곳이 있나요?,포인트,사용,S003,포인트 사용처 문의,Y,Y,Y
VOC04470,안전운전 할인 적용 여부 문의,갱신 계약에 주행분석 할인 혜택이 반영되는지 문의드립니다.,보험,할인,S007,보험료 할인 적용 문의,Y,Y,Y
VOC09335,포인트 지급 조건 안내 요청,짧은 거리 주행도 포인트 적립 대상인지 문의드립니다.,포인트,적립기준,S015,포인트 적립 기준 문의,Y,Y,Y
VOC05478,더 이상 서비스를 이용하지 않습니다 관련 기준도 함께 알려주세요.,더 이상 서비스를 이용하지 않아 회원 탈퇴를 진행하고 싶습니다.,회원,계정관리,S009,회원 탈퇴,Y,Y,Y
VOC02655,아이디 입력 후 접속 오류,아이디와 비밀번호를 입력해도 로그인 오류가 발생합니다.,회원,로그인,S004,로그인 오류,Y,Y,Y
VOC03586,운전한 내역이 앱에 없습니다,운전을 완료했지만 최근 주행 목록에 추가되지 않았습니다.,주행,주행기록,S006,주행기록 미반영,Y,Y,Y
VOC06851,앱 실행 중 오류가 발생합니다,앱을 열면 흰 화면만 보이고 아무 기능도 사용할 수 없습니다.,앱,오류,S011,앱 실행 오류,Y,Y,Y
VOC06422,포인트 잔액 오류 빠른 확인 요청드립니다.,포인트 사용 이력과 실제 잔액이 맞지 않습니다. 확인 부탁드립니다.,포인트,차감,S010,포인트 오차감,Y,Y,Y
VOC03143,새 비밀번호 등록 문의,본인 인증 후 비밀번호 재설정 화면으로 이동하지 않습니다. 앱을 다시 실행해도 같은 상태입니다.,회원,계정관리,S005,비밀번호 재설정,Y,Y,Y
VOC06217,사용하지 않은 포인트가 차감됐어요,어제 확인한 잔액과 오늘 잔액이 달라서 문의합니다.,포인트,차감,S010,포인트 오차감,Y,Y,Y
VOC02706,비밀번호 찾기 인증 오류,새 비밀번호를 입력했지만 변경이 완료되지 않습니다.,회원,계정관리,S005,비밀번호 재설정,Y,Y,Y
VOC03318,비밀번호가 기억나지 않아요,본인 인증 후 비밀번호 재설정 화면으로 이동하지 않습니다. 필요한 확인 항목이 있다면 안내 부탁드립니다.,회원,계정관리,S005,비밀번호 재설정,Y,Y,Y
VOC00200,포인트가 누락된 것 같습니다 앱에서 확인이 어려워 문의드립니다.,운전 기록은 정상적으로 보이지만 포인트가 들어오지 않았습니다.,포인트,적립,S001,주행 포인트 미적립,Y,Y,Y
VOC04144,계약 할인 적용 상태 문의 빠른 확인 요청드립니다.,앱에는 할인 대상이라고 나오는데 실제 보험료에 적용됐는지 알고 싶습니다. 처리 방법을 안내해주세요.,보험,할인,S007,보험료 할인 적용 문의,Y,Y,Y
VOC07922,사고 접수 후 연락이 없습니다,사건번호 [사고접수번호]와 관련해 현재 처리 단계를 확인하고 싶습니다. 동일 현상이 반복되고 있습니다.,사고,처리현황,S012,사고 처리 진행 문의,Y,Y,Y
VOC04004,안전운전 할인 적용 여부 문의 처리 방법을 안내해주세요.,안전운전 점수와 보험료 할인 적용 기준을 안내해주세요.,보험,할인,S007,보험료 할인 적용 문의,Y,Y,Y
VOC03817,주행 데이터가 반영되지 않았어요,주행 종료 후에도 거리와 시간이 0으로 표시됩니다.,주행,주행기록,S006,주행기록 미반영,Y,Y,Y
VOC07112,앱이 계속 종료됩니다,특정 메뉴에 들어가면 화면이 멈추는 현상이 반복됩니다. 현재 화면에서 직접 수정할 수 없습니다.,앱,오류,S011,앱 실행 오류,Y,Y,Y
VOC03010,비밀번호 변경이 되지 않습니다,본인 인증 후 비밀번호 재설정 화면으로 이동하지 않습니다. 현재 화면에서 직접 수정할 수 없습니다.,회원,계정관리,S005,비밀번호 재설정,Y,Y,Y
VOC01861,포인트 사용 가능 서비스 문의,적립된 포인트의 사용처와 사용 절차를 안내 부탁드립니다.,포인트,사용,S003,포인트 사용처 문의,Y,Y,Y
VOC06508,포인트 잔액 오류 관련 기준도 함께 알려주세요.,어제 확인한 잔액과 오늘 잔액이 달라서 문의드립니다.,포인트,차감,S010,포인트 오차감,Y,Y,Y
VOC07084,앱 실행 중 오류가 발생합니다,업데이트 이후 첫 화면에서 멈추고 다음으로 넘어가지 않습니다.,앱,오류,S011,앱 실행 오류,Y,Y,Y
VOC07239,앱이 계속 종료됩니다,앱을 실행하면 [오류코드] 오류가 표시되고 바로 종료됩니다. 빠른 확인 요청드립니다.,앱,오류,S011,앱 실행 오류,Y,Y,Y
VOC09584,주행 포인트 산정 방법 문의,포인트 지급 대상과 제외 조건을 자세히 안내해주세요. 빠른 확인 요청드립니다.,포인트,적립기준,S015,포인트 적립 기준 문의,Y,Y,Y
VOC07645,사고 접수 후 연락이 없습니다,제출한 서류가 정상적으로 접수됐는지 알고 싶습니다. 현재 화면에서 직접 수정할 수 없습니다.,사고,처리현황,S012,사고 처리 진행 문의,Y,Y,Y
VOC01941,적립 포인트는 어디서 쓰나요,앱에 [금액] 포인트가 있는데 사용 가능한 항목을 확인하고 싶습니다. 앱에서 확인이 어려워 문의드립니다.,포인트,사용,S003,포인트 사용처 문의,Y,Y,Y
VOC03162,비밀번호를 재설정하고 싶습니다,본인 인증 후 비밀번호 재설정 화면으로 이동하지 않습니다.,회원,계정관리,S005,비밀번호 재설정,Y,Y,Y
VOC01423,포인트 사용처가 궁금합니다 앱에서 확인이 어려워 문의드립니다.,적립된 포인트의 사용처와 사용 절차를 안내 부탁드립니다.,포인트,사용,S003,포인트 사용처 문의,Y,Y,Y
VOC01610,포인트를 사용할 수 있는 곳,포인트 사용 가능한 서비스와 제한 조건이 궁금합니다.,포인트,사용,S003,포인트 사용처 문의,Y,Y,Y
VOC05840,앱 회원 탈퇴 방법 문의,계정과 저장된 개인정보를 삭제하는 절차를 알려주세요.,회원,계정관리,S009,회원 탈퇴,Y,Y,Y
VOC07782,보상 처리 단계 문의,[주행일]에 접수한 사고의 담당자 배정 여부가 궁금합니다.,사고,처리현황,S012,사고 처리 진행 문의,Y,Y,Y
VOC06015,잘못 차감된 포인트 문의 앱에서 확인이 어려워 문의드립니다.,사용한 적이 없는데 [포인트수량] 포인트가 차감된 것으로 표시됩니다. 확인 부탁드립니다. 현재 화면에서 직접 수정할 수 없습니다.,포인트,차감,S010,포인트 오차감,Y,Y,Y
VOC06733,앱이 계속 종료됩니다,재설치 후에도 동일하게 앱이 강제 종료됩니다.,앱,오류,S011,앱 실행 오류,Y,Y,Y
VOC07702,사건번호 처리 상태 확인,제출한 서류가 정상적으로 접수됐는지 알고 싶습니다. 동일 현상이 반복되고 있습니다.,사고,처리현황,S012,사고 처리 진행 문의,Y,Y,Y
VOC09939,포인트 지급 조건 안내 요청,주행거리와 운전점수에 따라 포인트가 어떻게 산정되는지 알고 싶습니다. 빠른 확인 요청드립니다.,포인트,적립기준,S015,포인트 적립 기준 문의,Y,Y,Y
VOC00665,운전했는데 포인트가 안 들어왔어요,[출발지]-[도착지] 구간을 운전했는데 적립 내역이 확인되지 않습니다. 빠른 확인 요청드립니다.,포인트,적립,S001,주행 포인트 미적립,Y,Y,Y
VOC03891,최근 주행기록 누락 문의,해당 시간대의 운전 내역이 누락되어 확인 요청드립니다.,주행,주행기록,S006,주행기록 미반영,Y,Y,Y
VOC03607,앱에서 운전 기록 확인 불가,해당 시간대의 운전 내역이 누락되어 확인 요청드립니다.,주행,주행기록,S006,주행기록 미반영,Y,Y,Y
VOC09239,등록 연락처 수정 요청,기존 번호 [전화번호]에서 새 번호 [변경전화번호]로 변경하고 싶습니다.,회원,회원정보,S014,휴대전화 번호 변경,Y,Y,Y
VOC09889,포인트 적립 기준이 궁금합니다,포인트 지급 대상과 제외 조건을 자세히 안내해주세요.,포인트,적립기준,S015,포인트 적립 기준 문의,Y,Y,Y
VOC03902,최근 주행기록 누락 문의,해당 시간대의 운전 내역이 누락되어 확인 요청드립니다. 앱에서 확인이 어려워 문의드립니다.,주행,주행기록,S006,주행기록 미반영,Y,Y,Y
VOC01313,주행 포인트는 언제 들어오나요,오늘 주행을 마쳤는데 포인트가 아직 반영되지 않았습니다. 보통 얼마나 걸리나요? 동일 현상이 반복되고 있습니다.,포인트,적립,S002,주행 포인트 적립 지연,Y,Y,Y
VOC05476,회원 탈퇴를 요청합니다,회원 탈퇴 시 남은 포인트와 주행기록이 어떻게 처리되는지 궁금합니다.,회원,계정관리,S009,회원 탈퇴,Y,Y,Y
VOC05718,앱 회원 탈퇴 방법 문의,더 이상 서비스를 이용하지 않아 회원 탈퇴를 진행하고 싶습니다.,회원,계정관리,S009,회원 탈퇴,Y,Y,Y
VOC04240,안전운전 할인 적용 여부 문의,증권번호 [계약번호] 계약에 안전운전 할인이 적용됐는지 확인하고 싶습니다.,보험,할인,S007,보험료 할인 적용 문의,Y,Y,Y
VOC06067,포인트 차감 내역이 이상합니다,결제를 취소했는데 차감된 포인트가 복구되지 않았습니다.,포인트,차감,S010,포인트 오차감,Y,Y,Y
VOC01999,포인트 사용 가능 서비스 문의,포인트 사용 가능한 서비스와 제한 조건이 궁금합니다.,포인트,사용,S003,포인트 사용처 문의,Y,Y,Y
VOC07132,앱 화면이 멈춥니다 빠른 확인 요청드립니다.,앱을 열면 흰 화면만 보이고 아무 기능도 사용할 수 없습니다.,앱,오류,S011,앱 실행 오류,Y,Y,Y
VOC04325,보험료 할인 혜택이 궁금합니다,갱신 계약에 주행분석 할인 혜택이 반영되는지 문의드립니다.,보험,할인,S007,보험료 할인 적용 문의,Y,Y,Y
VOC04049,주행점수 할인 확인 요청,앱에는 할인 대상이라고 나오는데 실제 보험료에 적용됐는지 알고 싶습니다. 확인 부탁드립니다.,보험,할인,S007,보험료 할인 적용 문의,Y,Y,Y
VOC09249,새 번호로 인증받고 싶어요,등록된 연락처가 실제 사용하는 번호와 달라 수정 요청드립니다. 앱에서 확인이 어려워 문의드립니다.,회원,회원정보,S014,휴대전화 번호 변경,Y,Y,Y
VOC03942,최근 주행기록 누락 문의,차량은 정상적으로 운행했는데 주행 데이터가 수집되지 않은 것 같습니다.,주행,주행기록,S006,주행기록 미반영,Y,Y,Y
VOC07937,접수한 사고는 어떻게 진행되고 있나요,보상 심사가 어느 단계까지 진행됐는지 확인 부탁드립니다.,사고,처리현황,S012,사고 처리 진행 문의,Y,Y,Y
VOC00092,주행 포인트가 적립되지 않았습니다,지난 주행 건에 대한 포인트를 받지 못했습니다. 확인 부탁드립니다.,포인트,적립,S001,주행 포인트 미적립,Y,Y,Y
VOC00317,운전했는데 포인트가 안 들어왔어요,[주행구간] 구간을 운전했는데 적립 내역이 확인되지 않습니다.,포인트,적립,S001,주행 포인트 미적립,Y,Y,Y
VOC06470,포인트가 갑자기 줄었습니다,포인트 사용 이력과 실제 잔액이 맞지 않습니다. 앱에서 확인이 어려워 문의드립니다.,포인트,차감,S010,포인트 오차감,Y,Y,Y
VOC03389,주행기록이 보이지 않습니다,차량은 정상적으로 운행했는데 주행 데이터가 수집되지 않은 것 같습니다.,주행,주행기록,S006,주행기록 미반영,Y,Y,Y
VOC06318,포인트 차감 내역이 이상합니다,사용한 적이 없는데 [금액] 포인트가 차감된 것으로 표시됩니다.,포인트,차감,S010,포인트 오차감,Y,Y,Y
VOC06867,앱 실행 중 오류가 발생합니다 앱에서 확인이 어려워 문의드립니다.,앱을 열면 흰 화면만 보이고 아무 기능도 사용할 수 없습니다.,앱,오류,S011,앱 실행 오류,Y,Y,Y
VOC03892,최근 주행기록 누락 문의,운전을 완료했지만 최근 주행 목록에 추가되지 않았습니다.,주행,주행기록,S006,주행기록 미반영,Y,Y,Y
VOC07962,보상 처리 단계 문의 앱에서 확인이 어려워 문의드립니다.,[접수일]에 접수한 사고의 담당자 배정 여부가 안내받고 싶습니다.,사고,처리현황,S012,사고 처리 진행 문의,Y,Y,Y
VOC06973,앱이 계속 종료됩니다 처리 방법을 안내해주세요.,앱을 열면 흰 화면만 보이고 아무 기능도 사용할 수 없습니다. 앱을 다시 실행해도 같은 상태입니다.,앱,오류,S011,앱 실행 오류,Y,Y,Y
VOC00207,운전했는데 포인트가 안 들어왔어요 앱에서 확인이 어려워 문의드립니다.,지난 주행 건에 대한 포인트를 받지 못했습니다. 확인 부탁드립니다. 처리 방법을 안내해주세요.,포인트,적립,S001,주행 포인트 미적립,Y,Y,Y
VOC00118,주행 후 포인트가 없습니다,주행 조건을 충족한 것으로 보이는데 포인트가 0으로 표시됩니다. 앱에서 확인이 어려워 문의드립니다.,포인트,적립,S001,주행 포인트 미적립,Y,Y,Y
VOC06743,서비스 실행 불가 문의,특정 메뉴에 들어가면 화면이 멈추는 현상이 반복됩니다.,앱,오류,S011,앱 실행 오류,Y,Y,Y
VOC00116,주행 후 포인트가 없습니다,운전 기록은 정상적으로 보이지만 포인트가 들어오지 않았습니다.,포인트,적립,S001,주행 포인트 미적립,Y,Y,Y
VOC03617,앱에서 운전 기록 확인 불가,운전을 완료했지만 최근 주행 목록에 추가되지 않았습니다.,주행,주행기록,S006,주행기록 미반영,Y,Y,Y
VOC02734,비밀번호가 기억나지 않아요,비밀번호 찾기 과정에서 [기존전화번호]로 인증번호가 오지 않습니다.,회원,계정관리,S005,비밀번호 재설정,Y,Y,Y
VOC07829,사고 접수 후 연락이 없습니다,사건번호 [사건번호]와 관련해 현재 처리 단계를 확인하고 싶습니다. 앱에서 확인이 어려워 문의드립니다.,사고,처리현황,S012,사고 처리 진행 문의,Y,Y,Y
VOC07939,보상 처리 단계 문의,[주행일]에 접수한 사고의 담당자 배정 여부가 확인하고 싶습니다.,사고,처리현황,S012,사고 처리 진행 문의,Y,Y,Y
VOC08182,계약정보가 다르게 표시됩니다,증권번호 [증권번호]의 차량정보가 현재 차량과 일치하지 않습니다.,보험,계약정보,S013,계약정보 불일치,Y,Y,Y
VOC09724,주행 포인트 산정 방법 문의 확인 부탁드립니다.,급가속이나 급감속 기록이 포인트 적립에 영향을 주나요? 처리 방법을 안내해주세요.,포인트,적립기준,S015,포인트 적립 기준 문의,Y,Y,Y
VOC09188,새 번호로 인증받고 싶어요,등록된 연락처가 실제 사용하는 번호와 달라 수정 요청드립니다. 동일 현상이 반복되고 있습니다.,회원,회원정보,S014,휴대전화 번호 변경,Y,Y,Y
VOC03925,주행기록이 보이지 않습니다 빠른 확인 요청드립니다.,운전을 완료했지만 최근 주행 목록에 추가되지 않았습니다. 확인 부탁드립니다.,주행,주행기록,S006,주행기록 미반영,Y,Y,Y
VOC02300,로그인 화면에서 넘어가지 않아요,[오류코드] 메시지가 표시되면서 앱에 접속할 수 없습니다.,회원,로그인,S004,로그인 오류,Y,Y,Y
VOC04885,기존 차량 삭제 후 신규 등록,차량번호 변경 후 주행 서비스 연결 방법을 문의드립니다.,차량,차량정보,S008,차량정보 변경,Y,Y,Y
VOC04532,주행점수 할인 확인 요청,현재 운전점수 기준으로 받을 수 있는 보험료 할인율이 궁금합니다.,보험,할인,S007,보험료 할인 적용 문의,Y,Y,Y
VOC01420,적립 포인트는 어디서 쓰나요,현재 보유한 포인트를 어디에서 사용할 수 있는지 알려주세요.,포인트,사용,S003,포인트 사용처 문의,Y,Y,Y
VOC05275,기존 차량 삭제 후 신규 등록,기존 차량 [기존차량번호]에서 새 차량 [새차량번호]로 변경했습니다.,차량,차량정보,S008,차량정보 변경,Y,Y,Y
VOC04126,보험료 할인이 반영됐나요,현재 운전점수 기준으로 받을 수 있는 보험료 할인율이 궁금합니다. 관련 기준도 함께 알려주세요.,보험,할인,S007,보험료 할인 적용 문의,Y,Y,Y
VOC04901,차량을 변경했습니다,차량을 교체해서 앱의 등록 정보를 수정하고 싶습니다.,차량,차량정보,S008,차량정보 변경,Y,Y,Y
VOC02851,비밀번호 찾기 인증 오류 확인 부탁드립니다.,비밀번호 변경 절차와 조건을 안내해주세요.,회원,계정관리,S005,비밀번호 재설정,Y,Y,Y
VOC02194,계속 로그인에 실패합니다 처리 방법을 안내해주세요.,[에러코드] 메시지가 표시되면서 앱에 접속할 수 없습니다.,회원,로그인,S004,로그인 오류,Y,Y,Y
VOC06838,앱이 계속 종료됩니다,앱을 실행하면 [오류코드] 오류가 표시되고 바로 종료됩니다.,앱,오류,S011,앱 실행 오류,Y,Y,Y
VOC09313,등록 연락처 수정 요청 빠른 확인 요청드립니다.,새 번호로 본인 인증을 진행하는 방법을 알려주세요.,회원,회원정보,S014,휴대전화 번호 변경,Y,Y,Y
VOC01218,운전 후 포인트 반영 시간 문의,오늘 주행을 마쳤는데 포인트가 아직 반영되지 않았습니다. 보통 얼마나 걸리나요?,포인트,적립,S002,주행 포인트 적립 지연,Y,Y,Y
VOC07571,접수한 사고는 어떻게 진행되고 있나요,보상 심사가 어느 단계까지 진행됐는지 확인 부탁드립니다.,사고,처리현황,S012,사고 처리 진행 문의,Y,Y,Y
VOC03108,비밀번호를 재설정하고 싶습니다,비밀번호가 기억나지 않아 재설정하려고 합니다.,회원,계정관리,S005,비밀번호 재설정,Y,Y,Y
VOC03307,비밀번호가 기억나지 않아요 앱에서 확인이 어려워 문의드립니다.,비밀번호가 기억나지 않아 재설정하려고 합니다.,회원,계정관리,S005,비밀번호 재설정,Y,Y,Y
VOC07314,업데이트 후 앱이 열리지 않아요 빠른 확인 요청드립니다.,앱을 실행하면 [에러코드] 오류가 표시되고 바로 종료됩니다. 관련 기준도 함께 알려주세요.,앱,오류,S011,앱 실행 오류,Y,Y,Y
VOC04261,보험료 할인 혜택이 궁금합니다 앱에서 확인이 어려워 문의드립니다.,증권번호 [증권번호] 계약에 안전운전 할인이 적용됐는지 확인하고 싶습니다.,보험,할인,S007,보험료 할인 적용 문의,Y,Y,Y
VOC02936,비밀번호가 기억나지 않아요 빠른 확인 요청드립니다.,비밀번호 찾기 과정에서 [기존전화번호]로 인증번호가 오지 않습니다. 이전에 정상적으로 이용한 적이 있습니다.,회원,계정관리,S005,비밀번호 재설정,Y,Y,Y
VOC00785,포인트 반영이 늦어지고 있습니다,방금 운전한 기록은 보이는데 포인트는 처리 중으로 표시됩니다. 확인 부탁드립니다.,포인트,적립,S002,주행 포인트 적립 지연,Y,Y,Y
VOC09341,포인트 적립 기준이 확인하고 싶습니다,포인트를 받기 위한 최소 주행 조건이 궁금합니다. 앱에서 확인이 어려워 문의드립니다.,포인트,적립기준,S015,포인트 적립 기준 문의,Y,Y,Y
VOC04027,보험료 할인이 반영됐나요,증권번호 [증권번호] 계약에 안전운전 할인이 적용됐는지 확인하고 싶습니다.,보험,할인,S007,보험료 할인 적용 문의,Y,Y,Y
VOC09366,어떤 주행이 포인트 대상인가요 관련 기준도 함께 알려주세요.,주행거리와 운전점수에 따라 포인트가 어떻게 산정되는지 알고 싶습니다. 관련 기준도 함께 알려주세요. 현재 화면에서 직접 수정할 수 없습니다.,포인트,적립기준,S015,포인트 적립 기준 문의,Y,Y,Y
VOC00008,주행 후 포인트가 없습니다,[주행일]에 주행을 완료했는데 포인트가 아직 적립되지 않았습니다.,포인트,적립,S001,주행 포인트 미적립,Y,Y,Y
VOC09276,휴대전화 번호를 변경하고 싶습니다 앱에서 확인이 어려워 문의드립니다.,기존 번호 [전화번호]에서 새 번호 [새전화번호]로 변경하고 싶습니다. 필요한 확인 항목이 있다면 안내 부탁드립니다.,회원,회원정보,S014,휴대전화 번호 변경,Y,Y,Y
VOC00399,주행 포인트가 적립되지 않았습니다,[출발지]에서 [도착지]까지 구간을 운전했는데 적립 내역이 확인되지 않습니다.,포인트,적립,S001,주행 포인트 미적립,Y,Y,Y
VOC04284,보험료 할인이 반영됐나요,안전운전 점수와 보험료 할인 적용 기준을 안내해주세요.,보험,할인,S007,보험료 할인 적용 문의,Y,Y,Y
VOC08387,보험 계약자 정보 오류,증권번호 [계약번호]의 차량정보가 현재 차량과 일치하지 않습니다.,보험,계약정보,S013,계약정보 불일치,Y,Y,Y
VOC04757,차량을 변경했습니다,기존 차량 [기존차량번호]에서 새 차량 [변경차량번호]로 변경했습니다.,차량,차량정보,S008,차량정보 변경,Y,Y,Y
VOC09067,등록 연락처 수정 요청,기존 번호 [전화번호]에서 새 번호 [변경전화번호]로 변경하고 싶습니다.,회원,회원정보,S014,휴대전화 번호 변경,Y,Y,Y
VOC09828,포인트 지급 조건 안내 요청,주행거리와 운전점수에 따라 포인트가 어떻게 산정되는지 알고 싶습니다.,포인트,적립기준,S015,포인트 적립 기준 문의,Y,Y,Y
VOC02093,계속 로그인에 실패합니다,아이디와 비밀번호를 입력해도 로그인 오류가 발생합니다.,회원,로그인,S004,로그인 오류,Y,Y,Y
VOC08398,앱의 계약 내용이 맞지 않아요,앱에 표시된 계약자명이 [계약자명]으로 되어 있는데 실제 정보와 다릅니다.,보험,계약정보,S013,계약정보 불일치,Y,Y,Y
VOC06955,앱 화면이 멈춥니다,앱을 열면 흰 화면만 보이고 아무 기능도 사용할 수 없습니다.,앱,오류,S011,앱 실행 오류,Y,Y,Y
VOC05557,회원 탈퇴를 요청합니다,회원 탈퇴 시 남은 포인트와 주행기록이 어떻게 처리되는지 안내받고 싶습니다.,회원,계정관리,S009,회원 탈퇴,Y,Y,Y
VOC00915,운전 후 포인트 반영 시간 문의,"포인트가 바로 들어오는지, 일정 시간이 필요한지 확인 요청드립니다.",포인트,적립,S002,주행 포인트 적립 지연,Y,Y,Y
VOC01545,포인트를 사용할 수 있는 곳 앱에서 확인이 어려워 문의드립니다.,앱에 [금액] 포인트가 있는데 사용 가능한 항목을 확인하고 싶습니다.,포인트,사용,S003,포인트 사용처 문의,Y,Y,Y
VOC00794,포인트가 아직 처리되지 않았어요,오늘 주행을 마쳤는데 포인트가 아직 반영되지 않았습니다. 보통 얼마나 걸리나요? 현재 화면에서 직접 수정할 수 없습니다.,포인트,적립,S002,주행 포인트 적립 지연,Y,Y,Y
VOC02396,로그인 화면에서 넘어가지 않아요 빠른 확인 요청드립니다.,기존에 사용하던 계정으로 접속되지 않아 문의드립니다. 확인 부탁드립니다.,회원,로그인,S004,로그인 오류,Y,Y,Y
VOC03208,비밀번호 변경이 되지 않습니다,비밀번호 찾기 과정에서 [기존전화번호]로 인증번호가 오지 않습니다.,회원,계정관리,S005,비밀번호 재설정,Y,Y,Y
VOC00624,포인트가 누락된 것 같습니다 빠른 확인 요청드립니다.,[날짜]에 주행을 완료했는데 포인트가 아직 적립되지 않았습니다. 앱에서 확인이 어려워 문의드립니다.,포인트,적립,S001,주행 포인트 미적립,Y,Y,Y
VOC04011,안전운전 할인 적용 여부 문의,앱에는 할인 대상이라고 나오는데 실제 보험료에 적용됐는지 알고 싶습니다.,보험,할인,S007,보험료 할인 적용 문의,Y,Y,Y
VOC02366,계속 로그인에 실패합니다,로그인 버튼을 눌러도 화면이 그대로입니다.,회원,로그인,S004,로그인 오류,Y,Y,Y
VOC06805,앱이 계속 종료됩니다 확인 부탁드립니다.,앱을 열면 흰 화면만 보이고 아무 기능도 사용할 수 없습니다.,앱,오류,S011,앱 실행 오류,Y,Y,Y
VOC04358,주행점수 할인 확인 요청,안전운전 점수와 보험료 할인 적용 기준을 안내해주세요. 이전에 정상적으로 이용한 적이 있습니다.,보험,할인,S007,보험료 할인 적용 문의,Y,Y,Y
VOC05667,앱 회원 탈퇴 방법 문의 관련 기준도 함께 알려주세요.,앱에서 탈퇴 메뉴를 찾을 수 없어 문의드립니다.,회원,계정관리,S009,회원 탈퇴,Y,Y,Y
VOC08003,앱의 계약 내용이 맞지 않아요 확인 부탁드립니다.,증권번호 [계약번호]의 차량정보가 현재 차량과 일치하지 않습니다.,보험,계약정보,S013,계약정보 불일치,Y,Y,Y
VOC08200,계약정보가 다르게 표시됩니다,앱에 표시된 계약자명이 [이름]으로 되어 있는데 실제 정보와 다릅니다. 확인 부탁드립니다.,보험,계약정보,S013,계약정보 불일치,Y,Y,Y
VOC02181,계정 접속이 불가능합니다,[에러코드] 메시지가 표시되면서 앱에 접속할 수 없습니다.,회원,로그인,S004,로그인 오류,Y,Y,Y
VOC02448,앱 로그인이 되지 않습니다,아이디와 비밀번호를 입력해도 로그인 오류가 발생합니다.,회원,로그인,S004,로그인 오류,Y,Y,Y
VOC03872,최근 주행기록 누락 문의,주행 종료 후에도 거리와 시간이 0으로 표시됩니다. 현재 화면에서 직접 수정할 수 없습니다.,주행,주행기록,S006,주행기록 미반영,Y,Y,Y
VOC08386,계약정보가 다르게 표시됩니다,보험 계약 정보 중 일부 항목이 잘못되어 수정 요청드립니다. 필요한 확인 항목이 있다면 안내 부탁드립니다.,보험,계약정보,S013,계약정보 불일치,Y,Y,Y
VOC04585,보험료 할인이 반영됐나요 빠른 확인 요청드립니다.,증권번호 [계약번호] 계약에 안전운전 할인이 적용됐는지 확인하고 싶습니다.,보험,할인,S007,보험료 할인 적용 문의,Y,Y,Y
VOC06622,포인트가 갑자기 줄었습니다 확인 부탁드립니다.,포인트 사용 이력과 실제 잔액이 맞지 않습니다. 빠른 확인 요청드립니다.,포인트,차감,S010,포인트 오차감,Y,Y,Y
VOC06747,서비스 실행 불가 문의 처리 방법을 안내해주세요.,재설치 후에도 동일하게 앱이 강제 종료됩니다.,앱,오류,S011,앱 실행 오류,Y,Y,Y
VOC06344,잘못 차감된 포인트 문의 관련 기준도 함께 알려주세요.,포인트 내역에 알 수 없는 차감 기록이 있습니다.,포인트,차감,S010,포인트 오차감,Y,Y,Y
VOC03226,새 비밀번호 등록 문의 관련 기준도 함께 알려주세요.,비밀번호가 기억나지 않아 재설정하려고 합니다.,회원,계정관리,S005,비밀번호 재설정,Y,Y,Y
VOC01349,적립 포인트는 어디서 쓰나요 관련 기준도 함께 알려주세요.,포인트 사용 가능한 서비스와 제한 조건이 궁금합니다. 확인 부탁드립니다.,포인트,사용,S003,포인트 사용처 문의,Y,Y,Y
VOC08379,증권 정보 수정 문의 처리 방법을 안내해주세요.,앱에 표시된 계약자명이 [계약자명]으로 되어 있는데 실제 정보와 다릅니다. 처리 방법을 안내해주세요.,보험,계약정보,S013,계약정보 불일치,Y,Y,Y
VOC09860,어떤 주행이 포인트 대상인가요,짧은 거리 주행도 포인트 적립 대상인지 문의드립니다.,포인트,적립기준,S015,포인트 적립 기준 문의,Y,Y,Y
VOC01463,포인트 사용 가능 서비스 문의,앱에 [금액] 포인트가 있는데 사용 가능한 항목을 확인하고 싶습니다.,포인트,사용,S003,포인트 사용처 문의,Y,Y,Y
VOC09643,주행 포인트 산정 방법 문의,포인트 지급 대상과 제외 조건을 자세히 안내해주세요.,포인트,적립기준,S015,포인트 적립 기준 문의,Y,Y,Y
VOC08851,기존 전화번호 변경 문의,등록된 연락처가 실제 사용하는 번호와 달라 수정 요청드립니다.,회원,회원정보,S014,휴대전화 번호 변경,Y,Y,Y
VOC01503,적립 포인트는 어디서 쓰나요 확인 부탁드립니다.,앱에 [차감금액] 포인트가 있는데 사용 가능한 항목을 확인하고 싶습니다. 앱에서 확인이 어려워 문의드립니다.,포인트,사용,S003,포인트 사용처 문의,Y,Y,Y
VOC08864,기존 전화번호 변경 문의 앱에서 확인이 어려워 문의드립니다.,기존 번호 [기존전화번호]에서 새 번호 [변경전화번호]로 변경하고 싶습니다. 확인 부탁드립니다.,회원,회원정보,S014,휴대전화 번호 변경,Y,Y,Y
VOC04043,보험료 할인 혜택이 확인하고 싶습니다 앱에서 확인이 어려워 문의드립니다.,증권번호 [계약번호] 계약에 안전운전 할인이 적용됐는지 확인하고 싶습니다.,보험,할인,S007,보험료 할인 적용 문의,Y,Y,Y
VOC08726,새 번호로 인증받고 싶어요 확인 부탁드립니다.,등록된 연락처가 실제 사용하는 번호와 달라 수정 요청드립니다.,회원,회원정보,S014,휴대전화 번호 변경,Y,Y,Y
VOC02192,로그인 화면에서 넘어가지 않아요,[에러코드] 메시지가 표시되면서 앱에 접속할 수 없습니다.,회원,로그인,S004,로그인 오류,Y,Y,Y
VOC04484,계약 할인 적용 상태 문의,앱에는 할인 대상이라고 나오는데 실제 보험료에 적용됐는지 알고 싶습니다.,보험,할인,S007,보험료 할인 적용 문의,Y,Y,Y
VOC00746,포인트 반영이 늦어지고 있습니다,[주행종료시간]에 주행을 종료했습니다. 포인트 반영 예정 시간을 알고 싶습니다.,포인트,적립,S002,주행 포인트 적립 지연,Y,Y,Y
VOC08953,새 번호로 인증받고 싶어요,번호 변경 후 로그인 인증 문자가 이전 번호로 발송됩니다.,회원,회원정보,S014,휴대전화 번호 변경,Y,Y,Y
VOC09235,회원정보의 전화번호가 다릅니다,번호 변경 후 로그인 인증 문자가 이전 번호로 발송됩니다. 확인 부탁드립니다.,회원,회원정보,S014,휴대전화 번호 변경,Y,Y,Y
VOC08609,앱의 계약 내용이 맞지 않아요 앱에서 확인이 어려워 문의드립니다.,보험 계약 정보 중 일부 항목이 잘못되어 수정 요청드립니다. 관련 기준도 함께 알려주세요. 이전에 정상적으로 이용한 적이 있습니다.,보험,계약정보,S013,계약정보 불일치,Y,Y,Y
VOC01338,적립 포인트는 어디서 쓰나요 처리 방법을 안내해주세요.,적립된 포인트의 사용처와 사용 절차를 안내 부탁드립니다.,포인트,사용,S003,포인트 사용처 문의,Y,Y,Y
VOC05683,서비스 계정을 삭제하고 싶어요,앱에서 탈퇴 메뉴를 찾을 수 없어 문의드립니다. 처리 방법을 안내해주세요.,회원,계정관리,S009,회원 탈퇴,Y,Y,Y
VOC01740,포인트 사용 가능 서비스 문의,앱에 [포인트수량] 포인트가 있는데 사용 가능한 항목을 확인하고 싶습니다. 동일 현상이 반복되고 있습니다.,포인트,사용,S003,포인트 사용처 문의,Y,Y,Y
VOC09121,등록 연락처 수정 요청 관련 기준도 함께 알려주세요.,새 번호로 본인 인증을 진행하는 방법을 알려주세요.,회원,회원정보,S014,휴대전화 번호 변경,Y,Y,Y
VOC05729,더 이상 서비스를 이용하지 않습니다,더 이상 서비스를 이용하지 않아 회원 탈퇴를 진행하고 싶습니다.,회원,계정관리,S009,회원 탈퇴,Y,Y,Y
VOC09379,어떤 주행이 포인트 대상인가요,급가속이나 급감속 기록이 포인트 적립에 영향을 주나요? 확인 부탁드립니다.,포인트,적립기준,S015,포인트 적립 기준 문의,Y,Y,Y
VOC03968,주행 데이터가 반영되지 않았어요,주행 종료 후에도 거리와 시간이 0으로 표시됩니다.,주행,주행기록,S006,주행기록 미반영,Y,Y,Y
VOC03386,주행 데이터가 반영되지 않았어요,주행 종료 후에도 거리와 시간이 0으로 표시됩니다.,주행,주행기록,S006,주행기록 미반영,Y,Y,Y
VOC00162,운전했는데 포인트가 안 들어왔어요 처리 방법을 안내해주세요.,[주행일]에 주행을 완료했는데 포인트가 아직 적립되지 않았습니다. 빠른 확인 요청드립니다. 이전에 정상적으로 이용한 적이 있습니다.,포인트,적립,S001,주행 포인트 미적립,Y,Y,Y
VOC03562,주행 데이터가 반영되지 않았어요,운전을 완료했지만 최근 주행 목록에 추가되지 않았습니다.,주행,주행기록,S006,주행기록 미반영,Y,Y,Y
VOC07872,사건번호 처리 상태 확인 처리 방법을 안내해주세요.,[주행일]에 접수한 사고의 담당자 배정 여부가 궁금합니다.,사고,처리현황,S012,사고 처리 진행 문의,Y,Y,Y
VOC02614,아이디 입력 후 접속 오류,[에러코드] 메시지가 표시되면서 앱에 접속할 수 없습니다.,회원,로그인,S004,로그인 오류,Y,Y,Y
VOC04213,안전운전 할인 적용 여부 문의,앱에는 할인 대상이라고 나오는데 실제 보험료에 적용됐는지 알고 싶습니다.,보험,할인,S007,보험료 할인 적용 문의,Y,Y,Y
VOC02808,새 비밀번호 등록 문의,새 비밀번호를 입력했지만 변경이 완료되지 않습니다.,회원,계정관리,S005,비밀번호 재설정,Y,Y,Y
VOC00389,주행 포인트가 적립되지 않았습니다 빠른 확인 요청드립니다.,운전 기록은 정상적으로 보이지만 포인트가 들어오지 않았습니다. 확인 부탁드립니다.,포인트,적립,S001,주행 포인트 미적립,Y,Y,Y
VOC00800,포인트가 아직 처리되지 않았어요,"포인트가 바로 들어오는지, 일정 시간이 필요한지 문의드립니다.",포인트,적립,S002,주행 포인트 적립 지연,Y,Y,Y
VOC05418,가입 정보 삭제 요청,앱에서 탈퇴 메뉴를 찾을 수 없어 문의드립니다.,회원,계정관리,S009,회원 탈퇴,Y,Y,Y
VOC07930,사고 접수 후 연락이 없습니다 관련 기준도 함께 알려주세요.,사고 접수 이후 진행 상황 안내를 받지 못했습니다.,사고,처리현황,S012,사고 처리 진행 문의,Y,Y,Y
VOC07413,접수한 사고는 어떻게 진행되고 있나요,사고 접수 이후 진행 상황 안내를 받지 못했습니다.,사고,처리현황,S012,사고 처리 진행 문의,Y,Y,Y
VOC02254,로그인 화면에서 넘어가지 않아요,[오류코드] 메시지가 표시되면서 앱에 접속할 수 없습니다. 앱에서 확인이 어려워 문의드립니다.,회원,로그인,S004,로그인 오류,Y,Y,Y
VOC03178,새 비밀번호 등록 문의,새 비밀번호를 입력했지만 변경이 완료되지 않습니다.,회원,계정관리,S005,비밀번호 재설정,Y,Y,Y
VOC02466,계정 접속이 불가능합니다,로그인 버튼을 눌러도 화면이 그대로입니다.,회원,로그인,S004,로그인 오류,Y,Y,Y
VOC07995,접수한 사고는 어떻게 진행되고 있나요 확인 부탁드립니다.,[날짜]에 접수한 사고의 담당자 배정 여부가 궁금합니다. 확인 부탁드립니다.,사고,처리현황,S012,사고 처리 진행 문의,Y,Y,Y
VOC04259,계약 할인 적용 상태 문의,갱신 계약에 주행분석 할인 혜택이 반영되는지 확인 요청드립니다. 앱을 다시 실행해도 같은 상태입니다.,보험,할인,S007,보험료 할인 적용 문의,Y,Y,Y
VOC00589,주행 포인트 미적립 문의 앱에서 확인이 어려워 문의드립니다.,[날짜]에 주행을 완료했는데 포인트가 아직 적립되지 않았습니다.,포인트,적립,S001,주행 포인트 미적립,Y,Y,Y
VOC02246,계정 접속이 불가능합니다,[에러코드] 메시지가 표시되면서 앱에 접속할 수 없습니다. 관련 기준도 함께 알려주세요.,회원,로그인,S004,로그인 오류,Y,Y,Y
VOC07093,앱 화면이 멈춥니다 처리 방법을 안내해주세요.,재설치 후에도 동일하게 앱이 강제 종료됩니다.,앱,오류,S011,앱 실행 오류,Y,Y,Y
VOC07322,앱이 계속 종료됩니다,재설치 후에도 동일하게 앱이 강제 종료됩니다.,앱,오류,S011,앱 실행 오류,Y,Y,Y
VOC02316,앱 로그인이 되지 않습니다,여러 번 시도했지만 인증 후 다시 로그인 화면으로 돌아옵니다. 관련 기준도 함께 알려주세요.,회원,로그인,S004,로그인 오류,Y,Y,Y
VOC08577,계약 차량 정보 불일치,보험 계약 정보 중 일부 항목이 잘못되어 수정 요청드립니다. 처리 방법을 안내해주세요.,보험,계약정보,S013,계약정보 불일치,Y,Y,Y
VOC04005,보험료 할인이 반영됐나요,앱에는 할인 대상이라고 나오는데 실제 보험료에 적용됐는지 알고 싶습니다. 처리 방법을 안내해주세요.,보험,할인,S007,보험료 할인 적용 문의,Y,Y,Y
VOC05363,가입 정보 삭제 요청,계정과 저장된 개인정보를 삭제하는 절차를 알려주세요.,회원,계정관리,S009,회원 탈퇴,Y,Y,Y
VOC04709,새 차량으로 바꾸고 싶어요,기존 차량을 삭제하고 새 차량을 등록하는 방법을 안내 부탁드립니다.,차량,차량정보,S008,차량정보 변경,Y,Y,Y
VOC09209,기존 전화번호 변경 문의,등록된 연락처가 실제 사용하는 번호와 달라 수정 요청드립니다. 앱에서 확인이 어려워 문의드립니다.,회원,회원정보,S014,휴대전화 번호 변경,Y,Y,Y
VOC05285,새 차량으로 바꾸고 싶어요,기존 차량 [기존차량번호]에서 새 차량 [새차량번호]로 변경했습니다.,차량,차량정보,S008,차량정보 변경,Y,Y,Y
VOC09166,새 번호로 인증받고 싶어요,기존 번호 [기존전화번호]에서 새 번호 [변경전화번호]로 변경하고 싶습니다.,회원,회원정보,S014,휴대전화 번호 변경,Y,Y,Y
VOC07876,보상 처리 단계 문의 처리 방법을 안내해주세요.,사고 접수 이후 진행 상황 안내를 받지 못했습니다. 처리 방법을 안내해주세요.,사고,처리현황,S012,사고 처리 진행 문의,Y,Y,Y
VOC04164,계약 할인 적용 상태 문의,앱에는 할인 대상이라고 나오는데 실제 보험료에 적용됐는지 알고 싶습니다.,보험,할인,S007,보험료 할인 적용 문의,Y,Y,Y
VOC03235,비밀번호가 기억나지 않아요 빠른 확인 요청드립니다.,본인 인증 후 비밀번호 재설정 화면으로 이동하지 않습니다.,회원,계정관리,S005,비밀번호 재설정,Y,Y,Y
VOC07720,사건번호 처리 상태 확인,[주행일]에 접수한 사고의 담당자 배정 여부가 궁금합니다.,사고,처리현황,S012,사고 처리 진행 문의,Y,Y,Y
VOC04589,보험료 할인이 반영됐나요,앱에는 할인 대상이라고 나오는데 실제 보험료에 적용됐는지 알고 싶습니다.,보험,할인,S007,보험료 할인 적용 문의,Y,Y,Y
VOC07932,보상 처리 단계 문의 관련 기준도 함께 알려주세요.,사건번호 [사고접수번호]와 관련해 현재 처리 단계를 확인하고 싶습니다.,사고,처리현황,S012,사고 처리 진행 문의,Y,Y,Y
VOC07474,접수한 사고는 어떻게 진행되고 있나요 확인 부탁드립니다.,사고 접수 이후 진행 상황 안내를 받지 못했습니다.,사고,처리현황,S012,사고 처리 진행 문의,Y,Y,Y
VOC06804,앱 화면이 멈춥니다,특정 메뉴에 들어가면 화면이 멈추는 현상이 반복됩니다.,앱,오류,S011,앱 실행 오류,Y,Y,Y
VOC06032,포인트 잔액 오류,어제 확인한 잔액과 오늘 잔액이 달라서 문의드립니다.,포인트,차감,S010,포인트 오차감,Y,Y,Y
VOC01665,보유 포인트 사용 방법,포인트 사용 가능한 서비스와 제한 조건이 궁금합니다.,포인트,사용,S003,포인트 사용처 문의,Y,Y,Y
VOC00049,포인트가 누락된 것 같습니다 앱에서 확인이 어려워 문의드립니다.,주행 조건을 충족한 것으로 보이는데 포인트가 0으로 표시됩니다. 빠른 확인 요청드립니다.,포인트,적립,S001,주행 포인트 미적립,Y,Y,Y
VOC06756,업데이트 후 앱이 열리지 않아요,특정 메뉴에 들어가면 화면이 멈추는 현상이 반복됩니다. 앱에서 확인이 어려워 문의드립니다.,앱,오류,S011,앱 실행 오류,Y,Y,Y
VOC01831,적립 포인트는 어디서 쓰나요 관련 기준도 함께 알려주세요.,적립된 포인트의 사용처와 사용 절차를 안내 부탁드립니다.,포인트,사용,S003,포인트 사용처 문의,Y,Y,Y
VOC00136,주행 포인트 미적립 문의,[출발지]에서 [도착지]까지 구간을 운전했는데 적립 내역이 확인되지 않습니다.,포인트,적립,S001,주행 포인트 미적립,Y,Y,Y
VOC04361,보험료 할인이 반영됐나요 확인 부탁드립니다.,현재 운전점수 기준으로 받을 수 있는 보험료 할인율이 궁금합니다. 관련 기준도 함께 알려주세요.,보험,할인,S007,보험료 할인 적용 문의,Y,Y,Y
VOC02170,계정 접속이 불가능합니다,[오류코드] 메시지가 표시되면서 앱에 접속할 수 없습니다. 앱에서 확인이 어려워 문의드립니다. 이전에 정상적으로 이용한 적이 있습니다.,회원,로그인,S004,로그인 오류,Y,Y,Y
VOC05347,앱 회원 탈퇴 방법 문의,본인 인증 후 탈퇴가 완료되지 않아 확인 부탁드립니다. 앱에서 확인이 어려워 문의드립니다.,회원,계정관리,S009,회원 탈퇴,Y,Y,Y
VOC01199,포인트 적립 처리 중 문의,"포인트가 바로 들어오는지, 일정 시간이 필요한지 문의드립니다.",포인트,적립,S002,주행 포인트 적립 지연,Y,Y,Y
VOC08400,계약정보가 다르게 표시됩니다 앱에서 확인이 어려워 문의드립니다.,증권번호 [계약번호]의 차량정보가 현재 차량과 일치하지 않습니다. 필요한 확인 항목이 있다면 안내 부탁드립니다.,보험,계약정보,S013,계약정보 불일치,Y,Y,Y
VOC02633,앱 로그인이 되지 않습니다 빠른 확인 요청드립니다.,로그인 버튼을 눌러도 화면이 그대로입니다.,회원,로그인,S004,로그인 오류,Y,Y,Y
VOC04843,차량을 변경했습니다,기존 차량 [기존차량번호]에서 새 차량 [새차량번호]로 변경했습니다. 빠른 확인 요청드립니다. 필요한 확인 항목이 있다면 안내 부탁드립니다.,차량,차량정보,S008,차량정보 변경,Y,Y,Y
VOC02917,비밀번호 변경이 되지 않습니다,비밀번호가 기억나지 않아 재설정하려고 합니다. 확인 부탁드립니다.,회원,계정관리,S005,비밀번호 재설정,Y,Y,Y
VOC02076,로그인 화면에서 넘어가지 않아요,로그인 버튼을 눌러도 화면이 그대로입니다.,회원,로그인,S004,로그인 오류,Y,Y,Y
VOC02490,계속 로그인에 실패합니다,기존에 사용하던 계정으로 접속되지 않아 문의드립니다. 앱에서 확인이 어려워 문의드립니다.,회원,로그인,S004,로그인 오류,Y,Y,Y
VOC06632,잘못 차감된 포인트 문의,포인트 사용 이력과 실제 잔액이 맞지 않습니다.,포인트,차감,S010,포인트 오차감,Y,Y,Y
VOC04812,등록 차량 변경 요청,보험 계약 차량은 변경됐는데 앱에는 이전 차량이 표시됩니다. 현재 화면에서 직접 수정할 수 없습니다.,차량,차량정보,S008,차량정보 변경,Y,Y,Y
VOC04576,주행점수 할인 확인 요청,안전운전 점수와 보험료 할인 적용 기준을 안내해주세요.,보험,할인,S007,보험료 할인 적용 문의,Y,Y,Y
VOC06096,사용하지 않은 포인트가 차감됐어요 빠른 확인 요청드립니다.,결제를 취소했는데 차감된 포인트가 복구되지 않았습니다.,포인트,차감,S010,포인트 오차감,Y,Y,Y
VOC07417,접수한 사고는 어떻게 진행되고 있나요 처리 방법을 안내해주세요.,[주행일]에 접수한 사고의 담당자 배정 여부가 궁금합니다. 이전에 정상적으로 이용한 적이 있습니다.,사고,처리현황,S012,사고 처리 진행 문의,Y,Y,Y
VOC04877,앱 차량정보 수정 문의,차량을 교체해서 앱의 등록 정보를 수정하고 싶습니다.,차량,차량정보,S008,차량정보 변경,Y,Y,Y
VOC01688,적립 포인트는 어디서 쓰나요,보험료 결제 외에도 포인트를 사용할 수 있는 곳이 있나요?,포인트,사용,S003,포인트 사용처 문의,Y,Y,Y
VOC05794,더 이상 서비스를 이용하지 않습니다 처리 방법을 안내해주세요.,본인 인증 후 탈퇴가 완료되지 않아 확인 부탁드립니다.,회원,계정관리,S009,회원 탈퇴,Y,Y,Y
VOC00216,운전했는데 포인트가 안 들어왔어요,주행 조건을 충족한 것으로 보이는데 포인트가 0으로 표시됩니다. 빠른 확인 요청드립니다. 필요한 확인 항목이 있다면 안내 부탁드립니다.,포인트,적립,S001,주행 포인트 미적립,Y,Y,Y
VOC08004,계약 차량 정보 불일치,앱에 표시된 계약자명이 [이름]으로 되어 있는데 실제 정보와 다릅니다. 앱에서 확인이 어려워 문의드립니다.,보험,계약정보,S013,계약정보 불일치,Y,Y,Y
VOC01776,포인트 사용처가 궁금합니다,포인트 사용 가능한 서비스와 제한 조건이 확인하고 싶습니다.,포인트,사용,S003,포인트 사용처 문의,Y,Y,Y
VOC08085,보험 계약자 정보 오류,갱신한 계약이 앱에서 이전 계약으로 보입니다. 처리 방법을 안내해주세요. 동일 현상이 반복되고 있습니다.,보험,계약정보,S013,계약정보 불일치,Y,Y,Y
VOC05383,가입 정보 삭제 요청,앱에서 탈퇴 메뉴를 찾을 수 없어 문의드립니다.,회원,계정관리,S009,회원 탈퇴,Y,Y,Y
VOC09264,기존 전화번호 변경 문의 관련 기준도 함께 알려주세요.,새 번호로 본인 인증을 진행하는 방법을 알려주세요.,회원,회원정보,S014,휴대전화 번호 변경,Y,Y,Y
VOC04131,보험료 할인 혜택이 궁금합니다,증권번호 [계약번호] 계약에 안전운전 할인이 적용됐는지 확인하고 싶습니다.,보험,할인,S007,보험료 할인 적용 문의,Y,Y,Y
VOC01606,적립 포인트는 어디서 쓰나요,앱에 [금액] 포인트가 있는데 사용 가능한 항목을 확인하고 싶습니다.,포인트,사용,S003,포인트 사용처 문의,Y,Y,Y
VOC00141,주행 후 포인트가 없습니다,주행 조건을 충족한 것으로 보이는데 포인트가 0으로 표시됩니다.,포인트,적립,S001,주행 포인트 미적립,Y,Y,Y
VOC07320,서비스 실행 불가 문의,업데이트 이후 첫 화면에서 멈추고 다음으로 넘어가지 않습니다.,앱,오류,S011,앱 실행 오류,Y,Y,Y
VOC07874,사건번호 처리 상태 확인,[접수일]에 접수한 사고의 담당자 배정 여부가 궁금합니다.,사고,처리현황,S012,사고 처리 진행 문의,Y,Y,Y
VOC02332,아이디 입력 후 접속 오류,기존에 사용하던 계정으로 접속되지 않아 문의드립니다.,회원,로그인,S004,로그인 오류,Y,Y,Y
VOC08312,계약정보가 다르게 표시됩니다,앱에 표시된 계약자명이 [이름]으로 되어 있는데 실제 정보와 다릅니다. 처리 방법을 안내해주세요.,보험,계약정보,S013,계약정보 불일치,Y,Y,Y
VOC03116,새 비밀번호 등록 문의,본인 인증 후 비밀번호 재설정 화면으로 이동하지 않습니다.,회원,계정관리,S005,비밀번호 재설정,Y,Y,Y
VOC07636,접수한 사고는 어떻게 진행되고 있나요,사고 접수 이후 진행 상황 안내를 받지 못했습니다.,사고,처리현황,S012,사고 처리 진행 문의,Y,Y,Y
VOC05926,서비스 계정을 삭제하고 싶어요,본인 인증 후 탈퇴가 완료되지 않아 확인 부탁드립니다.,회원,계정관리,S009,회원 탈퇴,Y,Y,Y
VOC08722,등록 연락처 수정 요청,새 번호로 본인 인증을 진행하는 방법을 알려주세요. 관련 기준도 함께 알려주세요.,회원,회원정보,S014,휴대전화 번호 변경,Y,Y,Y
VOC07864,보상 처리 단계 문의 처리 방법을 안내해주세요.,제출한 서류가 정상적으로 접수됐는지 알고 싶습니다.,사고,처리현황,S012,사고 처리 진행 문의,Y,Y,Y
VOC06452,사용하지 않은 포인트가 차감됐어요,어제 확인한 잔액과 오늘 잔액이 달라서 문의드립니다.,포인트,차감,S010,포인트 오차감,Y,Y,Y
VOC00585,운전했는데 포인트가 안 들어왔어요,[주행일]에 주행을 완료했는데 포인트가 아직 적립되지 않았습니다. 앱에서 확인이 어려워 문의드립니다.,포인트,적립,S001,주행 포인트 미적립,Y,Y,Y
VOC05525,가입 정보 삭제 요청,계정과 저장된 개인정보를 삭제하는 절차를 알려주세요.,회원,계정관리,S009,회원 탈퇴,Y,Y,Y
VOC06031,사용하지 않은 포인트가 차감됐어요 관련 기준도 함께 알려주세요.,사용한 적이 없는데 [차감금액] 포인트가 차감된 것으로 표시됩니다.,포인트,차감,S010,포인트 오차감,Y,Y,Y
VOC09231,새 번호로 인증받고 싶어요,기존 번호 [기존전화번호]에서 새 번호 [새전화번호]로 변경하고 싶습니다.,회원,회원정보,S014,휴대전화 번호 변경,Y,Y,Y
VOC01744,포인트 사용처가 궁금합니다,앱에 [금액] 포인트가 있는데 사용 가능한 항목을 확인하고 싶습니다.,포인트,사용,S003,포인트 사용처 문의,Y,Y,Y
VOC07678,사건번호 처리 상태 확인,[접수일]에 접수한 사고의 담당자 배정 여부가 확인하고 싶습니다. 현재 화면에서 직접 수정할 수 없습니다.,사고,처리현황,S012,사고 처리 진행 문의,Y,Y,Y
VOC01644,적립 포인트는 어디서 쓰나요,보험료 결제 외에도 포인트를 사용할 수 있는 곳이 있나요?,포인트,사용,S003,포인트 사용처 문의,Y,Y,Y
VOC08395,보험 계약자 정보 오류,앱에 표시된 계약자명이 [이름]으로 되어 있는데 실제 정보와 다릅니다.,보험,계약정보,S013,계약정보 불일치,Y,Y,Y
VOC08390,보험 계약자 정보 오류,앱에 표시된 계약자명이 [계약자명]으로 되어 있는데 실제 정보와 다릅니다.,보험,계약정보,S013,계약정보 불일치,Y,Y,Y
VOC05988,가입 정보 삭제 요청,앱에서 탈퇴 메뉴를 찾을 수 없어 문의드립니다.,회원,계정관리,S009,회원 탈퇴,Y,Y,Y
VOC03317,비밀번호가 기억나지 않아요,비밀번호가 기억나지 않아 재설정하려고 합니다.,회원,계정관리,S005,비밀번호 재설정,Y,Y,Y
VOC04780,등록 차량 변경 요청,차량번호 변경 후 주행 서비스 연결 방법을 문의드립니다.,차량,차량정보,S008,차량정보 변경,Y,Y,Y
VOC05570,서비스 계정을 삭제하고 싶어요,본인 인증 후 탈퇴가 완료되지 않아 확인 부탁드립니다. 빠른 확인 요청드립니다.,회원,계정관리,S009,회원 탈퇴,Y,Y,Y
VOC01680,보유 포인트 사용 방법,적립된 포인트의 사용처와 사용 절차를 안내 부탁드립니다. 앱에서 확인이 어려워 문의드립니다.,포인트,사용,S003,포인트 사용처 문의,Y,Y,Y
VOC02624,아이디 입력 후 접속 오류 처리 방법을 안내해주세요.,[에러코드] 메시지가 표시되면서 앱에 접속할 수 없습니다. 현재 화면에서 직접 수정할 수 없습니다.,회원,로그인,S004,로그인 오류,Y,Y,Y
VOC06676,서비스 실행 불가 문의 앱에서 확인이 어려워 문의드립니다.,앱을 열면 흰 화면만 보이고 아무 기능도 사용할 수 없습니다. 동일 현상이 반복되고 있습니다.,앱,오류,S011,앱 실행 오류,Y,Y,Y
VOC04237,계약 할인 적용 상태 문의,현재 운전점수 기준으로 받을 수 있는 보험료 할인율이 궁금합니다.,보험,할인,S007,보험료 할인 적용 문의,Y,Y,Y
VOC09179,새 번호로 인증받고 싶어요,휴대전화 번호를 바꿨는데 앱 회원정보에는 이전 번호가 표시됩니다. 이전에 정상적으로 이용한 적이 있습니다.,회원,회원정보,S014,휴대전화 번호 변경,Y,Y,Y
VOC01270,포인트가 아직 처리되지 않았어요 앱에서 확인이 어려워 문의드립니다.,"포인트가 바로 들어오는지, 일정 시간이 필요한지 문의합니다.",포인트,적립,S002,주행 포인트 적립 지연,Y,Y,Y
VOC06478,잘못 차감된 포인트 문의,사용한 적이 없는데 [금액] 포인트가 차감된 것으로 표시됩니다.,포인트,차감,S010,포인트 오차감,Y,Y,Y
VOC06441,포인트 차감 내역이 이상합니다,사용한 적이 없는데 [포인트수량] 포인트가 차감된 것으로 표시됩니다. 필요한 확인 항목이 있다면 안내 부탁드립니다.,포인트,차감,S010,포인트 오차감,Y,Y,Y
VOC08755,등록 연락처 수정 요청,새 번호로 본인 인증을 진행하는 방법을 알려주세요.,회원,회원정보,S014,휴대전화 번호 변경,Y,Y,Y
VOC05799,회원 탈퇴를 요청합니다,더 이상 서비스를 이용하지 않아 회원 탈퇴를 진행하고 싶습니다.,회원,계정관리,S009,회원 탈퇴,Y,Y,Y
VOC05808,더 이상 서비스를 이용하지 않습니다,회원 탈퇴 시 남은 포인트와 주행기록이 어떻게 처리되는지 궁금합니다.,회원,계정관리,S009,회원 탈퇴,Y,Y,Y
VOC02857,비밀번호를 재설정하고 싶습니다,비밀번호가 기억나지 않아 재설정하려고 합니다.,회원,계정관리,S005,비밀번호 재설정,Y,Y,Y
VOC04252,주행점수 할인 확인 요청,갱신 계약에 주행분석 할인 혜택이 반영되는지 문의드립니다. 이전에 정상적으로 이용한 적이 있습니다.,보험,할인,S007,보험료 할인 적용 문의,Y,Y,Y
VOC01568,보유 포인트 사용 방법 관련 기준도 함께 알려주세요.,보험료 결제 외에도 포인트를 사용할 수 있는 곳이 있나요?,포인트,사용,S003,포인트 사용처 문의,Y,Y,Y
VOC03732,주행 데이터가 반영되지 않았어요 앱에서 확인이 어려워 문의드립니다.,주행 종료 후에도 거리와 시간이 0으로 표시됩니다.,주행,주행기록,S006,주행기록 미반영,Y,Y,Y
VOC01829,포인트를 사용할 수 있는 곳,포인트 사용 가능한 서비스와 제한 조건이 궁금합니다.,포인트,사용,S003,포인트 사용처 문의,Y,Y,Y
VOC03639,주행 데이터가 반영되지 않았어요,해당 시간대의 운전 내역이 누락되어 확인 요청드립니다.,주행,주행기록,S006,주행기록 미반영,Y,Y,Y
VOC06694,앱 화면이 멈춥니다,업데이트 이후 첫 화면에서 멈추고 다음으로 넘어가지 않습니다.,앱,오류,S011,앱 실행 오류,Y,Y,Y
VOC04788,앱 차량정보 수정 문의,기존 차량을 삭제하고 새 차량을 등록하는 방법을 알려주세요.,차량,차량정보,S008,차량정보 변경,Y,Y,Y
VOC07206,앱이 계속 종료됩니다 처리 방법을 안내해주세요.,앱을 실행하면 [에러코드] 오류가 표시되고 바로 종료됩니다. 빠른 확인 요청드립니다.,앱,오류,S011,앱 실행 오류,Y,Y,Y
VOC01273,포인트 적립 처리 중 문의,[주행종료시간]에 주행을 종료했습니다. 포인트 반영 예정 시간을 알고 싶습니다.,포인트,적립,S002,주행 포인트 적립 지연,Y,Y,Y
VOC09807,포인트 적립 기준이 궁금합니다,짧은 거리 주행도 포인트 적립 대상인지 문의합니다. 확인 부탁드립니다.,포인트,적립기준,S015,포인트 적립 기준 문의,Y,Y,Y
VOC05235,기존 차량 삭제 후 신규 등록,차량을 교체해서 앱의 등록 정보를 수정하고 싶습니다. 앱을 다시 실행해도 같은 상태입니다.,차량,차량정보,S008,차량정보 변경,Y,Y,Y
VOC08971,휴대전화 번호를 변경하고 싶습니다 관련 기준도 함께 알려주세요.,휴대전화 번호를 바꿨는데 앱 회원정보에는 이전 번호가 표시됩니다.,회원,회원정보,S014,휴대전화 번호 변경,Y,Y,Y
VOC02639,앱 로그인이 되지 않습니다,[오류코드] 메시지가 표시되면서 앱에 접속할 수 없습니다.,회원,로그인,S004,로그인 오류,Y,Y,Y
VOC08552,앱의 계약 내용이 맞지 않아요,보험 계약 정보 중 일부 항목이 잘못되어 수정 요청드립니다. 앱을 다시 실행해도 같은 상태입니다.,보험,계약정보,S013,계약정보 불일치,Y,Y,Y
VOC07666,사고 처리 진행 상황 문의,사고 접수 이후 진행 상황 안내를 받지 못했습니다.,사고,처리현황,S012,사고 처리 진행 문의,Y,Y,Y
VOC05479,가입 정보 삭제 요청,앱에서 탈퇴 메뉴를 찾을 수 없어 문의드립니다.,회원,계정관리,S009,회원 탈퇴,Y,Y,Y
VOC04192,주행점수 할인 확인 요청,증권번호 [계약번호] 계약에 안전운전 할인이 적용됐는지 확인하고 싶습니다. 확인 부탁드립니다.,보험,할인,S007,보험료 할인 적용 문의,Y,Y,Y
VOC06185,포인트 차감 내역이 이상합니다,사용한 적이 없는데 [차감금액] 포인트가 차감된 것으로 표시됩니다.,포인트,차감,S010,포인트 오차감,Y,Y,Y
VOC05495,가입 정보 삭제 요청,회원 탈퇴 시 남은 포인트와 주행기록이 어떻게 처리되는지 궁금합니다. 앱에서 확인이 어려워 문의드립니다.,회원,계정관리,S009,회원 탈퇴,Y,Y,Y
VOC07534,사고 접수 후 연락이 없습니다,사건번호 [사고접수번호]와 관련해 현재 처리 단계를 확인하고 싶습니다. 필요한 확인 항목이 있다면 안내 부탁드립니다.,사고,처리현황,S012,사고 처리 진행 문의,Y,Y,Y
VOC05252,새 차량으로 바꾸고 싶어요,차량번호 변경 후 주행 서비스 연결 방법을 문의합니다.,차량,차량정보,S008,차량정보 변경,Y,Y,Y
VOC03532,앱에서 운전 기록 확인 불가,차량은 정상적으로 운행했는데 주행 데이터가 수집되지 않은 것 같습니다.,주행,주행기록,S006,주행기록 미반영,Y,Y,Y
VOC04819,등록 차량 변경 요청,기존 차량 [차량번호]에서 새 차량 [변경차량번호]로 변경했습니다.,차량,차량정보,S008,차량정보 변경,Y,Y,Y
VOC00446,주행 포인트 미적립 문의,[출발지]-[도착지] 구간을 운전했는데 적립 내역이 확인되지 않습니다. 확인 부탁드립니다.,포인트,적립,S001,주행 포인트 미적립,Y,Y,Y
VOC00323,주행 포인트 미적립 문의 앱에서 확인이 어려워 문의드립니다.,운전 기록은 정상적으로 보이지만 포인트가 들어오지 않았습니다. 관련 기준도 함께 알려주세요.,포인트,적립,S001,주행 포인트 미적립,Y,Y,Y
VOC08706,회원정보의 전화번호가 다릅니다,새 번호로 본인 인증을 진행하는 방법을 알려주세요.,회원,회원정보,S014,휴대전화 번호 변경,Y,Y,Y
VOC01936,포인트 사용 가능 서비스 문의,적립된 포인트의 사용처와 사용 절차를 안내 부탁드립니다.,포인트,사용,S003,포인트 사용처 문의,Y,Y,Y
VOC02400,계정 접속이 불가능합니다,아이디와 비밀번호를 입력해도 로그인 오류가 발생합니다.,회원,로그인,S004,로그인 오류,Y,Y,Y
VOC04712,새 차량으로 바꾸고 싶어요 빠른 확인 요청드립니다.,차량을 교체해서 앱의 등록 정보를 수정하고 싶습니다.,차량,차량정보,S008,차량정보 변경,Y,Y,Y
VOC09758,어떤 주행이 포인트 대상인가요,짧은 거리 주행도 포인트 적립 대상인지 문의드립니다. 관련 기준도 함께 알려주세요.,포인트,적립기준,S015,포인트 적립 기준 문의,Y,Y,Y
VOC01872,보유 포인트 사용 방법 처리 방법을 안내해주세요.,현재 보유한 포인트를 어디에서 사용할 수 있는지 알려주세요.,포인트,사용,S003,포인트 사용처 문의,Y,Y,Y
VOC03809,운전한 내역이 앱에 없습니다,주행 종료 후에도 거리와 시간이 0으로 표시됩니다.,주행,주행기록,S006,주행기록 미반영,Y,Y,Y
VOC08475,계약정보가 다르게 표시됩니다,갱신한 계약이 앱에서 이전 계약으로 보입니다. 처리 방법을 안내해주세요.,보험,계약정보,S013,계약정보 불일치,Y,Y,Y
VOC07567,사고 접수 후 연락이 없습니다,제출한 서류가 정상적으로 접수됐는지 알고 싶습니다.,사고,처리현황,S012,사고 처리 진행 문의,Y,Y,Y
VOC09698,어떤 주행이 포인트 대상인가요,포인트를 받기 위한 최소 주행 조건이 궁금합니다.,포인트,적립기준,S015,포인트 적립 기준 문의,Y,Y,Y
VOC09272,기존 전화번호 변경 문의,번호 변경 후 로그인 인증 문자가 이전 번호로 발송됩니다. 이전에 정상적으로 이용한 적이 있습니다.,회원,회원정보,S014,휴대전화 번호 변경,Y,Y,Y
VOC07246,앱이 계속 종료됩니다,앱을 실행하면 [오류코드] 오류가 표시되고 바로 종료됩니다.,앱,오류,S011,앱 실행 오류,Y,Y,Y
VOC03812,앱에서 운전 기록 확인 불가,차량은 정상적으로 운행했는데 주행 데이터가 수집되지 않은 것 같습니다.,주행,주행기록,S006,주행기록 미반영,Y,Y,Y
VOC09884,어떤 주행이 포인트 대상인가요,급가속이나 급감속 기록이 포인트 적립에 영향을 주나요?,포인트,적립기준,S015,포인트 적립 기준 문의,Y,Y,Y
VOC04533,보험료 할인이 반영됐나요 앱에서 확인이 어려워 문의드립니다.,안전운전 점수와 보험료 할인 적용 기준을 안내해주세요. 확인 부탁드립니다. 앱을 다시 실행해도 같은 상태입니다.,보험,할인,S007,보험료 할인 적용 문의,Y,Y,Y
VOC03283,새 비밀번호 등록 문의,비밀번호가 기억나지 않아 재설정하려고 합니다. 필요한 확인 항목이 있다면 안내 부탁드립니다.,회원,계정관리,S005,비밀번호 재설정,Y,Y,Y
VOC03431,앱에서 운전 기록 확인 불가,[주행일]에 [출발지]-[도착지] 구간을 운전했는데 앱에서 기록이 보이지 않습니다. 앱을 다시 실행해도 같은 상태입니다.,주행,주행기록,S006,주행기록 미반영,Y,Y,Y
VOC03752,앱에서 운전 기록 확인 불가 빠른 확인 요청드립니다.,운전을 완료했지만 최근 주행 목록에 추가되지 않았습니다. 이전에 정상적으로 이용한 적이 있습니다.,주행,주행기록,S006,주행기록 미반영,Y,Y,Y
VOC02818,비밀번호를 재설정하고 싶습니다,본인 인증 후 비밀번호 재설정 화면으로 이동하지 않습니다. 앱에서 확인이 어려워 문의드립니다.,회원,계정관리,S005,비밀번호 재설정,Y,Y,Y
VOC08114,앱의 계약 내용이 맞지 않아요 앱에서 확인이 어려워 문의드립니다.,갱신한 계약이 앱에서 이전 계약으로 보입니다.,보험,계약정보,S013,계약정보 불일치,Y,Y,Y
VOC00197,주행 후 포인트가 없습니다,[출발지]-[도착지] 구간을 운전했는데 적립 내역이 확인되지 않습니다. 이전에 정상적으로 이용한 적이 있습니다.,포인트,적립,S001,주행 포인트 미적립,Y,Y,Y
VOC00830,포인트가 아직 처리되지 않았어요,[접수시간]에 주행을 종료했습니다. 포인트 반영 예정 시간을 알고 싶습니다.,포인트,적립,S002,주행 포인트 적립 지연,Y,Y,Y
VOC02464,로그인 화면에서 넘어가지 않아요,여러 번 시도했지만 인증 후 다시 로그인 화면으로 돌아옵니다.,회원,로그인,S004,로그인 오류,Y,Y,Y
VOC07905,사건번호 처리 상태 확인 확인 부탁드립니다.,제출한 서류가 정상적으로 접수됐는지 알고 싶습니다. 확인 부탁드립니다.,사고,처리현황,S012,사고 처리 진행 문의,Y,Y,Y
VOC02347,로그인 화면에서 넘어가지 않아요,로그인 버튼을 눌러도 화면이 그대로입니다.,회원,로그인,S004,로그인 오류,Y,Y,Y
VOC05770,서비스 계정을 삭제하고 싶어요 처리 방법을 안내해주세요.,회원 탈퇴 시 남은 포인트와 주행기록이 어떻게 처리되는지 궁금합니다.,회원,계정관리,S009,회원 탈퇴,Y,Y,Y
VOC08738,새 번호로 인증받고 싶어요,휴대전화 번호를 바꿨는데 앱 회원정보에는 이전 번호가 표시됩니다. 앱에서 확인이 어려워 문의드립니다. 현재 화면에서 직접 수정할 수 없습니다.,회원,회원정보,S014,휴대전화 번호 변경,Y,Y,Y
VOC04193,계약 할인 적용 상태 문의,증권번호 [증권번호] 계약에 안전운전 할인이 적용됐는지 확인하고 싶습니다. 빠른 확인 요청드립니다.,보험,할인,S007,보험료 할인 적용 문의,Y,Y,Y
VOC06342,잘못 차감된 포인트 문의,어제 확인한 잔액과 오늘 잔액이 달라서 문의드립니다. 관련 기준도 함께 알려주세요.,포인트,차감,S010,포인트 오차감,Y,Y,Y
VOC04400,보험료 할인이 반영됐나요,안전운전 점수와 보험료 할인 적용 기준을 안내해주세요. 확인 부탁드립니다.,보험,할인,S007,보험료 할인 적용 문의,Y,Y,Y
VOC05949,서비스 계정을 삭제하고 싶어요,회원 탈퇴 시 남은 포인트와 주행기록이 어떻게 처리되는지 궁금합니다. 앱을 다시 실행해도 같은 상태입니다.,회원,계정관리,S009,회원 탈퇴,Y,Y,Y
VOC09827,운전점수와 포인트 관계,포인트 지급 대상과 제외 조건을 자세히 안내해주세요.,포인트,적립기준,S015,포인트 적립 기준 문의,Y,Y,Y
VOC03989,최근 주행기록 누락 문의,차량은 정상적으로 운행했는데 주행 데이터가 수집되지 않은 것 같습니다. 앱에서 확인이 어려워 문의드립니다.,주행,주행기록,S006,주행기록 미반영,Y,Y,Y
VOC06641,잘못 차감된 포인트 문의 확인 부탁드립니다.,어제 확인한 잔액과 오늘 잔액이 달라서 문의드립니다. 빠른 확인 요청드립니다.,포인트,차감,S010,포인트 오차감,Y,Y,Y
VOC03017,비밀번호 찾기 인증 오류,비밀번호 찾기 과정에서 [기존전화번호]로 인증번호가 오지 않습니다.,회원,계정관리,S005,비밀번호 재설정,Y,Y,Y
VOC09669,포인트 지급 조건 안내 요청 빠른 확인 요청드립니다.,포인트 지급 대상과 제외 조건을 자세히 안내해주세요.,포인트,적립기준,S015,포인트 적립 기준 문의,Y,Y,Y
VOC02455,아이디 입력 후 접속 오류,로그인 버튼을 눌러도 화면이 그대로입니다. 확인 부탁드립니다.,회원,로그인,S004,로그인 오류,Y,Y,Y
VOC00924,포인트 반영이 늦어지고 있습니다,주행 후 몇 시간이 지났는데 아직 적립 대기 상태입니다.,포인트,적립,S002,주행 포인트 적립 지연,Y,Y,Y
VOC02661,계속 로그인에 실패합니다 앱에서 확인이 어려워 문의드립니다.,[오류코드] 메시지가 표시되면서 앱에 접속할 수 없습니다.,회원,로그인,S004,로그인 오류,Y,Y,Y
VOC03844,주행 데이터가 반영되지 않았어요,주행 종료 후에도 거리와 시간이 0으로 표시됩니다. 현재 화면에서 직접 수정할 수 없습니다.,주행,주행기록,S006,주행기록 미반영,Y,Y,Y
VOC05162,차량을 변경했습니다,차량을 교체해서 앱의 등록 정보를 수정하고 싶습니다. 앱을 다시 실행해도 같은 상태입니다.,차량,차량정보,S008,차량정보 변경,Y,Y,Y
VOC07207,서비스 실행 불가 문의,앱을 실행하면 [오류코드] 오류가 표시되고 바로 종료됩니다. 빠른 확인 요청드립니다.,앱,오류,S011,앱 실행 오류,Y,Y,Y
VOC05978,더 이상 서비스를 이용하지 않습니다,본인 인증 후 탈퇴가 완료되지 않아 확인 부탁드립니다.,회원,계정관리,S009,회원 탈퇴,Y,Y,Y
VOC03482,주행 데이터가 반영되지 않았어요,차량은 정상적으로 운행했는데 주행 데이터가 수집되지 않은 것 같습니다.,주행,주행기록,S006,주행기록 미반영,Y,Y,Y
VOC03016,비밀번호 변경이 되지 않습니다,비밀번호가 기억나지 않아 재설정하려고 합니다. 관련 기준도 함께 알려주세요.,회원,계정관리,S005,비밀번호 재설정,Y,Y,Y
VOC09218,휴대전화 번호를 변경하고 싶습니다,등록된 연락처가 실제 사용하는 번호와 달라 수정 요청드립니다. 이전에 정상적으로 이용한 적이 있습니다.,회원,회원정보,S014,휴대전화 번호 변경,Y,Y,Y
VOC09521,어떤 주행이 포인트 대상인가요,포인트를 받기 위한 최소 주행 조건이 확인하고 싶습니다. 앱에서 확인이 어려워 문의드립니다.,포인트,적립기준,S015,포인트 적립 기준 문의,Y,Y,Y
VOC01493,포인트 사용처가 궁금합니다,보험료 결제 외에도 포인트를 사용할 수 있는 곳이 있나요? 현재 화면에서 직접 수정할 수 없습니다.,포인트,사용,S003,포인트 사용처 문의,Y,Y,Y
VOC09881,운전점수와 포인트 관계,주행거리와 운전점수에 따라 포인트가 어떻게 산정되는지 알고 싶습니다. 앱을 다시 실행해도 같은 상태입니다.,포인트,적립기준,S015,포인트 적립 기준 문의,Y,Y,Y
VOC05398,앱 회원 탈퇴 방법 문의,회원 탈퇴 시 남은 포인트와 주행기록이 어떻게 처리되는지 궁금합니다. 빠른 확인 요청드립니다.,회원,계정관리,S009,회원 탈퇴,Y,Y,Y
VOC07870,사고 접수 후 연락이 없습니다,보상 심사가 어느 단계까지 진행됐는지 확인 부탁드립니다. 관련 기준도 함께 알려주세요.,사고,처리현황,S012,사고 처리 진행 문의,Y,Y,Y
VOC00396,주행 포인트가 적립되지 않았습니다,운전 기록은 정상적으로 보이지만 포인트가 들어오지 않았습니다.,포인트,적립,S001,주행 포인트 미적립,Y,Y,Y
VOC04718,앱 차량정보 수정 문의,차량을 교체해서 앱의 등록 정보를 수정하고 싶습니다. 필요한 확인 항목이 있다면 안내 부탁드립니다.,차량,차량정보,S008,차량정보 변경,Y,Y,Y
VOC09864,포인트 적립 기준이 궁금합니다 확인 부탁드립니다.,포인트 지급 대상과 제외 조건을 자세히 안내해주세요. 빠른 확인 요청드립니다.,포인트,적립기준,S015,포인트 적립 기준 문의,Y,Y,Y
VOC00510,운전했는데 포인트가 안 들어왔어요 빠른 확인 요청드립니다.,운전 기록은 정상적으로 보이지만 포인트가 들어오지 않았습니다. 이전에 정상적으로 이용한 적이 있습니다.,포인트,적립,S001,주행 포인트 미적립,Y,Y,Y
VOC06105,잘못 차감된 포인트 문의 빠른 확인 요청드립니다.,포인트 사용 이력과 실제 잔액이 맞지 않습니다.,포인트,차감,S010,포인트 오차감,Y,Y,Y
VOC08931,회원정보의 전화번호가 다릅니다,새 번호로 본인 인증을 진행하는 방법을 알려주세요. 처리 방법을 안내해주세요.,회원,회원정보,S014,휴대전화 번호 변경,Y,Y,Y
VOC09384,포인트 적립 기준이 궁금합니다,짧은 거리 주행도 포인트 적립 대상인지 문의합니다.,포인트,적립기준,S015,포인트 적립 기준 문의,Y,Y,Y
VOC02152,아이디 입력 후 접속 오류,기존에 사용하던 계정으로 접속되지 않아 문의드립니다.,회원,로그인,S004,로그인 오류,Y,Y,Y
VOC01491,적립 포인트는 어디서 쓰나요 관련 기준도 함께 알려주세요.,앱에 [금액] 포인트가 있는데 사용 가능한 항목을 확인하고 싶습니다.,포인트,사용,S003,포인트 사용처 문의,Y,Y,Y
VOC08220,보험 계약자 정보 오류,갱신한 계약이 앱에서 이전 계약으로 보입니다.,보험,계약정보,S013,계약정보 불일치,Y,Y,Y
VOC00513,운전했는데 포인트가 안 들어왔어요 처리 방법을 안내해주세요.,주행 조건을 충족한 것으로 보이는데 포인트가 0으로 표시됩니다. 앱에서 확인이 어려워 문의드립니다. 동일 현상이 반복되고 있습니다.,포인트,적립,S001,주행 포인트 미적립,Y,Y,Y
VOC06399,포인트 잔액 오류 처리 방법을 안내해주세요.,포인트 내역에 알 수 없는 차감 기록이 있습니다.,포인트,차감,S010,포인트 오차감,Y,Y,Y
VOC03338,최근 주행기록 누락 문의 관련 기준도 함께 알려주세요.,해당 시간대의 운전 내역이 누락되어 확인 요청드립니다. 이전에 정상적으로 이용한 적이 있습니다.,주행,주행기록,S006,주행기록 미반영,Y,Y,Y
VOC03101,새 비밀번호 등록 문의,비밀번호 찾기 과정에서 [전화번호]로 인증번호가 오지 않습니다. 필요한 확인 항목이 있다면 안내 부탁드립니다.,회원,계정관리,S005,비밀번호 재설정,Y,Y,Y
VOC04350,주행점수 할인 확인 요청,현재 운전점수 기준으로 받을 수 있는 보험료 할인율이 궁금합니다. 확인 부탁드립니다.,보험,할인,S007,보험료 할인 적용 문의,Y,Y,Y
VOC03217,비밀번호가 기억나지 않아요 확인 부탁드립니다.,비밀번호 변경 절차와 조건을 안내해주세요. 앱에서 확인이 어려워 문의드립니다.,회원,계정관리,S005,비밀번호 재설정,Y,Y,Y
VOC05817,서비스 계정을 삭제하고 싶어요,앱에서 탈퇴 메뉴를 찾을 수 없어 문의드립니다. 확인 부탁드립니다. 현재 화면에서 직접 수정할 수 없습니다.,회원,계정관리,S009,회원 탈퇴,Y,Y,Y
VOC05213,기존 차량 삭제 후 신규 등록,기존 차량을 삭제하고 새 차량을 등록하는 방법을 알려주세요.,차량,차량정보,S008,차량정보 변경,Y,Y,Y
VOC08764,기존 전화번호 변경 문의 빠른 확인 요청드립니다.,휴대전화 번호를 바꿨는데 앱 회원정보에는 이전 번호가 표시됩니다. 확인 부탁드립니다. 현재 화면에서 직접 수정할 수 없습니다.,회원,회원정보,S014,휴대전화 번호 변경,Y,Y,Y
VOC03271,비밀번호 찾기 인증 오류,새 비밀번호를 입력했지만 변경이 완료되지 않습니다. 확인 부탁드립니다.,회원,계정관리,S005,비밀번호 재설정,Y,Y,Y
VOC08613,계약정보가 다르게 표시됩니다,증권번호 [증권번호]의 차량정보가 현재 차량과 일치하지 않습니다. 처리 방법을 안내해주세요.,보험,계약정보,S013,계약정보 불일치,Y,Y,Y
VOC08425,보험 계약자 정보 오류,보험 계약 정보 중 일부 항목이 잘못되어 수정 요청드립니다.,보험,계약정보,S013,계약정보 불일치,Y,Y,Y
VOC04762,차량을 변경했습니다,기존 차량을 삭제하고 새 차량을 등록하는 방법을 알려주세요. 관련 기준도 함께 알려주세요. 현재 화면에서 직접 수정할 수 없습니다.,차량,차량정보,S008,차량정보 변경,Y,Y,Y
VOC07483,사고 처리 진행 상황 문의,사건번호 [사고접수번호]와 관련해 현재 처리 단계를 확인하고 싶습니다.,사고,처리현황,S012,사고 처리 진행 문의,Y,Y,Y
VOC08169,계약 차량 정보 불일치,앱에 표시된 계약자명이 [이름]으로 되어 있는데 실제 정보와 다릅니다.,보험,계약정보,S013,계약정보 불일치,Y,Y,Y
VOC09743,포인트 적립 기준이 궁금합니다,포인트 지급 대상과 제외 조건을 자세히 안내해주세요. 빠른 확인 요청드립니다.,포인트,적립기준,S015,포인트 적립 기준 문의,Y,Y,Y
VOC07906,접수한 사고는 어떻게 진행되고 있나요,사고 접수 이후 진행 상황 안내를 받지 못했습니다.,사고,처리현황,S012,사고 처리 진행 문의,Y,Y,Y
VOC04482,주행점수 할인 확인 요청 앱에서 확인이 어려워 문의드립니다.,갱신 계약에 주행분석 할인 혜택이 반영되는지 문의드립니다.,보험,할인,S007,보험료 할인 적용 문의,Y,Y,Y
VOC03120,새 비밀번호 등록 문의 앱에서 확인이 어려워 문의드립니다.,본인 인증 후 비밀번호 재설정 화면으로 이동하지 않습니다.,회원,계정관리,S005,비밀번호 재설정,Y,Y,Y
VOC06183,포인트가 갑자기 줄었습니다,어제 확인한 잔액과 오늘 잔액이 달라서 문의드립니다. 확인 부탁드립니다.,포인트,차감,S010,포인트 오차감,Y,Y,Y
VOC06436,포인트 차감 내역이 이상합니다,어제 확인한 잔액과 오늘 잔액이 달라서 문의드립니다.,포인트,차감,S010,포인트 오차감,Y,Y,Y
VOC06799,앱 화면이 멈춥니다,특정 메뉴에 들어가면 화면이 멈추는 현상이 반복됩니다.,앱,오류,S011,앱 실행 오류,Y,Y,Y
VOC03627,최근 주행기록 누락 문의,[주행일]에 [주행구간] 구간을 운전했는데 앱에서 기록이 보이지 않습니다.,주행,주행기록,S006,주행기록 미반영,Y,Y,Y
VOC04723,차량을 변경했습니다,차량을 교체해서 앱의 등록 정보를 수정하고 싶습니다. 앱을 다시 실행해도 같은 상태입니다.,차량,차량정보,S008,차량정보 변경,Y,Y,Y
VOC05595,회원 탈퇴를 요청합니다,본인 인증 후 탈퇴가 완료되지 않아 확인 부탁드립니다. 확인 부탁드립니다.,회원,계정관리,S009,회원 탈퇴,Y,Y,Y
VOC00250,주행 후 포인트가 없습니다 빠른 확인 요청드립니다.,[접수일]에 주행을 완료했는데 포인트가 아직 적립되지 않았습니다. 앱에서 확인이 어려워 문의드립니다. 앱을 다시 실행해도 같은 상태입니다.,포인트,적립,S001,주행 포인트 미적립,Y,Y,Y
VOC08801,기존 전화번호 변경 문의,번호 변경 후 로그인 인증 문자가 이전 번호로 발송됩니다.,회원,회원정보,S014,휴대전화 번호 변경,Y,Y,Y
VOC05755,앱 회원 탈퇴 방법 문의,앱에서 탈퇴 메뉴를 찾을 수 없어 확인 요청드립니다.,회원,계정관리,S009,회원 탈퇴,Y,Y,Y
VOC09788,포인트 적립 기준이 확인하고 싶습니다,급가속이나 급감속 기록이 포인트 적립에 영향을 주나요? 이전에 정상적으로 이용한 적이 있습니다.,포인트,적립기준,S015,포인트 적립 기준 문의,Y,Y,Y
VOC00907,운전 후 포인트 반영 시간 문의,오늘 주행을 마쳤는데 포인트가 아직 반영되지 않았습니다. 보통 얼마나 걸리나요? 확인 부탁드립니다.,포인트,적립,S002,주행 포인트 적립 지연,Y,Y,Y
VOC06688,서비스 실행 불가 문의,특정 메뉴에 들어가면 화면이 멈추는 현상이 반복됩니다.,앱,오류,S011,앱 실행 오류,Y,Y,Y
VOC07514,보상 처리 단계 문의,보상 심사가 어느 단계까지 진행됐는지 확인 부탁드립니다.,사고,처리현황,S012,사고 처리 진행 문의,Y,Y,Y
VOC03923,주행기록이 보이지 않습니다,[접수일]에 [주행구간] 구간을 운전했는데 앱에서 기록이 보이지 않습니다. 필요한 확인 항목이 있다면 안내 부탁드립니다.,주행,주행기록,S006,주행기록 미반영,Y,Y,Y
VOC02947,비밀번호가 기억나지 않아요 앱에서 확인이 어려워 문의드립니다.,비밀번호 변경 절차와 조건을 안내해주세요.,회원,계정관리,S005,비밀번호 재설정,Y,Y,Y
VOC05046,기존 차량 삭제 후 신규 등록 확인 부탁드립니다.,기존 차량 [기존차량번호]에서 새 차량 [변경차량번호]로 변경했습니다.,차량,차량정보,S008,차량정보 변경,Y,Y,Y
VOC08280,계약정보가 다르게 표시됩니다,보험 계약 정보 중 일부 항목이 잘못되어 수정 요청드립니다. 확인 부탁드립니다.,보험,계약정보,S013,계약정보 불일치,Y,Y,Y
VOC03994,앱에서 운전 기록 확인 불가,해당 시간대의 운전 내역이 누락되어 확인 요청드립니다.,주행,주행기록,S006,주행기록 미반영,Y,Y,Y
VOC09663,포인트 적립 기준이 궁금합니다 확인 부탁드립니다.,포인트를 받기 위한 최소 주행 조건이 궁금합니다.,포인트,적립기준,S015,포인트 적립 기준 문의,Y,Y,Y
VOC03234,비밀번호 변경이 안 됩니다,본인 인증 후 비밀번호 재설정 화면으로 이동하지 않습니다.,회원,계정관리,S005,비밀번호 재설정,Y,Y,Y
VOC07416,사건번호 처리 상태 확인,제출한 서류가 정상적으로 접수됐는지 알고 싶습니다.,사고,처리현황,S012,사고 처리 진행 문의,Y,Y,Y
VOC08445,보험 계약자 정보 오류,갱신한 계약이 앱에서 이전 계약으로 보입니다.,보험,계약정보,S013,계약정보 불일치,Y,Y,Y
VOC08543,계약 차량 정보 불일치,증권번호 [계약번호]의 차량정보가 현재 차량과 일치하지 않습니다.,보험,계약정보,S013,계약정보 불일치,Y,Y,Y
VOC04836,차량을 변경했습니다 처리 방법을 안내해주세요.,차량번호 변경 후 주행 서비스 연결 방법을 문의합니다.,차량,차량정보,S008,차량정보 변경,Y,Y,Y
VOC01643,포인트를 사용할 수 있는 곳,적립된 포인트의 사용처와 사용 절차를 안내 부탁드립니다.,포인트,사용,S003,포인트 사용처 문의,Y,Y,Y
VOC07185,앱 실행 중 오류가 발생합니다,앱을 실행하면 [오류코드] 오류가 표시되고 바로 종료됩니다.,앱,오류,S011,앱 실행 오류,Y,Y,Y
VOC07256,앱 실행 중 오류가 발생합니다,특정 메뉴에 들어가면 화면이 멈추는 현상이 반복됩니다. 관련 기준도 함께 알려주세요.,앱,오류,S011,앱 실행 오류,Y,Y,Y
VOC04298,안전운전 할인 적용 여부 문의 관련 기준도 함께 알려주세요.,증권번호 [계약번호] 계약에 안전운전 할인이 적용됐는지 확인하고 싶습니다.,보험,할인,S007,보험료 할인 적용 문의,Y,Y,Y
VOC03841,앱에서 운전 기록 확인 불가 처리 방법을 안내해주세요.,[접수일]에 [주행구간] 구간을 운전했는데 앱에서 기록이 보이지 않습니다.,주행,주행기록,S006,주행기록 미반영,Y,Y,Y
VOC00138,주행 포인트가 적립되지 않았습니다,운전 기록은 정상적으로 보이지만 포인트가 들어오지 않았습니다.,포인트,적립,S001,주행 포인트 미적립,Y,Y,Y
VOC07521,사건번호 처리 상태 확인,[접수일]에 접수한 사고의 담당자 배정 여부가 궁금합니다.,사고,처리현황,S012,사고 처리 진행 문의,Y,Y,Y
VOC03927,운전한 내역이 앱에 없습니다,해당 시간대의 운전 내역이 누락되어 확인 요청드립니다.,주행,주행기록,S006,주행기록 미반영,Y,Y,Y
VOC01723,포인트 사용 가능 서비스 문의,앱에 [차감금액] 포인트가 있는데 사용 가능한 항목을 확인하고 싶습니다.,포인트,사용,S003,포인트 사용처 문의,Y,Y,Y
VOC01702,포인트를 사용할 수 있는 곳 앱에서 확인이 어려워 문의드립니다.,적립된 포인트의 사용처와 사용 절차를 안내 부탁드립니다.,포인트,사용,S003,포인트 사용처 문의,Y,Y,Y
VOC02277,계속 로그인에 실패합니다 확인 부탁드립니다.,[오류코드] 메시지가 표시되면서 앱에 접속할 수 없습니다.,회원,로그인,S004,로그인 오류,Y,Y,Y
VOC09629,포인트 적립 기준이 궁금합니다,포인트 지급 대상과 제외 조건을 자세히 안내해주세요.,포인트,적립기준,S015,포인트 적립 기준 문의,Y,Y,Y
VOC09715,운전점수와 포인트 관계,주행거리와 운전점수에 따라 포인트가 어떻게 산정되는지 알고 싶습니다.,포인트,적립기준,S015,포인트 적립 기준 문의,Y,Y,Y
VOC09054,휴대전화 번호를 변경하고 싶습니다,기존 번호 [기존전화번호]에서 새 번호 [변경전화번호]로 변경하고 싶습니다. 현재 화면에서 직접 수정할 수 없습니다.,회원,회원정보,S014,휴대전화 번호 변경,Y,Y,Y
VOC03435,앱에서 운전 기록 확인 불가,차량은 정상적으로 운행했는데 주행 데이터가 수집되지 않은 것 같습니다.,주행,주행기록,S006,주행기록 미반영,Y,Y,Y
VOC00570,주행 포인트가 적립되지 않았습니다 관련 기준도 함께 알려주세요.,지난 주행 건에 대한 포인트를 받지 못했습니다. 확인 부탁드립니다.,포인트,적립,S001,주행 포인트 미적립,Y,Y,Y
VOC02417,계속 로그인에 실패합니다,로그인 버튼을 눌러도 화면이 그대로입니다. 처리 방법을 안내해주세요.,회원,로그인,S004,로그인 오류,Y,Y,Y
VOC00638,포인트가 누락된 것 같습니다,[주행구간] 구간을 운전했는데 적립 내역이 확인정상적으로 처리되지 않습니다. 이전에 정상적으로 이용한 적이 있습니다.,포인트,적립,S001,주행 포인트 미적립,Y,Y,Y
VOC07852,접수한 사고는 어떻게 진행되고 있나요,[날짜]에 접수한 사고의 담당자 배정 여부가 확인하고 싶습니다. 확인 부탁드립니다.,사고,처리현황,S012,사고 처리 진행 문의,Y,Y,Y
VOC04746,기존 차량 삭제 후 신규 등록,기존 차량 [차량번호]에서 새 차량 [변경차량번호]로 변경했습니다.,차량,차량정보,S008,차량정보 변경,Y,Y,Y
VOC06062,사용하지 않은 포인트가 차감됐어요,어제 확인한 잔액과 오늘 잔액이 달라서 문의드립니다.,포인트,차감,S010,포인트 오차감,Y,Y,Y
VOC06459,포인트가 갑자기 줄었습니다,사용한 적이 없는데 [금액] 포인트가 차감된 것으로 표시됩니다. 이전에 정상적으로 이용한 적이 있습니다.,포인트,차감,S010,포인트 오차감,Y,Y,Y
VOC05497,가입 정보 삭제 요청 확인 부탁드립니다.,본인 인증 후 탈퇴가 완료되지 않아 확인 부탁드립니다. 빠른 확인 요청드립니다.,회원,계정관리,S009,회원 탈퇴,Y,Y,Y
VOC01580,포인트를 사용할 수 있는 곳 관련 기준도 함께 알려주세요.,보험료 결제 외에도 포인트를 사용할 수 있는 곳이 있나요? 현재 화면에서 직접 수정할 수 없습니다.,포인트,사용,S003,포인트 사용처 문의,Y,Y,Y
VOC05388,서비스 계정을 삭제하고 싶어요,본인 인증 후 탈퇴가 완료되지 않아 확인 부탁드립니다.,회원,계정관리,S009,회원 탈퇴,Y,Y,Y
VOC04671,등록 차량 변경 요청,기존 차량 [차량번호]에서 새 차량 [새차량번호]로 변경했습니다. 필요한 확인 항목이 있다면 안내 부탁드립니다.,차량,차량정보,S008,차량정보 변경,Y,Y,Y
VOC03898,최근 주행기록 누락 문의 관련 기준도 함께 알려주세요.,[날짜]에 [주행구간] 구간을 운전했는데 앱에서 기록이 보이지 않습니다.,주행,주행기록,S006,주행기록 미반영,Y,Y,Y
VOC04040,안전운전 할인 적용 여부 문의,안전운전 점수와 보험료 할인 적용 기준을 안내해주세요.,보험,할인,S007,보험료 할인 적용 문의,Y,Y,Y
VOC02721,새 비밀번호 등록 문의,비밀번호 찾기 과정에서 [기존전화번호]로 인증번호가 오지 않습니다.,회원,계정관리,S005,비밀번호 재설정,Y,Y,Y
VOC05722,가입 정보 삭제 요청,본인 인증 후 탈퇴가 완료되지 않아 확인 부탁드립니다. 처리 방법을 안내해주세요.,회원,계정관리,S009,회원 탈퇴,Y,Y,Y
VOC00649,운전했는데 포인트가 안 들어왔어요,[날짜]에 주행을 완료했는데 포인트가 아직 적립되지 않았습니다. 처리 방법을 안내해주세요.,포인트,적립,S001,주행 포인트 미적립,Y,Y,Y
VOC00096,주행 포인트가 적립되지 않았습니다,[주행구간] 구간을 운전했는데 적립 내역이 확인정상적으로 처리되지 않습니다.,포인트,적립,S001,주행 포인트 미적립,Y,Y,Y
VOC00333,운전했는데 포인트가 안 들어왔어요,지난 주행 건에 대한 포인트를 받지 못했습니다. 확인 부탁드립니다. 필요한 확인 항목이 있다면 안내 부탁드립니다.,포인트,적립,S001,주행 포인트 미적립,Y,Y,Y
VOC02014,앱 로그인이 되지 않습니다,로그인 버튼을 눌러도 화면이 그대로입니다. 동일 현상이 반복되고 있습니다.,회원,로그인,S004,로그인 오류,Y,Y,Y
VOC06559,포인트 차감 내역이 이상합니다 빠른 확인 요청드립니다.,포인트 사용 이력과 실제 잔액이 맞지 않습니다.,포인트,차감,S010,포인트 오차감,Y,Y,Y
VOC00466,주행 포인트 미적립 문의,지난 주행 건에 대한 포인트를 받지 못했습니다. 확인 부탁드립니다. 확인 부탁드립니다. 필요한 확인 항목이 있다면 안내 부탁드립니다.,포인트,적립,S001,주행 포인트 미적립,Y,Y,Y
VOC04564,보험료 할인이 반영됐나요,증권번호 [계약번호] 계약에 안전운전 할인이 적용됐는지 확인하고 싶습니다.,보험,할인,S007,보험료 할인 적용 문의,Y,Y,Y
VOC09037,새 번호로 인증받고 싶어요,새 번호로 본인 인증을 진행하는 방법을 알려주세요.,회원,회원정보,S014,휴대전화 번호 변경,Y,Y,Y
VOC05977,회원 탈퇴를 요청합니다,앱에서 탈퇴 메뉴를 찾을 수 없어 문의드립니다.,회원,계정관리,S009,회원 탈퇴,Y,Y,Y
VOC04463,보험료 할인이 반영됐나요 빠른 확인 요청드립니다.,갱신 계약에 주행분석 할인 혜택이 반영되는지 문의드립니다. 앱에서 확인이 어려워 문의드립니다. 이전에 정상적으로 이용한 적이 있습니다.,보험,할인,S007,보험료 할인 적용 문의,Y,Y,Y
VOC01471,적립 포인트는 어디서 쓰나요,적립된 포인트의 사용처와 사용 절차를 안내 부탁드립니다. 관련 기준도 함께 알려주세요.,포인트,사용,S003,포인트 사용처 문의,Y,Y,Y
VOC06817,업데이트 후 앱이 열리지 않아요,업데이트 이후 첫 화면에서 멈추고 다음으로 넘어가지 않습니다. 빠른 확인 요청드립니다.,앱,오류,S011,앱 실행 오류,Y,Y,Y
VOC08649,앱의 계약 내용이 맞지 않아요,증권번호 [증권번호]의 차량정보가 현재 차량과 일치하지 않습니다.,보험,계약정보,S013,계약정보 불일치,Y,Y,Y
VOC04356,주행점수 할인 확인 요청,갱신 계약에 주행분석 할인 혜택이 반영되는지 문의드립니다. 이전에 정상적으로 이용한 적이 있습니다.,보험,할인,S007,보험료 할인 적용 문의,Y,Y,Y
VOC00371,운전했는데 포인트가 안 들어왔어요,[출발지]-[도착지] 구간을 운전했는데 적립 내역이 확인되지 않습니다.,포인트,적립,S001,주행 포인트 미적립,Y,Y,Y
VOC03163,비밀번호 찾기 인증 오류,본인 인증 후 비밀번호 재설정 화면으로 이동하지 않습니다. 앱에서 확인이 어려워 문의드립니다.,회원,계정관리,S005,비밀번호 재설정,Y,Y,Y
VOC05575,서비스 계정을 삭제하고 싶어요 처리 방법을 안내해주세요.,본인 인증 후 탈퇴가 완료되지 않아 확인 부탁드립니다.,회원,계정관리,S009,회원 탈퇴,Y,Y,Y
VOC03170,비밀번호 변경이 되지 않습니다,비밀번호가 기억나지 않아 재설정하려고 합니다.,회원,계정관리,S005,비밀번호 재설정,Y,Y,Y
VOC05462,회원 탈퇴를 요청합니다,회원 탈퇴 시 남은 포인트와 주행기록이 어떻게 처리되는지 안내받고 싶습니다. 동일 현상이 반복되고 있습니다.,회원,계정관리,S009,회원 탈퇴,Y,Y,Y
VOC00974,운전 후 포인트 반영 시간 문의,주행 후 몇 시간이 지났는데 아직 적립 대기 상태입니다. 이전에 정상적으로 이용한 적이 있습니다.,포인트,적립,S002,주행 포인트 적립 지연,Y,Y,Y
VOC02238,로그인 화면에서 넘어가지 않아요,아이디와 비밀번호를 입력해도 로그인 오류가 발생합니다.,회원,로그인,S004,로그인 오류,Y,Y,Y
VOC06695,앱이 계속 종료됩니다,앱을 실행하면 [오류코드] 오류가 표시되고 바로 종료됩니다. 관련 기준도 함께 알려주세요.,앱,오류,S011,앱 실행 오류,Y,Y,Y
VOC04487,안전운전 할인 적용 여부 문의 관련 기준도 함께 알려주세요.,갱신 계약에 주행분석 할인 혜택이 반영되는지 확인 요청드립니다. 앱을 다시 실행해도 같은 상태입니다.,보험,할인,S007,보험료 할인 적용 문의,Y,Y,Y
VOC08867,기존 전화번호 변경 문의,새 번호로 본인 인증을 진행하는 방법을 알려주세요. 이전에 정상적으로 이용한 적이 있습니다.,회원,회원정보,S014,휴대전화 번호 변경,Y,Y,Y
VOC03786,앱에서 운전 기록 확인 불가 앱에서 확인이 어려워 문의드립니다.,차량은 정상적으로 운행했는데 주행 데이터가 수집되지 않은 것 같습니다.,주행,주행기록,S006,주행기록 미반영,Y,Y,Y
VOC09484,포인트 지급 조건 안내 요청,포인트를 받기 위한 최소 주행 조건이 궁금합니다. 앱에서 확인이 어려워 문의드립니다.,포인트,적립기준,S015,포인트 적립 기준 문의,Y,Y,Y
VOC03416,앱에서 운전 기록 확인 불가 처리 방법을 안내해주세요.,해당 시간대의 운전 내역이 누락되어 확인 요청드립니다.,주행,주행기록,S006,주행기록 미반영,Y,Y,Y
VOC08442,계약 차량 정보 불일치 빠른 확인 요청드립니다.,계약 기간과 보험료 정보가 가입 당시 안내와 다르게 표시됩니다.,보험,계약정보,S013,계약정보 불일치,Y,Y,Y
VOC03973,최근 주행기록 누락 문의,해당 시간대의 운전 내역이 누락되어 확인 요청드립니다.,주행,주행기록,S006,주행기록 미반영,Y,Y,Y
VOC04547,보험료 할인 혜택이 궁금합니다,증권번호 [증권번호] 계약에 안전운전 할인이 적용됐는지 확인하고 싶습니다.,보험,할인,S007,보험료 할인 적용 문의,Y,Y,Y
VOC00696,주행 포인트는 언제 들어오나요,"포인트가 바로 들어오는지, 일정 시간이 필요한지 문의드립니다.",포인트,적립,S002,주행 포인트 적립 지연,Y,Y,Y
VOC00520,포인트가 누락된 것 같습니다,[날짜]에 주행을 완료했는데 포인트가 아직 적립되지 않았습니다.,포인트,적립,S001,주행 포인트 미적립,Y,Y,Y
VOC09825,포인트 지급 조건 안내 요청,주행거리와 운전점수에 따라 포인트가 어떻게 산정되는지 알고 싶습니다. 확인 부탁드립니다.,포인트,적립기준,S015,포인트 적립 기준 문의,Y,Y,Y
VOC01021,포인트 적립 처리 중 문의 앱에서 확인이 어려워 문의드립니다.,주행 후 몇 시간이 지났는데 아직 적립 대기 상태입니다.,포인트,적립,S002,주행 포인트 적립 지연,Y,Y,Y
VOC05711,회원 탈퇴를 요청합니다,회원 탈퇴 시 남은 포인트와 주행기록이 어떻게 처리되는지 궁금합니다.,회원,계정관리,S009,회원 탈퇴,Y,Y,Y
VOC06829,업데이트 후 앱이 열리지 않아요,특정 메뉴에 들어가면 화면이 멈추는 현상이 반복됩니다.,앱,오류,S011,앱 실행 오류,Y,Y,Y
VOC01804,포인트를 사용할 수 있는 곳,적립된 포인트의 사용처와 사용 절차를 안내 부탁드립니다. 필요한 확인 항목이 있다면 안내 부탁드립니다.,포인트,사용,S003,포인트 사용처 문의,Y,Y,Y
VOC06862,서비스 실행 불가 문의,앱을 열면 흰 화면만 보이고 아무 기능도 사용할 수 없습니다. 이전에 정상적으로 이용한 적이 있습니다.,앱,오류,S011,앱 실행 오류,Y,Y,Y
VOC07713,접수한 사고는 어떻게 진행되고 있나요 처리 방법을 안내해주세요.,사고 접수 이후 진행 상황 안내를 받지 못했습니다.,사고,처리현황,S012,사고 처리 진행 문의,Y,Y,Y
VOC04151,보험료 할인 혜택이 궁금합니다,증권번호 [계약번호] 계약에 안전운전 할인이 적용됐는지 확인하고 싶습니다. 확인 부탁드립니다.,보험,할인,S007,보험료 할인 적용 문의,Y,Y,Y
VOC02711,비밀번호 변경이 되지 않습니다,본인 인증 후 비밀번호 재설정 화면으로 이동하지 않습니다.,회원,계정관리,S005,비밀번호 재설정,Y,Y,Y
VOC01402,적립 포인트는 어디서 쓰나요 확인 부탁드립니다.,앱에 [차감금액] 포인트가 있는데 사용 가능한 항목을 확인하고 싶습니다.,포인트,사용,S003,포인트 사용처 문의,Y,Y,Y
VOC03417,주행기록이 보이지 않습니다,운전을 완료했지만 최근 주행 목록에 추가되지 않았습니다. 앱에서 확인이 어려워 문의드립니다.,주행,주행기록,S006,주행기록 미반영,Y,Y,Y
VOC08902,휴대전화 번호를 변경하고 싶습니다,새 번호로 본인 인증을 진행하는 방법을 확인 부탁드립니다.,회원,회원정보,S014,휴대전화 번호 변경,Y,Y,Y
VOC03449,주행기록이 보이지 않습니다,운전을 완료했지만 최근 주행 목록에 추가되지 않았습니다. 빠른 확인 요청드립니다.,주행,주행기록,S006,주행기록 미반영,Y,Y,Y
VOC09672,어떤 주행이 포인트 대상인가요 관련 기준도 함께 알려주세요.,짧은 거리 주행도 포인트 적립 대상인지 문의드립니다.,포인트,적립기준,S015,포인트 적립 기준 문의,Y,Y,Y
VOC06276,포인트가 갑자기 줄었습니다,포인트 내역에 알 수 없는 차감 기록이 있습니다.,포인트,차감,S010,포인트 오차감,Y,Y,Y
VOC04783,기존 차량 삭제 후 신규 등록,차량번호 변경 후 주행 서비스 연결 방법을 문의드립니다.,차량,차량정보,S008,차량정보 변경,Y,Y,Y
VOC05352,더 이상 서비스를 이용하지 않습니다,더 이상 서비스를 이용하지 않아 회원 탈퇴를 진행하고 싶습니다. 앱에서 확인이 어려워 문의드립니다.,회원,계정관리,S009,회원 탈퇴,Y,Y,Y
VOC02756,비밀번호 변경이 되지 않습니다,비밀번호 찾기 과정에서 [기존전화번호]로 인증번호가 오지 않습니다.,회원,계정관리,S005,비밀번호 재설정,Y,Y,Y
VOC06391,잘못 차감된 포인트 문의,어제 확인한 잔액과 오늘 잔액이 달라서 문의드립니다.,포인트,차감,S010,포인트 오차감,Y,Y,Y
VOC03534,주행 데이터가 반영되지 않았어요,[주행일]에 [출발지]-[도착지] 구간을 운전했는데 앱에서 기록이 보이지 않습니다.,주행,주행기록,S006,주행기록 미반영,Y,Y,Y
VOC07507,사건번호 처리 상태 확인,제출한 서류가 정상적으로 접수됐는지 알고 싶습니다.,사고,처리현황,S012,사고 처리 진행 문의,Y,Y,Y
VOC07692,사건번호 처리 상태 확인,제출한 서류가 정상적으로 접수됐는지 알고 싶습니다.,사고,처리현황,S012,사고 처리 진행 문의,Y,Y,Y
VOC08586,증권 정보 수정 문의,갱신한 계약이 앱에서 이전 계약으로 보입니다.,보험,계약정보,S013,계약정보 불일치,Y,Y,Y
VOC00377,운전했는데 포인트가 안 들어왔어요,[출발지]-[도착지] 구간을 운전했는데 적립 내역이 확인되지 않습니다. 빠른 확인 요청드립니다.,포인트,적립,S001,주행 포인트 미적립,Y,Y,Y
VOC05863,회원 탈퇴를 요청합니다,본인 인증 후 탈퇴가 완료되지 않아 확인 부탁드립니다.,회원,계정관리,S009,회원 탈퇴,Y,Y,Y
VOC00024,주행 후 포인트가 없습니다,지난 주행 건에 대한 포인트를 받지 못했습니다. 확인 부탁드립니다.,포인트,적립,S001,주행 포인트 미적립,Y,Y,Y
VOC02055,아이디 입력 후 접속 오류 앱에서 확인이 어려워 문의드립니다.,아이디와 비밀번호를 입력해도 로그인 오류가 발생합니다.,회원,로그인,S004,로그인 오류,Y,Y,Y
VOC00073,포인트가 누락된 것 같습니다,[날짜]에 주행을 완료했는데 포인트가 아직 적립되지 않았습니다.,포인트,적립,S001,주행 포인트 미적립,Y,Y,Y
VOC04052,안전운전 할인 적용 여부 문의 빠른 확인 요청드립니다.,앱에는 할인 대상이라고 나오는데 실제 보험료에 적용됐는지 알고 싶습니다.,보험,할인,S007,보험료 할인 적용 문의,Y,Y,Y
VOC02471,로그인 화면에서 넘어가지 않아요,로그인 버튼을 눌러도 화면이 그대로입니다.,회원,로그인,S004,로그인 오류,Y,Y,Y
VOC09819,포인트 적립 기준이 안내받고 싶습니다 처리 방법을 안내해주세요.,포인트 지급 대상과 제외 조건을 자세히 안내해주세요.,포인트,적립기준,S015,포인트 적립 기준 문의,Y,Y,Y
VOC04163,안전운전 할인 적용 여부 문의,현재 운전점수 기준으로 받을 수 있는 보험료 할인율이 궁금합니다. 앱에서 확인이 어려워 문의드립니다. 이전에 정상적으로 이용한 적이 있습니다.,보험,할인,S007,보험료 할인 적용 문의,Y,Y,Y
VOC06230,잘못 차감된 포인트 문의,포인트 내역에 알 수 없는 차감 기록이 있습니다.,포인트,차감,S010,포인트 오차감,Y,Y,Y
VOC03522,주행 데이터가 반영되지 않았어요,[주행일]에 [출발지]-[도착지] 구간을 운전했는데 앱에서 기록이 보이지 않습니다.,주행,주행기록,S006,주행기록 미반영,Y,Y,Y
VOC07837,사건번호 처리 상태 확인,사건번호 [사고접수번호]와 관련해 현재 처리 단계를 확인하고 싶습니다.,사고,처리현황,S012,사고 처리 진행 문의,Y,Y,Y
VOC05574,서비스 계정을 삭제하고 싶어요,계정과 저장된 개인정보를 삭제하는 절차를 알려주세요.,회원,계정관리,S009,회원 탈퇴,Y,Y,Y
VOC01029,포인트 반영이 늦어지고 있습니다,오늘 주행을 마쳤는데 포인트가 아직 반영되지 않았습니다. 보통 얼마나 걸리나요?,포인트,적립,S002,주행 포인트 적립 지연,Y,Y,Y
VOC07512,사고 접수 후 연락이 없습니다 관련 기준도 함께 알려주세요.,제출한 서류가 정상적으로 접수됐는지 알고 싶습니다.,사고,처리현황,S012,사고 처리 진행 문의,Y,Y,Y
VOC01955,포인트 사용 가능 서비스 문의,보험료 결제 외에도 포인트를 사용할 수 있는 곳이 있나요? 확인 부탁드립니다.,포인트,사용,S003,포인트 사용처 문의,Y,Y,Y
VOC04183,안전운전 할인 적용 여부 문의,앱에는 할인 대상이라고 나오는데 실제 보험료에 적용됐는지 알고 싶습니다.,보험,할인,S007,보험료 할인 적용 문의,Y,Y,Y
VOC05992,회원 탈퇴를 요청합니다,더 이상 서비스를 이용하지 않아 회원 탈퇴를 진행하고 싶습니다.,회원,계정관리,S009,회원 탈퇴,Y,Y,Y
VOC05287,차량을 변경했습니다,차량번호 변경 후 주행 서비스 연결 방법을 문의드립니다.,차량,차량정보,S008,차량정보 변경,Y,Y,Y
VOC03123,새 비밀번호 등록 문의,비밀번호 변경 절차와 조건을 안내해주세요.,회원,계정관리,S005,비밀번호 재설정,Y,Y,Y
VOC03960,운전한 내역이 앱에 없습니다,운전을 완료했지만 최근 주행 목록에 추가되지 않았습니다.,주행,주행기록,S006,주행기록 미반영,Y,Y,Y
VOC00425,주행 후 포인트가 없습니다,지난 주행 건에 대한 포인트를 받지 못했습니다. 확인 부탁드립니다. 처리 방법을 안내해주세요.,포인트,적립,S001,주행 포인트 미적립,Y,Y,Y
VOC04060,주행점수 할인 확인 요청 빠른 확인 요청드립니다.,갱신 계약에 주행분석 할인 혜택이 반영되는지 문의드립니다.,보험,할인,S007,보험료 할인 적용 문의,Y,Y,Y
VOC00999,포인트가 아직 처리되지 않았어요,방금 운전한 기록은 보이는데 포인트는 처리 중으로 표시됩니다. 빠른 확인 요청드립니다.,포인트,적립,S002,주행 포인트 적립 지연,Y,Y,Y
VOC01025,포인트가 아직 처리되지 않았어요,[접수시간]에 주행을 종료했습니다. 포인트 반영 예정 시간을 알고 싶습니다.,포인트,적립,S002,주행 포인트 적립 지연,Y,Y,Y
VOC00838,포인트 적립 처리 중 문의,오늘 주행을 마쳤는데 포인트가 아직 반영되지 않았습니다. 보통 얼마나 걸리나요? 앱에서 확인이 어려워 문의드립니다.,포인트,적립,S002,주행 포인트 적립 지연,Y,Y,Y
VOC02609,계정 접속이 불가능합니다,로그인 버튼을 눌러도 화면이 그대로입니다. 빠른 확인 요청드립니다.,회원,로그인,S004,로그인 오류,Y,Y,Y
VOC08911,기존 전화번호 변경 문의 빠른 확인 요청드립니다.,휴대전화 번호를 바꿨는데 앱 회원정보에는 이전 번호가 표시됩니다. 처리 방법을 안내해주세요.,회원,회원정보,S014,휴대전화 번호 변경,Y,Y,Y
VOC02763,비밀번호 찾기 인증 오류 앱에서 확인이 어려워 문의드립니다.,새 비밀번호를 입력했지만 변경이 완료되지 않습니다.,회원,계정관리,S005,비밀번호 재설정,Y,Y,Y
VOC05360,회원 탈퇴를 요청합니다,더 이상 서비스를 이용하지 않아 회원 탈퇴를 진행하고 싶습니다.,회원,계정관리,S009,회원 탈퇴,Y,Y,Y
VOC00016,포인트가 누락된 것 같습니다,지난 주행 건에 대한 포인트를 받지 못했습니다. 확인 부탁드립니다. 빠른 확인 요청드립니다. 동일 현상이 반복되고 있습니다.,포인트,적립,S001,주행 포인트 미적립,Y,Y,Y
VOC03571,앱에서 운전 기록 확인 불가 관련 기준도 함께 알려주세요.,주행 종료 후에도 거리와 시간이 0으로 표시됩니다.,주행,주행기록,S006,주행기록 미반영,Y,Y,Y
VOC08486,계약정보가 다르게 표시됩니다,앱에 표시된 계약자명이 [이름]으로 되어 있는데 실제 정보와 다릅니다.,보험,계약정보,S013,계약정보 불일치,Y,Y,Y
VOC08193,계약 차량 정보 불일치,계약 기간과 보험료 정보가 가입 당시 안내와 다르게 표시됩니다.,보험,계약정보,S013,계약정보 불일치,Y,Y,Y
VOC05867,가입 정보 삭제 요청,계정과 저장된 개인정보를 삭제하는 절차를 안내 부탁드립니다. 필요한 확인 항목이 있다면 안내 부탁드립니다.,회원,계정관리,S009,회원 탈퇴,Y,Y,Y
VOC06852,앱 화면이 멈춥니다,업데이트 이후 첫 화면에서 멈추고 다음으로 넘어가지 않습니다.,앱,오류,S011,앱 실행 오류,Y,Y,Y
VOC02627,아이디 입력 후 접속 오류,[에러코드] 메시지가 표시되면서 앱에 접속할 수 없습니다. 관련 기준도 함께 알려주세요.,회원,로그인,S004,로그인 오류,Y,Y,Y
VOC04380,주행점수 할인 확인 요청 관련 기준도 함께 알려주세요.,현재 운전점수 기준으로 받을 수 있는 보험료 할인율이 궁금합니다.,보험,할인,S007,보험료 할인 적용 문의,Y,Y,Y
VOC03320,비밀번호를 재설정하고 싶습니다,본인 인증 후 비밀번호 재설정 화면으로 이동하지 않습니다. 처리 방법을 안내해주세요.,회원,계정관리,S005,비밀번호 재설정,Y,Y,Y
VOC05171,등록 차량 변경 요청 앱에서 확인이 어려워 문의드립니다.,보험 계약 차량은 변경됐는데 앱에는 이전 차량이 표시됩니다.,차량,차량정보,S008,차량정보 변경,Y,Y,Y
VOC06297,사용하지 않은 포인트가 차감됐어요 처리 방법을 안내해주세요.,사용한 적이 없는데 [포인트수량] 포인트가 차감된 것으로 표시됩니다.,포인트,차감,S010,포인트 오차감,Y,Y,Y
VOC05341,앱 회원 탈퇴 방법 문의 관련 기준도 함께 알려주세요.,계정과 저장된 개인정보를 삭제하는 절차를 알려주세요. 앱에서 확인이 어려워 문의드립니다.,회원,계정관리,S009,회원 탈퇴,Y,Y,Y
VOC05365,서비스 계정을 삭제하고 싶어요,회원 탈퇴 시 남은 포인트와 주행기록이 어떻게 처리되는지 확인하고 싶습니다. 필요한 확인 항목이 있다면 안내 부탁드립니다.,회원,계정관리,S009,회원 탈퇴,Y,Y,Y
VOC07052,서비스 실행 불가 문의,업데이트 이후 첫 화면에서 멈추고 다음으로 넘어가지 않습니다.,앱,오류,S011,앱 실행 오류,Y,Y,Y
VOC02847,비밀번호를 재설정하고 싶습니다 관련 기준도 함께 알려주세요.,비밀번호가 기억나지 않아 재설정하려고 합니다.,회원,계정관리,S005,비밀번호 재설정,Y,Y,Y
VOC02903,비밀번호를 재설정하고 싶습니다,비밀번호가 기억나지 않아 재설정하려고 합니다.,회원,계정관리,S005,비밀번호 재설정,Y,Y,Y
VOC08450,증권 정보 수정 문의,증권번호 [계약번호]의 차량정보가 현재 차량과 일치하지 않습니다.,보험,계약정보,S013,계약정보 불일치,Y,Y,Y
VOC08642,계약 차량 정보 불일치 관련 기준도 함께 알려주세요.,갱신한 계약이 앱에서 이전 계약으로 보입니다. 현재 화면에서 직접 수정할 수 없습니다.,보험,계약정보,S013,계약정보 불일치,Y,Y,Y
VOC09327,등록 연락처 수정 요청,기존 번호 [전화번호]에서 새 번호 [변경전화번호]로 변경하고 싶습니다.,회원,회원정보,S014,휴대전화 번호 변경,Y,Y,Y
VOC10000,어떤 주행이 포인트 대상인가요,짧은 거리 주행도 포인트 적립 대상인지 문의드립니다.,포인트,적립기준,S015,포인트 적립 기준 문의,Y,Y,Y
VOC01487,포인트 사용 가능 서비스 문의,포인트 사용 가능한 서비스와 제한 조건이 궁금합니다.,포인트,사용,S003,포인트 사용처 문의,Y,Y,Y
VOC07877,사고 접수 후 연락이 없습니다,사건번호 [사고접수번호]와 관련해 현재 처리 단계를 확인하고 싶습니다. 앱을 다시 실행해도 같은 상태입니다.,사고,처리현황,S012,사고 처리 진행 문의,Y,Y,Y
VOC06057,사용하지 않은 포인트가 차감됐어요,결제를 취소했는데 차감된 포인트가 복구되지 않았습니다.,포인트,차감,S010,포인트 오차감,Y,Y,Y
VOC05482,회원 탈퇴를 요청합니다,회원 탈퇴 시 남은 포인트와 주행기록이 어떻게 처리되는지 궁금합니다. 처리 방법을 안내해주세요.,회원,계정관리,S009,회원 탈퇴,Y,Y,Y
VOC05844,앱 회원 탈퇴 방법 문의,본인 인증 후 탈퇴가 완료되지 않아 확인 부탁드립니다.,회원,계정관리,S009,회원 탈퇴,Y,Y,Y
VOC04536,보험료 할인 혜택이 궁금합니다,앱에는 할인 대상이라고 나오는데 실제 보험료에 적용됐는지 알고 싶습니다. 확인 부탁드립니다.,보험,할인,S007,보험료 할인 적용 문의,Y,Y,Y
VOC05373,회원 탈퇴를 요청합니다,더 이상 서비스를 이용하지 않아 회원 탈퇴를 진행하고 싶습니다. 확인 부탁드립니다.,회원,계정관리,S009,회원 탈퇴,Y,Y,Y
VOC07862,사건번호 처리 상태 확인,사고 접수 이후 진행 상황 안내를 받지 못했습니다.,사고,처리현황,S012,사고 처리 진행 문의,Y,Y,Y
VOC04297,안전운전 할인 적용 여부 문의,증권번호 [증권번호] 계약에 안전운전 할인이 적용됐는지 확인하고 싶습니다.,보험,할인,S007,보험료 할인 적용 문의,Y,Y,Y
VOC00496,주행 후 포인트가 없습니다,지난 주행 건에 대한 포인트를 받지 못했습니다. 확인 부탁드립니다.,포인트,적립,S001,주행 포인트 미적립,Y,Y,Y
VOC09609,어떤 주행이 포인트 대상인가요,급가속이나 급감속 기록이 포인트 적립에 영향을 주나요?,포인트,적립기준,S015,포인트 적립 기준 문의,Y,Y,Y
VOC03483,주행 데이터가 반영되지 않았어요,차량은 정상적으로 운행했는데 주행 데이터가 수집되지 않은 것 같습니다.,주행,주행기록,S006,주행기록 미반영,Y,Y,Y
VOC02007,계속 로그인에 실패합니다,로그인 버튼을 눌러도 화면이 그대로입니다. 확인 부탁드립니다.,회원,로그인,S004,로그인 오류,Y,Y,Y
VOC07424,사고 처리 진행 상황 문의,제출한 서류가 정상적으로 접수됐는지 알고 싶습니다. 앱에서 확인이 어려워 문의드립니다.,사고,처리현황,S012,사고 처리 진행 문의,Y,Y,Y
VOC00521,주행 포인트가 적립되지 않았습니다,[출발지]-[도착지] 구간을 운전했는데 적립 내역이 확인되지 않습니다.,포인트,적립,S001,주행 포인트 미적립,Y,Y,Y
VOC01551,적립 포인트는 어디서 쓰나요 관련 기준도 함께 알려주세요.,앱에 [포인트수량] 포인트가 있는데 사용 가능한 항목을 확인하고 싶습니다.,포인트,사용,S003,포인트 사용처 문의,Y,Y,Y
VOC07144,앱 실행 중 오류가 발생합니다 확인 부탁드립니다.,앱을 실행하면 [오류코드] 오류가 표시되고 바로 종료됩니다.,앱,오류,S011,앱 실행 오류,Y,Y,Y
VOC03507,앱에서 운전 기록 확인 불가,운전을 완료했지만 최근 주행 목록에 추가되지 않았습니다.,주행,주행기록,S006,주행기록 미반영,Y,Y,Y
VOC06675,서비스 실행 불가 문의 관련 기준도 함께 알려주세요.,업데이트 이후 첫 화면에서 멈추고 다음으로 넘어가지 않습니다. 현재 화면에서 직접 수정할 수 없습니다.,앱,오류,S011,앱 실행 오류,Y,Y,Y
VOC00904,운전 후 포인트 반영 시간 문의,"포인트가 바로 들어오는지, 일정 시간이 필요한지 문의드립니다.",포인트,적립,S002,주행 포인트 적립 지연,Y,Y,Y
VOC03915,앱에서 운전 기록 확인 불가,[날짜]에 [출발지]에서 [도착지]까지 구간을 운전했는데 앱에서 기록이 보이지 않습니다.,주행,주행기록,S006,주행기록 미반영,Y,Y,Y
VOC05149,차량을 변경했습니다,차량을 교체해서 앱의 등록 정보를 수정하고 싶습니다.,차량,차량정보,S008,차량정보 변경,Y,Y,Y
VOC06182,포인트 잔액 오류,포인트 사용 이력과 실제 잔액이 맞지 않습니다.,포인트,차감,S010,포인트 오차감,Y,Y,Y
VOC09477,운전점수와 포인트 관계,포인트 지급 대상과 제외 조건을 자세히 안내해주세요.,포인트,적립기준,S015,포인트 적립 기준 문의,Y,Y,Y
VOC09525,주행 포인트 산정 방법 문의,급가속이나 급감속 기록이 포인트 적립에 영향을 주나요?,포인트,적립기준,S015,포인트 적립 기준 문의,Y,Y,Y
VOC05265,앱 차량정보 수정 문의 앱에서 확인이 어려워 문의드립니다.,보험 계약 차량은 변경됐는데 앱에는 이전 차량이 표시됩니다. 이전에 정상적으로 이용한 적이 있습니다.,차량,차량정보,S008,차량정보 변경,Y,Y,Y
VOC03293,비밀번호 찾기 인증 오류,비밀번호 변경 절차와 조건을 안내해주세요.,회원,계정관리,S005,비밀번호 재설정,Y,Y,Y
VOC05377,더 이상 서비스를 이용하지 않습니다,더 이상 서비스를 이용하지 않아 회원 탈퇴를 진행하고 싶습니다.,회원,계정관리,S009,회원 탈퇴,Y,Y,Y
VOC06491,잘못 차감된 포인트 문의,포인트 내역에 알 수 없는 차감 기록이 있습니다.,포인트,차감,S010,포인트 오차감,Y,Y,Y
VOC03266,비밀번호 변경이 정상적으로 처리되지 않습니다,새 비밀번호를 입력했지만 변경이 완료되지 않습니다.,회원,계정관리,S005,비밀번호 재설정,Y,Y,Y
VOC03966,최근 주행기록 누락 문의 관련 기준도 함께 알려주세요.,차량은 정상적으로 운행했는데 주행 데이터가 수집되지 않은 것 같습니다. 처리 방법을 안내해주세요.,주행,주행기록,S006,주행기록 미반영,Y,Y,Y
VOC07454,보상 처리 단계 문의 앱에서 확인이 어려워 문의드립니다.,사건번호 [사고접수번호]와 관련해 현재 처리 단계를 확인하고 싶습니다. 확인 부탁드립니다. 앱을 다시 실행해도 같은 상태입니다.,사고,처리현황,S012,사고 처리 진행 문의,Y,Y,Y
VOC01536,포인트를 사용할 수 있는 곳,보험료 결제 외에도 포인트를 사용할 수 있는 곳이 있나요?,포인트,사용,S003,포인트 사용처 문의,Y,Y,Y
VOC06656,포인트가 갑자기 줄었습니다,포인트 사용 이력과 실제 잔액이 맞지 않습니다.,포인트,차감,S010,포인트 오차감,Y,Y,Y
VOC01773,포인트를 사용할 수 있는 곳,앱에 [포인트수량] 포인트가 있는데 사용 가능한 항목을 확인하고 싶습니다. 현재 화면에서 직접 수정할 수 없습니다.,포인트,사용,S003,포인트 사용처 문의,Y,Y,Y
VOC07502,접수한 사고는 어떻게 진행되고 있나요,[주행일]에 접수한 사고의 담당자 배정 여부가 궁금합니다.,사고,처리현황,S012,사고 처리 진행 문의,Y,Y,Y
VOC04515,계약 할인 적용 상태 문의 확인 부탁드립니다.,앱에는 할인 대상이라고 나오는데 실제 보험료에 적용됐는지 알고 싶습니다.,보험,할인,S007,보험료 할인 적용 문의,Y,Y,Y
VOC07935,사고 처리 진행 상황 문의,사고 접수 이후 진행 상황 안내를 받지 못했습니다.,사고,처리현황,S012,사고 처리 진행 문의,Y,Y,Y
VOC00554,주행 후 포인트가 없습니다 처리 방법을 안내해주세요.,[날짜]에 주행을 완료했는데 포인트가 아직 적립되지 않았습니다. 확인 부탁드립니다.,포인트,적립,S001,주행 포인트 미적립,Y,Y,Y
VOC06902,업데이트 후 앱이 열리지 않아요,앱을 열면 흰 화면만 보이고 아무 기능도 사용할 수 없습니다.,앱,오류,S011,앱 실행 오류,Y,Y,Y
VOC08943,휴대전화 번호를 변경하고 싶습니다,번호 변경 후 로그인 인증 문자가 이전 번호로 발송됩니다. 빠른 확인 요청드립니다. 필요한 확인 항목이 있다면 안내 부탁드립니다.,회원,회원정보,S014,휴대전화 번호 변경,Y,Y,Y
VOC05749,회원 탈퇴를 요청합니다,더 이상 서비스를 이용하지 않아 회원 탈퇴를 진행하고 싶습니다. 관련 기준도 함께 알려주세요. 이전에 정상적으로 이용한 적이 있습니다.,회원,계정관리,S009,회원 탈퇴,Y,Y,Y
VOC01157,포인트 적립 처리 중 문의 빠른 확인 요청드립니다.,주행 후 몇 시간이 지났는데 아직 적립 대기 상태입니다.,포인트,적립,S002,주행 포인트 적립 지연,Y,Y,Y
VOC07880,사건번호 처리 상태 확인,사건번호 [사고접수번호]와 관련해 현재 처리 단계를 확인하고 싶습니다.,사고,처리현황,S012,사고 처리 진행 문의,Y,Y,Y
VOC03350,운전한 내역이 앱에 없습니다 처리 방법을 안내해주세요.,운전을 완료했지만 최근 주행 목록에 추가되지 않았습니다.,주행,주행기록,S006,주행기록 미반영,Y,Y,Y
VOC01834,포인트를 사용할 수 있는 곳,보험료 결제 외에도 포인트를 사용할 수 있는 곳이 있나요? 이전에 정상적으로 이용한 적이 있습니다.,포인트,사용,S003,포인트 사용처 문의,Y,Y,Y
VOC03883,최근 주행기록 누락 문의,[날짜]에 [주행구간] 구간을 운전했는데 앱에서 기록이 보이지 않습니다. 처리 방법을 안내해주세요.,주행,주행기록,S006,주행기록 미반영,Y,Y,Y
VOC07610,사고 처리 진행 상황 문의 앱에서 확인이 어려워 문의드립니다.,사고 접수 이후 진행 상황 안내를 받지 못했습니다.,사고,처리현황,S012,사고 처리 진행 문의,Y,Y,Y
VOC01981,적립 포인트는 어디서 쓰나요,현재 보유한 포인트를 어디에서 사용할 수 있는지 안내 부탁드립니다.,포인트,사용,S003,포인트 사용처 문의,Y,Y,Y
VOC04257,안전운전 할인 적용 여부 문의 확인 부탁드립니다.,안전운전 점수와 보험료 할인 적용 기준을 안내해주세요. 관련 기준도 함께 알려주세요.,보험,할인,S007,보험료 할인 적용 문의,Y,Y,Y
VOC07070,앱 실행 중 오류가 발생합니다,앱을 실행하면 [오류코드] 오류가 표시되고 바로 종료됩니다.,앱,오류,S011,앱 실행 오류,Y,Y,Y
VOC04960,차량을 변경했습니다,기존 차량을 삭제하고 새 차량을 등록하는 방법을 알려주세요.,차량,차량정보,S008,차량정보 변경,Y,Y,Y
VOC08838,등록 연락처 수정 요청 처리 방법을 안내해주세요.,기존 번호 [전화번호]에서 새 번호 [변경전화번호]로 변경하고 싶습니다. 처리 방법을 안내해주세요.,회원,회원정보,S014,휴대전화 번호 변경,Y,Y,Y
VOC00934,운전 후 포인트 반영 시간 문의,오늘 주행을 마쳤는데 포인트가 아직 반영되지 않았습니다. 보통 얼마나 걸리나요?,포인트,적립,S002,주행 포인트 적립 지연,Y,Y,Y
VOC03345,운전한 내역이 앱에 없습니다 관련 기준도 함께 알려주세요.,해당 시간대의 운전 내역이 누락되어 확인 요청드립니다.,주행,주행기록,S006,주행기록 미반영,Y,Y,Y
VOC07984,사고 처리 진행 상황 문의,보상 심사가 어느 단계까지 진행됐는지 확인 부탁드립니다.,사고,처리현황,S012,사고 처리 진행 문의,Y,Y,Y
VOC04560,계약 할인 적용 상태 문의,앱에는 할인 대상이라고 나오는데 실제 보험료에 적용됐는지 알고 싶습니다. 필요한 확인 항목이 있다면 안내 부탁드립니다.,보험,할인,S007,보험료 할인 적용 문의,Y,Y,Y
VOC07586,보상 처리 단계 문의,[접수일]에 접수한 사고의 담당자 배정 여부가 궁금합니다.,사고,처리현황,S012,사고 처리 진행 문의,Y,Y,Y
VOC01508,포인트 사용 가능 서비스 문의,현재 보유한 포인트를 어디에서 사용할 수 있는지 알려주세요. 빠른 확인 요청드립니다. 필요한 확인 항목이 있다면 안내 부탁드립니다.,포인트,사용,S003,포인트 사용처 문의,Y,Y,Y
VOC05995,앱 회원 탈퇴 방법 문의,더 이상 서비스를 이용하지 않아 회원 탈퇴를 진행하고 싶습니다. 관련 기준도 함께 알려주세요.,회원,계정관리,S009,회원 탈퇴,Y,Y,Y
VOC03274,비밀번호가 기억나지 않아요,비밀번호가 기억나지 않아 재설정하려고 합니다.,회원,계정관리,S005,비밀번호 재설정,Y,Y,Y
VOC08192,보험 계약자 정보 오류,앱에 표시된 계약자명이 [계약자명]으로 되어 있는데 실제 정보와 다릅니다.,보험,계약정보,S013,계약정보 불일치,Y,Y,Y
VOC08991,회원정보의 전화번호가 다릅니다,휴대전화 번호를 바꿨는데 앱 회원정보에는 이전 번호가 표시됩니다.,회원,회원정보,S014,휴대전화 번호 변경,Y,Y,Y
VOC06843,앱 화면이 멈춥니다,앱을 열면 흰 화면만 보이고 아무 기능도 사용할 수 없습니다.,앱,오류,S011,앱 실행 오류,Y,Y,Y
VOC00478,주행 포인트가 적립되지 않았습니다,주행 조건을 충족한 것으로 보이는데 포인트가 0으로 표시됩니다.,포인트,적립,S001,주행 포인트 미적립,Y,Y,Y
VOC08648,계약 차량 정보 불일치 확인 부탁드립니다.,갱신한 계약이 앱에서 이전 계약으로 보입니다.,보험,계약정보,S013,계약정보 불일치,Y,Y,Y
VOC01819,적립 포인트는 어디서 쓰나요 앱에서 확인이 어려워 문의드립니다.,현재 보유한 포인트를 어디에서 사용할 수 있는지 안내 부탁드립니다. 확인 부탁드립니다. 필요한 확인 항목이 있다면 안내 부탁드립니다.,포인트,사용,S003,포인트 사용처 문의,Y,Y,Y
VOC07688,보상 처리 단계 문의,[날짜]에 접수한 사고의 담당자 배정 여부가 궁금합니다.,사고,처리현황,S012,사고 처리 진행 문의,Y,Y,Y
VOC08565,앱의 계약 내용이 맞지 않아요,앱에 표시된 계약자명이 [계약자명]으로 되어 있는데 실제 정보와 다릅니다.,보험,계약정보,S013,계약정보 불일치,Y,Y,Y
VOC06699,앱 실행 중 오류가 발생합니다 관련 기준도 함께 알려주세요.,재설치 후에도 동일하게 앱이 강제 종료됩니다.,앱,오류,S011,앱 실행 오류,Y,Y,Y
VOC05453,더 이상 서비스를 이용하지 않습니다,계정과 저장된 개인정보를 삭제하는 절차를 알려주세요. 앱을 다시 실행해도 같은 상태입니다.,회원,계정관리,S009,회원 탈퇴,Y,Y,Y
VOC08007,보험 계약자 정보 오류,갱신한 계약이 앱에서 이전 계약으로 보입니다. 확인 부탁드립니다. 동일 현상이 반복되고 있습니다.,보험,계약정보,S013,계약정보 불일치,Y,Y,Y
VOC01768,적립 포인트는 어디서 쓰나요 빠른 확인 요청드립니다.,적립된 포인트의 사용처와 사용 절차를 안내 부탁드립니다.,포인트,사용,S003,포인트 사용처 문의,Y,Y,Y
VOC08272,증권 정보 수정 문의,증권번호 [계약번호]의 차량정보가 현재 차량과 일치하지 않습니다. 확인 부탁드립니다. 앱을 다시 실행해도 같은 상태입니다.,보험,계약정보,S013,계약정보 불일치,Y,Y,Y
VOC08429,앱의 계약 내용이 맞지 않아요 처리 방법을 안내해주세요.,계약 기간과 보험료 정보가 가입 당시 안내와 다르게 표시됩니다.,보험,계약정보,S013,계약정보 불일치,Y,Y,Y
VOC08682,회원정보의 전화번호가 다릅니다,새 번호로 본인 인증을 진행하는 방법을 알려주세요. 확인 부탁드립니다.,회원,회원정보,S014,휴대전화 번호 변경,Y,Y,Y
VOC06532,포인트 잔액 오류,결제를 취소했는데 차감된 포인트가 복구되지 않았습니다.,포인트,차감,S010,포인트 오차감,Y,Y,Y
VOC04521,보험료 할인 혜택이 궁금합니다 처리 방법을 안내해주세요.,앱에는 할인 대상이라고 나오는데 실제 보험료에 적용됐는지 알고 싶습니다.,보험,할인,S007,보험료 할인 적용 문의,Y,Y,Y
VOC09066,새 번호로 인증받고 싶어요,기존 번호 [전화번호]에서 새 번호 [새전화번호]로 변경하고 싶습니다.,회원,회원정보,S014,휴대전화 번호 변경,Y,Y,Y
VOC03392,운전한 내역이 앱에 없습니다 관련 기준도 함께 알려주세요.,[주행일]에 [출발지]-[도착지] 구간을 운전했는데 앱에서 기록이 보이지 않습니다.,주행,주행기록,S006,주행기록 미반영,Y,Y,Y
VOC03442,주행기록이 보이지 않습니다 앱에서 확인이 어려워 문의드립니다.,운전을 완료했지만 최근 주행 목록에 추가되지 않았습니다. 확인 부탁드립니다.,주행,주행기록,S006,주행기록 미반영,Y,Y,Y
VOC02976,비밀번호를 재설정하고 싶습니다,비밀번호가 기억나지 않아 재설정하려고 합니다. 처리 방법을 안내해주세요.,회원,계정관리,S005,비밀번호 재설정,Y,Y,Y
VOC08771,등록 연락처 수정 요청,등록된 연락처가 실제 사용하는 번호와 달라 수정 요청드립니다.,회원,회원정보,S014,휴대전화 번호 변경,Y,Y,Y
VOC09418,포인트 적립 기준이 궁금합니다 앱에서 확인이 어려워 문의드립니다.,급가속이나 급감속 기록이 포인트 적립에 영향을 주나요?,포인트,적립기준,S015,포인트 적립 기준 문의,Y,Y,Y
VOC05868,가입 정보 삭제 요청,더 이상 서비스를 이용하지 않아 회원 탈퇴를 진행하고 싶습니다. 이전에 정상적으로 이용한 적이 있습니다.,회원,계정관리,S009,회원 탈퇴,Y,Y,Y
VOC06616,포인트 잔액 오류,어제 확인한 잔액과 오늘 잔액이 달라서 문의드립니다.,포인트,차감,S010,포인트 오차감,Y,Y,Y
VOC02724,비밀번호가 기억나지 않아요,비밀번호 변경 절차와 조건을 안내해주세요.,회원,계정관리,S005,비밀번호 재설정,Y,Y,Y
VOC03324,비밀번호 찾기 인증 오류 앱에서 확인이 어려워 문의드립니다.,비밀번호 찾기 과정에서 [기존전화번호]로 인증번호가 오지 않습니다.,회원,계정관리,S005,비밀번호 재설정,Y,Y,Y
VOC06709,업데이트 후 앱이 열리지 않아요,앱을 실행하면 [에러코드] 오류가 표시되고 바로 종료됩니다.,앱,오류,S011,앱 실행 오류,Y,Y,Y
VOC08510,계약정보가 다르게 표시됩니다 처리 방법을 안내해주세요.,갱신한 계약이 앱에서 이전 계약으로 보입니다. 앱을 다시 실행해도 같은 상태입니다.,보험,계약정보,S013,계약정보 불일치,Y,Y,Y
VOC00201,운전했는데 포인트가 안 들어왔어요,주행 조건을 충족한 것으로 보이는데 포인트가 0으로 표시됩니다. 확인 부탁드립니다.,포인트,적립,S001,주행 포인트 미적립,Y,Y,Y
VOC09367,포인트 적립 기준이 확인하고 싶습니다,급가속이나 급감속 기록이 포인트 적립에 영향을 주나요?,포인트,적립기준,S015,포인트 적립 기준 문의,Y,Y,Y
VOC08713,회원정보의 전화번호가 다릅니다,새 번호로 본인 인증을 진행하는 방법을 알려주세요.,회원,회원정보,S014,휴대전화 번호 변경,Y,Y,Y
VOC03333,비밀번호 변경이 되지 않습니다,본인 인증 후 비밀번호 재설정 화면으로 이동하지 않습니다.,회원,계정관리,S005,비밀번호 재설정,Y,Y,Y
VOC09293,회원정보의 전화번호가 다릅니다 빠른 확인 요청드립니다.,휴대전화 번호를 바꿨는데 앱 회원정보에는 이전 번호가 표시됩니다. 앱에서 확인이 어려워 문의드립니다.,회원,회원정보,S014,휴대전화 번호 변경,Y,Y,Y
VOC09704,포인트 지급 조건 안내 요청,포인트를 받기 위한 최소 주행 조건이 궁금합니다.,포인트,적립기준,S015,포인트 적립 기준 문의,Y,Y,Y
VOC05819,가입 정보 삭제 요청,회원 탈퇴 시 남은 포인트와 주행기록이 어떻게 처리되는지 궁금합니다.,회원,계정관리,S009,회원 탈퇴,Y,Y,Y
VOC01769,포인트 사용처가 궁금합니다 앱에서 확인이 어려워 문의드립니다.,적립된 포인트의 사용처와 사용 절차를 안내 부탁드립니다.,포인트,사용,S003,포인트 사용처 문의,Y,Y,Y
VOC02395,아이디 입력 후 접속 오류,여러 번 시도했지만 인증 후 다시 로그인 화면으로 돌아옵니다.,회원,로그인,S004,로그인 오류,Y,Y,Y
VOC07626,사고 처리 진행 상황 문의,제출한 서류가 정상적으로 접수됐는지 알고 싶습니다.,사고,처리현황,S012,사고 처리 진행 문의,Y,Y,Y
VOC02402,앱 로그인이 정상적으로 처리되지 않습니다 빠른 확인 요청드립니다.,로그인 버튼을 눌러도 화면이 그대로입니다.,회원,로그인,S004,로그인 오류,Y,Y,Y
VOC09606,운전점수와 포인트 관계 빠른 확인 요청드립니다.,주행거리와 운전점수에 따라 포인트가 어떻게 산정되는지 알고 싶습니다. 빠른 확인 요청드립니다.,포인트,적립기준,S015,포인트 적립 기준 문의,Y,Y,Y
VOC09208,새 번호로 인증받고 싶어요,번호 변경 후 로그인 인증 문자가 이전 번호로 발송됩니다.,회원,회원정보,S014,휴대전화 번호 변경,Y,Y,Y
VOC03855,최근 주행기록 누락 문의 빠른 확인 요청드립니다.,해당 시간대의 운전 내역이 누락되어 확인 요청드립니다.,주행,주행기록,S006,주행기록 미반영,Y,Y,Y
VOC09129,등록 연락처 수정 요청,새 번호로 본인 인증을 진행하는 방법을 알려주세요. 현재 화면에서 직접 수정할 수 없습니다.,회원,회원정보,S014,휴대전화 번호 변경,Y,Y,Y
VOC00821,포인트가 아직 처리되지 않았어요,방금 운전한 기록은 보이는데 포인트는 처리 중으로 표시됩니다.,포인트,적립,S002,주행 포인트 적립 지연,Y,Y,Y
VOC07218,서비스 실행 불가 문의,업데이트 이후 첫 화면에서 멈추고 다음으로 넘어가지 않습니다.,앱,오류,S011,앱 실행 오류,Y,Y,Y
VOC04663,안전운전 할인 적용 여부 문의,안전운전 점수와 보험료 할인 적용 기준을 안내해주세요.,보험,할인,S007,보험료 할인 적용 문의,Y,Y,Y
VOC05929,더 이상 서비스를 이용하지 않습니다,회원 탈퇴 시 남은 포인트와 주행기록이 어떻게 처리되는지 궁금합니다. 빠른 확인 요청드립니다.,회원,계정관리,S009,회원 탈퇴,Y,Y,Y
VOC06565,포인트가 갑자기 줄었습니다 앱에서 확인이 어려워 문의드립니다.,어제 확인한 잔액과 오늘 잔액이 달라서 문의드립니다.,포인트,차감,S010,포인트 오차감,Y,Y,Y
VOC03779,주행 데이터가 반영되지 않았어요,[주행일]에 [주행구간] 구간을 운전했는데 앱에서 기록이 보이지 않습니다. 앱에서 확인이 어려워 문의드립니다.,주행,주행기록,S006,주행기록 미반영,Y,Y,Y
VOC07717,사고 처리 진행 상황 문의 관련 기준도 함께 알려주세요.,사건번호 [사건번호]와 관련해 현재 처리 단계를 확인하고 싶습니다. 처리 방법을 안내해주세요.,사고,처리현황,S012,사고 처리 진행 문의,Y,Y,Y
VOC04824,기존 차량 삭제 후 신규 등록,차량번호 변경 후 주행 서비스 연결 방법을 문의드립니다.,차량,차량정보,S008,차량정보 변경,Y,Y,Y
VOC05055,앱 차량정보 수정 문의,차량번호 변경 후 주행 서비스 연결 방법을 문의드립니다.,차량,차량정보,S008,차량정보 변경,Y,Y,Y
VOC06701,앱이 계속 종료됩니다,앱을 실행하면 [오류코드] 오류가 표시되고 바로 종료됩니다.,앱,오류,S011,앱 실행 오류,Y,Y,Y
VOC09570,어떤 주행이 포인트 대상인가요,포인트 지급 대상과 제외 조건을 자세히 안내해주세요.,포인트,적립기준,S015,포인트 적립 기준 문의,Y,Y,Y
VOC04794,등록 차량 변경 요청,기존 차량 [차량번호]에서 새 차량 [새차량번호]로 변경했습니다. 관련 기준도 함께 알려주세요.,차량,차량정보,S008,차량정보 변경,Y,Y,Y
VOC07439,보상 처리 단계 문의,사건번호 [사건번호]와 관련해 현재 처리 단계를 확인하고 싶습니다. 관련 기준도 함께 알려주세요.,사고,처리현황,S012,사고 처리 진행 문의,Y,Y,Y
VOC00222,주행 포인트 미적립 문의,[출발지]-[도착지] 구간을 운전했는데 적립 내역이 확인되지 않습니다. 처리 방법을 안내해주세요.,포인트,적립,S001,주행 포인트 미적립,Y,Y,Y
VOC01028,포인트 적립 처리 중 문의 빠른 확인 요청드립니다.,주행 후 몇 시간이 지났는데 아직 적립 대기 상태입니다. 필요한 확인 항목이 있다면 안내 부탁드립니다.,포인트,적립,S002,주행 포인트 적립 지연,Y,Y,Y
VOC04110,보험료 할인 혜택이 궁금합니다,앱에는 할인 대상이라고 나오는데 실제 보험료에 적용됐는지 알고 싶습니다.,보험,할인,S007,보험료 할인 적용 문의,Y,Y,Y
VOC05666,가입 정보 삭제 요청,더 이상 서비스를 이용하지 않아 회원 탈퇴를 진행하고 싶습니다.,회원,계정관리,S009,회원 탈퇴,Y,Y,Y
VOC03710,주행기록이 보이지 않습니다,운전을 완료했지만 최근 주행 목록에 추가되지 않았습니다. 동일 현상이 반복되고 있습니다.,주행,주행기록,S006,주행기록 미반영,Y,Y,Y
VOC07389,보상 처리 단계 문의 처리 방법을 안내해주세요.,제출한 서류가 정상적으로 접수됐는지 알고 싶습니다. 확인 부탁드립니다.,사고,처리현황,S012,사고 처리 진행 문의,Y,Y,Y
VOC08029,보험 계약자 정보 오류,보험 계약 정보 중 일부 항목이 잘못되어 수정 요청드립니다.,보험,계약정보,S013,계약정보 불일치,Y,Y,Y
VOC07986,사고 접수 후 연락이 없습니다 처리 방법을 안내해주세요.,제출한 서류가 정상적으로 접수됐는지 알고 싶습니다.,사고,처리현황,S012,사고 처리 진행 문의,Y,Y,Y
VOC04112,보험료 할인이 반영됐나요,앱에는 할인 대상이라고 나오는데 실제 보험료에 적용됐는지 알고 싶습니다. 관련 기준도 함께 알려주세요. 현재 화면에서 직접 수정할 수 없습니다.,보험,할인,S007,보험료 할인 적용 문의,Y,Y,Y
VOC08095,계약 차량 정보 불일치,갱신한 계약이 앱에서 이전 계약으로 보입니다.,보험,계약정보,S013,계약정보 불일치,Y,Y,Y
VOC09925,주행 포인트 산정 방법 문의,포인트를 받기 위한 최소 주행 조건이 궁금합니다. 처리 방법을 안내해주세요. 필요한 확인 항목이 있다면 안내 부탁드립니다.,포인트,적립기준,S015,포인트 적립 기준 문의,Y,Y,Y
VOC02548,계정 접속이 불가능합니다,로그인 버튼을 눌러도 화면이 그대로입니다.,회원,로그인,S004,로그인 오류,Y,Y,Y
VOC03057,비밀번호를 재설정하고 싶습니다,본인 인증 후 비밀번호 재설정 화면으로 이동하지 않습니다.,회원,계정관리,S005,비밀번호 재설정,Y,Y,Y
VOC09759,주행 포인트 산정 방법 문의,급가속이나 급감속 기록이 포인트 적립에 영향을 주나요?,포인트,적립기준,S015,포인트 적립 기준 문의,Y,Y,Y
VOC05745,서비스 계정을 삭제하고 싶어요,더 이상 서비스를 이용하지 않아 회원 탈퇴를 진행하고 싶습니다.,회원,계정관리,S009,회원 탈퇴,Y,Y,Y
VOC07444,사고 처리 진행 상황 문의,보상 심사가 어느 단계까지 진행됐는지 확인 부탁드립니다.,사고,처리현황,S012,사고 처리 진행 문의,Y,Y,Y
VOC07196,앱 실행 중 오류가 발생합니다,업데이트 이후 첫 화면에서 멈추고 다음으로 넘어가지 않습니다. 확인 부탁드립니다.,앱,오류,S011,앱 실행 오류,Y,Y,Y
VOC02890,비밀번호 변경이 되지 않습니다,비밀번호가 기억나지 않아 재설정하려고 합니다.,회원,계정관리,S005,비밀번호 재설정,Y,Y,Y
VOC02694,비밀번호를 재설정하고 싶습니다 빠른 확인 요청드립니다.,본인 인증 후 비밀번호 재설정 화면으로 이동하지 않습니다.,회원,계정관리,S005,비밀번호 재설정,Y,Y,Y
VOC04565,보험료 할인 혜택이 궁금합니다,앱에는 할인 대상이라고 나오는데 실제 보험료에 적용됐는지 알고 싶습니다. 현재 화면에서 직접 수정할 수 없습니다.,보험,할인,S007,보험료 할인 적용 문의,Y,Y,Y
VOC02445,계속 로그인에 실패합니다 확인 부탁드립니다.,기존에 사용하던 계정으로 접속되지 않아 문의드립니다.,회원,로그인,S004,로그인 오류,Y,Y,Y
VOC07968,사고 처리 진행 상황 문의 관련 기준도 함께 알려주세요.,[주행일]에 접수한 사고의 담당자 배정 여부가 궁금합니다. 처리 방법을 안내해주세요.,사고,처리현황,S012,사고 처리 진행 문의,Y,Y,Y
VOC07336,앱 실행 중 오류가 발생합니다,재설치 후에도 동일하게 앱이 강제 종료됩니다.,앱,오류,S011,앱 실행 오류,Y,Y,Y
VOC08176,앱의 계약 내용이 맞지 않아요 빠른 확인 요청드립니다.,갱신한 계약이 앱에서 이전 계약으로 보입니다. 빠른 확인 요청드립니다.,보험,계약정보,S013,계약정보 불일치,Y,Y,Y
VOC04601,안전운전 할인 적용 여부 문의,갱신 계약에 주행분석 할인 혜택이 반영되는지 문의드립니다.,보험,할인,S007,보험료 할인 적용 문의,Y,Y,Y
VOC06517,잘못 차감된 포인트 문의,포인트 내역에 알 수 없는 차감 기록이 있습니다. 앱에서 확인이 어려워 문의드립니다.,포인트,차감,S010,포인트 오차감,Y,Y,Y
VOC04846,앱 차량정보 수정 문의 빠른 확인 요청드립니다.,차량을 교체해서 앱의 등록 정보를 수정하고 싶습니다.,차량,차량정보,S008,차량정보 변경,Y,Y,Y
VOC06270,사용하지 않은 포인트가 차감됐어요,결제를 취소했는데 차감된 포인트가 복구되지 않았습니다. 필요한 확인 항목이 있다면 안내 부탁드립니다.,포인트,차감,S010,포인트 오차감,Y,Y,Y
VOC02670,비밀번호 변경이 안 됩니다 확인 부탁드립니다.,비밀번호 변경 절차와 조건을 안내해주세요.,회원,계정관리,S005,비밀번호 재설정,Y,Y,Y
VOC06321,포인트 차감 내역이 이상합니다,사용한 적이 없는데 [차감금액] 포인트가 차감된 것으로 표시됩니다.,포인트,차감,S010,포인트 오차감,Y,Y,Y
VOC03255,비밀번호가 기억나지 않아요,본인 인증 후 비밀번호 재설정 화면으로 이동하지 않습니다.,회원,계정관리,S005,비밀번호 재설정,Y,Y,Y
VOC09553,포인트 지급 조건 안내 요청,주행거리와 운전점수에 따라 포인트가 어떻게 산정되는지 알고 싶습니다.,포인트,적립기준,S015,포인트 적립 기준 문의,Y,Y,Y
VOC08744,회원정보의 전화번호가 다릅니다,휴대전화 번호를 바꿨는데 앱 회원정보에는 이전 번호가 표시됩니다. 동일 현상이 반복되고 있습니다.,회원,회원정보,S014,휴대전화 번호 변경,Y,Y,Y
VOC09255,휴대전화 번호를 변경하고 싶습니다,휴대전화 번호를 바꿨는데 앱 회원정보에는 이전 번호가 표시됩니다.,회원,회원정보,S014,휴대전화 번호 변경,Y,Y,Y
VOC06162,사용하지 않은 포인트가 차감됐어요,포인트 내역에 알 수 없는 차감 기록이 있습니다.,포인트,차감,S010,포인트 오차감,Y,Y,Y
VOC06445,포인트가 갑자기 줄었습니다,어제 확인한 잔액과 오늘 잔액이 달라서 문의드립니다.,포인트,차감,S010,포인트 오차감,Y,Y,Y
VOC07149,앱 실행 중 오류가 발생합니다,앱을 실행하면 [오류코드] 오류가 표시되고 바로 종료됩니다. 빠른 확인 요청드립니다.,앱,오류,S011,앱 실행 오류,Y,Y,Y
VOC09646,운전점수와 포인트 관계,짧은 거리 주행도 포인트 적립 대상인지 문의드립니다.,포인트,적립기준,S015,포인트 적립 기준 문의,Y,Y,Y
VOC06744,앱 실행 중 오류가 발생합니다,앱을 열면 흰 화면만 보이고 아무 기능도 사용할 수 없습니다. 처리 방법을 안내해주세요.,앱,오류,S011,앱 실행 오류,Y,Y,Y
VOC09324,휴대전화 번호를 변경하고 싶습니다,등록된 연락처가 실제 사용하는 번호와 달라 수정 요청드립니다.,회원,회원정보,S014,휴대전화 번호 변경,Y,Y,Y
VOC05025,차량을 변경했습니다 앱에서 확인이 어려워 문의드립니다.,기존 차량 [기존차량번호]에서 새 차량 [새차량번호]로 변경했습니다.,차량,차량정보,S008,차량정보 변경,Y,Y,Y
VOC07285,앱 실행 중 오류가 발생합니다,앱을 열면 흰 화면만 보이고 아무 기능도 사용할 수 없습니다.,앱,오류,S011,앱 실행 오류,Y,Y,Y
VOC08812,등록 연락처 수정 요청,등록된 연락처가 실제 사용하는 번호와 달라 수정 요청드립니다. 처리 방법을 안내해주세요. 이전에 정상적으로 이용한 적이 있습니다.,회원,회원정보,S014,휴대전화 번호 변경,Y,Y,Y
VOC09740,포인트 지급 조건 안내 요청,포인트 지급 대상과 제외 조건을 자세히 안내해주세요. 관련 기준도 함께 알려주세요.,포인트,적립기준,S015,포인트 적립 기준 문의,Y,Y,Y
VOC05093,차량을 변경했습니다,보험 계약 차량은 변경됐는데 앱에는 이전 차량이 표시됩니다.,차량,차량정보,S008,차량정보 변경,Y,Y,Y
VOC00133,운전했는데 포인트가 안 들어왔어요,[출발지]-[도착지] 구간을 운전했는데 적립 내역이 확인안 됩니다. 처리 방법을 안내해주세요.,포인트,적립,S001,주행 포인트 미적립,Y,Y,Y
VOC06467,포인트 차감 내역이 이상합니다,포인트 내역에 알 수 없는 차감 기록이 있습니다.,포인트,차감,S010,포인트 오차감,Y,Y,Y
VOC08908,회원정보의 전화번호가 다릅니다,휴대전화 번호를 바꿨는데 앱 회원정보에는 이전 번호가 표시됩니다. 빠른 확인 요청드립니다. 현재 화면에서 직접 수정할 수 없습니다.,회원,회원정보,S014,휴대전화 번호 변경,Y,Y,Y
VOC09703,어떤 주행이 포인트 대상인가요,짧은 거리 주행도 포인트 적립 대상인지 문의합니다.,포인트,적립기준,S015,포인트 적립 기준 문의,Y,Y,Y
VOC09492,포인트 적립 기준이 궁금합니다,주행거리와 운전점수에 따라 포인트가 어떻게 산정되는지 알고 싶습니다. 관련 기준도 함께 알려주세요.,포인트,적립기준,S015,포인트 적립 기준 문의,Y,Y,Y
VOC08994,등록 연락처 수정 요청,등록된 연락처가 실제 사용하는 번호와 달라 수정 요청드립니다.,회원,회원정보,S014,휴대전화 번호 변경,Y,Y,Y
VOC06900,서비스 실행 불가 문의,앱을 실행하면 [오류코드] 오류가 표시되고 바로 종료됩니다.,앱,오류,S011,앱 실행 오류,Y,Y,Y
VOC03159,비밀번호를 재설정하고 싶습니다,본인 인증 후 비밀번호 재설정 화면으로 이동하지 않습니다. 이전에 정상적으로 이용한 적이 있습니다.,회원,계정관리,S005,비밀번호 재설정,Y,Y,Y
VOC07048,업데이트 후 앱이 열리지 않아요,업데이트 이후 첫 화면에서 멈추고 다음으로 넘어가지 않습니다.,앱,오류,S011,앱 실행 오류,Y,Y,Y
VOC06198,잘못 차감된 포인트 문의,어제 확인한 잔액과 오늘 잔액이 달라서 문의드립니다. 필요한 확인 항목이 있다면 안내 부탁드립니다.,포인트,차감,S010,포인트 오차감,Y,Y,Y
VOC00612,운전했는데 포인트가 안 들어왔어요 관련 기준도 함께 알려주세요.,주행 조건을 충족한 것으로 보이는데 포인트가 0으로 표시됩니다. 동일 현상이 반복되고 있습니다.,포인트,적립,S001,주행 포인트 미적립,Y,Y,Y
VOC07203,서비스 실행 불가 문의 빠른 확인 요청드립니다.,앱을 실행하면 [에러코드] 오류가 표시되고 바로 종료됩니다.,앱,오류,S011,앱 실행 오류,Y,Y,Y
VOC07006,앱 화면이 멈춥니다,특정 메뉴에 들어가면 화면이 멈추는 현상이 반복됩니다. 동일 현상이 반복되고 있습니다.,앱,오류,S011,앱 실행 오류,Y,Y,Y
VOC02437,아이디 입력 후 접속 오류 처리 방법을 안내해주세요.,여러 번 시도했지만 인증 후 다시 로그인 화면으로 돌아옵니다.,회원,로그인,S004,로그인 오류,Y,Y,Y
VOC06959,앱 화면이 멈춥니다,업데이트 이후 첫 화면에서 멈추고 다음으로 넘어가지 않습니다.,앱,오류,S011,앱 실행 오류,Y,Y,Y
VOC07109,앱 화면이 멈춥니다,재설치 후에도 동일하게 앱이 강제 종료됩니다.,앱,오류,S011,앱 실행 오류,Y,Y,Y
VOC06157,포인트 차감 내역이 이상합니다 확인 부탁드립니다.,어제 확인한 잔액과 오늘 잔액이 달라서 문의드립니다. 확인 부탁드립니다.,포인트,차감,S010,포인트 오차감,Y,Y,Y
VOC01030,포인트 적립 처리 중 문의,오늘 주행을 마쳤는데 포인트가 아직 반영되지 않았습니다. 보통 얼마나 걸리나요?,포인트,적립,S002,주행 포인트 적립 지연,Y,Y,Y
VOC00266,주행 후 포인트가 없습니다 앱에서 확인이 어려워 문의드립니다.,운전 기록은 정상적으로 보이지만 포인트가 들어오지 않았습니다.,포인트,적립,S001,주행 포인트 미적립,Y,Y,Y
VOC05721,앱 회원 탈퇴 방법 문의,본인 인증 후 탈퇴가 완료되지 않아 확인 부탁드립니다. 빠른 확인 요청드립니다.,회원,계정관리,S009,회원 탈퇴,Y,Y,Y
VOC07184,업데이트 후 앱이 열리지 않아요 확인 부탁드립니다.,업데이트 이후 첫 화면에서 멈추고 다음으로 넘어가지 않습니다.,앱,오류,S011,앱 실행 오류,Y,Y,Y
VOC02304,로그인 화면에서 넘어가지 않아요,여러 번 시도했지만 인증 후 다시 로그인 화면으로 돌아옵니다.,회원,로그인,S004,로그인 오류,Y,Y,Y
VOC03990,주행 데이터가 반영되지 않았어요,해당 시간대의 운전 내역이 누락되어 확인 요청드립니다.,주행,주행기록,S006,주행기록 미반영,Y,Y,Y
VOC06384,잘못 차감된 포인트 문의,포인트 사용 이력과 실제 잔액이 맞지 않습니다.,포인트,차감,S010,포인트 오차감,Y,Y,Y
VOC09253,등록 연락처 수정 요청 앱에서 확인이 어려워 문의드립니다.,휴대전화 번호를 바꿨는데 앱 회원정보에는 이전 번호가 표시됩니다.,회원,회원정보,S014,휴대전화 번호 변경,Y,Y,Y
VOC04852,기존 차량 삭제 후 신규 등록,차량번호 변경 후 주행 서비스 연결 방법을 문의드립니다. 관련 기준도 함께 알려주세요.,차량,차량정보,S008,차량정보 변경,Y,Y,Y
VOC05637,서비스 계정을 삭제하고 싶어요,계정과 저장된 개인정보를 삭제하는 절차를 알려주세요. 현재 화면에서 직접 수정할 수 없습니다.,회원,계정관리,S009,회원 탈퇴,Y,Y,Y
VOC04672,차량을 변경했습니다,차량번호 변경 후 주행 서비스 연결 방법을 문의드립니다. 빠른 확인 요청드립니다.,차량,차량정보,S008,차량정보 변경,Y,Y,Y
VOC01811,포인트 사용처가 확인하고 싶습니다 처리 방법을 안내해주세요.,보험료 결제 외에도 포인트를 사용할 수 있는 곳이 있나요? 관련 기준도 함께 알려주세요.,포인트,사용,S003,포인트 사용처 문의,Y,Y,Y
VOC06066,잘못 차감된 포인트 문의,포인트 사용 이력과 실제 잔액이 맞지 않습니다. 필요한 확인 항목이 있다면 안내 부탁드립니다.,포인트,차감,S010,포인트 오차감,Y,Y,Y
VOC06358,포인트 잔액 오류,사용한 적이 없는데 [금액] 포인트가 차감된 것으로 표시됩니다.,포인트,차감,S010,포인트 오차감,Y,Y,Y
VOC05568,서비스 계정을 삭제하고 싶어요,더 이상 서비스를 이용하지 않아 회원 탈퇴를 진행하고 싶습니다.,회원,계정관리,S009,회원 탈퇴,Y,Y,Y
VOC07552,사건번호 처리 상태 확인,사건번호 [사건번호]와 관련해 현재 처리 단계를 확인하고 싶습니다. 확인 부탁드립니다.,사고,처리현황,S012,사고 처리 진행 문의,Y,Y,Y
VOC01839,보유 포인트 사용 방법 관련 기준도 함께 알려주세요.,포인트 사용 가능한 서비스와 제한 조건이 궁금합니다.,포인트,사용,S003,포인트 사용처 문의,Y,Y,Y
VOC04179,계약 할인 적용 상태 문의,앱에는 할인 대상이라고 나오는데 실제 보험료에 적용됐는지 알고 싶습니다. 앱에서 확인이 어려워 문의드립니다.,보험,할인,S007,보험료 할인 적용 문의,Y,Y,Y
VOC07029,업데이트 후 앱이 열리지 않아요,특정 메뉴에 들어가면 화면이 멈추는 현상이 반복됩니다. 확인 부탁드립니다.,앱,오류,S011,앱 실행 오류,Y,Y,Y
VOC06887,업데이트 후 앱이 열리지 않아요,재설치 후에도 동일하게 앱이 강제 종료됩니다. 앱에서 확인이 어려워 문의드립니다.,앱,오류,S011,앱 실행 오류,Y,Y,Y
VOC07361,사고 처리 진행 상황 문의,[접수일]에 접수한 사고의 담당자 배정 여부가 궁금합니다.,사고,처리현황,S012,사고 처리 진행 문의,Y,Y,Y
VOC00261,주행 포인트가 적립되지 않았습니다,운전 기록은 정상적으로 보이지만 포인트가 들어오지 않았습니다.,포인트,적립,S001,주행 포인트 미적립,Y,Y,Y
VOC03237,새 비밀번호 등록 문의 관련 기준도 함께 알려주세요.,본인 인증 후 비밀번호 재설정 화면으로 이동하지 않습니다. 빠른 확인 요청드립니다.,회원,계정관리,S005,비밀번호 재설정,Y,Y,Y
VOC08436,앱의 계약 내용이 맞지 않아요 처리 방법을 안내해주세요.,보험 계약 정보 중 일부 항목이 잘못되어 수정 요청드립니다. 앱에서 확인이 어려워 문의드립니다.,보험,계약정보,S013,계약정보 불일치,Y,Y,Y
VOC02090,계정 접속이 불가능합니다,[에러코드] 메시지가 표시되면서 앱에 접속할 수 없습니다. 처리 방법을 안내해주세요.,회원,로그인,S004,로그인 오류,Y,Y,Y
VOC07966,보상 처리 단계 문의,보상 심사가 어느 단계까지 진행됐는지 확인 부탁드립니다.,사고,처리현황,S012,사고 처리 진행 문의,Y,Y,Y
VOC06772,앱 실행 중 오류가 발생합니다,재설치 후에도 동일하게 앱이 강제 종료됩니다.,앱,오류,S011,앱 실행 오류,Y,Y,Y
VOC03029,새 비밀번호 등록 문의,비밀번호 변경 절차와 조건을 안내해주세요. 확인 부탁드립니다. 동일 현상이 반복되고 있습니다.,회원,계정관리,S005,비밀번호 재설정,Y,Y,Y
VOC02432,계속 로그인에 실패합니다 빠른 확인 요청드립니다.,기존에 사용하던 계정으로 접속되지 않아 문의드립니다.,회원,로그인,S004,로그인 오류,Y,Y,Y
VOC05308,앱 차량정보 수정 문의 처리 방법을 안내해주세요.,기존 차량을 삭제하고 새 차량을 등록하는 방법을 알려주세요. 현재 화면에서 직접 수정할 수 없습니다.,차량,차량정보,S008,차량정보 변경,Y,Y,Y
VOC02798,비밀번호가 기억나지 않아요 앱에서 확인이 어려워 문의드립니다.,본인 인증 후 비밀번호 재설정 화면으로 이동하지 않습니다.,회원,계정관리,S005,비밀번호 재설정,Y,Y,Y
VOC07556,접수한 사고는 어떻게 진행되고 있나요,제출한 서류가 정상적으로 접수됐는지 알고 싶습니다. 동일 현상이 반복되고 있습니다.,사고,처리현황,S012,사고 처리 진행 문의,Y,Y,Y
VOC09980,운전점수와 포인트 관계,포인트를 받기 위한 최소 주행 조건이 궁금합니다.,포인트,적립기준,S015,포인트 적립 기준 문의,Y,Y,Y
VOC02676,비밀번호 변경이 안 됩니다,비밀번호 변경 절차와 조건을 안내해주세요. 현재 화면에서 직접 수정할 수 없습니다.,회원,계정관리,S005,비밀번호 재설정,Y,Y,Y
VOC02600,계속 로그인에 실패합니다,[오류코드] 메시지가 표시되면서 앱에 접속할 수 없습니다. 현재 화면에서 직접 수정할 수 없습니다.,회원,로그인,S004,로그인 오류,Y,Y,Y
VOC00775,포인트가 아직 처리되지 않았어요 확인 부탁드립니다.,"포인트가 바로 들어오는지, 일정 시간이 필요한지 문의드립니다.",포인트,적립,S002,주행 포인트 적립 지연,Y,Y,Y
VOC09737,포인트 지급 조건 안내 요청,포인트 지급 대상과 제외 조건을 자세히 안내해주세요.,포인트,적립기준,S015,포인트 적립 기준 문의,Y,Y,Y
VOC01058,포인트 적립 처리 중 문의,"포인트가 바로 들어오는지, 일정 시간이 필요한지 문의드립니다. 관련 기준도 함께 알려주세요.",포인트,적립,S002,주행 포인트 적립 지연,Y,Y,Y
VOC03394,최근 주행기록 누락 문의,운전을 완료했지만 최근 주행 목록에 추가되지 않았습니다.,주행,주행기록,S006,주행기록 미반영,Y,Y,Y
VOC09671,주행 포인트 산정 방법 문의,급가속이나 급감속 기록이 포인트 적립에 영향을 주나요?,포인트,적립기준,S015,포인트 적립 기준 문의,Y,Y,Y
VOC01943,포인트 사용처가 궁금합니다,포인트 사용 가능한 서비스와 제한 조건이 확인하고 싶습니다.,포인트,사용,S003,포인트 사용처 문의,Y,Y,Y
VOC08581,보험 계약자 정보 오류,갱신한 계약이 앱에서 이전 계약으로 보입니다.,보험,계약정보,S013,계약정보 불일치,Y,Y,Y
VOC00976,포인트 반영이 늦어지고 있습니다,방금 운전한 기록은 보이는데 포인트는 처리 중으로 표시됩니다.,포인트,적립,S002,주행 포인트 적립 지연,Y,Y,Y
VOC09708,운전점수와 포인트 관계,포인트를 받기 위한 최소 주행 조건이 궁금합니다. 이전에 정상적으로 이용한 적이 있습니다.,포인트,적립기준,S015,포인트 적립 기준 문의,Y,Y,Y
VOC00601,주행 포인트가 적립되지 않았습니다,지난 주행 건에 대한 포인트를 받지 못했습니다. 확인 부탁드립니다.,포인트,적립,S001,주행 포인트 미적립,Y,Y,Y
VOC07881,접수한 사고는 어떻게 진행되고 있나요,보상 심사가 어느 단계까지 진행됐는지 확인 부탁드립니다.,사고,처리현황,S012,사고 처리 진행 문의,Y,Y,Y
VOC09226,기존 전화번호 변경 문의,번호 변경 후 로그인 인증 문자가 이전 번호로 발송됩니다.,회원,회원정보,S014,휴대전화 번호 변경,Y,Y,Y
VOC08233,증권 정보 수정 문의,계약 기간과 보험료 정보가 가입 당시 안내와 다르게 표시됩니다.,보험,계약정보,S013,계약정보 불일치,Y,Y,Y
VOC04264,주행점수 할인 확인 요청 관련 기준도 함께 알려주세요.,앱에는 할인 대상이라고 나오는데 실제 보험료에 적용됐는지 알고 싶습니다.,보험,할인,S007,보험료 할인 적용 문의,Y,Y,Y
VOC02974,비밀번호 찾기 인증 오류,비밀번호 찾기 과정에서 [기존전화번호]로 인증번호가 오지 않습니다. 필요한 확인 항목이 있다면 안내 부탁드립니다.,회원,계정관리,S005,비밀번호 재설정,Y,Y,Y
VOC07791,접수한 사고는 어떻게 진행되고 있나요 확인 부탁드립니다.,제출한 서류가 정상적으로 접수됐는지 알고 싶습니다. 관련 기준도 함께 알려주세요. 동일 현상이 반복되고 있습니다.,사고,처리현황,S012,사고 처리 진행 문의,Y,Y,Y
VOC09995,어떤 주행이 포인트 대상인가요 처리 방법을 안내해주세요.,포인트 지급 대상과 제외 조건을 자세히 안내해주세요.,포인트,적립기준,S015,포인트 적립 기준 문의,Y,Y,Y
VOC03065,비밀번호를 재설정하고 싶습니다 앱에서 확인이 어려워 문의드립니다.,비밀번호 찾기 과정에서 [전화번호]로 인증번호가 오지 않습니다.,회원,계정관리,S005,비밀번호 재설정,Y,Y,Y
VOC08777,등록 연락처 수정 요청,새 번호로 본인 인증을 진행하는 방법을 알려주세요.,회원,회원정보,S014,휴대전화 번호 변경,Y,Y,Y
VOC01110,주행 포인트는 언제 들어오나요,주행 후 몇 시간이 지났는데 아직 적립 대기 상태입니다.,포인트,적립,S002,주행 포인트 적립 지연,Y,Y,Y
VOC02757,비밀번호가 기억나지 않아요,비밀번호 변경 절차와 조건을 안내해주세요.,회원,계정관리,S005,비밀번호 재설정,Y,Y,Y
VOC00463,운전했는데 포인트가 안 들어왔어요 처리 방법을 안내해주세요.,[접수일]에 주행을 완료했는데 포인트가 아직 적립되지 않았습니다.,포인트,적립,S001,주행 포인트 미적립,Y,Y,Y
VOC00166,주행 포인트 미적립 문의,지난 주행 건에 대한 포인트를 받지 못했습니다. 확인 부탁드립니다.,포인트,적립,S001,주행 포인트 미적립,Y,Y,Y
VOC07723,사고 접수 후 연락이 없습니다,제출한 서류가 정상적으로 접수됐는지 알고 싶습니다.,사고,처리현황,S012,사고 처리 진행 문의,Y,Y,Y
VOC07600,보상 처리 단계 문의,보상 심사가 어느 단계까지 진행됐는지 확인 부탁드립니다.,사고,처리현황,S012,사고 처리 진행 문의,Y,Y,Y
VOC05072,기존 차량 삭제 후 신규 등록,차량을 교체해서 앱의 등록 정보를 수정하고 싶습니다.,차량,차량정보,S008,차량정보 변경,Y,Y,Y
VOC01905,적립 포인트는 어디서 쓰나요,현재 보유한 포인트를 어디에서 사용할 수 있는지 안내 부탁드립니다.,포인트,사용,S003,포인트 사용처 문의,Y,Y,Y
VOC03341,운전한 내역이 앱에 없습니다,[주행일]에 [주행구간] 구간을 운전했는데 앱에서 기록이 보이지 않습니다. 이전에 정상적으로 이용한 적이 있습니다.,주행,주행기록,S006,주행기록 미반영,Y,Y,Y
VOC07676,사건번호 처리 상태 확인,사건번호 [사고접수번호]와 관련해 현재 처리 단계를 확인하고 싶습니다. 동일 현상이 반복되고 있습니다.,사고,처리현황,S012,사고 처리 진행 문의,Y,Y,Y
VOC02742,새 비밀번호 등록 문의 빠른 확인 요청드립니다.,비밀번호 변경 절차와 조건을 안내해주세요.,회원,계정관리,S005,비밀번호 재설정,Y,Y,Y
VOC05251,새 차량으로 바꾸고 싶어요,기존 차량을 삭제하고 새 차량을 등록하는 방법을 알려주세요. 확인 부탁드립니다.,차량,차량정보,S008,차량정보 변경,Y,Y,Y
VOC04177,보험료 할인이 반영됐나요,증권번호 [계약번호] 계약에 안전운전 할인이 적용됐는지 확인하고 싶습니다. 이전에 정상적으로 이용한 적이 있습니다.,보험,할인,S007,보험료 할인 적용 문의,Y,Y,Y
VOC06636,사용하지 않은 포인트가 차감됐어요,어제 확인한 잔액과 오늘 잔액이 달라서 문의드립니다.,포인트,차감,S010,포인트 오차감,Y,Y,Y
VOC09875,포인트 지급 조건 안내 요청,짧은 거리 주행도 포인트 적립 대상인지 문의드립니다. 필요한 확인 항목이 있다면 안내 부탁드립니다.,포인트,적립기준,S015,포인트 적립 기준 문의,Y,Y,Y
VOC01911,포인트 사용처가 궁금합니다,포인트 사용 가능한 서비스와 제한 조건이 궁금합니다.,포인트,사용,S003,포인트 사용처 문의,Y,Y,Y
VOC04936,앱 차량정보 수정 문의 처리 방법을 안내해주세요.,차량을 교체해서 앱의 등록 정보를 수정하고 싶습니다.,차량,차량정보,S008,차량정보 변경,Y,Y,Y
VOC09750,주행 포인트 산정 방법 문의,포인트 지급 대상과 제외 조건을 자세히 안내해주세요.,포인트,적립기준,S015,포인트 적립 기준 문의,Y,Y,Y
VOC05931,앱 회원 탈퇴 방법 문의 확인 부탁드립니다.,계정과 저장된 개인정보를 삭제하는 절차를 알려주세요.,회원,계정관리,S009,회원 탈퇴,Y,Y,Y
VOC04496,보험료 할인 혜택이 궁금합니다,현재 운전점수 기준으로 받을 수 있는 보험료 할인율이 궁금합니다.,보험,할인,S007,보험료 할인 적용 문의,Y,Y,Y
VOC09667,어떤 주행이 포인트 대상인가요 앱에서 확인이 어려워 문의드립니다.,주행거리와 운전점수에 따라 포인트가 어떻게 산정되는지 알고 싶습니다.,포인트,적립기준,S015,포인트 적립 기준 문의,Y,Y,Y
VOC01906,적립 포인트는 어디서 쓰나요,보험료 결제 외에도 포인트를 사용할 수 있는 곳이 있나요? 빠른 확인 요청드립니다.,포인트,사용,S003,포인트 사용처 문의,Y,Y,Y
VOC06090,포인트가 갑자기 줄었습니다,사용한 적이 없는데 [포인트수량] 포인트가 차감된 것으로 표시됩니다.,포인트,차감,S010,포인트 오차감,Y,Y,Y
VOC04955,새 차량으로 바꾸고 싶어요,기존 차량 [기존차량번호]에서 새 차량 [변경차량번호]로 변경했습니다.,차량,차량정보,S008,차량정보 변경,Y,Y,Y
VOC03241,비밀번호를 재설정하고 싶습니다,비밀번호 변경 절차와 조건을 안내해주세요.,회원,계정관리,S005,비밀번호 재설정,Y,Y,Y
VOC01650,포인트를 사용할 수 있는 곳,현재 보유한 포인트를 어디에서 사용할 수 있는지 알려주세요.,포인트,사용,S003,포인트 사용처 문의,Y,Y,Y
VOC03223,비밀번호를 재설정하고 싶습니다,새 비밀번호를 입력했지만 변경이 완료되지 않습니다.,회원,계정관리,S005,비밀번호 재설정,Y,Y,Y
VOC02842,비밀번호 변경이 안 됩니다,본인 인증 후 비밀번호 재설정 화면으로 이동하지 않습니다.,회원,계정관리,S005,비밀번호 재설정,Y,Y,Y
VOC09782,포인트 적립 기준이 궁금합니다 관련 기준도 함께 알려주세요.,주행거리와 운전점수에 따라 포인트가 어떻게 산정되는지 알고 싶습니다.,포인트,적립기준,S015,포인트 적립 기준 문의,Y,Y,Y
VOC05349,가입 정보 삭제 요청 빠른 확인 요청드립니다.,더 이상 서비스를 이용하지 않아 회원 탈퇴를 진행하고 싶습니다.,회원,계정관리,S009,회원 탈퇴,Y,Y,Y
VOC01961,포인트 사용 가능 서비스 문의,포인트 사용 가능한 서비스와 제한 조건이 궁금합니다.,포인트,사용,S003,포인트 사용처 문의,Y,Y,Y
VOC03411,최근 주행기록 누락 문의 확인 부탁드립니다.,차량은 정상적으로 운행했는데 주행 데이터가 수집되지 않은 것 같습니다. 앱을 다시 실행해도 같은 상태입니다.,주행,주행기록,S006,주행기록 미반영,Y,Y,Y
VOC09670,어떤 주행이 포인트 대상인가요 빠른 확인 요청드립니다.,주행거리와 운전점수에 따라 포인트가 어떻게 산정되는지 알고 싶습니다.,포인트,적립기준,S015,포인트 적립 기준 문의,Y,Y,Y
VOC03115,비밀번호 변경이 되지 않습니다,비밀번호 찾기 과정에서 [전화번호]로 인증번호가 오지 않습니다. 필요한 확인 항목이 있다면 안내 부탁드립니다.,회원,계정관리,S005,비밀번호 재설정,Y,Y,Y
VOC09350,주행 포인트 산정 방법 문의,주행거리와 운전점수에 따라 포인트가 어떻게 산정되는지 알고 싶습니다.,포인트,적립기준,S015,포인트 적립 기준 문의,Y,Y,Y
VOC09588,포인트 적립 기준이 궁금합니다,짧은 거리 주행도 포인트 적립 대상인지 문의드립니다. 앱에서 확인이 어려워 문의드립니다. 필요한 확인 항목이 있다면 안내 부탁드립니다.,포인트,적립기준,S015,포인트 적립 기준 문의,Y,Y,Y
VOC00890,포인트가 아직 처리되지 않았어요,오늘 주행을 마쳤는데 포인트가 아직 반영되지 않았습니다. 보통 얼마나 걸리나요?,포인트,적립,S002,주행 포인트 적립 지연,Y,Y,Y
VOC06014,포인트가 갑자기 줄었습니다,포인트 내역에 알 수 없는 차감 기록이 있습니다. 빠른 확인 요청드립니다.,포인트,차감,S010,포인트 오차감,Y,Y,Y
VOC01158,포인트가 아직 처리되지 않았어요,주행 후 몇 시간이 지났는데 아직 적립 대기 상태입니다.,포인트,적립,S002,주행 포인트 적립 지연,Y,Y,Y
VOC08377,계약정보가 다르게 표시됩니다,계약 기간과 보험료 정보가 가입 당시 안내와 다르게 표시됩니다.,보험,계약정보,S013,계약정보 불일치,Y,Y,Y
VOC02255,계정 접속이 불가능합니다,아이디와 비밀번호를 입력해도 로그인 오류가 발생합니다. 필요한 확인 항목이 있다면 안내 부탁드립니다.,회원,로그인,S004,로그인 오류,Y,Y,Y
VOC08409,보험 계약자 정보 오류 빠른 확인 요청드립니다.,앱에 표시된 계약자명이 [이름]으로 되어 있는데 실제 정보와 다릅니다. 처리 방법을 안내해주세요. 필요한 확인 항목이 있다면 안내 부탁드립니다.,보험,계약정보,S013,계약정보 불일치,Y,Y,Y
VOC02714,비밀번호를 재설정하고 싶습니다,새 비밀번호를 입력했지만 변경이 완료되지 않습니다.,회원,계정관리,S005,비밀번호 재설정,Y,Y,Y
VOC07810,사건번호 처리 상태 확인,보상 심사가 어느 단계까지 진행됐는지 확인 부탁드립니다.,사고,처리현황,S012,사고 처리 진행 문의,Y,Y,Y
VOC05305,앱 차량정보 수정 문의,기존 차량을 삭제하고 새 차량을 등록하는 방법을 알려주세요.,차량,차량정보,S008,차량정보 변경,Y,Y,Y
VOC06249,포인트 잔액 오류,사용한 적이 없는데 [포인트수량] 포인트가 차감된 것으로 표시됩니다. 관련 기준도 함께 알려주세요.,포인트,차감,S010,포인트 오차감,Y,Y,Y
VOC05781,가입 정보 삭제 요청,더 이상 서비스를 이용하지 않아 회원 탈퇴를 진행하고 싶습니다.,회원,계정관리,S009,회원 탈퇴,Y,Y,Y
VOC02364,로그인 화면에서 넘어가지 않아요,로그인 버튼을 눌러도 화면이 그대로입니다. 처리 방법을 안내해주세요.,회원,로그인,S004,로그인 오류,Y,Y,Y
VOC06187,포인트가 갑자기 줄었습니다,사용한 적이 없는데 [금액] 포인트가 차감된 것으로 표시됩니다.,포인트,차감,S010,포인트 오차감,Y,Y,Y
VOC01977,포인트 사용 가능 서비스 문의,앱에 [포인트수량] 포인트가 있는데 사용 가능한 항목을 확인하고 싶습니다. 동일 현상이 반복되고 있습니다.,포인트,사용,S003,포인트 사용처 문의,Y,Y,Y
VOC07270,앱이 계속 종료됩니다 빠른 확인 요청드립니다.,앱을 열면 흰 화면만 보이고 아무 기능도 사용할 수 없습니다. 동일 현상이 반복되고 있습니다.,앱,오류,S011,앱 실행 오류,Y,Y,Y
VOC05779,서비스 계정을 삭제하고 싶어요,회원 탈퇴 시 남은 포인트와 주행기록이 어떻게 처리되는지 궁금합니다.,회원,계정관리,S009,회원 탈퇴,Y,Y,Y
VOC05061,앱 차량정보 수정 문의,보험 계약 차량은 변경됐는데 앱에는 이전 차량이 표시됩니다. 필요한 확인 항목이 있다면 안내 부탁드립니다.,차량,차량정보,S008,차량정보 변경,Y,Y,Y
VOC05256,차량을 변경했습니다,보험 계약 차량은 변경됐는데 앱에는 이전 차량이 표시됩니다.,차량,차량정보,S008,차량정보 변경,Y,Y,Y
VOC04071,계약 할인 적용 상태 문의,현재 운전점수 기준으로 받을 수 있는 보험료 할인율이 궁금합니다. 관련 기준도 함께 알려주세요.,보험,할인,S007,보험료 할인 적용 문의,Y,Y,Y
VOC00940,포인트 반영이 늦어지고 있습니다,[시간]에 주행을 종료했습니다. 포인트 반영 예정 시간을 알고 싶습니다.,포인트,적립,S002,주행 포인트 적립 지연,Y,Y,Y
VOC08979,등록 연락처 수정 요청,등록된 연락처가 실제 사용하는 번호와 달라 수정 요청드립니다. 빠른 확인 요청드립니다.,회원,회원정보,S014,휴대전화 번호 변경,Y,Y,Y
VOC09928,주행 포인트 산정 방법 문의 처리 방법을 안내해주세요.,짧은 거리 주행도 포인트 적립 대상인지 문의드립니다.,포인트,적립기준,S015,포인트 적립 기준 문의,Y,Y,Y
VOC06506,포인트가 갑자기 줄었습니다,사용한 적이 없는데 [금액] 포인트가 차감된 것으로 표시됩니다.,포인트,차감,S010,포인트 오차감,Y,Y,Y
VOC01617,보유 포인트 사용 방법,앱에 [차감금액] 포인트가 있는데 사용 가능한 항목을 확인하고 싶습니다.,포인트,사용,S003,포인트 사용처 문의,Y,Y,Y
VOC02576,아이디 입력 후 접속 오류,기존에 사용하던 계정으로 접속되지 않아 문의합니다. 앱에서 확인이 어려워 문의드립니다.,회원,로그인,S004,로그인 오류,Y,Y,Y
VOC05065,새 차량으로 바꾸고 싶어요,기존 차량을 삭제하고 새 차량을 등록하는 방법을 알려주세요. 빠른 확인 요청드립니다.,차량,차량정보,S008,차량정보 변경,Y,Y,Y
VOC09739,주행 포인트 산정 방법 문의,포인트 지급 대상과 제외 조건을 자세히 안내해주세요.,포인트,적립기준,S015,포인트 적립 기준 문의,Y,Y,Y
VOC03354,최근 주행기록 누락 문의,해당 시간대의 운전 내역이 누락되어 확인 요청드립니다.,주행,주행기록,S006,주행기록 미반영,Y,Y,Y
VOC07875,사고 접수 후 연락이 없습니다,사고 접수 이후 진행 상황 안내를 받지 못했습니다. 이전에 정상적으로 이용한 적이 있습니다.,사고,처리현황,S012,사고 처리 진행 문의,Y,Y,Y
VOC00686,포인트가 아직 처리되지 않았어요 빠른 확인 요청드립니다.,오늘 주행을 마쳤는데 포인트가 아직 반영되지 않았습니다. 보통 얼마나 걸리나요? 관련 기준도 함께 알려주세요.,포인트,적립,S002,주행 포인트 적립 지연,Y,Y,Y
VOC02746,비밀번호 찾기 인증 오류,새 비밀번호를 입력했지만 변경이 완료되지 않습니다. 확인 부탁드립니다.,회원,계정관리,S005,비밀번호 재설정,Y,Y,Y
VOC05533,가입 정보 삭제 요청,회원 탈퇴 시 남은 포인트와 주행기록이 어떻게 처리되는지 궁금합니다.,회원,계정관리,S009,회원 탈퇴,Y,Y,Y
VOC08762,기존 전화번호 변경 문의,등록된 연락처가 실제 사용하는 번호와 달라 수정 요청드립니다.,회원,회원정보,S014,휴대전화 번호 변경,Y,Y,Y
VOC05109,차량을 변경했습니다,기존 차량을 삭제하고 새 차량을 등록하는 방법을 안내 부탁드립니다. 필요한 확인 항목이 있다면 안내 부탁드립니다.,차량,차량정보,S008,차량정보 변경,Y,Y,Y
VOC04817,앱 차량정보 수정 문의 확인 부탁드립니다.,차량을 교체해서 앱의 등록 정보를 수정하고 싶습니다.,차량,차량정보,S008,차량정보 변경,Y,Y,Y
VOC07204,앱 실행 중 오류가 발생합니다 관련 기준도 함께 알려주세요.,앱을 실행하면 [오류코드] 오류가 표시되고 바로 종료됩니다.,앱,오류,S011,앱 실행 오류,Y,Y,Y
VOC03097,비밀번호를 재설정하고 싶습니다,비밀번호 변경 절차와 조건을 안내해주세요.,회원,계정관리,S005,비밀번호 재설정,Y,Y,Y
VOC07575,사고 처리 진행 상황 문의,사건번호 [사고접수번호]와 관련해 현재 처리 단계를 확인하고 싶습니다.,사고,처리현황,S012,사고 처리 진행 문의,Y,Y,Y
VOC04661,안전운전 할인 적용 여부 문의 앱에서 확인이 어려워 문의드립니다.,앱에는 할인 대상이라고 나오는데 실제 보험료에 적용됐는지 알고 싶습니다.,보험,할인,S007,보험료 할인 적용 문의,Y,Y,Y
VOC01114,주행 포인트는 언제 들어오나요,방금 운전한 기록은 보이는데 포인트는 처리 중으로 표시됩니다. 처리 방법을 안내해주세요.,포인트,적립,S002,주행 포인트 적립 지연,Y,Y,Y
VOC09512,포인트 지급 조건 안내 요청,주행거리와 운전점수에 따라 포인트가 어떻게 산정되는지 알고 싶습니다.,포인트,적립기준,S015,포인트 적립 기준 문의,Y,Y,Y
VOC03933,앱에서 운전 기록 확인 불가,차량은 정상적으로 운행했는데 주행 데이터가 수집되지 않은 것 같습니다.,주행,주행기록,S006,주행기록 미반영,Y,Y,Y
VOC08987,등록 연락처 수정 요청 확인 부탁드립니다.,새 번호로 본인 인증을 진행하는 방법을 알려주세요. 필요한 확인 항목이 있다면 안내 부탁드립니다.,회원,회원정보,S014,휴대전화 번호 변경,Y,Y,Y
VOC08774,새 번호로 인증받고 싶어요,번호 변경 후 로그인 인증 문자가 이전 번호로 발송됩니다.,회원,회원정보,S014,휴대전화 번호 변경,Y,Y,Y
VOC00283,운전했는데 포인트가 안 들어왔어요,주행 조건을 충족한 것으로 보이는데 포인트가 0으로 표시됩니다.,포인트,적립,S001,주행 포인트 미적립,Y,Y,Y
VOC00451,주행 포인트 미적립 문의,주행 조건을 충족한 것으로 보이는데 포인트가 0으로 표시됩니다. 앱을 다시 실행해도 같은 상태입니다.,포인트,적립,S001,주행 포인트 미적립,Y,Y,Y
VOC03032,새 비밀번호 등록 문의,새 비밀번호를 입력했지만 변경이 완료되지 않습니다.,회원,계정관리,S005,비밀번호 재설정,Y,Y,Y
VOC07706,사고 처리 진행 상황 문의,사고 접수 이후 진행 상황 안내를 받지 못했습니다.,사고,처리현황,S012,사고 처리 진행 문의,Y,Y,Y
VOC05906,앱 회원 탈퇴 방법 문의,계정과 저장된 개인정보를 삭제하는 절차를 알려주세요. 관련 기준도 함께 알려주세요.,회원,계정관리,S009,회원 탈퇴,Y,Y,Y
VOC02516,계속 로그인에 실패합니다,기존에 사용하던 계정으로 접속되지 않아 문의드립니다.,회원,로그인,S004,로그인 오류,Y,Y,Y
VOC01294,포인트 적립 처리 중 문의 처리 방법을 안내해주세요.,[접수시간]에 주행을 종료했습니다. 포인트 반영 예정 시간을 알고 싶습니다. 확인 부탁드립니다.,포인트,적립,S002,주행 포인트 적립 지연,Y,Y,Y
VOC03167,비밀번호 변경이 되지 않습니다,비밀번호가 기억나지 않아 재설정하려고 합니다.,회원,계정관리,S005,비밀번호 재설정,Y,Y,Y
VOC03273,비밀번호를 재설정하고 싶습니다,비밀번호 변경 절차와 조건을 안내해주세요.,회원,계정관리,S005,비밀번호 재설정,Y,Y,Y
VOC08491,앱의 계약 내용이 맞지 않아요 관련 기준도 함께 알려주세요.,계약 기간과 보험료 정보가 가입 당시 안내와 다르게 표시됩니다.,보험,계약정보,S013,계약정보 불일치,Y,Y,Y
VOC03840,주행 데이터가 반영되지 않았어요 앱에서 확인이 어려워 문의드립니다.,운전을 완료했지만 최근 주행 목록에 추가되지 않았습니다. 앱에서 확인이 어려워 문의드립니다.,주행,주행기록,S006,주행기록 미반영,Y,Y,Y
VOC09153,기존 전화번호 변경 문의,등록된 연락처가 실제 사용하는 번호와 달라 수정 요청드립니다. 앱에서 확인이 어려워 문의드립니다.,회원,회원정보,S014,휴대전화 번호 변경,Y,Y,Y
VOC07455,보상 처리 단계 문의,사건번호 [사건번호]와 관련해 현재 처리 단계를 확인하고 싶습니다.,사고,처리현황,S012,사고 처리 진행 문의,Y,Y,Y
VOC00727,포인트가 아직 처리되지 않았어요 확인 부탁드립니다.,[주행종료시간]에 주행을 종료했습니다. 포인트 반영 예정 시간을 알고 싶습니다. 이전에 정상적으로 이용한 적이 있습니다.,포인트,적립,S002,주행 포인트 적립 지연,Y,Y,Y
VOC01001,포인트가 아직 처리되지 않았어요,방금 운전한 기록은 보이는데 포인트는 처리 중으로 표시됩니다.,포인트,적립,S002,주행 포인트 적립 지연,Y,Y,Y
VOC06796,서비스 실행 불가 문의,앱을 실행하면 [오류코드] 오류가 표시되고 바로 종료됩니다.,앱,오류,S011,앱 실행 오류,Y,Y,Y
VOC02469,계정 접속이 불가능합니다 앱에서 확인이 어려워 문의드립니다.,아이디와 비밀번호를 입력해도 로그인 오류가 발생합니다.,회원,로그인,S004,로그인 오류,Y,Y,Y
VOC06206,사용하지 않은 포인트가 차감됐어요,결제를 취소했는데 차감된 포인트가 복구되지 않았습니다. 현재 화면에서 직접 수정할 수 없습니다.,포인트,차감,S010,포인트 오차감,Y,Y,Y
VOC03719,주행 데이터가 반영되지 않았어요 앱에서 확인이 어려워 문의드립니다.,주행 종료 후에도 거리와 시간이 0으로 표시됩니다.,주행,주행기록,S006,주행기록 미반영,Y,Y,Y
VOC01475,적립 포인트는 어디서 쓰나요,포인트 사용 가능한 서비스와 제한 조건이 궁금합니다.,포인트,사용,S003,포인트 사용처 문의,Y,Y,Y
VOC01378,적립 포인트는 어디서 쓰나요,보험료 결제 외에도 포인트를 사용할 수 있는 곳이 있나요? 빠른 확인 요청드립니다.,포인트,사용,S003,포인트 사용처 문의,Y,Y,Y
VOC09947,주행 포인트 산정 방법 문의 확인 부탁드립니다.,포인트를 받기 위한 최소 주행 조건이 궁금합니다. 관련 기준도 함께 알려주세요.,포인트,적립기준,S015,포인트 적립 기준 문의,Y,Y,Y
VOC02439,앱 로그인이 되지 않습니다 처리 방법을 안내해주세요.,[에러코드] 메시지가 표시되면서 앱에 접속할 수 없습니다. 앱을 다시 실행해도 같은 상태입니다.,회원,로그인,S004,로그인 오류,Y,Y,Y
VOC02346,계정 접속이 불가능합니다 확인 부탁드립니다.,[에러코드] 메시지가 표시되면서 앱에 접속할 수 없습니다. 관련 기준도 함께 알려주세요. 필요한 확인 항목이 있다면 안내 부탁드립니다.,회원,로그인,S004,로그인 오류,Y,Y,Y
VOC04234,보험료 할인이 반영됐나요,앱에는 할인 대상이라고 나오는데 실제 보험료에 적용됐는지 알고 싶습니다.,보험,할인,S007,보험료 할인 적용 문의,Y,Y,Y
VOC09260,등록 연락처 수정 요청 빠른 확인 요청드립니다.,새 번호로 본인 인증을 진행하는 방법을 알려주세요. 동일 현상이 반복되고 있습니다.,회원,회원정보,S014,휴대전화 번호 변경,Y,Y,Y
VOC03166,비밀번호 변경이 되지 않습니다,본인 인증 후 비밀번호 재설정 화면으로 이동하지 않습니다.,회원,계정관리,S005,비밀번호 재설정,Y,Y,Y
VOC08122,앱의 계약 내용이 맞지 않아요,앱에 표시된 계약자명이 [계약자명]으로 되어 있는데 실제 정보와 다릅니다. 현재 화면에서 직접 수정할 수 없습니다.,보험,계약정보,S013,계약정보 불일치,Y,Y,Y
VOC05737,회원 탈퇴를 요청합니다 앱에서 확인이 어려워 문의드립니다.,앱에서 탈퇴 메뉴를 찾을 수 없어 문의합니다.,회원,계정관리,S009,회원 탈퇴,Y,Y,Y
VOC06537,포인트가 갑자기 줄었습니다 앱에서 확인이 어려워 문의드립니다.,결제를 취소했는데 차감된 포인트가 복구되지 않았습니다.,포인트,차감,S010,포인트 오차감,Y,Y,Y
VOC09610,운전점수와 포인트 관계,짧은 거리 주행도 포인트 적립 대상인지 문의합니다. 앱을 다시 실행해도 같은 상태입니다.,포인트,적립기준,S015,포인트 적립 기준 문의,Y,Y,Y
VOC04153,주행점수 할인 확인 요청,현재 운전점수 기준으로 받을 수 있는 보험료 할인율이 확인하고 싶습니다.,보험,할인,S007,보험료 할인 적용 문의,Y,Y,Y
VOC06246,잘못 차감된 포인트 문의,포인트 내역에 알 수 없는 차감 기록이 있습니다.,포인트,차감,S010,포인트 오차감,Y,Y,Y
VOC07990,사고 처리 진행 상황 문의,제출한 서류가 정상적으로 접수됐는지 알고 싶습니다. 앱에서 확인이 어려워 문의드립니다.,사고,처리현황,S012,사고 처리 진행 문의,Y,Y,Y
VOC06621,포인트가 갑자기 줄었습니다,결제를 취소했는데 차감된 포인트가 복구되지 않았습니다.,포인트,차감,S010,포인트 오차감,Y,Y,Y
VOC08758,기존 전화번호 변경 문의 빠른 확인 요청드립니다.,기존 번호 [기존전화번호]에서 새 번호 [변경전화번호]로 변경하고 싶습니다. 앱에서 확인이 어려워 문의드립니다. 앱을 다시 실행해도 같은 상태입니다.,회원,회원정보,S014,휴대전화 번호 변경,Y,Y,Y
VOC09868,포인트 지급 조건 안내 요청,포인트 지급 대상과 제외 조건을 자세히 안내해주세요. 관련 기준도 함께 알려주세요.,포인트,적립기준,S015,포인트 적립 기준 문의,Y,Y,Y
VOC03930,최근 주행기록 누락 문의,차량은 정상적으로 운행했는데 주행 데이터가 수집되지 않은 것 같습니다. 관련 기준도 함께 알려주세요.,주행,주행기록,S006,주행기록 미반영,Y,Y,Y
VOC02362,아이디 입력 후 접속 오류,기존에 사용하던 계정으로 접속되지 않아 문의드립니다.,회원,로그인,S004,로그인 오류,Y,Y,Y
VOC00160,운전했는데 포인트가 안 들어왔어요,주행 조건을 충족한 것으로 보이는데 포인트가 0으로 표시됩니다.,포인트,적립,S001,주행 포인트 미적립,Y,Y,Y
VOC03099,새 비밀번호 등록 문의,비밀번호 찾기 과정에서 [전화번호]로 인증번호가 오지 않습니다.,회원,계정관리,S005,비밀번호 재설정,Y,Y,Y
VOC04075,안전운전 할인 적용 여부 문의,앱에는 할인 대상이라고 나오는데 실제 보험료에 적용됐는지 알고 싶습니다. 확인 부탁드립니다.,보험,할인,S007,보험료 할인 적용 문의,Y,Y,Y
VOC03690,운전한 내역이 앱에 없습니다,운전을 완료했지만 최근 주행 목록에 추가되지 않았습니다. 확인 부탁드립니다.,주행,주행기록,S006,주행기록 미반영,Y,Y,Y
VOC07651,보상 처리 단계 문의,보상 심사가 어느 단계까지 진행됐는지 확인 부탁드립니다.,사고,처리현황,S012,사고 처리 진행 문의,Y,Y,Y
VOC08788,등록 연락처 수정 요청,번호 변경 후 로그인 인증 문자가 이전 번호로 발송됩니다.,회원,회원정보,S014,휴대전화 번호 변경,Y,Y,Y
VOC04103,안전운전 할인 적용 여부 문의 앱에서 확인이 어려워 문의드립니다.,현재 운전점수 기준으로 받을 수 있는 보험료 할인율이 궁금합니다.,보험,할인,S007,보험료 할인 적용 문의,Y,Y,Y
VOC03253,새 비밀번호 등록 문의,새 비밀번호를 입력했지만 변경이 완료되지 않습니다.,회원,계정관리,S005,비밀번호 재설정,Y,Y,Y
VOC04826,차량을 변경했습니다,차량을 교체해서 앱의 등록 정보를 수정하고 싶습니다.,차량,차량정보,S008,차량정보 변경,Y,Y,Y
VOC01738,포인트 사용처가 궁금합니다,앱에 [금액] 포인트가 있는데 사용 가능한 항목을 확인하고 싶습니다. 이전에 정상적으로 이용한 적이 있습니다.,포인트,사용,S003,포인트 사용처 문의,Y,Y,Y
VOC06215,포인트 잔액 오류 빠른 확인 요청드립니다.,포인트 내역에 알 수 없는 차감 기록이 있습니다.,포인트,차감,S010,포인트 오차감,Y,Y,Y
VOC09148,새 번호로 인증받고 싶어요 처리 방법을 안내해주세요.,등록된 연락처가 실제 사용하는 번호와 달라 수정 요청드립니다.,회원,회원정보,S014,휴대전화 번호 변경,Y,Y,Y
VOC07911,사고 처리 진행 상황 문의,사건번호 [사고접수번호]와 관련해 현재 처리 단계를 확인하고 싶습니다.,사고,처리현황,S012,사고 처리 진행 문의,Y,Y,Y
VOC01608,적립 포인트는 어디서 쓰나요,앱에 [금액] 포인트가 있는데 사용 가능한 항목을 확인하고 싶습니다.,포인트,사용,S003,포인트 사용처 문의,Y,Y,Y
VOC05612,서비스 계정을 삭제하고 싶어요,더 이상 서비스를 이용하지 않아 회원 탈퇴를 진행하고 싶습니다. 확인 부탁드립니다.,회원,계정관리,S009,회원 탈퇴,Y,Y,Y
VOC05304,기존 차량 삭제 후 신규 등록 빠른 확인 요청드립니다.,기존 차량을 삭제하고 새 차량을 등록하는 방법을 알려주세요. 확인 부탁드립니다.,차량,차량정보,S008,차량정보 변경,Y,Y,Y
VOC08222,앱의 계약 내용이 맞지 않아요 관련 기준도 함께 알려주세요.,앱에 표시된 계약자명이 [이름]으로 되어 있는데 실제 정보와 다릅니다. 앱을 다시 실행해도 같은 상태입니다.,보험,계약정보,S013,계약정보 불일치,Y,Y,Y
VOC00861,운전 후 포인트 반영 시간 문의 앱에서 확인이 어려워 문의드립니다.,"포인트가 바로 들어오는지, 일정 시간이 필요한지 문의드립니다.",포인트,적립,S002,주행 포인트 적립 지연,Y,Y,Y
VOC01480,포인트 사용처가 궁금합니다,포인트 사용 가능한 서비스와 제한 조건이 궁금합니다.,포인트,사용,S003,포인트 사용처 문의,Y,Y,Y
VOC02573,아이디 입력 후 접속 오류,로그인 버튼을 눌러도 화면이 그대로입니다.,회원,로그인,S004,로그인 오류,Y,Y,Y
VOC01054,포인트가 아직 처리되지 않았어요 관련 기준도 함께 알려주세요.,오늘 주행을 마쳤는데 포인트가 아직 반영되지 않았습니다. 보통 얼마나 걸리나요?,포인트,적립,S002,주행 포인트 적립 지연,Y,Y,Y
VOC06516,포인트 잔액 오류,포인트 사용 이력과 실제 잔액이 맞지 않습니다.,포인트,차감,S010,포인트 오차감,Y,Y,Y
VOC02334,계속 로그인에 실패합니다,로그인 버튼을 눌러도 화면이 그대로입니다. 동일 현상이 반복되고 있습니다.,회원,로그인,S004,로그인 오류,Y,Y,Y
VOC09382,포인트 적립 기준이 궁금합니다 빠른 확인 요청드립니다.,포인트를 받기 위한 최소 주행 조건이 궁금합니다. 처리 방법을 안내해주세요. 현재 화면에서 직접 수정할 수 없습니다.,포인트,적립기준,S015,포인트 적립 기준 문의,Y,Y,Y
VOC09701,주행 포인트 산정 방법 문의,주행거리와 운전점수에 따라 포인트가 어떻게 산정되는지 알고 싶습니다. 관련 기준도 함께 알려주세요.,포인트,적립기준,S015,포인트 적립 기준 문의,Y,Y,Y
VOC06834,업데이트 후 앱이 열리지 않아요,재설치 후에도 동일하게 앱이 강제 종료됩니다. 현재 화면에서 직접 수정할 수 없습니다.,앱,오류,S011,앱 실행 오류,Y,Y,Y
VOC02651,아이디 입력 후 접속 오류,아이디와 비밀번호를 입력해도 로그인 오류가 발생합니다.,회원,로그인,S004,로그인 오류,Y,Y,Y
VOC04798,기존 차량 삭제 후 신규 등록,차량을 교체해서 앱의 등록 정보를 수정하고 싶습니다.,차량,차량정보,S008,차량정보 변경,Y,Y,Y
VOC08616,계약 차량 정보 불일치 앱에서 확인이 어려워 문의드립니다.,보험 계약 정보 중 일부 항목이 잘못되어 수정 요청드립니다. 현재 화면에서 직접 수정할 수 없습니다.,보험,계약정보,S013,계약정보 불일치,Y,Y,Y
VOC08969,기존 전화번호 변경 문의 앱에서 확인이 어려워 문의드립니다.,휴대전화 번호를 바꿨는데 앱 회원정보에는 이전 번호가 표시됩니다. 현재 화면에서 직접 수정할 수 없습니다.,회원,회원정보,S014,휴대전화 번호 변경,Y,Y,Y
VOC00602,주행 후 포인트가 없습니다,[출발지]-[도착지] 구간을 운전했는데 적립 내역이 확인되지 않습니다. 관련 기준도 함께 알려주세요. 앱을 다시 실행해도 같은 상태입니다.,포인트,적립,S001,주행 포인트 미적립,Y,Y,Y
VOC07155,앱이 계속 종료됩니다,앱을 열면 흰 화면만 보이고 아무 기능도 사용할 수 없습니다.,앱,오류,S011,앱 실행 오류,Y,Y,Y
VOC03497,앱에서 운전 기록 확인 불가,차량은 정상적으로 운행했는데 주행 데이터가 수집되지 않은 것 같습니다.,주행,주행기록,S006,주행기록 미반영,Y,Y,Y
VOC00204,주행 후 포인트가 없습니다,[출발지]에서 [도착지]까지 구간을 운전했는데 적립 내역이 확인되지 않습니다.,포인트,적립,S001,주행 포인트 미적립,Y,Y,Y
VOC07971,보상 처리 단계 문의 앱에서 확인이 어려워 문의드립니다.,[주행일]에 접수한 사고의 담당자 배정 여부가 궁금합니다. 앱에서 확인이 어려워 문의드립니다.,사고,처리현황,S012,사고 처리 진행 문의,Y,Y,Y
VOC04801,새 차량으로 바꾸고 싶어요,보험 계약 차량은 변경됐는데 앱에는 이전 차량이 표시됩니다. 처리 방법을 안내해주세요.,차량,차량정보,S008,차량정보 변경,Y,Y,Y
VOC06191,포인트 잔액 오류,어제 확인한 잔액과 오늘 잔액이 달라서 문의드립니다. 관련 기준도 함께 알려주세요.,포인트,차감,S010,포인트 오차감,Y,Y,Y
VOC05678,더 이상 서비스를 이용하지 않습니다 관련 기준도 함께 알려주세요.,회원 탈퇴 시 남은 포인트와 주행기록이 어떻게 처리되는지 궁금합니다. 확인 부탁드립니다.,회원,계정관리,S009,회원 탈퇴,Y,Y,Y
VOC00273,주행 포인트 미적립 문의 관련 기준도 함께 알려주세요.,[주행구간] 구간을 운전했는데 적립 내역이 확인정상적으로 처리되지 않습니다.,포인트,적립,S001,주행 포인트 미적립,Y,Y,Y
VOC07125,업데이트 후 앱이 열리지 않아요 처리 방법을 안내해주세요.,특정 메뉴에 들어가면 화면이 멈추는 현상이 반복됩니다.,앱,오류,S011,앱 실행 오류,Y,Y,Y
VOC00725,포인트 반영이 늦어지고 있습니다,방금 운전한 기록은 보이는데 포인트는 처리 중으로 표시됩니다. 처리 방법을 안내해주세요.,포인트,적립,S002,주행 포인트 적립 지연,Y,Y,Y
VOC05971,앱 회원 탈퇴 방법 문의,더 이상 서비스를 이용하지 않아 회원 탈퇴를 진행하고 싶습니다. 빠른 확인 요청드립니다.,회원,계정관리,S009,회원 탈퇴,Y,Y,Y
VOC07261,앱 실행 중 오류가 발생합니다,업데이트 이후 첫 화면에서 멈추고 다음으로 넘어가지 않습니다. 관련 기준도 함께 알려주세요. 앱을 다시 실행해도 같은 상태입니다.,앱,오류,S011,앱 실행 오류,Y,Y,Y
VOC09257,등록 연락처 수정 요청,기존 번호 [전화번호]에서 새 번호 [새전화번호]로 변경하고 싶습니다.,회원,회원정보,S014,휴대전화 번호 변경,Y,Y,Y
VOC05030,차량을 변경했습니다,차량번호 변경 후 주행 서비스 연결 방법을 문의드립니다.,차량,차량정보,S008,차량정보 변경,Y,Y,Y
VOC08914,등록 연락처 수정 요청 빠른 확인 요청드립니다.,등록된 연락처가 실제 사용하는 번호와 달라 수정 요청드립니다.,회원,회원정보,S014,휴대전화 번호 변경,Y,Y,Y
VOC09318,새 번호로 인증받고 싶어요,휴대전화 번호를 바꿨는데 앱 회원정보에는 이전 번호가 표시됩니다. 확인 부탁드립니다.,회원,회원정보,S014,휴대전화 번호 변경,Y,Y,Y
VOC08032,앱의 계약 내용이 맞지 않아요,앱에 표시된 계약자명이 [이름]으로 되어 있는데 실제 정보와 다릅니다. 확인 부탁드립니다. 이전에 정상적으로 이용한 적이 있습니다.,보험,계약정보,S013,계약정보 불일치,Y,Y,Y
VOC05766,서비스 계정을 삭제하고 싶어요 빠른 확인 요청드립니다.,계정과 저장된 개인정보를 삭제하는 절차를 알려주세요.,회원,계정관리,S009,회원 탈퇴,Y,Y,Y
VOC02599,로그인 화면에서 넘어가지 않아요,아이디와 비밀번호를 입력해도 로그인 오류가 발생합니다.,회원,로그인,S004,로그인 오류,Y,Y,Y
VOC06049,잘못 차감된 포인트 문의,포인트 사용 이력과 실제 잔액이 맞지 않습니다.,포인트,차감,S010,포인트 오차감,Y,Y,Y
VOC09338,포인트 지급 조건 안내 요청,포인트 지급 대상과 제외 조건을 자세히 안내해주세요. 앱을 다시 실행해도 같은 상태입니다.,포인트,적립기준,S015,포인트 적립 기준 문의,Y,Y,Y
VOC08474,계약정보가 다르게 표시됩니다,갱신한 계약이 앱에서 이전 계약으로 보입니다.,보험,계약정보,S013,계약정보 불일치,Y,Y,Y
VOC03415,최근 주행기록 누락 문의,해당 시간대의 운전 내역이 누락되어 확인 요청드립니다.,주행,주행기록,S006,주행기록 미반영,Y,Y,Y
VOC08886,새 번호로 인증받고 싶어요,휴대전화 번호를 바꿨는데 앱 회원정보에는 이전 번호가 표시됩니다.,회원,회원정보,S014,휴대전화 번호 변경,Y,Y,Y
VOC05148,기존 차량 삭제 후 신규 등록,기존 차량을 삭제하고 새 차량을 등록하는 방법을 알려주세요.,차량,차량정보,S008,차량정보 변경,Y,Y,Y
VOC08530,계약 차량 정보 불일치,계약 기간과 보험료 정보가 가입 당시 안내와 다르게 표시됩니다.,보험,계약정보,S013,계약정보 불일치,Y,Y,Y
VOC03062,비밀번호를 재설정하고 싶습니다 처리 방법을 안내해주세요.,새 비밀번호를 입력했지만 변경이 완료안 됩니다.,회원,계정관리,S005,비밀번호 재설정,Y,Y,Y
VOC06569,포인트 잔액 오류 처리 방법을 안내해주세요.,어제 확인한 잔액과 오늘 잔액이 달라서 문의드립니다.,포인트,차감,S010,포인트 오차감,Y,Y,Y
VOC01980,포인트 사용처가 궁금합니다,적립된 포인트의 사용처와 사용 절차를 안내 부탁드립니다.,포인트,사용,S003,포인트 사용처 문의,Y,Y,Y
VOC05923,가입 정보 삭제 요청,더 이상 서비스를 이용하지 않아 회원 탈퇴를 진행하고 싶습니다. 이전에 정상적으로 이용한 적이 있습니다.,회원,계정관리,S009,회원 탈퇴,Y,Y,Y
VOC08472,증권 정보 수정 문의,증권번호 [계약번호]의 차량정보가 현재 차량과 일치하지 않습니다. 관련 기준도 함께 알려주세요.,보험,계약정보,S013,계약정보 불일치,Y,Y,Y
VOC04720,기존 차량 삭제 후 신규 등록,기존 차량을 삭제하고 새 차량을 등록하는 방법을 확인 부탁드립니다.,차량,차량정보,S008,차량정보 변경,Y,Y,Y
VOC06130,사용하지 않은 포인트가 차감됐어요,결제를 취소했는데 차감된 포인트가 복구되지 않았습니다. 필요한 확인 항목이 있다면 안내 부탁드립니다.,포인트,차감,S010,포인트 오차감,Y,Y,Y
VOC01631,적립 포인트는 어디서 쓰나요,적립된 포인트의 사용처와 사용 절차를 안내 부탁드립니다. 확인 부탁드립니다.,포인트,사용,S003,포인트 사용처 문의,Y,Y,Y
VOC02368,로그인 화면에서 넘어가지 않아요 관련 기준도 함께 알려주세요.,[오류코드] 메시지가 표시되면서 앱에 접속할 수 없습니다. 이전에 정상적으로 이용한 적이 있습니다.,회원,로그인,S004,로그인 오류,Y,Y,Y
VOC03505,주행기록이 보이지 않습니다,[주행일]에 [출발지]에서 [도착지]까지 구간을 운전했는데 앱에서 기록이 보이지 않습니다. 빠른 확인 요청드립니다.,주행,주행기록,S006,주행기록 미반영,Y,Y,Y
VOC00147,주행 포인트 미적립 문의,주행 조건을 충족한 것으로 보이는데 포인트가 0으로 표시됩니다.,포인트,적립,S001,주행 포인트 미적립,Y,Y,Y
VOC07075,앱이 계속 종료됩니다,앱을 열면 흰 화면만 보이고 아무 기능도 사용할 수 없습니다. 앱에서 확인이 어려워 문의드립니다. 이전에 정상적으로 이용한 적이 있습니다.,앱,오류,S011,앱 실행 오류,Y,Y,Y
VOC06159,사용하지 않은 포인트가 차감됐어요,어제 확인한 잔액과 오늘 잔액이 달라서 문의드립니다. 동일 현상이 반복되고 있습니다.,포인트,차감,S010,포인트 오차감,Y,Y,Y
VOC01392,포인트를 사용할 수 있는 곳 처리 방법을 안내해주세요.,포인트 사용 가능한 서비스와 제한 조건이 궁금합니다. 확인 부탁드립니다.,포인트,사용,S003,포인트 사용처 문의,Y,Y,Y
VOC09004,휴대전화 번호를 변경하고 싶습니다,기존 번호 [전화번호]에서 새 번호 [변경전화번호]로 변경하고 싶습니다.,회원,회원정보,S014,휴대전화 번호 변경,Y,Y,Y
VOC01086,포인트 적립 처리 중 문의,주행 후 몇 시간이 지났는데 아직 적립 대기 상태입니다.,포인트,적립,S002,주행 포인트 적립 지연,Y,Y,Y
VOC09601,주행 포인트 산정 방법 문의,포인트 지급 대상과 제외 조건을 자세히 안내해주세요. 앱에서 확인이 어려워 문의드립니다.,포인트,적립기준,S015,포인트 적립 기준 문의,Y,Y,Y
VOC09268,회원정보의 전화번호가 다릅니다 앱에서 확인이 어려워 문의드립니다.,새 번호로 본인 인증을 진행하는 방법을 알려주세요.,회원,회원정보,S014,휴대전화 번호 변경,Y,Y,Y
VOC08720,등록 연락처 수정 요청,번호 변경 후 로그인 인증 문자가 이전 번호로 발송됩니다.,회원,회원정보,S014,휴대전화 번호 변경,Y,Y,Y
VOC08787,회원정보의 전화번호가 다릅니다,새 번호로 본인 인증을 진행하는 방법을 알려주세요.,회원,회원정보,S014,휴대전화 번호 변경,Y,Y,Y
VOC01946,적립 포인트는 어디서 쓰나요,보험료 결제 외에도 포인트를 사용할 수 있는 곳이 있나요?,포인트,사용,S003,포인트 사용처 문의,Y,Y,Y
VOC07954,사건번호 처리 상태 확인,보상 심사가 어느 단계까지 진행됐는지 확인 부탁드립니다.,사고,처리현황,S012,사고 처리 진행 문의,Y,Y,Y
VOC03680,운전한 내역이 앱에 없습니다 빠른 확인 요청드립니다.,차량은 정상적으로 운행했는데 주행 데이터가 수집되지 않은 것 같습니다.,주행,주행기록,S006,주행기록 미반영,Y,Y,Y
VOC05407,서비스 계정을 삭제하고 싶어요,회원 탈퇴 시 남은 포인트와 주행기록이 어떻게 처리되는지 확인하고 싶습니다.,회원,계정관리,S009,회원 탈퇴,Y,Y,Y
VOC02653,로그인 화면에서 넘어가지 않아요,여러 번 시도했지만 인증 후 다시 로그인 화면으로 돌아옵니다.,회원,로그인,S004,로그인 오류,Y,Y,Y
VOC07907,사고 처리 진행 상황 문의 앱에서 확인이 어려워 문의드립니다.,보상 심사가 어느 단계까지 진행됐는지 확인 부탁드립니다. 확인 부탁드립니다.,사고,처리현황,S012,사고 처리 진행 문의,Y,Y,Y
VOC03103,비밀번호 찾기 인증 오류,비밀번호가 기억나지 않아 재설정하려고 합니다. 앱에서 확인이 어려워 문의드립니다.,회원,계정관리,S005,비밀번호 재설정,Y,Y,Y
VOC05469,서비스 계정을 삭제하고 싶어요,앱에서 탈퇴 메뉴를 찾을 수 없어 확인 요청드립니다.,회원,계정관리,S009,회원 탈퇴,Y,Y,Y
VOC04453,안전운전 할인 적용 여부 문의 관련 기준도 함께 알려주세요.,갱신 계약에 주행분석 할인 혜택이 반영되는지 문의드립니다.,보험,할인,S007,보험료 할인 적용 문의,Y,Y,Y
VOC06845,앱 화면이 멈춥니다,앱을 열면 흰 화면만 보이고 아무 기능도 사용할 수 없습니다.,앱,오류,S011,앱 실행 오류,Y,Y,Y
VOC06768,앱이 계속 종료됩니다,앱을 열면 흰 화면만 보이고 아무 기능도 사용할 수 없습니다.,앱,오류,S011,앱 실행 오류,Y,Y,Y
VOC02219,앱 로그인이 되지 않습니다 빠른 확인 요청드립니다.,로그인 버튼을 눌러도 화면이 그대로입니다. 확인 부탁드립니다.,회원,로그인,S004,로그인 오류,Y,Y,Y
VOC08981,새 번호로 인증받고 싶어요,등록된 연락처가 실제 사용하는 번호와 달라 수정 요청드립니다. 관련 기준도 함께 알려주세요.,회원,회원정보,S014,휴대전화 번호 변경,Y,Y,Y
VOC07116,앱 화면이 멈춥니다,특정 메뉴에 들어가면 화면이 멈추는 현상이 반복됩니다.,앱,오류,S011,앱 실행 오류,Y,Y,Y
VOC03744,최근 주행기록 누락 문의,차량은 정상적으로 운행했는데 주행 데이터가 수집되지 않은 것 같습니다.,주행,주행기록,S006,주행기록 미반영,Y,Y,Y
VOC03552,최근 주행기록 누락 문의,운전을 완료했지만 최근 주행 목록에 추가되지 않았습니다.,주행,주행기록,S006,주행기록 미반영,Y,Y,Y
VOC09201,새 번호로 인증받고 싶어요 앱에서 확인이 어려워 문의드립니다.,번호 변경 후 로그인 인증 문자가 이전 번호로 발송됩니다.,회원,회원정보,S014,휴대전화 번호 변경,Y,Y,Y
VOC02012,계정 접속이 불가능합니다,아이디와 비밀번호를 입력해도 로그인 오류가 발생합니다.,회원,로그인,S004,로그인 오류,Y,Y,Y
VOC06788,업데이트 후 앱이 열리지 않아요,앱을 열면 흰 화면만 보이고 아무 기능도 사용할 수 없습니다. 확인 부탁드립니다.,앱,오류,S011,앱 실행 오류,Y,Y,Y
VOC02494,계정 접속이 불가능합니다,로그인 버튼을 눌러도 화면이 그대로입니다.,회원,로그인,S004,로그인 오류,Y,Y,Y
VOC02664,계정 접속이 불가능합니다,기존에 사용하던 계정으로 접속되지 않아 문의드립니다.,회원,로그인,S004,로그인 오류,Y,Y,Y
VOC08397,계약정보가 다르게 표시됩니다,계약 기간과 보험료 정보가 가입 당시 안내와 다르게 표시됩니다.,보험,계약정보,S013,계약정보 불일치,Y,Y,Y
VOC09834,포인트 지급 조건 안내 요청,포인트 지급 대상과 제외 조건을 자세히 안내해주세요.,포인트,적립기준,S015,포인트 적립 기준 문의,Y,Y,Y
VOC00308,운전했는데 포인트가 안 들어왔어요,운전 기록은 정상적으로 보이지만 포인트가 들어오지 않았습니다.,포인트,적립,S001,주행 포인트 미적립,Y,Y,Y
VOC02425,앱 로그인이 되지 않습니다,아이디와 비밀번호를 입력해도 로그인 오류가 발생합니다. 확인 부탁드립니다.,회원,로그인,S004,로그인 오류,Y,Y,Y
VOC00546,운전했는데 포인트가 안 들어왔어요,[출발지]-[도착지] 구간을 운전했는데 적립 내역이 확인되지 않습니다. 처리 방법을 안내해주세요.,포인트,적립,S001,주행 포인트 미적립,Y,Y,Y
VOC07839,보상 처리 단계 문의,보상 심사가 어느 단계까지 진행됐는지 확인 부탁드립니다. 처리 방법을 안내해주세요.,사고,처리현황,S012,사고 처리 진행 문의,Y,Y,Y
VOC05051,기존 차량 삭제 후 신규 등록,차량을 교체해서 앱의 등록 정보를 수정하고 싶습니다. 관련 기준도 함께 알려주세요.,차량,차량정보,S008,차량정보 변경,Y,Y,Y
VOC08515,앱의 계약 내용이 맞지 않아요,계약 기간과 보험료 정보가 가입 당시 안내와 다르게 표시됩니다.,보험,계약정보,S013,계약정보 불일치,Y,Y,Y
VOC02596,앱 로그인이 되지 않습니다,[오류코드] 메시지가 표시되면서 앱에 접속할 수 없습니다. 빠른 확인 요청드립니다. 필요한 확인 항목이 있다면 안내 부탁드립니다.,회원,로그인,S004,로그인 오류,Y,Y,Y
VOC06068,잘못 차감된 포인트 문의,포인트 내역에 알 수 없는 차감 기록이 있습니다. 빠른 확인 요청드립니다.,포인트,차감,S010,포인트 오차감,Y,Y,Y
VOC00551,주행 후 포인트가 없습니다,운전 기록은 정상적으로 보이지만 포인트가 들어오지 않았습니다. 동일 현상이 반복되고 있습니다.,포인트,적립,S001,주행 포인트 미적립,Y,Y,Y
VOC03340,운전한 내역이 앱에 없습니다,주행 종료 후에도 거리와 시간이 0으로 표시됩니다. 빠른 확인 요청드립니다.,주행,주행기록,S006,주행기록 미반영,Y,Y,Y
VOC02404,앱 로그인이 되지 않습니다 빠른 확인 요청드립니다.,[오류코드] 메시지가 표시되면서 앱에 접속할 수 없습니다.,회원,로그인,S004,로그인 오류,Y,Y,Y
VOC08235,계약 차량 정보 불일치,보험 계약 정보 중 일부 항목이 잘못되어 수정 요청드립니다.,보험,계약정보,S013,계약정보 불일치,Y,Y,Y
VOC01129,운전 후 포인트 반영 시간 문의 확인 부탁드립니다.,방금 운전한 기록은 보이는데 포인트는 처리 중으로 표시됩니다.,포인트,적립,S002,주행 포인트 적립 지연,Y,Y,Y
VOC01713,포인트 사용처가 궁금합니다,앱에 [포인트수량] 포인트가 있는데 사용 가능한 항목을 확인하고 싶습니다.,포인트,사용,S003,포인트 사용처 문의,Y,Y,Y
VOC03475,주행기록이 보이지 않습니다 처리 방법을 안내해주세요.,[주행일]에 [주행구간] 구간을 운전했는데 앱에서 기록이 보이지 않습니다.,주행,주행기록,S006,주행기록 미반영,Y,Y,Y
VOC07619,사고 접수 후 연락이 없습니다,사건번호 [사고접수번호]와 관련해 현재 처리 단계를 확인하고 싶습니다.,사고,처리현황,S012,사고 처리 진행 문의,Y,Y,Y
VOC02467,앱 로그인이 되지 않습니다,아이디와 비밀번호를 입력해도 로그인 오류가 발생합니다. 현재 화면에서 직접 수정할 수 없습니다.,회원,로그인,S004,로그인 오류,Y,Y,Y
VOC07694,사고 접수 후 연락이 없습니다,보상 심사가 어느 단계까지 진행됐는지 확인 부탁드립니다.,사고,처리현황,S012,사고 처리 진행 문의,Y,Y,Y
VOC05350,앱 회원 탈퇴 방법 문의,본인 인증 후 탈퇴가 완료되지 않아 확인 부탁드립니다. 앱을 다시 실행해도 같은 상태입니다.,회원,계정관리,S009,회원 탈퇴,Y,Y,Y
VOC07402,사고 접수 후 연락이 없습니다,[날짜]에 접수한 사고의 담당자 배정 여부가 안내받고 싶습니다. 빠른 확인 요청드립니다.,사고,처리현황,S012,사고 처리 진행 문의,Y,Y,Y
VOC07127,앱이 계속 종료됩니다,앱을 실행하면 [오류코드] 오류가 표시되고 바로 종료됩니다.,앱,오류,S011,앱 실행 오류,Y,Y,Y
VOC02677,비밀번호가 기억나지 않아요 앱에서 확인이 어려워 문의드립니다.,비밀번호 찾기 과정에서 [기존전화번호]로 인증번호가 오지 않습니다. 빠른 확인 요청드립니다.,회원,계정관리,S005,비밀번호 재설정,Y,Y,Y
VOC05757,회원 탈퇴를 요청합니다,앱에서 탈퇴 메뉴를 찾을 수 없어 문의드립니다.,회원,계정관리,S009,회원 탈퇴,Y,Y,Y
VOC07281,서비스 실행 불가 문의 확인 부탁드립니다.,앱을 열면 흰 화면만 보이고 아무 기능도 사용할 수 없습니다.,앱,오류,S011,앱 실행 오류,Y,Y,Y
VOC04475,계약 할인 적용 상태 문의 확인 부탁드립니다.,갱신 계약에 주행분석 할인 혜택이 반영되는지 문의드립니다.,보험,할인,S007,보험료 할인 적용 문의,Y,Y,Y
VOC07716,보상 처리 단계 문의,사고 접수 이후 진행 상황 안내를 받지 못했습니다. 앱에서 확인이 어려워 문의드립니다.,사고,처리현황,S012,사고 처리 진행 문의,Y,Y,Y
VOC06765,앱이 계속 종료됩니다,업데이트 이후 첫 화면에서 멈추고 다음으로 넘어가지 않습니다.,앱,오류,S011,앱 실행 오류,Y,Y,Y
VOC04865,차량을 변경했습니다,차량번호 변경 후 주행 서비스 연결 방법을 문의드립니다. 관련 기준도 함께 알려주세요.,차량,차량정보,S008,차량정보 변경,Y,Y,Y
VOC07611,사건번호 처리 상태 확인,사고 접수 이후 진행 상황 안내를 받지 못했습니다.,사고,처리현황,S012,사고 처리 진행 문의,Y,Y,Y
VOC00295,주행 후 포인트가 없습니다 관련 기준도 함께 알려주세요.,운전 기록은 정상적으로 보이지만 포인트가 들어오지 않았습니다.,포인트,적립,S001,주행 포인트 미적립,Y,Y,Y
VOC08449,계약 차량 정보 불일치 관련 기준도 함께 알려주세요.,갱신한 계약이 앱에서 이전 계약으로 보입니다. 앱에서 확인이 어려워 문의드립니다.,보험,계약정보,S013,계약정보 불일치,Y,Y,Y
VOC08775,등록 연락처 수정 요청 관련 기준도 함께 알려주세요.,새 번호로 본인 인증을 진행하는 방법을 안내 부탁드립니다.,회원,회원정보,S014,휴대전화 번호 변경,Y,Y,Y
VOC09994,포인트 지급 조건 안내 요청,주행거리와 운전점수에 따라 포인트가 어떻게 산정되는지 알고 싶습니다. 앱에서 확인이 어려워 문의드립니다.,포인트,적립기준,S015,포인트 적립 기준 문의,Y,Y,Y
VOC00346,운전했는데 포인트가 안 들어왔어요,[접수일]에 주행을 완료했는데 포인트가 아직 적립되지 않았습니다.,포인트,적립,S001,주행 포인트 미적립,Y,Y,Y
VOC07891,사건번호 처리 상태 확인,사건번호 [사고접수번호]와 관련해 현재 처리 단계를 확인하고 싶습니다. 처리 방법을 안내해주세요.,사고,처리현황,S012,사고 처리 진행 문의,Y,Y,Y
VOC08533,보험 계약자 정보 오류 관련 기준도 함께 알려주세요.,계약 기간과 보험료 정보가 가입 당시 안내와 다르게 표시됩니다.,보험,계약정보,S013,계약정보 불일치,Y,Y,Y
VOC02541,앱 로그인이 되지 않습니다 앱에서 확인이 어려워 문의드립니다.,[에러코드] 메시지가 표시되면서 앱에 접속할 수 없습니다.,회원,로그인,S004,로그인 오류,Y,Y,Y
VOC06461,포인트 차감 내역이 이상합니다 관련 기준도 함께 알려주세요.,사용한 적이 없는데 [차감금액] 포인트가 차감된 것으로 표시됩니다.,포인트,차감,S010,포인트 오차감,Y,Y,Y
VOC09578,어떤 주행이 포인트 대상인가요 빠른 확인 요청드립니다.,포인트 지급 대상과 제외 조건을 자세히 안내해주세요.,포인트,적립기준,S015,포인트 적립 기준 문의,Y,Y,Y
VOC01453,포인트 사용 가능 서비스 문의,보험료 결제 외에도 포인트를 사용할 수 있는 곳이 있나요? 동일 현상이 반복되고 있습니다.,포인트,사용,S003,포인트 사용처 문의,Y,Y,Y
VOC05927,회원 탈퇴를 요청합니다 확인 부탁드립니다.,회원 탈퇴 시 남은 포인트와 주행기록이 어떻게 처리되는지 궁금합니다.,회원,계정관리,S009,회원 탈퇴,Y,Y,Y
VOC05728,앱 회원 탈퇴 방법 문의 관련 기준도 함께 알려주세요.,본인 인증 후 탈퇴가 완료되지 않아 확인 부탁드립니다. 관련 기준도 함께 알려주세요.,회원,계정관리,S009,회원 탈퇴,Y,Y,Y
VOC07696,사고 처리 진행 상황 문의,제출한 서류가 정상적으로 접수됐는지 알고 싶습니다. 관련 기준도 함께 알려주세요.,사고,처리현황,S012,사고 처리 진행 문의,Y,Y,Y
VOC08012,계약정보가 다르게 표시됩니다,갱신한 계약이 앱에서 이전 계약으로 보입니다. 동일 현상이 반복되고 있습니다.,보험,계약정보,S013,계약정보 불일치,Y,Y,Y
VOC06652,포인트 잔액 오류,포인트 내역에 알 수 없는 차감 기록이 있습니다. 처리 방법을 안내해주세요. 필요한 확인 항목이 있다면 안내 부탁드립니다.,포인트,차감,S010,포인트 오차감,Y,Y,Y
VOC07309,서비스 실행 불가 문의,앱을 실행하면 [오류코드] 오류가 표시되고 바로 종료됩니다. 처리 방법을 안내해주세요.,앱,오류,S011,앱 실행 오류,Y,Y,Y
VOC04941,앱 차량정보 수정 문의 처리 방법을 안내해주세요.,기존 차량 [기존차량번호]에서 새 차량 [새차량번호]로 변경했습니다.,차량,차량정보,S008,차량정보 변경,Y,Y,Y
VOC03154,비밀번호 변경이 되지 않습니다,본인 인증 후 비밀번호 재설정 화면으로 이동하지 않습니다. 이전에 정상적으로 이용한 적이 있습니다.,회원,계정관리,S005,비밀번호 재설정,Y,Y,Y
VOC07904,사건번호 처리 상태 확인,제출한 서류가 정상적으로 접수됐는지 알고 싶습니다.,사고,처리현황,S012,사고 처리 진행 문의,Y,Y,Y
VOC09014,휴대전화 번호를 변경하고 싶습니다,번호 변경 후 로그인 인증 문자가 이전 번호로 발송됩니다. 앱에서 확인이 어려워 문의드립니다.,회원,회원정보,S014,휴대전화 번호 변경,Y,Y,Y
VOC08493,증권 정보 수정 문의,갱신한 계약이 앱에서 이전 계약으로 보입니다.,보험,계약정보,S013,계약정보 불일치,Y,Y,Y
VOC08127,보험 계약자 정보 오류,보험 계약 정보 중 일부 항목이 잘못되어 수정 요청드립니다.,보험,계약정보,S013,계약정보 불일치,Y,Y,Y
VOC03511,최근 주행기록 누락 문의,[주행일]에 [출발지]에서 [도착지]까지 구간을 운전했는데 앱에서 기록이 보이지 않습니다.,주행,주행기록,S006,주행기록 미반영,Y,Y,Y
VOC06668,포인트 잔액 오류,어제 확인한 잔액과 오늘 잔액이 달라서 문의드립니다. 관련 기준도 함께 알려주세요.,포인트,차감,S010,포인트 오차감,Y,Y,Y
VOC07631,사건번호 처리 상태 확인,사고 접수 이후 진행 상황 안내를 받지 못했습니다. 동일 현상이 반복되고 있습니다.,사고,처리현황,S012,사고 처리 진행 문의,Y,Y,Y
VOC04717,새 차량으로 바꾸고 싶어요,차량번호 변경 후 주행 서비스 연결 방법을 문의드립니다.,차량,차량정보,S008,차량정보 변경,Y,Y,Y
VOC01418,보유 포인트 사용 방법,보험료 결제 외에도 포인트를 사용할 수 있는 곳이 있나요?,포인트,사용,S003,포인트 사용처 문의,Y,Y,Y
VOC01577,포인트 사용 가능 서비스 문의 빠른 확인 요청드립니다.,보험료 결제 외에도 포인트를 사용할 수 있는 곳이 있나요? 확인 부탁드립니다.,포인트,사용,S003,포인트 사용처 문의,Y,Y,Y
VOC04949,기존 차량 삭제 후 신규 등록,차량번호 변경 후 주행 서비스 연결 방법을 문의합니다. 확인 부탁드립니다.,차량,차량정보,S008,차량정보 변경,Y,Y,Y
VOC07743,접수한 사고는 어떻게 진행되고 있나요,사건번호 [사고접수번호]와 관련해 현재 처리 단계를 확인하고 싶습니다. 동일 현상이 반복되고 있습니다.,사고,처리현황,S012,사고 처리 진행 문의,Y,Y,Y
VOC08008,증권 정보 수정 문의,보험 계약 정보 중 일부 항목이 잘못되어 수정 요청드립니다.,보험,계약정보,S013,계약정보 불일치,Y,Y,Y
VOC09048,등록 연락처 수정 요청 관련 기준도 함께 알려주세요.,등록된 연락처가 실제 사용하는 번호와 달라 수정 요청드립니다. 앱을 다시 실행해도 같은 상태입니다.,회원,회원정보,S014,휴대전화 번호 변경,Y,Y,Y
VOC05707,가입 정보 삭제 요청 확인 부탁드립니다.,본인 인증 후 탈퇴가 완료되지 않아 확인 부탁드립니다.,회원,계정관리,S009,회원 탈퇴,Y,Y,Y
VOC06088,포인트 잔액 오류,결제를 취소했는데 차감된 포인트가 복구되지 않았습니다.,포인트,차감,S010,포인트 오차감,Y,Y,Y
VOC07680,접수한 사고는 어떻게 진행되고 있나요,사건번호 [사고접수번호]와 관련해 현재 처리 단계를 확인하고 싶습니다.,사고,처리현황,S012,사고 처리 진행 문의,Y,Y,Y
VOC01037,포인트 반영이 늦어지고 있습니다 처리 방법을 안내해주세요.,[주행종료시간]에 주행을 종료했습니다. 포인트 반영 예정 시간을 알고 싶습니다.,포인트,적립,S002,주행 포인트 적립 지연,Y,Y,Y
VOC09760,포인트 적립 기준이 궁금합니다,급가속이나 급감속 기록이 포인트 적립에 영향을 주나요?,포인트,적립기준,S015,포인트 적립 기준 문의,Y,Y,Y
VOC08153,앱의 계약 내용이 맞지 않아요,증권번호 [증권번호]의 차량정보가 현재 차량과 일치하지 않습니다. 관련 기준도 함께 알려주세요.,보험,계약정보,S013,계약정보 불일치,Y,Y,Y
VOC09149,휴대전화 번호를 변경하고 싶습니다,등록된 연락처가 실제 사용하는 번호와 달라 수정 요청드립니다.,회원,회원정보,S014,휴대전화 번호 변경,Y,Y,Y
VOC03689,주행 데이터가 반영되지 않았어요,차량은 정상적으로 운행했는데 주행 데이터가 수집되지 않은 것 같습니다.,주행,주행기록,S006,주행기록 미반영,Y,Y,Y
VOC06280,포인트 차감 내역이 이상합니다,결제를 취소했는데 차감된 포인트가 복구되지 않았습니다.,포인트,차감,S010,포인트 오차감,Y,Y,Y
VOC07850,사고 처리 진행 상황 문의 처리 방법을 안내해주세요.,제출한 서류가 정상적으로 접수됐는지 알고 싶습니다.,사고,처리현황,S012,사고 처리 진행 문의,Y,Y,Y
VOC03955,주행 데이터가 반영되지 않았어요,운전을 완료했지만 최근 주행 목록에 추가되지 않았습니다. 앱에서 확인이 어려워 문의드립니다.,주행,주행기록,S006,주행기록 미반영,Y,Y,Y
VOC02718,비밀번호 변경이 정상적으로 처리되지 않습니다,새 비밀번호를 입력했지만 변경이 완료되지 않습니다. 이전에 정상적으로 이용한 적이 있습니다.,회원,계정관리,S005,비밀번호 재설정,Y,Y,Y
VOC06729,앱 실행 중 오류가 발생합니다,앱을 실행하면 [에러코드] 오류가 표시되고 바로 종료됩니다. 빠른 확인 요청드립니다.,앱,오류,S011,앱 실행 오류,Y,Y,Y
VOC00801,운전 후 포인트 반영 시간 문의,[주행종료시간]에 주행을 종료했습니다. 포인트 반영 예정 시간을 알고 싶습니다. 앱에서 확인이 어려워 문의드립니다. 앱을 다시 실행해도 같은 상태입니다.,포인트,적립,S002,주행 포인트 적립 지연,Y,Y,Y
VOC07390,접수한 사고는 어떻게 진행되고 있나요,[날짜]에 접수한 사고의 담당자 배정 여부가 안내받고 싶습니다. 처리 방법을 안내해주세요. 필요한 확인 항목이 있다면 안내 부탁드립니다.,사고,처리현황,S012,사고 처리 진행 문의,Y,Y,Y
VOC05824,서비스 계정을 삭제하고 싶어요,회원 탈퇴 시 남은 포인트와 주행기록이 어떻게 처리되는지 궁금합니다.,회원,계정관리,S009,회원 탈퇴,Y,Y,Y
VOC08612,계약정보가 다르게 표시됩니다,보험 계약 정보 중 일부 항목이 잘못되어 수정 요청드립니다.,보험,계약정보,S013,계약정보 불일치,Y,Y,Y
VOC06497,포인트 차감 내역이 이상합니다,사용한 적이 없는데 [금액] 포인트가 차감된 것으로 표시됩니다.,포인트,차감,S010,포인트 오차감,Y,Y,Y
VOC03706,앱에서 운전 기록 확인 불가,운전을 완료했지만 최근 주행 목록에 추가되지 않았습니다.,주행,주행기록,S006,주행기록 미반영,Y,Y,Y
VOC02708,비밀번호 변경이 되지 않습니다,비밀번호 변경 절차와 조건을 안내해주세요.,회원,계정관리,S005,비밀번호 재설정,Y,Y,Y
VOC01135,포인트 적립 처리 중 문의,[접수시간]에 주행을 종료했습니다. 포인트 반영 예정 시간을 알고 싶습니다.,포인트,적립,S002,주행 포인트 적립 지연,Y,Y,Y
VOC07765,사고 처리 진행 상황 문의,보상 심사가 어느 단계까지 진행됐는지 확인 부탁드립니다.,사고,처리현황,S012,사고 처리 진행 문의,Y,Y,Y
VOC00795,주행 포인트는 언제 들어오나요,[시간]에 주행을 종료했습니다. 포인트 반영 예정 시간을 알고 싶습니다. 처리 방법을 안내해주세요.,포인트,적립,S002,주행 포인트 적립 지연,Y,Y,Y
VOC08854,휴대전화 번호를 변경하고 싶습니다,휴대전화 번호를 바꿨는데 앱 회원정보에는 이전 번호가 표시됩니다.,회원,회원정보,S014,휴대전화 번호 변경,Y,Y,Y
VOC06746,업데이트 후 앱이 열리지 않아요,재설치 후에도 동일하게 앱이 강제 종료됩니다.,앱,오류,S011,앱 실행 오류,Y,Y,Y
VOC01412,포인트를 사용할 수 있는 곳,포인트 사용 가능한 서비스와 제한 조건이 안내받고 싶습니다.,포인트,사용,S003,포인트 사용처 문의,Y,Y,Y
VOC09804,포인트 지급 조건 안내 요청,포인트를 받기 위한 최소 주행 조건이 궁금합니다.,포인트,적립기준,S015,포인트 적립 기준 문의,Y,Y,Y
VOC02136,로그인 화면에서 넘어가지 않아요 관련 기준도 함께 알려주세요.,로그인 버튼을 눌러도 화면이 그대로입니다. 앱에서 확인이 어려워 문의드립니다.,회원,로그인,S004,로그인 오류,Y,Y,Y
VOC01535,적립 포인트는 어디서 쓰나요,포인트 사용 가능한 서비스와 제한 조건이 궁금합니다.,포인트,사용,S003,포인트 사용처 문의,Y,Y,Y
VOC08252,계약정보가 다르게 표시됩니다,계약 기간과 보험료 정보가 가입 당시 안내와 다르게 표시됩니다. 빠른 확인 요청드립니다.,보험,계약정보,S013,계약정보 불일치,Y,Y,Y
VOC07258,서비스 실행 불가 문의,재설치 후에도 동일하게 앱이 강제 종료됩니다.,앱,오류,S011,앱 실행 오류,Y,Y,Y
VOC02761,새 비밀번호 등록 문의,비밀번호가 기억나지 않아 재설정하려고 합니다.,회원,계정관리,S005,비밀번호 재설정,Y,Y,Y
VOC00202,주행 후 포인트가 없습니다 처리 방법을 안내해주세요.,주행 조건을 충족한 것으로 보이는데 포인트가 0으로 표시됩니다. 빠른 확인 요청드립니다.,포인트,적립,S001,주행 포인트 미적립,Y,Y,Y
VOC08359,증권 정보 수정 문의 확인 부탁드립니다.,증권번호 [계약번호]의 차량정보가 현재 차량과 일치하지 않습니다.,보험,계약정보,S013,계약정보 불일치,Y,Y,Y
VOC01679,보유 포인트 사용 방법,앱에 [포인트수량] 포인트가 있는데 사용 가능한 항목을 확인하고 싶습니다.,포인트,사용,S003,포인트 사용처 문의,Y,Y,Y
VOC07817,사건번호 처리 상태 확인 처리 방법을 안내해주세요.,사건번호 [사건번호]와 관련해 현재 처리 단계를 확인하고 싶습니다.,사고,처리현황,S012,사고 처리 진행 문의,Y,Y,Y
VOC03913,최근 주행기록 누락 문의,주행 종료 후에도 거리와 시간이 0으로 표시됩니다.,주행,주행기록,S006,주행기록 미반영,Y,Y,Y
VOC05484,더 이상 서비스를 이용하지 않습니다,본인 인증 후 탈퇴가 완료되지 않아 확인 부탁드립니다.,회원,계정관리,S009,회원 탈퇴,Y,Y,Y
VOC07598,사고 처리 진행 상황 문의,사고 접수 이후 진행 상황 안내를 받지 못했습니다. 이전에 정상적으로 이용한 적이 있습니다.,사고,처리현황,S012,사고 처리 진행 문의,Y,Y,Y
VOC09585,운전점수와 포인트 관계,포인트를 받기 위한 최소 주행 조건이 궁금합니다.,포인트,적립기준,S015,포인트 적립 기준 문의,Y,Y,Y
VOC07707,사건번호 처리 상태 확인,제출한 서류가 정상적으로 접수됐는지 알고 싶습니다. 확인 부탁드립니다. 동일 현상이 반복되고 있습니다.,사고,처리현황,S012,사고 처리 진행 문의,Y,Y,Y
VOC04436,주행점수 할인 확인 요청,갱신 계약에 주행분석 할인 혜택이 반영되는지 문의드립니다.,보험,할인,S007,보험료 할인 적용 문의,Y,Y,Y
VOC04529,안전운전 할인 적용 여부 문의 처리 방법을 안내해주세요.,현재 운전점수 기준으로 받을 수 있는 보험료 할인율이 궁금합니다. 동일 현상이 반복되고 있습니다.,보험,할인,S007,보험료 할인 적용 문의,Y,Y,Y
VOC07593,사건번호 처리 상태 확인,보상 심사가 어느 단계까지 진행됐는지 확인 부탁드립니다.,사고,처리현황,S012,사고 처리 진행 문의,Y,Y,Y
VOC04308,보험료 할인 혜택이 확인하고 싶습니다,현재 운전점수 기준으로 받을 수 있는 보험료 할인율이 궁금합니다.,보험,할인,S007,보험료 할인 적용 문의,Y,Y,Y
VOC05221,등록 차량 변경 요청,차량번호 변경 후 주행 서비스 연결 방법을 문의드립니다. 처리 방법을 안내해주세요.,차량,차량정보,S008,차량정보 변경,Y,Y,Y
VOC03529,주행기록이 보이지 않습니다,[주행일]에 [출발지]-[도착지] 구간을 운전했는데 앱에서 기록이 보이지 않습니다.,주행,주행기록,S006,주행기록 미반영,Y,Y,Y
VOC08248,보험 계약자 정보 오류 앱에서 확인이 어려워 문의드립니다.,계약 기간과 보험료 정보가 가입 당시 안내와 다르게 표시됩니다.,보험,계약정보,S013,계약정보 불일치,Y,Y,Y
VOC06012,잘못 차감된 포인트 문의,포인트 사용 이력과 실제 잔액이 맞지 않습니다. 처리 방법을 안내해주세요.,포인트,차감,S010,포인트 오차감,Y,Y,Y
VOC00198,주행 포인트가 적립되지 않았습니다,운전 기록은 정상적으로 보이지만 포인트가 들어오지 않았습니다.,포인트,적립,S001,주행 포인트 미적립,Y,Y,Y
VOC00174,주행 포인트가 적립되지 않았습니다 앱에서 확인이 어려워 문의드립니다.,지난 주행 건에 대한 포인트를 받지 못했습니다. 확인 부탁드립니다.,포인트,적립,S001,주행 포인트 미적립,Y,Y,Y
VOC01837,포인트 사용 가능 서비스 문의 앱에서 확인이 어려워 문의드립니다.,앱에 [포인트수량] 포인트가 있는데 사용 가능한 항목을 확인하고 싶습니다.,포인트,사용,S003,포인트 사용처 문의,Y,Y,Y
VOC07558,보상 처리 단계 문의,[날짜]에 접수한 사고의 담당자 배정 여부가 궁금합니다.,사고,처리현황,S012,사고 처리 진행 문의,Y,Y,Y
VOC05545,더 이상 서비스를 이용하지 않습니다,회원 탈퇴 시 남은 포인트와 주행기록이 어떻게 처리되는지 궁금합니다.,회원,계정관리,S009,회원 탈퇴,Y,Y,Y
VOC07851,사고 접수 후 연락이 없습니다 앱에서 확인이 어려워 문의드립니다.,사고 접수 이후 진행 상황 안내를 받지 못했습니다.,사고,처리현황,S012,사고 처리 진행 문의,Y,Y,Y
VOC01080,포인트 적립 처리 중 문의,"포인트가 바로 들어오는지, 일정 시간이 필요한지 확인 요청드립니다.",포인트,적립,S002,주행 포인트 적립 지연,Y,Y,Y
VOC04915,기존 차량 삭제 후 신규 등록,기존 차량 [차량번호]에서 새 차량 [새차량번호]로 변경했습니다.,차량,차량정보,S008,차량정보 변경,Y,Y,Y
VOC08218,계약정보가 다르게 표시됩니다,계약 기간과 보험료 정보가 가입 당시 안내와 다르게 표시됩니다.,보험,계약정보,S013,계약정보 불일치,Y,Y,Y
VOC02793,비밀번호 찾기 인증 오류,비밀번호 변경 절차와 조건을 안내해주세요.,회원,계정관리,S005,비밀번호 재설정,Y,Y,Y
VOC04135,주행점수 할인 확인 요청 빠른 확인 요청드립니다.,앱에는 할인 대상이라고 나오는데 실제 보험료에 적용됐는지 알고 싶습니다. 앱을 다시 실행해도 같은 상태입니다.,보험,할인,S007,보험료 할인 적용 문의,Y,Y,Y
VOC05842,앱 회원 탈퇴 방법 문의,본인 인증 후 탈퇴가 완료되지 않아 확인 부탁드립니다.,회원,계정관리,S009,회원 탈퇴,Y,Y,Y
VOC00374,포인트가 누락된 것 같습니다 확인 부탁드립니다.,지난 주행 건에 대한 포인트를 받지 못했습니다. 확인 부탁드립니다.,포인트,적립,S001,주행 포인트 미적립,Y,Y,Y
VOC01414,보유 포인트 사용 방법,보험료 결제 외에도 포인트를 사용할 수 있는 곳이 있나요?,포인트,사용,S003,포인트 사용처 문의,Y,Y,Y
VOC00453,주행 후 포인트가 없습니다 확인 부탁드립니다.,[접수일]에 주행을 완료했는데 포인트가 아직 적립되지 않았습니다. 동일 현상이 반복되고 있습니다.,포인트,적립,S001,주행 포인트 미적립,Y,Y,Y
VOC02249,앱 로그인이 되지 않습니다,[에러코드] 메시지가 표시되면서 앱에 접속할 수 없습니다.,회원,로그인,S004,로그인 오류,Y,Y,Y
VOC02129,계정 접속이 불가능합니다,기존에 사용하던 계정으로 접속되지 않아 문의드립니다. 확인 부탁드립니다.,회원,로그인,S004,로그인 오류,Y,Y,Y
VOC05571,회원 탈퇴를 요청합니다,회원 탈퇴 시 남은 포인트와 주행기록이 어떻게 처리되는지 궁금합니다. 확인 부탁드립니다.,회원,계정관리,S009,회원 탈퇴,Y,Y,Y
VOC02261,로그인 화면에서 넘어가지 않아요,기존에 사용하던 계정으로 접속되지 않아 문의드립니다.,회원,로그인,S004,로그인 오류,Y,Y,Y
VOC01614,포인트 사용처가 궁금합니다,포인트 사용 가능한 서비스와 제한 조건이 궁금합니다. 처리 방법을 안내해주세요.,포인트,사용,S003,포인트 사용처 문의,Y,Y,Y
VOC06890,서비스 실행 불가 문의 빠른 확인 요청드립니다.,앱을 실행하면 [오류코드] 오류가 표시되고 바로 종료됩니다.,앱,오류,S011,앱 실행 오류,Y,Y,Y
VOC06092,포인트가 갑자기 줄었습니다,어제 확인한 잔액과 오늘 잔액이 달라서 문의드립니다.,포인트,차감,S010,포인트 오차감,Y,Y,Y
VOC02900,비밀번호 변경이 되지 않습니다,비밀번호 변경 절차와 조건을 안내해주세요.,회원,계정관리,S005,비밀번호 재설정,Y,Y,Y
VOC03228,비밀번호를 재설정하고 싶습니다,비밀번호가 기억나지 않아 재설정하려고 합니다.,회원,계정관리,S005,비밀번호 재설정,Y,Y,Y
VOC08435,증권 정보 수정 문의,앱에 표시된 계약자명이 [계약자명]으로 되어 있는데 실제 정보와 다릅니다.,보험,계약정보,S013,계약정보 불일치,Y,Y,Y
VOC03715,주행기록이 보이지 않습니다,주행 종료 후에도 거리와 시간이 0으로 표시됩니다.,주행,주행기록,S006,주행기록 미반영,Y,Y,Y
VOC05098,새 차량으로 바꾸고 싶어요 앱에서 확인이 어려워 문의드립니다.,차량번호 변경 후 주행 서비스 연결 방법을 문의드립니다.,차량,차량정보,S008,차량정보 변경,Y,Y,Y
VOC04042,주행점수 할인 확인 요청,앱에는 할인 대상이라고 나오는데 실제 보험료에 적용됐는지 알고 싶습니다.,보험,할인,S007,보험료 할인 적용 문의,Y,Y,Y
VOC07895,사건번호 처리 상태 확인,보상 심사가 어느 단계까지 진행됐는지 확인 부탁드립니다. 앱을 다시 실행해도 같은 상태입니다.,사고,처리현황,S012,사고 처리 진행 문의,Y,Y,Y
VOC05361,회원 탈퇴를 요청합니다,본인 인증 후 탈퇴가 완료되지 않아 확인 부탁드립니다.,회원,계정관리,S009,회원 탈퇴,Y,Y,Y
VOC03301,비밀번호 찾기 인증 오류,새 비밀번호를 입력했지만 변경이 완료되지 않습니다. 현재 화면에서 직접 수정할 수 없습니다.,회원,계정관리,S005,비밀번호 재설정,Y,Y,Y
VOC05195,등록 차량 변경 요청,차량번호 변경 후 주행 서비스 연결 방법을 문의드립니다. 관련 기준도 함께 알려주세요.,차량,차량정보,S008,차량정보 변경,Y,Y,Y
VOC03569,앱에서 운전 기록 확인 불가,해당 시간대의 운전 내역이 누락되어 확인 요청드립니다.,주행,주행기록,S006,주행기록 미반영,Y,Y,Y
VOC04022,보험료 할인이 반영됐나요,갱신 계약에 주행분석 할인 혜택이 반영되는지 문의드립니다.,보험,할인,S007,보험료 할인 적용 문의,Y,Y,Y
VOC05164,차량을 변경했습니다,기존 차량 [기존차량번호]에서 새 차량 [새차량번호]로 변경했습니다. 앱을 다시 실행해도 같은 상태입니다.,차량,차량정보,S008,차량정보 변경,Y,Y,Y
VOC06680,업데이트 후 앱이 열리지 않아요 앱에서 확인이 어려워 문의드립니다.,앱을 열면 흰 화면만 보이고 아무 기능도 사용할 수 없습니다. 처리 방법을 안내해주세요.,앱,오류,S011,앱 실행 오류,Y,Y,Y
VOC07004,앱이 계속 종료됩니다,재설치 후에도 동일하게 앱이 강제 종료됩니다.,앱,오류,S011,앱 실행 오류,Y,Y,Y
VOC00482,포인트가 누락된 것 같습니다,[주행구간] 구간을 운전했는데 적립 내역이 확인정상적으로 처리되지 않습니다. 관련 기준도 함께 알려주세요.,포인트,적립,S001,주행 포인트 미적립,Y,Y,Y
VOC09809,포인트 지급 조건 안내 요청 앱에서 확인이 어려워 문의드립니다.,짧은 거리 주행도 포인트 적립 대상인지 문의드립니다.,포인트,적립기준,S015,포인트 적립 기준 문의,Y,Y,Y
VOC01011,포인트 반영이 늦어지고 있습니다,오늘 주행을 마쳤는데 포인트가 아직 반영되지 않았습니다. 보통 얼마나 걸리나요? 처리 방법을 안내해주세요.,포인트,적립,S002,주행 포인트 적립 지연,Y,Y,Y
VOC08734,등록 연락처 수정 요청 관련 기준도 함께 알려주세요.,등록된 연락처가 실제 사용하는 번호와 달라 수정 요청드립니다.,회원,회원정보,S014,휴대전화 번호 변경,Y,Y,Y
VOC00272,주행 포인트가 적립되지 않았습니다,[접수일]에 주행을 완료했는데 포인트가 아직 적립되지 않았습니다.,포인트,적립,S001,주행 포인트 미적립,Y,Y,Y
VOC08143,앱의 계약 내용이 맞지 않아요 빠른 확인 요청드립니다.,증권번호 [계약번호]의 차량정보가 현재 차량과 일치하지 않습니다.,보험,계약정보,S013,계약정보 불일치,Y,Y,Y
VOC00191,운전했는데 포인트가 안 들어왔어요,지난 주행 건에 대한 포인트를 받지 못했습니다. 확인 부탁드립니다.,포인트,적립,S001,주행 포인트 미적립,Y,Y,Y
VOC03986,최근 주행기록 누락 문의,주행 종료 후에도 거리와 시간이 0으로 표시됩니다.,주행,주행기록,S006,주행기록 미반영,Y,Y,Y
VOC07228,앱 화면이 멈춥니다,앱을 열면 흰 화면만 보이고 아무 기능도 사용할 수 없습니다.,앱,오류,S011,앱 실행 오류,Y,Y,Y
VOC00666,주행 포인트 미적립 문의,[접수일]에 주행을 완료했는데 포인트가 아직 적립되지 않았습니다. 이전에 정상적으로 이용한 적이 있습니다.,포인트,적립,S001,주행 포인트 미적립,Y,Y,Y
VOC02580,앱 로그인이 되지 않습니다,[오류코드] 메시지가 표시되면서 앱에 접속할 수 없습니다. 관련 기준도 함께 알려주세요.,회원,로그인,S004,로그인 오류,Y,Y,Y
VOC02324,로그인 화면에서 넘어가지 않아요,아이디와 비밀번호를 입력해도 로그인 오류가 발생합니다. 앱을 다시 실행해도 같은 상태입니다.,회원,로그인,S004,로그인 오류,Y,Y,Y
VOC05312,기존 차량 삭제 후 신규 등록,차량을 교체해서 앱의 등록 정보를 수정하고 싶습니다.,차량,차량정보,S008,차량정보 변경,Y,Y,Y
VOC09589,운전점수와 포인트 관계,짧은 거리 주행도 포인트 적립 대상인지 확인 요청드립니다.,포인트,적립기준,S015,포인트 적립 기준 문의,Y,Y,Y
VOC08342,증권 정보 수정 문의,갱신한 계약이 앱에서 이전 계약으로 보입니다.,보험,계약정보,S013,계약정보 불일치,Y,Y,Y
VOC06861,앱 실행 중 오류가 발생합니다,앱을 열면 흰 화면만 보이고 아무 기능도 사용할 수 없습니다. 처리 방법을 안내해주세요.,앱,오류,S011,앱 실행 오류,Y,Y,Y
VOC08721,등록 연락처 수정 요청,기존 번호 [전화번호]에서 새 번호 [새전화번호]로 변경하고 싶습니다.,회원,회원정보,S014,휴대전화 번호 변경,Y,Y,Y
VOC08719,기존 전화번호 변경 문의 처리 방법을 안내해주세요.,등록된 연락처가 실제 사용하는 번호와 달라 수정 요청드립니다.,회원,회원정보,S014,휴대전화 번호 변경,Y,Y,Y
VOC02932,비밀번호가 기억나지 않아요 확인 부탁드립니다.,비밀번호 변경 절차와 조건을 안내해주세요. 관련 기준도 함께 알려주세요.,회원,계정관리,S005,비밀번호 재설정,Y,Y,Y
VOC07463,사건번호 처리 상태 확인,제출한 서류가 정상적으로 접수됐는지 알고 싶습니다. 동일 현상이 반복되고 있습니다.,사고,처리현황,S012,사고 처리 진행 문의,Y,Y,Y
VOC04892,차량을 변경했습니다,기존 차량 [기존차량번호]에서 새 차량 [새차량번호]로 변경했습니다. 앱을 다시 실행해도 같은 상태입니다.,차량,차량정보,S008,차량정보 변경,Y,Y,Y
VOC08490,계약 차량 정보 불일치,보험 계약 정보 중 일부 항목이 잘못되어 수정 요청드립니다. 관련 기준도 함께 알려주세요.,보험,계약정보,S013,계약정보 불일치,Y,Y,Y
VOC00167,포인트가 누락된 것 같습니다,운전 기록은 정상적으로 보이지만 포인트가 들어오지 않았습니다.,포인트,적립,S001,주행 포인트 미적립,Y,Y,Y
VOC08768,휴대전화 번호를 변경하고 싶습니다,휴대전화 번호를 바꿨는데 앱 회원정보에는 이전 번호가 표시됩니다.,회원,회원정보,S014,휴대전화 번호 변경,Y,Y,Y
VOC02241,계속 로그인에 실패합니다,[오류코드] 메시지가 표시되면서 앱에 접속할 수 없습니다. 처리 방법을 안내해주세요.,회원,로그인,S004,로그인 오류,Y,Y,Y
VOC00388,운전했는데 포인트가 안 들어왔어요,[출발지]-[도착지] 구간을 운전했는데 적립 내역이 확인되지 않습니다. 처리 방법을 안내해주세요.,포인트,적립,S001,주행 포인트 미적립,Y,Y,Y
VOC00157,주행 포인트 미적립 문의 빠른 확인 요청드립니다.,지난 주행 건에 대한 포인트를 받지 못했습니다. 확인 부탁드립니다.,포인트,적립,S001,주행 포인트 미적립,Y,Y,Y
VOC09666,주행 포인트 산정 방법 문의,짧은 거리 주행도 포인트 적립 대상인지 문의드립니다. 관련 기준도 함께 알려주세요.,포인트,적립기준,S015,포인트 적립 기준 문의,Y,Y,Y
VOC05698,서비스 계정을 삭제하고 싶어요,계정과 저장된 개인정보를 삭제하는 절차를 알려주세요.,회원,계정관리,S009,회원 탈퇴,Y,Y,Y
VOC04026,주행점수 할인 확인 요청,앱에는 할인 대상이라고 나오는데 실제 보험료에 적용됐는지 알고 싶습니다.,보험,할인,S007,보험료 할인 적용 문의,Y,Y,Y
VOC01945,포인트 사용처가 궁금합니다,포인트 사용 가능한 서비스와 제한 조건이 확인하고 싶습니다. 현재 화면에서 직접 수정할 수 없습니다.,포인트,사용,S003,포인트 사용처 문의,Y,Y,Y
VOC08970,새 번호로 인증받고 싶어요,휴대전화 번호를 바꿨는데 앱 회원정보에는 이전 번호가 표시됩니다.,회원,회원정보,S014,휴대전화 번호 변경,Y,Y,Y
VOC08828,기존 전화번호 변경 문의 관련 기준도 함께 알려주세요.,새 번호로 본인 인증을 진행하는 방법을 확인 부탁드립니다.,회원,회원정보,S014,휴대전화 번호 변경,Y,Y,Y
VOC02297,계속 로그인에 실패합니다,[에러코드] 메시지가 표시되면서 앱에 접속할 수 없습니다.,회원,로그인,S004,로그인 오류,Y,Y,Y
VOC08603,증권 정보 수정 문의,앱에 표시된 계약자명이 [이름]으로 되어 있는데 실제 정보와 다릅니다.,보험,계약정보,S013,계약정보 불일치,Y,Y,Y
VOC00916,운전 후 포인트 반영 시간 문의 처리 방법을 안내해주세요.,주행 후 몇 시간이 지났는데 아직 적립 대기 상태입니다. 처리 방법을 안내해주세요.,포인트,적립,S002,주행 포인트 적립 지연,Y,Y,Y
VOC04861,앱 차량정보 수정 문의,기존 차량 [기존차량번호]에서 새 차량 [새차량번호]로 변경했습니다.,차량,차량정보,S008,차량정보 변경,Y,Y,Y
VOC04658,보험료 할인이 반영됐나요,갱신 계약에 주행분석 할인 혜택이 반영되는지 문의드립니다. 처리 방법을 안내해주세요. 현재 화면에서 직접 수정할 수 없습니다.,보험,할인,S007,보험료 할인 적용 문의,Y,Y,Y
VOC06022,잘못 차감된 포인트 문의,사용한 적이 없는데 [차감금액] 포인트가 차감된 것으로 표시됩니다.,포인트,차감,S010,포인트 오차감,Y,Y,Y
VOC00532,주행 포인트가 적립되지 않았습니다,주행 조건을 충족한 것으로 보이는데 포인트가 0으로 표시됩니다. 현재 화면에서 직접 수정할 수 없습니다.,포인트,적립,S001,주행 포인트 미적립,Y,Y,Y
VOC00651,주행 포인트가 적립되지 않았습니다,지난 주행 건에 대한 포인트를 받지 못했습니다. 확인 부탁드립니다.,포인트,적립,S001,주행 포인트 미적립,Y,Y,Y
VOC02678,새 비밀번호 등록 문의,비밀번호 변경 절차와 조건을 안내해주세요. 이전에 정상적으로 이용한 적이 있습니다.,회원,계정관리,S005,비밀번호 재설정,Y,Y,Y
VOC08428,보험 계약자 정보 오류,계약 기간과 보험료 정보가 가입 당시 안내와 다르게 표시됩니다. 현재 화면에서 직접 수정할 수 없습니다.,보험,계약정보,S013,계약정보 불일치,Y,Y,Y
VOC04722,앱 차량정보 수정 문의,차량번호 변경 후 주행 서비스 연결 방법을 문의드립니다.,차량,차량정보,S008,차량정보 변경,Y,Y,Y
VOC04155,계약 할인 적용 상태 문의 확인 부탁드립니다.,안전운전 점수와 보험료 할인 적용 기준을 안내해주세요. 앱을 다시 실행해도 같은 상태입니다.,보험,할인,S007,보험료 할인 적용 문의,Y,Y,Y
VOC03716,주행 데이터가 반영되지 않았어요,[날짜]에 [출발지]-[도착지] 구간을 운전했는데 앱에서 기록이 보이지 않습니다. 필요한 확인 항목이 있다면 안내 부탁드립니다.,주행,주행기록,S006,주행기록 미반영,Y,Y,Y
VOC01184,포인트 반영이 늦어지고 있습니다,[시간]에 주행을 종료했습니다. 포인트 반영 예정 시간을 알고 싶습니다.,포인트,적립,S002,주행 포인트 적립 지연,Y,Y,Y
VOC02105,아이디 입력 후 접속 오류,아이디와 비밀번호를 입력해도 로그인 오류가 발생합니다.,회원,로그인,S004,로그인 오류,Y,Y,Y
VOC00278,포인트가 누락된 것 같습니다 앱에서 확인이 어려워 문의드립니다.,운전 기록은 정상적으로 보이지만 포인트가 들어오지 않았습니다. 확인 부탁드립니다.,포인트,적립,S001,주행 포인트 미적립,Y,Y,Y
VOC02772,비밀번호를 재설정하고 싶습니다 빠른 확인 요청드립니다.,비밀번호가 기억나지 않아 재설정하려고 합니다.,회원,계정관리,S005,비밀번호 재설정,Y,Y,Y
VOC05209,등록 차량 변경 요청,차량번호 변경 후 주행 서비스 연결 방법을 확인 요청드립니다. 확인 부탁드립니다. 앱을 다시 실행해도 같은 상태입니다.,차량,차량정보,S008,차량정보 변경,Y,Y,Y
VOC06147,포인트 잔액 오류,사용한 적이 없는데 [차감금액] 포인트가 차감된 것으로 표시됩니다.,포인트,차감,S010,포인트 오차감,Y,Y,Y
VOC04845,등록 차량 변경 요청,기존 차량을 삭제하고 새 차량을 등록하는 방법을 알려주세요. 이전에 정상적으로 이용한 적이 있습니다.,차량,차량정보,S008,차량정보 변경,Y,Y,Y
VOC00569,운전했는데 포인트가 안 들어왔어요,지난 주행 건에 대한 포인트를 받지 못했습니다. 확인 부탁드립니다. 빠른 확인 요청드립니다.,포인트,적립,S001,주행 포인트 미적립,Y,Y,Y
VOC03510,주행기록이 보이지 않습니다,주행 종료 후에도 거리와 시간이 0으로 표시됩니다.,주행,주행기록,S006,주행기록 미반영,Y,Y,Y
VOC05855,가입 정보 삭제 요청,더 이상 서비스를 이용하지 않아 회원 탈퇴를 진행하고 싶습니다. 동일 현상이 반복되고 있습니다.,회원,계정관리,S009,회원 탈퇴,Y,Y,Y
VOC04842,차량을 변경했습니다 확인 부탁드립니다.,보험 계약 차량은 변경됐는데 앱에는 이전 차량이 표시됩니다.,차량,차량정보,S008,차량정보 변경,Y,Y,Y
VOC05685,서비스 계정을 삭제하고 싶어요 처리 방법을 안내해주세요.,회원 탈퇴 시 남은 포인트와 주행기록이 어떻게 처리되는지 궁금합니다.,회원,계정관리,S009,회원 탈퇴,Y,Y,Y
VOC08210,증권 정보 수정 문의 처리 방법을 안내해주세요.,갱신한 계약이 앱에서 이전 계약으로 보입니다.,보험,계약정보,S013,계약정보 불일치,Y,Y,Y
VOC00802,포인트가 아직 처리되지 않았어요,주행 후 몇 시간이 지났는데 아직 적립 대기 상태입니다.,포인트,적립,S002,주행 포인트 적립 지연,Y,Y,Y
VOC08921,회원정보의 전화번호가 다릅니다 빠른 확인 요청드립니다.,새 번호로 본인 인증을 진행하는 방법을 알려주세요. 동일 현상이 반복되고 있습니다.,회원,회원정보,S014,휴대전화 번호 변경,Y,Y,Y
VOC07405,사고 접수 후 연락이 없습니다,사고 접수 이후 진행 상황 안내를 받지 못했습니다. 앱을 다시 실행해도 같은 상태입니다.,사고,처리현황,S012,사고 처리 진행 문의,Y,Y,Y
VOC05018,새 차량으로 바꾸고 싶어요,보험 계약 차량은 변경됐는데 앱에는 이전 차량이 표시됩니다. 빠른 확인 요청드립니다.,차량,차량정보,S008,차량정보 변경,Y,Y,Y
VOC09309,회원정보의 전화번호가 다릅니다,번호 변경 후 로그인 인증 문자가 이전 번호로 발송됩니다. 앱을 다시 실행해도 같은 상태입니다.,회원,회원정보,S014,휴대전화 번호 변경,Y,Y,Y
VOC06844,앱 실행 중 오류가 발생합니다,앱을 열면 흰 화면만 보이고 아무 기능도 사용할 수 없습니다. 처리 방법을 안내해주세요.,앱,오류,S011,앱 실행 오류,Y,Y,Y
VOC04689,등록 차량 변경 요청 관련 기준도 함께 알려주세요.,차량번호 변경 후 주행 서비스 연결 방법을 문의드립니다.,차량,차량정보,S008,차량정보 변경,Y,Y,Y
VOC03765,최근 주행기록 누락 문의 확인 부탁드립니다.,차량은 정상적으로 운행했는데 주행 데이터가 수집되지 않은 것 같습니다. 필요한 확인 항목이 있다면 안내 부탁드립니다.,주행,주행기록,S006,주행기록 미반영,Y,Y,Y
VOC06292,포인트 차감 내역이 이상합니다 처리 방법을 안내해주세요.,결제를 취소했는데 차감된 포인트가 복구되지 않았습니다. 이전에 정상적으로 이용한 적이 있습니다.,포인트,차감,S010,포인트 오차감,Y,Y,Y
VOC01748,적립 포인트는 어디서 쓰나요 관련 기준도 함께 알려주세요.,적립된 포인트의 사용처와 사용 절차를 안내 부탁드립니다.,포인트,사용,S003,포인트 사용처 문의,Y,Y,Y
VOC04443,주행점수 할인 확인 요청,증권번호 [증권번호] 계약에 안전운전 할인이 적용됐는지 확인하고 싶습니다. 빠른 확인 요청드립니다.,보험,할인,S007,보험료 할인 적용 문의,Y,Y,Y
VOC01395,보유 포인트 사용 방법,보험료 결제 외에도 포인트를 사용할 수 있는 곳이 있나요? 앱을 다시 실행해도 같은 상태입니다.,포인트,사용,S003,포인트 사용처 문의,Y,Y,Y
VOC00432,주행 포인트가 적립되지 않았습니다,운전 기록은 정상적으로 보이지만 포인트가 들어오지 않았습니다.,포인트,적립,S001,주행 포인트 미적립,Y,Y,Y
VOC09182,휴대전화 번호를 변경하고 싶습니다 빠른 확인 요청드립니다.,휴대전화 번호를 바꿨는데 앱 회원정보에는 이전 번호가 표시됩니다.,회원,회원정보,S014,휴대전화 번호 변경,Y,Y,Y
VOC07245,앱이 계속 종료됩니다,재설치 후에도 동일하게 앱이 강제 종료됩니다.,앱,오류,S011,앱 실행 오류,Y,Y,Y
VOC00229,포인트가 누락된 것 같습니다,지난 주행 건에 대한 포인트를 받지 못했습니다. 확인 부탁드립니다. 이전에 정상적으로 이용한 적이 있습니다.,포인트,적립,S001,주행 포인트 미적립,Y,Y,Y
VOC01256,주행 포인트는 언제 들어오나요,[접수시간]에 주행을 종료했습니다. 포인트 반영 예정 시간을 알고 싶습니다.,포인트,적립,S002,주행 포인트 적립 지연,Y,Y,Y
VOC07385,사건번호 처리 상태 확인,제출한 서류가 정상적으로 접수됐는지 알고 싶습니다.,사고,처리현황,S012,사고 처리 진행 문의,Y,Y,Y
VOC07255,앱이 계속 종료됩니다 앱에서 확인이 어려워 문의드립니다.,특정 메뉴에 들어가면 화면이 멈추는 현상이 반복됩니다.,앱,오류,S011,앱 실행 오류,Y,Y,Y
VOC03842,주행 데이터가 반영되지 않았어요,해당 시간대의 운전 내역이 누락되어 확인 요청드립니다.,주행,주행기록,S006,주행기록 미반영,Y,Y,Y
VOC08532,앱의 계약 내용이 맞지 않아요,증권번호 [계약번호]의 차량정보가 현재 차량과 일치하지 않습니다.,보험,계약정보,S013,계약정보 불일치,Y,Y,Y
VOC07742,사고 처리 진행 상황 문의,사건번호 [사건번호]와 관련해 현재 처리 단계를 확인하고 싶습니다. 관련 기준도 함께 알려주세요. 앱을 다시 실행해도 같은 상태입니다.,사고,처리현황,S012,사고 처리 진행 문의,Y,Y,Y
VOC04839,등록 차량 변경 요청 처리 방법을 안내해주세요.,기존 차량 [기존차량번호]에서 새 차량 [새차량번호]로 변경했습니다.,차량,차량정보,S008,차량정보 변경,Y,Y,Y
VOC02273,로그인 화면에서 넘어가지 않아요,여러 번 시도했지만 인증 후 다시 로그인 화면으로 돌아옵니다.,회원,로그인,S004,로그인 오류,Y,Y,Y
VOC04113,주행점수 할인 확인 요청,갱신 계약에 주행분석 할인 혜택이 반영되는지 문의드립니다.,보험,할인,S007,보험료 할인 적용 문의,Y,Y,Y
VOC03683,운전한 내역이 앱에 없습니다,차량은 정상적으로 운행했는데 주행 데이터가 수집되지 않은 것 같습니다.,주행,주행기록,S006,주행기록 미반영,Y,Y,Y
VOC01794,포인트를 사용할 수 있는 곳,현재 보유한 포인트를 어디에서 사용할 수 있는지 알려주세요. 관련 기준도 함께 알려주세요.,포인트,사용,S003,포인트 사용처 문의,Y,Y,Y
VOC04458,안전운전 할인 적용 여부 문의,갱신 계약에 주행분석 할인 혜택이 반영되는지 문의드립니다. 이전에 정상적으로 이용한 적이 있습니다.,보험,할인,S007,보험료 할인 적용 문의,Y,Y,Y
VOC04700,앱 차량정보 수정 문의,차량번호 변경 후 주행 서비스 연결 방법을 문의드립니다.,차량,차량정보,S008,차량정보 변경,Y,Y,Y
VOC06607,사용하지 않은 포인트가 차감됐어요,결제를 취소했는데 차감된 포인트가 복구되지 않았습니다.,포인트,차감,S010,포인트 오차감,Y,Y,Y
VOC06364,잘못 차감된 포인트 문의,포인트 내역에 알 수 없는 차감 기록이 있습니다. 빠른 확인 요청드립니다. 필요한 확인 항목이 있다면 안내 부탁드립니다.,포인트,차감,S010,포인트 오차감,Y,Y,Y
VOC09424,주행 포인트 산정 방법 문의 앱에서 확인이 어려워 문의드립니다.,포인트 지급 대상과 제외 조건을 자세히 안내해주세요. 처리 방법을 안내해주세요.,포인트,적립기준,S015,포인트 적립 기준 문의,Y,Y,Y
VOC09191,기존 전화번호 변경 문의,기존 번호 [기존전화번호]에서 새 번호 [새전화번호]로 변경하고 싶습니다. 현재 화면에서 직접 수정할 수 없습니다.,회원,회원정보,S014,휴대전화 번호 변경,Y,Y,Y
VOC05999,더 이상 서비스를 이용하지 않습니다 빠른 확인 요청드립니다.,회원 탈퇴 시 남은 포인트와 주행기록이 어떻게 처리되는지 궁금합니다.,회원,계정관리,S009,회원 탈퇴,Y,Y,Y
VOC00225,주행 후 포인트가 없습니다 확인 부탁드립니다.,[출발지]에서 [도착지]까지 구간을 운전했는데 적립 내역이 확인되지 않습니다. 처리 방법을 안내해주세요. 앱을 다시 실행해도 같은 상태입니다.,포인트,적립,S001,주행 포인트 미적립,Y,Y,Y
VOC06667,포인트가 갑자기 줄었습니다,어제 확인한 잔액과 오늘 잔액이 달라서 문의드립니다.,포인트,차감,S010,포인트 오차감,Y,Y,Y
VOC00416,주행 포인트가 적립되지 않았습니다 확인 부탁드립니다.,[출발지]에서 [도착지]까지 구간을 운전했는데 적립 내역이 확인되지 않습니다. 처리 방법을 안내해주세요.,포인트,적립,S001,주행 포인트 미적립,Y,Y,Y
VOC08148,보험 계약자 정보 오류,보험 계약 정보 중 일부 항목이 잘못되어 수정 요청드립니다.,보험,계약정보,S013,계약정보 불일치,Y,Y,Y
VOC07753,접수한 사고는 어떻게 진행되고 있나요 앱에서 확인이 어려워 문의드립니다.,사고 접수 이후 진행 상황 안내를 받지 못했습니다.,사고,처리현황,S012,사고 처리 진행 문의,Y,Y,Y
VOC08402,계약정보가 다르게 표시됩니다,보험 계약 정보 중 일부 항목이 잘못되어 수정 요청드립니다. 관련 기준도 함께 알려주세요.,보험,계약정보,S013,계약정보 불일치,Y,Y,Y
VOC08848,회원정보의 전화번호가 다릅니다,번호 변경 후 로그인 인증 문자가 이전 번호로 발송됩니다. 처리 방법을 안내해주세요. 현재 화면에서 직접 수정할 수 없습니다.,회원,회원정보,S014,휴대전화 번호 변경,Y,Y,Y
VOC00456,주행 포인트가 적립되지 않았습니다 관련 기준도 함께 알려주세요.,[접수일]에 주행을 완료했는데 포인트가 아직 적립되지 않았습니다.,포인트,적립,S001,주행 포인트 미적립,Y,Y,Y
VOC08610,보험 계약자 정보 오류 처리 방법을 안내해주세요.,계약 기간과 보험료 정보가 가입 당시 안내와 다르게 표시됩니다.,보험,계약정보,S013,계약정보 불일치,Y,Y,Y
VOC01520,포인트 사용처가 궁금합니다 확인 부탁드립니다.,앱에 [차감금액] 포인트가 있는데 사용 가능한 항목을 확인하고 싶습니다. 현재 화면에서 직접 수정할 수 없습니다.,포인트,사용,S003,포인트 사용처 문의,Y,Y,Y
VOC01921,포인트를 사용할 수 있는 곳 확인 부탁드립니다.,앱에 [금액] 포인트가 있는데 사용 가능한 항목을 확인하고 싶습니다.,포인트,사용,S003,포인트 사용처 문의,Y,Y,Y
VOC07766,접수한 사고는 어떻게 진행되고 있나요,제출한 서류가 정상적으로 접수됐는지 알고 싶습니다. 빠른 확인 요청드립니다.,사고,처리현황,S012,사고 처리 진행 문의,Y,Y,Y
VOC00164,포인트가 누락된 것 같습니다,지난 주행 건에 대한 포인트를 받지 못했습니다. 확인 부탁드립니다. 확인 부탁드립니다. 동일 현상이 반복되고 있습니다.,포인트,적립,S001,주행 포인트 미적립,Y,Y,Y
VOC08683,회원정보의 전화번호가 다릅니다,새 번호로 본인 인증을 진행하는 방법을 확인 부탁드립니다. 앱에서 확인이 어려워 문의드립니다. 앱을 다시 실행해도 같은 상태입니다.,회원,회원정보,S014,휴대전화 번호 변경,Y,Y,Y
VOC07339,보상 처리 단계 문의,제출한 서류가 정상적으로 접수됐는지 알고 싶습니다.,사고,처리현황,S012,사고 처리 진행 문의,Y,Y,Y
VOC06846,서비스 실행 불가 문의,앱을 실행하면 [에러코드] 오류가 표시되고 바로 종료됩니다.,앱,오류,S011,앱 실행 오류,Y,Y,Y
VOC01747,적립 포인트는 어디서 쓰나요,앱에 [차감금액] 포인트가 있는데 사용 가능한 항목을 확인하고 싶습니다. 빠른 확인 요청드립니다.,포인트,사용,S003,포인트 사용처 문의,Y,Y,Y
VOC05684,가입 정보 삭제 요청,회원 탈퇴 시 남은 포인트와 주행기록이 어떻게 처리되는지 궁금합니다. 확인 부탁드립니다. 이전에 정상적으로 이용한 적이 있습니다.,회원,계정관리,S009,회원 탈퇴,Y,Y,Y
VOC03557,최근 주행기록 누락 문의,해당 시간대의 운전 내역이 누락되어 확인 요청드립니다. 확인 부탁드립니다.,주행,주행기록,S006,주행기록 미반영,Y,Y,Y
VOC08614,보험 계약자 정보 오류,앱에 표시된 계약자명이 [이름]으로 되어 있는데 실제 정보와 다릅니다.,보험,계약정보,S013,계약정보 불일치,Y,Y,Y
VOC02153,계속 로그인에 실패합니다 앱에서 확인이 어려워 문의드립니다.,[오류코드] 메시지가 표시되면서 앱에 접속할 수 없습니다. 동일 현상이 반복되고 있습니다.,회원,로그인,S004,로그인 오류,Y,Y,Y
VOC00938,운전 후 포인트 반영 시간 문의,오늘 주행을 마쳤는데 포인트가 아직 반영되지 않았습니다. 보통 얼마나 걸리나요? 처리 방법을 안내해주세요. 앱을 다시 실행해도 같은 상태입니다.,포인트,적립,S002,주행 포인트 적립 지연,Y,Y,Y
VOC08923,회원정보의 전화번호가 다릅니다,휴대전화 번호를 바꿨는데 앱 회원정보에는 이전 번호가 표시됩니다. 앱을 다시 실행해도 같은 상태입니다.,회원,회원정보,S014,휴대전화 번호 변경,Y,Y,Y
VOC01652,포인트를 사용할 수 있는 곳,포인트 사용 가능한 서비스와 제한 조건이 궁금합니다. 동일 현상이 반복되고 있습니다.,포인트,사용,S003,포인트 사용처 문의,Y,Y,Y
VOC09499,포인트 지급 조건 안내 요청,주행거리와 운전점수에 따라 포인트가 어떻게 산정되는지 알고 싶습니다.,포인트,적립기준,S015,포인트 적립 기준 문의,Y,Y,Y
VOC05417,서비스 계정을 삭제하고 싶어요,더 이상 서비스를 이용하지 않아 회원 탈퇴를 진행하고 싶습니다.,회원,계정관리,S009,회원 탈퇴,Y,Y,Y
VOC01571,보유 포인트 사용 방법,적립된 포인트의 사용처와 사용 절차를 안내 부탁드립니다.,포인트,사용,S003,포인트 사용처 문의,Y,Y,Y
VOC08845,기존 전화번호 변경 문의 확인 부탁드립니다.,새 번호로 본인 인증을 진행하는 방법을 알려주세요. 필요한 확인 항목이 있다면 안내 부탁드립니다.,회원,회원정보,S014,휴대전화 번호 변경,Y,Y,Y
VOC09203,기존 전화번호 변경 문의,등록된 연락처가 실제 사용하는 번호와 달라 수정 요청드립니다.,회원,회원정보,S014,휴대전화 번호 변경,Y,Y,Y
VOC07068,서비스 실행 불가 문의 앱에서 확인이 어려워 문의드립니다.,앱을 열면 흰 화면만 보이고 아무 기능도 사용할 수 없습니다. 빠른 확인 요청드립니다.,앱,오류,S011,앱 실행 오류,Y,Y,Y
VOC06390,잘못 차감된 포인트 문의,어제 확인한 잔액과 오늘 잔액이 달라서 문의드립니다. 이전에 정상적으로 이용한 적이 있습니다.,포인트,차감,S010,포인트 오차감,Y,Y,Y
VOC07981,사고 접수 후 연락이 없습니다,제출한 서류가 정상적으로 접수됐는지 알고 싶습니다.,사고,처리현황,S012,사고 처리 진행 문의,Y,Y,Y
VOC00733,운전 후 포인트 반영 시간 문의,"포인트가 바로 들어오는지, 일정 시간이 필요한지 문의드립니다. 동일 현상이 반복되고 있습니다.",포인트,적립,S002,주행 포인트 적립 지연,Y,Y,Y
VOC07835,사고 접수 후 연락이 없습니다,[주행일]에 접수한 사고의 담당자 배정 여부가 확인하고 싶습니다. 이전에 정상적으로 이용한 적이 있습니다.,사고,처리현황,S012,사고 처리 진행 문의,Y,Y,Y
VOC07464,사건번호 처리 상태 확인,사고 접수 이후 진행 상황 안내를 받지 못했습니다.,사고,처리현황,S012,사고 처리 진행 문의,Y,Y,Y
VOC09887,운전점수와 포인트 관계 앱에서 확인이 어려워 문의드립니다.,짧은 거리 주행도 포인트 적립 대상인지 확인 요청드립니다. 처리 방법을 안내해주세요.,포인트,적립기준,S015,포인트 적립 기준 문의,Y,Y,Y
VOC06934,업데이트 후 앱이 열리지 않아요,특정 메뉴에 들어가면 화면이 멈추는 현상이 반복됩니다. 처리 방법을 안내해주세요.,앱,오류,S011,앱 실행 오류,Y,Y,Y
VOC05746,더 이상 서비스를 이용하지 않습니다,계정과 저장된 개인정보를 삭제하는 절차를 알려주세요. 이전에 정상적으로 이용한 적이 있습니다.,회원,계정관리,S009,회원 탈퇴,Y,Y,Y
VOC09068,등록 연락처 수정 요청,번호 변경 후 로그인 인증 문자가 이전 번호로 발송됩니다. 처리 방법을 안내해주세요.,회원,회원정보,S014,휴대전화 번호 변경,Y,Y,Y
VOC01209,주행 포인트는 언제 들어오나요,오늘 주행을 마쳤는데 포인트가 아직 반영되지 않았습니다. 보통 얼마나 걸리나요?,포인트,적립,S002,주행 포인트 적립 지연,Y,Y,Y
VOC08548,증권 정보 수정 문의,갱신한 계약이 앱에서 이전 계약으로 보입니다. 처리 방법을 안내해주세요.,보험,계약정보,S013,계약정보 불일치,Y,Y,Y
VOC04319,보험료 할인 혜택이 안내받고 싶습니다,앱에는 할인 대상이라고 나오는데 실제 보험료에 적용됐는지 알고 싶습니다.,보험,할인,S007,보험료 할인 적용 문의,Y,Y,Y
VOC01920,포인트 사용처가 궁금합니다 확인 부탁드립니다.,포인트 사용 가능한 서비스와 제한 조건이 궁금합니다. 이전에 정상적으로 이용한 적이 있습니다.,포인트,사용,S003,포인트 사용처 문의,Y,Y,Y
VOC04007,계약 할인 적용 상태 문의,증권번호 [계약번호] 계약에 안전운전 할인이 적용됐는지 확인하고 싶습니다.,보험,할인,S007,보험료 할인 적용 문의,Y,Y,Y
VOC03357,최근 주행기록 누락 문의,[접수일]에 [출발지]-[도착지] 구간을 운전했는데 앱에서 기록이 보이지 않습니다.,주행,주행기록,S006,주행기록 미반영,Y,Y,Y
VOC01726,포인트 사용 가능 서비스 문의 관련 기준도 함께 알려주세요.,적립된 포인트의 사용처와 사용 절차를 안내 부탁드립니다. 확인 부탁드립니다.,포인트,사용,S003,포인트 사용처 문의,Y,Y,Y
VOC05848,더 이상 서비스를 이용하지 않습니다,본인 인증 후 탈퇴가 완료되지 않아 확인 부탁드립니다. 현재 화면에서 직접 수정할 수 없습니다.,회원,계정관리,S009,회원 탈퇴,Y,Y,Y
VOC01621,포인트 사용처가 확인하고 싶습니다 처리 방법을 안내해주세요.,현재 보유한 포인트를 어디에서 사용할 수 있는지 안내 부탁드립니다. 관련 기준도 함께 알려주세요.,포인트,사용,S003,포인트 사용처 문의,Y,Y,Y
VOC01051,포인트가 아직 처리되지 않았어요 앱에서 확인이 어려워 문의드립니다.,방금 운전한 기록은 보이는데 포인트는 처리 중으로 표시됩니다. 이전에 정상적으로 이용한 적이 있습니다.,포인트,적립,S002,주행 포인트 적립 지연,Y,Y,Y
VOC08311,계약정보가 다르게 표시됩니다,앱에 표시된 계약자명이 [계약자명]으로 되어 있는데 실제 정보와 다릅니다. 관련 기준도 함께 알려주세요.,보험,계약정보,S013,계약정보 불일치,Y,Y,Y
VOC05277,앱 차량정보 수정 문의,기존 차량을 삭제하고 새 차량을 등록하는 방법을 알려주세요.,차량,차량정보,S008,차량정보 변경,Y,Y,Y
VOC09233,휴대전화 번호를 변경하고 싶습니다,새 번호로 본인 인증을 진행하는 방법을 알려주세요.,회원,회원정보,S014,휴대전화 번호 변경,Y,Y,Y
VOC08526,보험 계약자 정보 오류,앱에 표시된 계약자명이 [이름]으로 되어 있는데 실제 정보와 다릅니다. 동일 현상이 반복되고 있습니다.,보험,계약정보,S013,계약정보 불일치,Y,Y,Y
VOC06163,포인트가 갑자기 줄었습니다 처리 방법을 안내해주세요.,어제 확인한 잔액과 오늘 잔액이 달라서 문의드립니다. 동일 현상이 반복되고 있습니다.,포인트,차감,S010,포인트 오차감,Y,Y,Y
VOC01286,포인트 반영이 늦어지고 있습니다,오늘 주행을 마쳤는데 포인트가 아직 반영되지 않았습니다. 보통 얼마나 걸리나요? 앱을 다시 실행해도 같은 상태입니다.,포인트,적립,S002,주행 포인트 적립 지연,Y,Y,Y
VOC09533,어떤 주행이 포인트 대상인가요,짧은 거리 주행도 포인트 적립 대상인지 문의드립니다.,포인트,적립기준,S015,포인트 적립 기준 문의,Y,Y,Y
VOC07677,사고 처리 진행 상황 문의,사건번호 [사고접수번호]와 관련해 현재 처리 단계를 확인하고 싶습니다.,사고,처리현황,S012,사고 처리 진행 문의,Y,Y,Y
VOC05530,가입 정보 삭제 요청 관련 기준도 함께 알려주세요.,회원 탈퇴 시 남은 포인트와 주행기록이 어떻게 처리되는지 궁금합니다.,회원,계정관리,S009,회원 탈퇴,Y,Y,Y
VOC07718,보상 처리 단계 문의,사고 접수 이후 진행 상황 안내를 받지 못했습니다. 필요한 확인 항목이 있다면 안내 부탁드립니다.,사고,처리현황,S012,사고 처리 진행 문의,Y,Y,Y
VOC00920,주행 포인트는 언제 들어오나요,주행 후 몇 시간이 지났는데 아직 적립 대기 상태입니다.,포인트,적립,S002,주행 포인트 적립 지연,Y,Y,Y
VOC07198,업데이트 후 앱이 열리지 않아요,앱을 실행하면 [에러코드] 오류가 표시되고 바로 종료됩니다. 처리 방법을 안내해주세요. 이전에 정상적으로 이용한 적이 있습니다.,앱,오류,S011,앱 실행 오류,Y,Y,Y
VOC01575,포인트 사용처가 궁금합니다,앱에 [금액] 포인트가 있는데 사용 가능한 항목을 확인하고 싶습니다.,포인트,사용,S003,포인트 사용처 문의,Y,Y,Y
VOC05549,가입 정보 삭제 요청,더 이상 서비스를 이용하지 않아 회원 탈퇴를 진행하고 싶습니다.,회원,계정관리,S009,회원 탈퇴,Y,Y,Y
VOC04769,등록 차량 변경 요청 관련 기준도 함께 알려주세요.,보험 계약 차량은 변경됐는데 앱에는 이전 차량이 표시됩니다. 빠른 확인 요청드립니다.,차량,차량정보,S008,차량정보 변경,Y,Y,Y
VOC04525,계약 할인 적용 상태 문의,현재 운전점수 기준으로 받을 수 있는 보험료 할인율이 궁금합니다.,보험,할인,S007,보험료 할인 적용 문의,Y,Y,Y
VOC07259,서비스 실행 불가 문의,재설치 후에도 동일하게 앱이 강제 종료됩니다.,앱,오류,S011,앱 실행 오류,Y,Y,Y
VOC04871,등록 차량 변경 요청 관련 기준도 함께 알려주세요.,기존 차량을 삭제하고 새 차량을 등록하는 방법을 안내 부탁드립니다.,차량,차량정보,S008,차량정보 변경,Y,Y,Y
VOC06966,앱이 계속 종료됩니다,앱을 실행하면 [오류코드] 오류가 표시되고 바로 종료됩니다.,앱,오류,S011,앱 실행 오류,Y,Y,Y
VOC08306,계약 차량 정보 불일치,계약 기간과 보험료 정보가 가입 당시 안내와 다르게 표시됩니다. 관련 기준도 함께 알려주세요.,보험,계약정보,S013,계약정보 불일치,Y,Y,Y
VOC05839,서비스 계정을 삭제하고 싶어요 확인 부탁드립니다.,더 이상 서비스를 이용하지 않아 회원 탈퇴를 진행하고 싶습니다. 필요한 확인 항목이 있다면 안내 부탁드립니다.,회원,계정관리,S009,회원 탈퇴,Y,Y,Y
VOC07296,앱 실행 중 오류가 발생합니다,앱을 열면 흰 화면만 보이고 아무 기능도 사용할 수 없습니다. 관련 기준도 함께 알려주세요.,앱,오류,S011,앱 실행 오류,Y,Y,Y
VOC03974,최근 주행기록 누락 문의,[접수일]에 [주행구간] 구간을 운전했는데 앱에서 기록이 보이지 않습니다.,주행,주행기록,S006,주행기록 미반영,Y,Y,Y
VOC04944,등록 차량 변경 요청 확인 부탁드립니다.,기존 차량을 삭제하고 새 차량을 등록하는 방법을 알려주세요.,차량,차량정보,S008,차량정보 변경,Y,Y,Y
VOC04596,주행점수 할인 확인 요청,현재 운전점수 기준으로 받을 수 있는 보험료 할인율이 궁금합니다.,보험,할인,S007,보험료 할인 적용 문의,Y,Y,Y
VOC05759,더 이상 서비스를 이용하지 않습니다,더 이상 서비스를 이용하지 않아 회원 탈퇴를 진행하고 싶습니다.,회원,계정관리,S009,회원 탈퇴,Y,Y,Y
VOC05644,회원 탈퇴를 요청합니다 앱에서 확인이 어려워 문의드립니다.,본인 인증 후 탈퇴가 완료되지 않아 확인 부탁드립니다.,회원,계정관리,S009,회원 탈퇴,Y,Y,Y
VOC05021,앱 차량정보 수정 문의 관련 기준도 함께 알려주세요.,차량을 교체해서 앱의 등록 정보를 수정하고 싶습니다.,차량,차량정보,S008,차량정보 변경,Y,Y,Y
VOC03697,앱에서 운전 기록 확인 불가 처리 방법을 안내해주세요.,해당 시간대의 운전 내역이 누락되어 확인 요청드립니다.,주행,주행기록,S006,주행기록 미반영,Y,Y,Y
VOC08031,앱의 계약 내용이 맞지 않아요,앱에 표시된 계약자명이 [계약자명]으로 되어 있는데 실제 정보와 다릅니다.,보험,계약정보,S013,계약정보 불일치,Y,Y,Y
VOC04199,보험료 할인 혜택이 궁금합니다,안전운전 점수와 보험료 할인 적용 기준을 안내해주세요.,보험,할인,S007,보험료 할인 적용 문의,Y,Y,Y
VOC03331,비밀번호 찾기 인증 오류,비밀번호가 기억나지 않아 재설정하려고 합니다.,회원,계정관리,S005,비밀번호 재설정,Y,Y,Y
VOC07056,업데이트 후 앱이 열리지 않아요,앱을 실행하면 [오류코드] 오류가 표시되고 바로 종료됩니다. 앱에서 확인이 어려워 문의드립니다.,앱,오류,S011,앱 실행 오류,Y,Y,Y
VOC00429,주행 포인트 미적립 문의,[접수일]에 주행을 완료했는데 포인트가 아직 적립되지 않았습니다.,포인트,적립,S001,주행 포인트 미적립,Y,Y,Y
VOC06425,사용하지 않은 포인트가 차감됐어요 관련 기준도 함께 알려주세요.,포인트 내역에 알 수 없는 차감 기록이 있습니다. 확인 부탁드립니다.,포인트,차감,S010,포인트 오차감,Y,Y,Y
VOC09076,등록 연락처 수정 요청,휴대전화 번호를 바꿨는데 앱 회원정보에는 이전 번호가 표시됩니다.,회원,회원정보,S014,휴대전화 번호 변경,Y,Y,Y
VOC01745,보유 포인트 사용 방법,포인트 사용 가능한 서비스와 제한 조건이 확인하고 싶습니다.,포인트,사용,S003,포인트 사용처 문의,Y,Y,Y
VOC09026,기존 전화번호 변경 문의,휴대전화 번호를 바꿨는데 앱 회원정보에는 이전 번호가 표시됩니다.,회원,회원정보,S014,휴대전화 번호 변경,Y,Y,Y
VOC06638,포인트가 갑자기 줄었습니다,포인트 내역에 알 수 없는 차감 기록이 있습니다.,포인트,차감,S010,포인트 오차감,Y,Y,Y
VOC08406,보험 계약자 정보 오류,보험 계약 정보 중 일부 항목이 잘못되어 수정 요청드립니다. 확인 부탁드립니다.,보험,계약정보,S013,계약정보 불일치,Y,Y,Y
VOC05218,기존 차량 삭제 후 신규 등록,기존 차량을 삭제하고 새 차량을 등록하는 방법을 알려주세요. 현재 화면에서 직접 수정할 수 없습니다.,차량,차량정보,S008,차량정보 변경,Y,Y,Y
VOC06077,사용하지 않은 포인트가 차감됐어요,어제 확인한 잔액과 오늘 잔액이 달라서 문의합니다. 확인 부탁드립니다.,포인트,차감,S010,포인트 오차감,Y,Y,Y
VOC06004,포인트 잔액 오류,사용한 적이 없는데 [금액] 포인트가 차감된 것으로 표시됩니다.,포인트,차감,S010,포인트 오차감,Y,Y,Y
VOC09802,주행 포인트 산정 방법 문의 처리 방법을 안내해주세요.,급가속이나 급감속 기록이 포인트 적립에 영향을 주나요?,포인트,적립기준,S015,포인트 적립 기준 문의,Y,Y,Y
VOC02732,비밀번호 찾기 인증 오류,새 비밀번호를 입력했지만 변경이 완료되지 않습니다.,회원,계정관리,S005,비밀번호 재설정,Y,Y,Y
VOC00663,운전했는데 포인트가 안 들어왔어요 처리 방법을 안내해주세요.,[주행구간] 구간을 운전했는데 적립 내역이 확인안 됩니다.,포인트,적립,S001,주행 포인트 미적립,Y,Y,Y
VOC04491,보험료 할인이 반영됐나요,현재 운전점수 기준으로 받을 수 있는 보험료 할인율이 안내받고 싶습니다.,보험,할인,S007,보험료 할인 적용 문의,Y,Y,Y
VOC03362,운전한 내역이 앱에 없습니다 앱에서 확인이 어려워 문의드립니다.,해당 시간대의 운전 내역이 누락되어 확인 요청드립니다. 필요한 확인 항목이 있다면 안내 부탁드립니다.,주행,주행기록,S006,주행기록 미반영,Y,Y,Y
VOC08044,증권 정보 수정 문의,계약 기간과 보험료 정보가 가입 당시 안내와 다르게 표시됩니다. 빠른 확인 요청드립니다.,보험,계약정보,S013,계약정보 불일치,Y,Y,Y
VOC05063,등록 차량 변경 요청 빠른 확인 요청드립니다.,차량번호 변경 후 주행 서비스 연결 방법을 문의드립니다.,차량,차량정보,S008,차량정보 변경,Y,Y,Y
VOC07308,앱 실행 중 오류가 발생합니다,앱을 실행하면 [오류코드] 오류가 표시되고 바로 종료됩니다. 현재 화면에서 직접 수정할 수 없습니다.,앱,오류,S011,앱 실행 오류,Y,Y,Y
VOC09184,등록 연락처 수정 요청,휴대전화 번호를 바꿨는데 앱 회원정보에는 이전 번호가 표시됩니다.,회원,회원정보,S014,휴대전화 번호 변경,Y,Y,Y
VOC07437,사건번호 처리 상태 확인,사건번호 [사고접수번호]와 관련해 현재 처리 단계를 확인하고 싶습니다.,사고,처리현황,S012,사고 처리 진행 문의,Y,Y,Y
VOC01331,포인트가 아직 처리되지 않았어요,주행 후 몇 시간이 지났는데 아직 적립 대기 상태입니다.,포인트,적립,S002,주행 포인트 적립 지연,Y,Y,Y
VOC02692,새 비밀번호 등록 문의,본인 인증 후 비밀번호 재설정 화면으로 이동하지 않습니다. 처리 방법을 안내해주세요. 이전에 정상적으로 이용한 적이 있습니다.,회원,계정관리,S005,비밀번호 재설정,Y,Y,Y
VOC09044,등록 연락처 수정 요청,휴대전화 번호를 바꿨는데 앱 회원정보에는 이전 번호가 표시됩니다.,회원,회원정보,S014,휴대전화 번호 변경,Y,Y,Y
VOC05713,가입 정보 삭제 요청,더 이상 서비스를 이용하지 않아 회원 탈퇴를 진행하고 싶습니다.,회원,계정관리,S009,회원 탈퇴,Y,Y,Y
VOC06118,포인트 차감 내역이 이상합니다,결제를 취소했는데 차감된 포인트가 복구되지 않았습니다.,포인트,차감,S010,포인트 오차감,Y,Y,Y
VOC07639,사고 처리 진행 상황 문의,[접수일]에 접수한 사고의 담당자 배정 여부가 궁금합니다.,사고,처리현황,S012,사고 처리 진행 문의,Y,Y,Y
VOC08847,휴대전화 번호를 변경하고 싶습니다 확인 부탁드립니다.,기존 번호 [기존전화번호]에서 새 번호 [변경전화번호]로 변경하고 싶습니다.,회원,회원정보,S014,휴대전화 번호 변경,Y,Y,Y
VOC03813,앱에서 운전 기록 확인 불가,운전을 완료했지만 최근 주행 목록에 추가되지 않았습니다.,주행,주행기록,S006,주행기록 미반영,Y,Y,Y
VOC01239,포인트 반영이 늦어지고 있습니다 확인 부탁드립니다.,오늘 주행을 마쳤는데 포인트가 아직 반영되지 않았습니다. 보통 얼마나 걸리나요?,포인트,적립,S002,주행 포인트 적립 지연,Y,Y,Y
VOC02961,비밀번호가 기억나지 않아요,비밀번호 변경 절차와 조건을 안내해주세요.,회원,계정관리,S005,비밀번호 재설정,Y,Y,Y
VOC06116,사용하지 않은 포인트가 차감됐어요,어제 확인한 잔액과 오늘 잔액이 달라서 문의드립니다.,포인트,차감,S010,포인트 오차감,Y,Y,Y
VOC02898,비밀번호 변경이 되지 않습니다,비밀번호 변경 절차와 조건을 안내해주세요.,회원,계정관리,S005,비밀번호 재설정,Y,Y,Y
VOC04062,보험료 할인 혜택이 궁금합니다,증권번호 [증권번호] 계약에 안전운전 할인이 적용됐는지 확인하고 싶습니다.,보험,할인,S007,보험료 할인 적용 문의,Y,Y,Y
VOC03764,주행기록이 보이지 않습니다,[접수일]에 [출발지]-[도착지] 구간을 운전했는데 앱에서 기록이 보이지 않습니다.,주행,주행기록,S006,주행기록 미반영,Y,Y,Y
VOC09714,어떤 주행이 포인트 대상인가요,포인트를 받기 위한 최소 주행 조건이 확인하고 싶습니다. 빠른 확인 요청드립니다.,포인트,적립기준,S015,포인트 적립 기준 문의,Y,Y,Y
VOC08861,기존 전화번호 변경 문의,새 번호로 본인 인증을 진행하는 방법을 알려주세요.,회원,회원정보,S014,휴대전화 번호 변경,Y,Y,Y
VOC07353,사건번호 처리 상태 확인,보상 심사가 어느 단계까지 진행됐는지 확인 부탁드립니다.,사고,처리현황,S012,사고 처리 진행 문의,Y,Y,Y
VOC04664,보험료 할인 혜택이 궁금합니다,앱에는 할인 대상이라고 나오는데 실제 보험료에 적용됐는지 알고 싶습니다.,보험,할인,S007,보험료 할인 적용 문의,Y,Y,Y
VOC05600,가입 정보 삭제 요청,계정과 저장된 개인정보를 삭제하는 절차를 알려주세요. 확인 부탁드립니다.,회원,계정관리,S009,회원 탈퇴,Y,Y,Y
VOC07018,업데이트 후 앱이 열리지 않아요 관련 기준도 함께 알려주세요.,특정 메뉴에 들어가면 화면이 멈추는 현상이 반복됩니다. 필요한 확인 항목이 있다면 안내 부탁드립니다.,앱,오류,S011,앱 실행 오류,Y,Y,Y
VOC00401,포인트가 누락된 것 같습니다,[주행구간] 구간을 운전했는데 적립 내역이 확인되지 않습니다.,포인트,적립,S001,주행 포인트 미적립,Y,Y,Y
VOC03264,비밀번호를 재설정하고 싶습니다 앱에서 확인이 어려워 문의드립니다.,본인 인증 후 비밀번호 재설정 화면으로 이동하지 않습니다.,회원,계정관리,S005,비밀번호 재설정,Y,Y,Y
VOC06964,앱 화면이 멈춥니다,재설치 후에도 동일하게 앱이 강제 종료됩니다. 앱을 다시 실행해도 같은 상태입니다.,앱,오류,S011,앱 실행 오류,Y,Y,Y
VOC09112,등록 연락처 수정 요청,번호 변경 후 로그인 인증 문자가 이전 번호로 발송됩니다. 확인 부탁드립니다.,회원,회원정보,S014,휴대전화 번호 변경,Y,Y,Y
VOC03667,최근 주행기록 누락 문의 관련 기준도 함께 알려주세요.,운전을 완료했지만 최근 주행 목록에 추가되지 않았습니다. 이전에 정상적으로 이용한 적이 있습니다.,주행,주행기록,S006,주행기록 미반영,Y,Y,Y
VOC09501,포인트 지급 조건 안내 요청 확인 부탁드립니다.,주행거리와 운전점수에 따라 포인트가 어떻게 산정되는지 알고 싶습니다. 관련 기준도 함께 알려주세요.,포인트,적립기준,S015,포인트 적립 기준 문의,Y,Y,Y
VOC02079,앱 로그인이 되지 않습니다 확인 부탁드립니다.,아이디와 비밀번호를 입력해도 로그인 오류가 발생합니다.,회원,로그인,S004,로그인 오류,Y,Y,Y
VOC06039,잘못 차감된 포인트 문의,결제를 취소했는데 차감된 포인트가 복구되지 않았습니다.,포인트,차감,S010,포인트 오차감,Y,Y,Y
VOC06579,포인트 잔액 오류,사용한 적이 없는데 [금액] 포인트가 차감된 것으로 표시됩니다. 빠른 확인 요청드립니다. 동일 현상이 반복되고 있습니다.,포인트,차감,S010,포인트 오차감,Y,Y,Y
VOC01465,적립 포인트는 어디서 쓰나요,보험료 결제 외에도 포인트를 사용할 수 있는 곳이 있나요?,포인트,사용,S003,포인트 사용처 문의,Y,Y,Y
VOC08151,보험 계약자 정보 오류 관련 기준도 함께 알려주세요.,계약 기간과 보험료 정보가 가입 당시 안내와 다르게 표시됩니다. 현재 화면에서 직접 수정할 수 없습니다.,보험,계약정보,S013,계약정보 불일치,Y,Y,Y
VOC00885,포인트가 아직 처리되지 않았어요,주행 후 몇 시간이 지났는데 아직 적립 대기 상태입니다. 처리 방법을 안내해주세요. 필요한 확인 항목이 있다면 안내 부탁드립니다.,포인트,적립,S002,주행 포인트 적립 지연,Y,Y,Y
VOC07557,사고 처리 진행 상황 문의,보상 심사가 어느 단계까지 진행됐는지 확인 부탁드립니다.,사고,처리현황,S012,사고 처리 진행 문의,Y,Y,Y
VOC05142,앱 차량정보 수정 문의,기존 차량 [차량번호]에서 새 차량 [새차량번호]로 변경했습니다. 앱을 다시 실행해도 같은 상태입니다.,차량,차량정보,S008,차량정보 변경,Y,Y,Y
VOC05313,기존 차량 삭제 후 신규 등록 처리 방법을 안내해주세요.,차량번호 변경 후 주행 서비스 연결 방법을 문의드립니다. 관련 기준도 함께 알려주세요.,차량,차량정보,S008,차량정보 변경,Y,Y,Y
VOC01181,주행 포인트는 언제 들어오나요,방금 운전한 기록은 보이는데 포인트는 처리 중으로 표시됩니다.,포인트,적립,S002,주행 포인트 적립 지연,Y,Y,Y
VOC04575,안전운전 할인 적용 여부 문의,현재 운전점수 기준으로 받을 수 있는 보험료 할인율이 궁금합니다.,보험,할인,S007,보험료 할인 적용 문의,Y,Y,Y
VOC03687,주행기록이 보이지 않습니다,차량은 정상적으로 운행했는데 주행 데이터가 수집되지 않은 것 같습니다. 관련 기준도 함께 알려주세요.,주행,주행기록,S006,주행기록 미반영,Y,Y,Y
VOC04353,안전운전 할인 적용 여부 문의 빠른 확인 요청드립니다.,안전운전 점수와 보험료 할인 적용 기준을 안내해주세요.,보험,할인,S007,보험료 할인 적용 문의,Y,Y,Y
VOC08356,앱의 계약 내용이 맞지 않아요,증권번호 [증권번호]의 차량정보가 현재 차량과 일치하지 않습니다.,보험,계약정보,S013,계약정보 불일치,Y,Y,Y
VOC01041,포인트가 아직 처리되지 않았어요,방금 운전한 기록은 보이는데 포인트는 처리 중으로 표시됩니다. 빠른 확인 요청드립니다.,포인트,적립,S002,주행 포인트 적립 지연,Y,Y,Y
VOC08319,계약 차량 정보 불일치,보험 계약 정보 중 일부 항목이 잘못되어 수정 요청드립니다.,보험,계약정보,S013,계약정보 불일치,Y,Y,Y
VOC00076,운전했는데 포인트가 안 들어왔어요,지난 주행 건에 대한 포인트를 받지 못했습니다. 확인 부탁드립니다. 이전에 정상적으로 이용한 적이 있습니다.,포인트,적립,S001,주행 포인트 미적립,Y,Y,Y
VOC08858,회원정보의 전화번호가 다릅니다 확인 부탁드립니다.,기존 번호 [기존전화번호]에서 새 번호 [변경전화번호]로 변경하고 싶습니다.,회원,회원정보,S014,휴대전화 번호 변경,Y,Y,Y
VOC02555,앱 로그인이 되지 않습니다,[에러코드] 메시지가 표시되면서 앱에 접속할 수 없습니다.,회원,로그인,S004,로그인 오류,Y,Y,Y
VOC09024,회원정보의 전화번호가 다릅니다,새 번호로 본인 인증을 진행하는 방법을 알려주세요. 앱을 다시 실행해도 같은 상태입니다.,회원,회원정보,S014,휴대전화 번호 변경,Y,Y,Y
VOC02767,비밀번호가 기억나지 않아요,비밀번호 찾기 과정에서 [전화번호]로 인증번호가 오지 않습니다.,회원,계정관리,S005,비밀번호 재설정,Y,Y,Y
VOC09303,등록 연락처 수정 요청,등록된 연락처가 실제 사용하는 번호와 달라 수정 요청드립니다. 필요한 확인 항목이 있다면 안내 부탁드립니다.,회원,회원정보,S014,휴대전화 번호 변경,Y,Y,Y
VOC00471,주행 포인트 미적립 문의 처리 방법을 안내해주세요.,주행 조건을 충족한 것으로 보이는데 포인트가 0으로 표시됩니다. 이전에 정상적으로 이용한 적이 있습니다.,포인트,적립,S001,주행 포인트 미적립,Y,Y,Y
VOC06173,포인트가 갑자기 줄었습니다,결제를 취소했는데 차감된 포인트가 복구되지 않았습니다. 관련 기준도 함께 알려주세요. 현재 화면에서 직접 수정할 수 없습니다.,포인트,차감,S010,포인트 오차감,Y,Y,Y
VOC04429,안전운전 할인 적용 여부 문의,안전운전 점수와 보험료 할인 적용 기준을 안내해주세요.,보험,할인,S007,보험료 할인 적용 문의,Y,Y,Y
VOC00547,주행 포인트가 적립되지 않았습니다,[주행일]에 주행을 완료했는데 포인트가 아직 적립되지 않았습니다. 관련 기준도 함께 알려주세요.,포인트,적립,S001,주행 포인트 미적립,Y,Y,Y
VOC07846,보상 처리 단계 문의,사고 접수 이후 진행 상황 안내를 받지 못했습니다.,사고,처리현황,S012,사고 처리 진행 문의,Y,Y,Y
VOC02988,비밀번호 변경이 되지 않습니다,비밀번호 찾기 과정에서 [기존전화번호]로 인증번호가 오지 않습니다.,회원,계정관리,S005,비밀번호 재설정,Y,Y,Y
VOC04349,보험료 할인이 반영됐나요,안전운전 점수와 보험료 할인 적용 기준을 안내해주세요.,보험,할인,S007,보험료 할인 적용 문의,Y,Y,Y
VOC08448,계약 차량 정보 불일치,갱신한 계약이 앱에서 이전 계약으로 보입니다.,보험,계약정보,S013,계약정보 불일치,Y,Y,Y
VOC07000,앱 화면이 멈춥니다,특정 메뉴에 들어가면 화면이 멈추는 현상이 반복됩니다.,앱,오류,S011,앱 실행 오류,Y,Y,Y
VOC09140,기존 전화번호 변경 문의 관련 기준도 함께 알려주세요.,기존 번호 [전화번호]에서 새 번호 [새전화번호]로 변경하고 싶습니다. 앱에서 확인이 어려워 문의드립니다.,회원,회원정보,S014,휴대전화 번호 변경,Y,Y,Y
VOC03948,운전한 내역이 앱에 없습니다,차량은 정상적으로 운행했는데 주행 데이터가 수집되지 않은 것 같습니다.,주행,주행기록,S006,주행기록 미반영,Y,Y,Y
VOC00154,주행 포인트 미적립 문의,[접수일]에 주행을 완료했는데 포인트가 아직 적립되지 않았습니다. 필요한 확인 항목이 있다면 안내 부탁드립니다.,포인트,적립,S001,주행 포인트 미적립,Y,Y,Y
VOC06967,앱 화면이 멈춥니다,앱을 실행하면 [오류코드] 오류가 표시되고 바로 종료됩니다.,앱,오류,S011,앱 실행 오류,Y,Y,Y
VOC08042,앱의 계약 내용이 맞지 않아요,계약 기간과 보험료 정보가 가입 당시 안내와 다르게 표시됩니다. 이전에 정상적으로 이용한 적이 있습니다.,보험,계약정보,S013,계약정보 불일치,Y,Y,Y
VOC00912,운전 후 포인트 반영 시간 문의,"포인트가 바로 들어오는지, 일정 시간이 필요한지 문의합니다.",포인트,적립,S002,주행 포인트 적립 지연,Y,Y,Y
VOC03262,새 비밀번호 등록 문의,비밀번호 변경 절차와 조건을 안내해주세요.,회원,계정관리,S005,비밀번호 재설정,Y,Y,Y
VOC05225,차량을 변경했습니다,기존 차량 [기존차량번호]에서 새 차량 [변경차량번호]로 변경했습니다.,차량,차량정보,S008,차량정보 변경,Y,Y,Y
VOC00819,운전 후 포인트 반영 시간 문의 앱에서 확인이 어려워 문의드립니다.,"포인트가 바로 들어오는지, 일정 시간이 필요한지 문의드립니다. 이전에 정상적으로 이용한 적이 있습니다.",포인트,적립,S002,주행 포인트 적립 지연,Y,Y,Y
VOC07703,사고 접수 후 연락이 없습니다,사건번호 [사건번호]와 관련해 현재 처리 단계를 확인하고 싶습니다. 앱에서 확인이 어려워 문의드립니다.,사고,처리현황,S012,사고 처리 진행 문의,Y,Y,Y
VOC06662,포인트가 갑자기 줄었습니다,사용한 적이 없는데 [차감금액] 포인트가 차감된 것으로 표시됩니다.,포인트,차감,S010,포인트 오차감,Y,Y,Y
VOC01812,포인트 사용처가 확인하고 싶습니다,보험료 결제 외에도 포인트를 사용할 수 있는 곳이 있나요?,포인트,사용,S003,포인트 사용처 문의,Y,Y,Y
VOC06650,포인트 잔액 오류,결제를 취소했는데 차감된 포인트가 복구되지 않았습니다. 관련 기준도 함께 알려주세요. 동일 현상이 반복되고 있습니다.,포인트,차감,S010,포인트 오차감,Y,Y,Y
VOC05793,더 이상 서비스를 이용하지 않습니다 앱에서 확인이 어려워 문의드립니다.,회원 탈퇴 시 남은 포인트와 주행기록이 어떻게 처리되는지 궁금합니다. 관련 기준도 함께 알려주세요.,회원,계정관리,S009,회원 탈퇴,Y,Y,Y
VOC08907,등록 연락처 수정 요청,등록된 연락처가 실제 사용하는 번호와 달라 수정 요청드립니다. 빠른 확인 요청드립니다.,회원,회원정보,S014,휴대전화 번호 변경,Y,Y,Y
VOC09951,포인트 적립 기준이 안내받고 싶습니다,포인트 지급 대상과 제외 조건을 자세히 안내해주세요. 확인 부탁드립니다.,포인트,적립기준,S015,포인트 적립 기준 문의,Y,Y,Y
VOC04010,보험료 할인 혜택이 궁금합니다 빠른 확인 요청드립니다.,안전운전 점수와 보험료 할인 적용 기준을 안내해주세요.,보험,할인,S007,보험료 할인 적용 문의,Y,Y,Y
VOC03383,주행기록이 보이지 않습니다 앱에서 확인이 어려워 문의드립니다.,운전을 완료했지만 최근 주행 목록에 추가되지 않았습니다. 앱에서 확인이 어려워 문의드립니다.,주행,주행기록,S006,주행기록 미반영,Y,Y,Y
VOC00117,주행 포인트 미적립 문의,주행 조건을 충족한 것으로 보이는데 포인트가 0으로 표시됩니다.,포인트,적립,S001,주행 포인트 미적립,Y,Y,Y
VOC09455,운전점수와 포인트 관계,주행거리와 운전점수에 따라 포인트가 어떻게 산정되는지 알고 싶습니다. 앱에서 확인이 어려워 문의드립니다.,포인트,적립기준,S015,포인트 적립 기준 문의,Y,Y,Y
VOC08628,보험 계약자 정보 오류,증권번호 [계약번호]의 차량정보가 현재 차량과 일치하지 않습니다. 이전에 정상적으로 이용한 적이 있습니다.,보험,계약정보,S013,계약정보 불일치,Y,Y,Y
VOC09600,포인트 적립 기준이 궁금합니다,급가속이나 급감속 기록이 포인트 적립에 영향을 주나요?,포인트,적립기준,S015,포인트 적립 기준 문의,Y,Y,Y
VOC09932,운전점수와 포인트 관계 앱에서 확인이 어려워 문의드립니다.,포인트 지급 대상과 제외 조건을 자세히 안내해주세요.,포인트,적립기준,S015,포인트 적립 기준 문의,Y,Y,Y
VOC09811,포인트 지급 조건 안내 요청 처리 방법을 안내해주세요.,짧은 거리 주행도 포인트 적립 대상인지 문의드립니다.,포인트,적립기준,S015,포인트 적립 기준 문의,Y,Y,Y
VOC04977,앱 차량정보 수정 문의,기존 차량을 삭제하고 새 차량을 등록하는 방법을 알려주세요.,차량,차량정보,S008,차량정보 변경,Y,Y,Y
VOC00935,포인트가 아직 처리되지 않았어요,"포인트가 바로 들어오는지, 일정 시간이 필요한지 문의드립니다.",포인트,적립,S002,주행 포인트 적립 지연,Y,Y,Y
VOC00426,주행 포인트 미적립 문의,운전 기록은 정상적으로 보이지만 포인트가 들어오지 않았습니다. 확인 부탁드립니다.,포인트,적립,S001,주행 포인트 미적립,Y,Y,Y
VOC08522,증권 정보 수정 문의,증권번호 [증권번호]의 차량정보가 현재 차량과 일치하지 않습니다.,보험,계약정보,S013,계약정보 불일치,Y,Y,Y
VOC04670,앱 차량정보 수정 문의,기존 차량 [기존차량번호]에서 새 차량 [변경차량번호]로 변경했습니다.,차량,차량정보,S008,차량정보 변경,Y,Y,Y
VOC08054,보험 계약자 정보 오류 처리 방법을 안내해주세요.,보험 계약 정보 중 일부 항목이 잘못되어 수정 요청드립니다.,보험,계약정보,S013,계약정보 불일치,Y,Y,Y
VOC03467,운전한 내역이 앱에 없습니다,차량은 정상적으로 운행했는데 주행 데이터가 수집되지 않은 것 같습니다.,주행,주행기록,S006,주행기록 미반영,Y,Y,Y
VOC06578,포인트 차감 내역이 이상합니다,포인트 사용 이력과 실제 잔액이 맞지 않습니다. 현재 화면에서 직접 수정할 수 없습니다.,포인트,차감,S010,포인트 오차감,Y,Y,Y
VOC02165,로그인 화면에서 넘어가지 않아요,기존에 사용하던 계정으로 접속되지 않아 문의드립니다. 이전에 정상적으로 이용한 적이 있습니다.,회원,로그인,S004,로그인 오류,Y,Y,Y
VOC03176,비밀번호 찾기 인증 오류 처리 방법을 안내해주세요.,비밀번호 찾기 과정에서 [전화번호]로 인증번호가 오지 않습니다.,회원,계정관리,S005,비밀번호 재설정,Y,Y,Y
VOC09056,등록 연락처 수정 요청,새 번호로 본인 인증을 진행하는 방법을 안내 부탁드립니다. 앱에서 확인이 어려워 문의드립니다.,회원,회원정보,S014,휴대전화 번호 변경,Y,Y,Y
VOC00115,주행 포인트 미적립 문의 관련 기준도 함께 알려주세요.,[날짜]에 주행을 완료했는데 포인트가 아직 적립되지 않았습니다. 동일 현상이 반복되고 있습니다.,포인트,적립,S001,주행 포인트 미적립,Y,Y,Y
VOC07022,앱이 계속 종료됩니다,앱을 열면 흰 화면만 보이고 아무 기능도 사용할 수 없습니다.,앱,오류,S011,앱 실행 오류,Y,Y,Y
VOC00960,포인트가 아직 처리되지 않았어요,[주행종료시간]에 주행을 종료했습니다. 포인트 반영 예정 시간을 알고 싶습니다.,포인트,적립,S002,주행 포인트 적립 지연,Y,Y,Y
VOC06277,포인트 잔액 오류,포인트 사용 이력과 실제 잔액이 맞지 않습니다.,포인트,차감,S010,포인트 오차감,Y,Y,Y
VOC02413,로그인 화면에서 넘어가지 않아요 관련 기준도 함께 알려주세요.,[에러코드] 메시지가 표시되면서 앱에 접속할 수 없습니다.,회원,로그인,S004,로그인 오류,Y,Y,Y
VOC02263,계속 로그인에 실패합니다,아이디와 비밀번호를 입력해도 로그인 오류가 발생합니다.,회원,로그인,S004,로그인 오류,Y,Y,Y
VOC07055,업데이트 후 앱이 열리지 않아요,재설치 후에도 동일하게 앱이 강제 종료됩니다.,앱,오류,S011,앱 실행 오류,Y,Y,Y
VOC04594,안전운전 할인 적용 여부 문의,안전운전 점수와 보험료 할인 적용 기준을 안내해주세요.,보험,할인,S007,보험료 할인 적용 문의,Y,Y,Y
VOC08625,앱의 계약 내용이 맞지 않아요,앱에 표시된 계약자명이 [이름]으로 되어 있는데 실제 정보와 다릅니다. 처리 방법을 안내해주세요. 현재 화면에서 직접 수정할 수 없습니다.,보험,계약정보,S013,계약정보 불일치,Y,Y,Y
VOC00846,포인트 적립 처리 중 문의,"포인트가 바로 들어오는지, 일정 시간이 필요한지 문의드립니다.",포인트,적립,S002,주행 포인트 적립 지연,Y,Y,Y
VOC04295,안전운전 할인 적용 여부 문의,갱신 계약에 주행분석 할인 혜택이 반영되는지 확인 요청드립니다. 빠른 확인 요청드립니다.,보험,할인,S007,보험료 할인 적용 문의,Y,Y,Y
VOC00439,주행 포인트 미적립 문의 확인 부탁드립니다.,주행 조건을 충족한 것으로 보이는데 포인트가 0으로 표시됩니다.,포인트,적립,S001,주행 포인트 미적립,Y,Y,Y
VOC03046,비밀번호 찾기 인증 오류,비밀번호 찾기 과정에서 [기존전화번호]로 인증번호가 오지 않습니다. 확인 부탁드립니다.,회원,계정관리,S005,비밀번호 재설정,Y,Y,Y
VOC05768,앱 회원 탈퇴 방법 문의,계정과 저장된 개인정보를 삭제하는 절차를 알려주세요.,회원,계정관리,S009,회원 탈퇴,Y,Y,Y
VOC03175,새 비밀번호 등록 문의,비밀번호가 기억나지 않아 재설정하려고 합니다.,회원,계정관리,S005,비밀번호 재설정,Y,Y,Y
VOC06294,포인트 차감 내역이 이상합니다 처리 방법을 안내해주세요.,결제를 취소했는데 차감된 포인트가 복구되지 않았습니다.,포인트,차감,S010,포인트 오차감,Y,Y,Y
VOC00923,운전 후 포인트 반영 시간 문의,주행 후 몇 시간이 지났는데 아직 적립 대기 상태입니다.,포인트,적립,S002,주행 포인트 적립 지연,Y,Y,Y
VOC05166,앱 차량정보 수정 문의 빠른 확인 요청드립니다.,기존 차량 [기존차량번호]에서 새 차량 [변경차량번호]로 변경했습니다. 앱에서 확인이 어려워 문의드립니다.,차량,차량정보,S008,차량정보 변경,Y,Y,Y
VOC09781,포인트 적립 기준이 궁금합니다 관련 기준도 함께 알려주세요.,짧은 거리 주행도 포인트 적립 대상인지 문의드립니다. 관련 기준도 함께 알려주세요.,포인트,적립기준,S015,포인트 적립 기준 문의,Y,Y,Y
VOC05958,더 이상 서비스를 이용하지 않습니다,앱에서 탈퇴 메뉴를 찾을 수 없어 문의합니다.,회원,계정관리,S009,회원 탈퇴,Y,Y,Y
VOC04146,안전운전 할인 적용 여부 문의,현재 운전점수 기준으로 받을 수 있는 보험료 할인율이 확인하고 싶습니다.,보험,할인,S007,보험료 할인 적용 문의,Y,Y,Y
VOC04731,기존 차량 삭제 후 신규 등록,차량을 교체해서 앱의 등록 정보를 수정하고 싶습니다. 처리 방법을 안내해주세요.,차량,차량정보,S008,차량정보 변경,Y,Y,Y
VOC05092,새 차량으로 바꾸고 싶어요,차량을 교체해서 앱의 등록 정보를 수정하고 싶습니다.,차량,차량정보,S008,차량정보 변경,Y,Y,Y
VOC07991,사고 처리 진행 상황 문의,[접수일]에 접수한 사고의 담당자 배정 여부가 궁금합니다.,사고,처리현황,S012,사고 처리 진행 문의,Y,Y,Y
VOC03679,주행 데이터가 반영되지 않았어요,주행 종료 후에도 거리와 시간이 0으로 표시됩니다.,주행,주행기록,S006,주행기록 미반영,Y,Y,Y
VOC03443,운전한 내역이 앱에 없습니다,차량은 정상적으로 운행했는데 주행 데이터가 수집되지 않은 것 같습니다.,주행,주행기록,S006,주행기록 미반영,Y,Y,Y
VOC03361,최근 주행기록 누락 문의,차량은 정상적으로 운행했는데 주행 데이터가 수집되지 않은 것 같습니다.,주행,주행기록,S006,주행기록 미반영,Y,Y,Y
VOC09472,어떤 주행이 포인트 대상인가요,포인트 지급 대상과 제외 조건을 자세히 안내해주세요. 관련 기준도 함께 알려주세요.,포인트,적립기준,S015,포인트 적립 기준 문의,Y,Y,Y
VOC04133,주행점수 할인 확인 요청,갱신 계약에 주행분석 할인 혜택이 반영되는지 문의드립니다.,보험,할인,S007,보험료 할인 적용 문의,Y,Y,Y
VOC09865,어떤 주행이 포인트 대상인가요,포인트를 받기 위한 최소 주행 조건이 궁금합니다.,포인트,적립기준,S015,포인트 적립 기준 문의,Y,Y,Y
VOC08013,증권 정보 수정 문의,계약 기간과 보험료 정보가 가입 당시 안내와 다르게 표시됩니다.,보험,계약정보,S013,계약정보 불일치,Y,Y,Y
VOC01260,포인트 적립 처리 중 문의,[주행종료시간]에 주행을 종료했습니다. 포인트 반영 예정 시간을 알고 싶습니다.,포인트,적립,S002,주행 포인트 적립 지연,Y,Y,Y
VOC09330,새 번호로 인증받고 싶어요,기존 번호 [기존전화번호]에서 새 번호 [변경전화번호]로 변경하고 싶습니다. 처리 방법을 안내해주세요.,회원,회원정보,S014,휴대전화 번호 변경,Y,Y,Y
VOC09882,주행 포인트 산정 방법 문의 관련 기준도 함께 알려주세요.,급가속이나 급감속 기록이 포인트 적립에 영향을 주나요?,포인트,적립기준,S015,포인트 적립 기준 문의,Y,Y,Y
VOC07401,사고 접수 후 연락이 없습니다,보상 심사가 어느 단계까지 진행됐는지 확인 부탁드립니다. 동일 현상이 반복되고 있습니다.,사고,처리현황,S012,사고 처리 진행 문의,Y,Y,Y
VOC07431,접수한 사고는 어떻게 진행되고 있나요,[날짜]에 접수한 사고의 담당자 배정 여부가 안내받고 싶습니다.,사고,처리현황,S012,사고 처리 진행 문의,Y,Y,Y
VOC01428,포인트 사용처가 안내받고 싶습니다,앱에 [포인트수량] 포인트가 있는데 사용 가능한 항목을 확인하고 싶습니다.,포인트,사용,S003,포인트 사용처 문의,Y,Y,Y
VOC08932,등록 연락처 수정 요청,새 번호로 본인 인증을 진행하는 방법을 확인 부탁드립니다.,회원,회원정보,S014,휴대전화 번호 변경,Y,Y,Y
VOC06232,잘못 차감된 포인트 문의 관련 기준도 함께 알려주세요.,결제를 취소했는데 차감된 포인트가 복구되지 않았습니다.,포인트,차감,S010,포인트 오차감,Y,Y,Y
VOC03671,운전한 내역이 앱에 없습니다 앱에서 확인이 어려워 문의드립니다.,차량은 정상적으로 운행했는데 주행 데이터가 수집되지 않은 것 같습니다.,주행,주행기록,S006,주행기록 미반영,Y,Y,Y
VOC06802,업데이트 후 앱이 열리지 않아요,업데이트 이후 첫 화면에서 멈추고 다음으로 넘어가지 않습니다. 동일 현상이 반복되고 있습니다.,앱,오류,S011,앱 실행 오류,Y,Y,Y
VOC07928,사고 접수 후 연락이 없습니다,[주행일]에 접수한 사고의 담당자 배정 여부가 궁금합니다.,사고,처리현황,S012,사고 처리 진행 문의,Y,Y,Y
VOC04242,보험료 할인 혜택이 확인하고 싶습니다,현재 운전점수 기준으로 받을 수 있는 보험료 할인율이 궁금합니다.,보험,할인,S007,보험료 할인 적용 문의,Y,Y,Y
VOC07317,서비스 실행 불가 문의,특정 메뉴에 들어가면 화면이 멈추는 현상이 반복됩니다.,앱,오류,S011,앱 실행 오류,Y,Y,Y
VOC05438,회원 탈퇴를 요청합니다,앱에서 탈퇴 메뉴를 찾을 수 없어 문의드립니다. 관련 기준도 함께 알려주세요.,회원,계정관리,S009,회원 탈퇴,Y,Y,Y
VOC02896,비밀번호를 재설정하고 싶습니다 확인 부탁드립니다.,비밀번호가 기억나지 않아 재설정하려고 합니다.,회원,계정관리,S005,비밀번호 재설정,Y,Y,Y
VOC08431,앱의 계약 내용이 맞지 않아요 처리 방법을 안내해주세요.,갱신한 계약이 앱에서 이전 계약으로 보입니다.,보험,계약정보,S013,계약정보 불일치,Y,Y,Y
VOC00742,주행 포인트는 언제 들어오나요,"포인트가 바로 들어오는지, 일정 시간이 필요한지 문의드립니다.",포인트,적립,S002,주행 포인트 적립 지연,Y,Y,Y
VOC04023,안전운전 할인 적용 여부 문의,앱에는 할인 대상이라고 나오는데 실제 보험료에 적용됐는지 알고 싶습니다. 이전에 정상적으로 이용한 적이 있습니다.,보험,할인,S007,보험료 할인 적용 문의,Y,Y,Y
VOC08456,계약 차량 정보 불일치,보험 계약 정보 중 일부 항목이 잘못되어 수정 요청드립니다.,보험,계약정보,S013,계약정보 불일치,Y,Y,Y
VOC03542,주행 데이터가 반영되지 않았어요 확인 부탁드립니다.,주행 종료 후에도 거리와 시간이 0으로 표시됩니다.,주행,주행기록,S006,주행기록 미반영,Y,Y,Y
VOC07436,사고 접수 후 연락이 없습니다,보상 심사가 어느 단계까지 진행됐는지 확인 부탁드립니다.,사고,처리현황,S012,사고 처리 진행 문의,Y,Y,Y
VOC01814,보유 포인트 사용 방법 처리 방법을 안내해주세요.,현재 보유한 포인트를 어디에서 사용할 수 있는지 안내 부탁드립니다.,포인트,사용,S003,포인트 사용처 문의,Y,Y,Y
VOC08899,휴대전화 번호를 변경하고 싶습니다,등록된 연락처가 실제 사용하는 번호와 달라 수정 요청드립니다. 처리 방법을 안내해주세요.,회원,회원정보,S014,휴대전화 번호 변경,Y,Y,Y
VOC01801,포인트 사용 가능 서비스 문의,보험료 결제 외에도 포인트를 사용할 수 있는 곳이 있나요?,포인트,사용,S003,포인트 사용처 문의,Y,Y,Y
VOC07017,앱이 계속 종료됩니다,업데이트 이후 첫 화면에서 멈추고 다음으로 넘어가지 않습니다.,앱,오류,S011,앱 실행 오류,Y,Y,Y
VOC03004,비밀번호 찾기 인증 오류,새 비밀번호를 입력했지만 변경이 완료되지 않습니다.,회원,계정관리,S005,비밀번호 재설정,Y,Y,Y
VOC07366,사고 접수 후 연락이 없습니다 관련 기준도 함께 알려주세요.,[주행일]에 접수한 사고의 담당자 배정 여부가 궁금합니다. 앱을 다시 실행해도 같은 상태입니다.,사고,처리현황,S012,사고 처리 진행 문의,Y,Y,Y
VOC04391,안전운전 할인 적용 여부 문의,갱신 계약에 주행분석 할인 혜택이 반영되는지 문의합니다.,보험,할인,S007,보험료 할인 적용 문의,Y,Y,Y
VOC02191,계속 로그인에 실패합니다,아이디와 비밀번호를 입력해도 로그인 오류가 발생합니다.,회원,로그인,S004,로그인 오류,Y,Y,Y
VOC00834,운전 후 포인트 반영 시간 문의,[주행종료시간]에 주행을 종료했습니다. 포인트 반영 예정 시간을 알고 싶습니다.,포인트,적립,S002,주행 포인트 적립 지연,Y,Y,Y
VOC03267,새 비밀번호 등록 문의,비밀번호가 기억나지 않아 재설정하려고 합니다. 빠른 확인 요청드립니다.,회원,계정관리,S005,비밀번호 재설정,Y,Y,Y
VOC09963,포인트 적립 기준이 확인하고 싶습니다,주행거리와 운전점수에 따라 포인트가 어떻게 산정되는지 알고 싶습니다.,포인트,적립기준,S015,포인트 적립 기준 문의,Y,Y,Y
VOC02736,비밀번호 찾기 인증 오류 처리 방법을 안내해주세요.,비밀번호 변경 절차와 조건을 안내해주세요. 현재 화면에서 직접 수정할 수 없습니다.,회원,계정관리,S005,비밀번호 재설정,Y,Y,Y
VOC07760,접수한 사고는 어떻게 진행되고 있나요,보상 심사가 어느 단계까지 진행됐는지 확인 부탁드립니다.,사고,처리현황,S012,사고 처리 진행 문의,Y,Y,Y
VOC00695,운전 후 포인트 반영 시간 문의,[주행종료시간]에 주행을 종료했습니다. 포인트 반영 예정 시간을 알고 싶습니다.,포인트,적립,S002,주행 포인트 적립 지연,Y,Y,Y
VOC01361,포인트 사용처가 궁금합니다 빠른 확인 요청드립니다.,앱에 [금액] 포인트가 있는데 사용 가능한 항목을 확인하고 싶습니다.,포인트,사용,S003,포인트 사용처 문의,Y,Y,Y
VOC07420,보상 처리 단계 문의,[날짜]에 접수한 사고의 담당자 배정 여부가 궁금합니다. 확인 부탁드립니다.,사고,처리현황,S012,사고 처리 진행 문의,Y,Y,Y
VOC04510,계약 할인 적용 상태 문의,갱신 계약에 주행분석 할인 혜택이 반영되는지 문의드립니다. 필요한 확인 항목이 있다면 안내 부탁드립니다.,보험,할인,S007,보험료 할인 적용 문의,Y,Y,Y
VOC07394,접수한 사고는 어떻게 진행되고 있나요,사고 접수 이후 진행 상황 안내를 받지 못했습니다. 필요한 확인 항목이 있다면 안내 부탁드립니다.,사고,처리현황,S012,사고 처리 진행 문의,Y,Y,Y
VOC09613,어떤 주행이 포인트 대상인가요 확인 부탁드립니다.,포인트 지급 대상과 제외 조건을 자세히 안내해주세요. 빠른 확인 요청드립니다.,포인트,적립기준,S015,포인트 적립 기준 문의,Y,Y,Y
VOC03072,비밀번호 변경이 되지 않습니다,새 비밀번호를 입력했지만 변경이 완료안 됩니다.,회원,계정관리,S005,비밀번호 재설정,Y,Y,Y
VOC07380,사건번호 처리 상태 확인,사건번호 [사고접수번호]와 관련해 현재 처리 단계를 확인하고 싶습니다. 처리 방법을 안내해주세요.,사고,처리현황,S012,사고 처리 진행 문의,Y,Y,Y
VOC06786,서비스 실행 불가 문의,업데이트 이후 첫 화면에서 멈추고 다음으로 넘어가지 않습니다.,앱,오류,S011,앱 실행 오류,Y,Y,Y
VOC08626,계약 차량 정보 불일치,보험 계약 정보 중 일부 항목이 잘못되어 수정 요청드립니다.,보험,계약정보,S013,계약정보 불일치,Y,Y,Y
VOC02740,새 비밀번호 등록 문의,비밀번호 찾기 과정에서 [기존전화번호]로 인증번호가 오지 않습니다.,회원,계정관리,S005,비밀번호 재설정,Y,Y,Y
VOC01912,포인트를 사용할 수 있는 곳,포인트 사용 가능한 서비스와 제한 조건이 궁금합니다.,포인트,사용,S003,포인트 사용처 문의,Y,Y,Y
VOC03023,비밀번호를 재설정하고 싶습니다,본인 인증 후 비밀번호 재설정 화면으로 이동하지 않습니다.,회원,계정관리,S005,비밀번호 재설정,Y,Y,Y
VOC08742,기존 전화번호 변경 문의,번호 변경 후 로그인 인증 문자가 이전 번호로 발송됩니다.,회원,회원정보,S014,휴대전화 번호 변경,Y,Y,Y
VOC09077,등록 연락처 수정 요청,새 번호로 본인 인증을 진행하는 방법을 알려주세요.,회원,회원정보,S014,휴대전화 번호 변경,Y,Y,Y
VOC06125,잘못 차감된 포인트 문의,포인트 내역에 알 수 없는 차감 기록이 있습니다.,포인트,차감,S010,포인트 오차감,Y,Y,Y
VOC03085,비밀번호 변경이 되지 않습니다,비밀번호 찾기 과정에서 [기존전화번호]로 인증번호가 오지 않습니다. 앱에서 확인이 어려워 문의드립니다. 동일 현상이 반복되고 있습니다.,회원,계정관리,S005,비밀번호 재설정,Y,Y,Y
VOC05798,가입 정보 삭제 요청,더 이상 서비스를 이용하지 않아 회원 탈퇴를 진행하고 싶습니다.,회원,계정관리,S009,회원 탈퇴,Y,Y,Y
VOC09920,주행 포인트 산정 방법 문의 관련 기준도 함께 알려주세요.,포인트를 받기 위한 최소 주행 조건이 궁금합니다. 필요한 확인 항목이 있다면 안내 부탁드립니다.,포인트,적립기준,S015,포인트 적립 기준 문의,Y,Y,Y
VOC03889,앱에서 운전 기록 확인 불가,[주행일]에 [주행구간] 구간을 운전했는데 앱에서 기록이 보이지 않습니다.,주행,주행기록,S006,주행기록 미반영,Y,Y,Y
VOC01113,포인트가 아직 처리되지 않았어요,오늘 주행을 마쳤는데 포인트가 아직 반영되지 않았습니다. 보통 얼마나 걸리나요?,포인트,적립,S002,주행 포인트 적립 지연,Y,Y,Y
VOC01590,포인트를 사용할 수 있는 곳,포인트 사용 가능한 서비스와 제한 조건이 궁금합니다.,포인트,사용,S003,포인트 사용처 문의,Y,Y,Y
VOC04638,계약 할인 적용 상태 문의,안전운전 점수와 보험료 할인 적용 기준을 안내해주세요.,보험,할인,S007,보험료 할인 적용 문의,Y,Y,Y
VOC00423,주행 포인트 미적립 문의,운전 기록은 정상적으로 보이지만 포인트가 들어오지 않았습니다. 관련 기준도 함께 알려주세요.,포인트,적립,S001,주행 포인트 미적립,Y,Y,Y
VOC05514,앱 회원 탈퇴 방법 문의,본인 인증 후 탈퇴가 완료되지 않아 확인 부탁드립니다.,회원,계정관리,S009,회원 탈퇴,Y,Y,Y
VOC05701,앱 회원 탈퇴 방법 문의 앱에서 확인이 어려워 문의드립니다.,본인 인증 후 탈퇴가 완료되지 않아 확인 부탁드립니다.,회원,계정관리,S009,회원 탈퇴,Y,Y,Y
VOC05938,앱 회원 탈퇴 방법 문의,앱에서 탈퇴 메뉴를 찾을 수 없어 문의드립니다.,회원,계정관리,S009,회원 탈퇴,Y,Y,Y
VOC01957,포인트 사용처가 안내받고 싶습니다,현재 보유한 포인트를 어디에서 사용할 수 있는지 알려주세요. 관련 기준도 함께 알려주세요.,포인트,사용,S003,포인트 사용처 문의,Y,Y,Y
VOC05443,가입 정보 삭제 요청,회원 탈퇴 시 남은 포인트와 주행기록이 어떻게 처리되는지 확인하고 싶습니다. 확인 부탁드립니다.,회원,계정관리,S009,회원 탈퇴,Y,Y,Y
VOC09394,어떤 주행이 포인트 대상인가요 처리 방법을 안내해주세요.,급가속이나 급감속 기록이 포인트 적립에 영향을 주나요? 관련 기준도 함께 알려주세요.,포인트,적립기준,S015,포인트 적립 기준 문의,Y,Y,Y
VOC01720,적립 포인트는 어디서 쓰나요,현재 보유한 포인트를 어디에서 사용할 수 있는지 확인 부탁드립니다.,포인트,사용,S003,포인트 사용처 문의,Y,Y,Y
VOC03083,비밀번호가 기억나지 않아요 앱에서 확인이 어려워 문의드립니다.,비밀번호가 기억나지 않아 재설정하려고 합니다.,회원,계정관리,S005,비밀번호 재설정,Y,Y,Y
VOC01048,주행 포인트는 언제 들어오나요,주행 후 몇 시간이 지났는데 아직 적립 대기 상태입니다.,포인트,적립,S002,주행 포인트 적립 지연,Y,Y,Y
VOC04494,보험료 할인이 반영됐나요,갱신 계약에 주행분석 할인 혜택이 반영되는지 확인 요청드립니다.,보험,할인,S007,보험료 할인 적용 문의,Y,Y,Y
VOC00811,포인트 적립 처리 중 문의,오늘 주행을 마쳤는데 포인트가 아직 반영되지 않았습니다. 보통 얼마나 걸리나요?,포인트,적립,S002,주행 포인트 적립 지연,Y,Y,Y
VOC00741,포인트 반영이 늦어지고 있습니다,주행 후 몇 시간이 지났는데 아직 적립 대기 상태입니다.,포인트,적립,S002,주행 포인트 적립 지연,Y,Y,Y
VOC03038,비밀번호 찾기 인증 오류,비밀번호 찾기 과정에서 [전화번호]로 인증번호가 오지 않습니다. 처리 방법을 안내해주세요.,회원,계정관리,S005,비밀번호 재설정,Y,Y,Y
VOC06659,포인트 잔액 오류,어제 확인한 잔액과 오늘 잔액이 달라서 문의합니다. 관련 기준도 함께 알려주세요. 필요한 확인 항목이 있다면 안내 부탁드립니다.,포인트,차감,S010,포인트 오차감,Y,Y,Y
VOC02017,앱 로그인이 되지 않습니다,로그인 버튼을 눌러도 화면이 그대로입니다.,회원,로그인,S004,로그인 오류,Y,Y,Y
VOC06784,앱 실행 중 오류가 발생합니다,업데이트 이후 첫 화면에서 멈추고 다음으로 넘어가지 않습니다. 현재 화면에서 직접 수정할 수 없습니다.,앱,오류,S011,앱 실행 오류,Y,Y,Y
VOC03500,주행기록이 보이지 않습니다,해당 시간대의 운전 내역이 누락되어 확인 요청드립니다. 관련 기준도 함께 알려주세요. 필요한 확인 항목이 있다면 안내 부탁드립니다.,주행,주행기록,S006,주행기록 미반영,Y,Y,Y
VOC09532,포인트 지급 조건 안내 요청,포인트 지급 대상과 제외 조건을 자세히 안내해주세요.,포인트,적립기준,S015,포인트 적립 기준 문의,Y,Y,Y
VOC04625,보험료 할인 혜택이 궁금합니다,앱에는 할인 대상이라고 나오는데 실제 보험료에 적용됐는지 알고 싶습니다. 확인 부탁드립니다.,보험,할인,S007,보험료 할인 적용 문의,Y,Y,Y
VOC08941,등록 연락처 수정 요청,등록된 연락처가 실제 사용하는 번호와 달라 수정 요청드립니다.,회원,회원정보,S014,휴대전화 번호 변경,Y,Y,Y
VOC00758,운전 후 포인트 반영 시간 문의,방금 운전한 기록은 보이는데 포인트는 처리 중으로 표시됩니다.,포인트,적립,S002,주행 포인트 적립 지연,Y,Y,Y
VOC02354,앱 로그인이 되지 않습니다,[오류코드] 메시지가 표시되면서 앱에 접속할 수 없습니다.,회원,로그인,S004,로그인 오류,Y,Y,Y
VOC04674,차량을 변경했습니다,보험 계약 차량은 변경됐는데 앱에는 이전 차량이 표시됩니다.,차량,차량정보,S008,차량정보 변경,Y,Y,Y
VOC04673,앱 차량정보 수정 문의 빠른 확인 요청드립니다.,차량번호 변경 후 주행 서비스 연결 방법을 문의합니다.,차량,차량정보,S008,차량정보 변경,Y,Y,Y
VOC07327,앱이 계속 종료됩니다 관련 기준도 함께 알려주세요.,앱을 실행하면 [오류코드] 오류가 표시되고 바로 종료됩니다. 관련 기준도 함께 알려주세요. 동일 현상이 반복되고 있습니다.,앱,오류,S011,앱 실행 오류,Y,Y,Y
VOC09290,기존 전화번호 변경 문의,새 번호로 본인 인증을 진행하는 방법을 알려주세요.,회원,회원정보,S014,휴대전화 번호 변경,Y,Y,Y
VOC04317,계약 할인 적용 상태 문의 확인 부탁드립니다.,안전운전 점수와 보험료 할인 적용 기준을 안내해주세요.,보험,할인,S007,보험료 할인 적용 문의,Y,Y,Y
VOC04558,보험료 할인이 반영됐나요,증권번호 [증권번호] 계약에 안전운전 할인이 적용됐는지 확인하고 싶습니다.,보험,할인,S007,보험료 할인 적용 문의,Y,Y,Y
VOC05524,더 이상 서비스를 이용하지 않습니다,회원 탈퇴 시 남은 포인트와 주행기록이 어떻게 처리되는지 궁금합니다.,회원,계정관리,S009,회원 탈퇴,Y,Y,Y
VOC02965,비밀번호 변경이 되지 않습니다 빠른 확인 요청드립니다.,비밀번호 찾기 과정에서 [기존전화번호]로 인증번호가 오지 않습니다.,회원,계정관리,S005,비밀번호 재설정,Y,Y,Y
VOC07824,사건번호 처리 상태 확인,[접수일]에 접수한 사고의 담당자 배정 여부가 궁금합니다. 동일 현상이 반복되고 있습니다.,사고,처리현황,S012,사고 처리 진행 문의,Y,Y,Y
VOC01521,포인트를 사용할 수 있는 곳,적립된 포인트의 사용처와 사용 절차를 안내 부탁드립니다.,포인트,사용,S003,포인트 사용처 문의,Y,Y,Y
VOC03260,비밀번호 변경이 되지 않습니다,새 비밀번호를 입력했지만 변경이 완료되지 않습니다. 처리 방법을 안내해주세요.,회원,계정관리,S005,비밀번호 재설정,Y,Y,Y
VOC08136,증권 정보 수정 문의,앱에 표시된 계약자명이 [계약자명]으로 되어 있는데 실제 정보와 다릅니다.,보험,계약정보,S013,계약정보 불일치,Y,Y,Y
VOC05694,서비스 계정을 삭제하고 싶어요 관련 기준도 함께 알려주세요.,앱에서 탈퇴 메뉴를 찾을 수 없어 문의드립니다. 처리 방법을 안내해주세요.,회원,계정관리,S009,회원 탈퇴,Y,Y,Y
VOC02374,계속 로그인에 실패합니다 빠른 확인 요청드립니다.,아이디와 비밀번호를 입력해도 로그인 오류가 발생합니다.,회원,로그인,S004,로그인 오류,Y,Y,Y
VOC07759,사건번호 처리 상태 확인 관련 기준도 함께 알려주세요.,보상 심사가 어느 단계까지 진행됐는지 확인 부탁드립니다. 앱에서 확인이 어려워 문의드립니다.,사고,처리현황,S012,사고 처리 진행 문의,Y,Y,Y
VOC07377,접수한 사고는 어떻게 진행되고 있나요,[날짜]에 접수한 사고의 담당자 배정 여부가 확인하고 싶습니다. 앱에서 확인이 어려워 문의드립니다.,사고,처리현황,S012,사고 처리 진행 문의,Y,Y,Y
VOC05960,서비스 계정을 삭제하고 싶어요 처리 방법을 안내해주세요.,회원 탈퇴 시 남은 포인트와 주행기록이 어떻게 처리되는지 궁금합니다.,회원,계정관리,S009,회원 탈퇴,Y,Y,Y
VOC08239,보험 계약자 정보 오류 처리 방법을 안내해주세요.,증권번호 [계약번호]의 차량정보가 현재 차량과 일치하지 않습니다. 관련 기준도 함께 알려주세요.,보험,계약정보,S013,계약정보 불일치,Y,Y,Y
VOC05382,가입 정보 삭제 요청,본인 인증 후 탈퇴가 완료되지 않아 확인 부탁드립니다. 확인 부탁드립니다.,회원,계정관리,S009,회원 탈퇴,Y,Y,Y
VOC00994,포인트가 아직 처리되지 않았어요,오늘 주행을 마쳤는데 포인트가 아직 반영되지 않았습니다. 보통 얼마나 걸리나요?,포인트,적립,S002,주행 포인트 적립 지연,Y,Y,Y
VOC09409,포인트 지급 조건 안내 요청,포인트를 받기 위한 최소 주행 조건이 궁금합니다.,포인트,적립기준,S015,포인트 적립 기준 문의,Y,Y,Y
VOC04122,계약 할인 적용 상태 문의,앱에는 할인 대상이라고 나오는데 실제 보험료에 적용됐는지 알고 싶습니다.,보험,할인,S007,보험료 할인 적용 문의,Y,Y,Y
VOC06465,잘못 차감된 포인트 문의,결제를 취소했는데 차감된 포인트가 복구되지 않았습니다.,포인트,차감,S010,포인트 오차감,Y,Y,Y
VOC07192,앱이 계속 종료됩니다,앱을 실행하면 [에러코드] 오류가 표시되고 바로 종료됩니다.,앱,오류,S011,앱 실행 오류,Y,Y,Y
VOC02910,비밀번호 찾기 인증 오류 앱에서 확인이 어려워 문의드립니다.,비밀번호 찾기 과정에서 [기존전화번호]로 인증번호가 오지 않습니다. 빠른 확인 요청드립니다.,회원,계정관리,S005,비밀번호 재설정,Y,Y,Y
VOC09352,어떤 주행이 포인트 대상인가요 앱에서 확인이 어려워 문의드립니다.,포인트 지급 대상과 제외 조건을 자세히 안내해주세요. 앱에서 확인이 어려워 문의드립니다.,포인트,적립기준,S015,포인트 적립 기준 문의,Y,Y,Y
VOC00788,주행 포인트는 언제 들어오나요,"포인트가 바로 들어오는지, 일정 시간이 필요한지 문의드립니다.",포인트,적립,S002,주행 포인트 적립 지연,Y,Y,Y
VOC03822,주행기록이 보이지 않습니다,해당 시간대의 운전 내역이 누락되어 확인 요청드립니다.,주행,주행기록,S006,주행기록 미반영,Y,Y,Y
VOC01916,포인트를 사용할 수 있는 곳,보험료 결제 외에도 포인트를 사용할 수 있는 곳이 있나요?,포인트,사용,S003,포인트 사용처 문의,Y,Y,Y
VOC08419,보험 계약자 정보 오류 앱에서 확인이 어려워 문의드립니다.,보험 계약 정보 중 일부 항목이 잘못되어 수정 요청드립니다. 앱을 다시 실행해도 같은 상태입니다.,보험,계약정보,S013,계약정보 불일치,Y,Y,Y
VOC00260,운전했는데 포인트가 안 들어왔어요 빠른 확인 요청드립니다.,지난 주행 건에 대한 포인트를 받지 못했습니다. 확인 부탁드립니다. 관련 기준도 함께 알려주세요. 필요한 확인 항목이 있다면 안내 부탁드립니다.,포인트,적립,S001,주행 포인트 미적립,Y,Y,Y
VOC07764,접수한 사고는 어떻게 진행되고 있나요 확인 부탁드립니다.,보상 심사가 어느 단계까지 진행됐는지 확인 부탁드립니다.,사고,처리현황,S012,사고 처리 진행 문의,Y,Y,Y
VOC00893,운전 후 포인트 반영 시간 문의,오늘 주행을 마쳤는데 포인트가 아직 반영되지 않았습니다. 보통 얼마나 걸리나요?,포인트,적립,S002,주행 포인트 적립 지연,Y,Y,Y
VOC01311,운전 후 포인트 반영 시간 문의,"포인트가 바로 들어오는지, 일정 시간이 필요한지 문의드립니다. 앱에서 확인이 어려워 문의드립니다.",포인트,적립,S002,주행 포인트 적립 지연,Y,Y,Y
VOC03681,운전한 내역이 앱에 없습니다 앱에서 확인이 어려워 문의드립니다.,해당 시간대의 운전 내역이 누락되어 확인 요청드립니다. 처리 방법을 안내해주세요.,주행,주행기록,S006,주행기록 미반영,Y,Y,Y
VOC09081,기존 전화번호 변경 문의,등록된 연락처가 실제 사용하는 번호와 달라 수정 요청드립니다.,회원,회원정보,S014,휴대전화 번호 변경,Y,Y,Y
VOC01755,포인트를 사용할 수 있는 곳,포인트 사용 가능한 서비스와 제한 조건이 궁금합니다. 확인 부탁드립니다.,포인트,사용,S003,포인트 사용처 문의,Y,Y,Y
VOC04591,주행점수 할인 확인 요청,현재 운전점수 기준으로 받을 수 있는 보험료 할인율이 궁금합니다.,보험,할인,S007,보험료 할인 적용 문의,Y,Y,Y
VOC05792,더 이상 서비스를 이용하지 않습니다,앱에서 탈퇴 메뉴를 찾을 수 없어 문의드립니다. 빠른 확인 요청드립니다.,회원,계정관리,S009,회원 탈퇴,Y,Y,Y
VOC00379,운전했는데 포인트가 안 들어왔어요,지난 주행 건에 대한 포인트를 받지 못했습니다. 확인 부탁드립니다.,포인트,적립,S001,주행 포인트 미적립,Y,Y,Y
VOC08302,앱의 계약 내용이 맞지 않아요,증권번호 [증권번호]의 차량정보가 현재 차량과 일치하지 않습니다. 필요한 확인 항목이 있다면 안내 부탁드립니다.,보험,계약정보,S013,계약정보 불일치,Y,Y,Y
VOC00849,포인트가 아직 처리되지 않았어요,방금 운전한 기록은 보이는데 포인트는 처리 중으로 표시됩니다.,포인트,적립,S002,주행 포인트 적립 지연,Y,Y,Y
VOC04138,주행점수 할인 확인 요청 확인 부탁드립니다.,현재 운전점수 기준으로 받을 수 있는 보험료 할인율이 궁금합니다. 동일 현상이 반복되고 있습니다.,보험,할인,S007,보험료 할인 적용 문의,Y,Y,Y
VOC00186,주행 후 포인트가 없습니다,주행 조건을 충족한 것으로 보이는데 포인트가 0으로 표시됩니다.,포인트,적립,S001,주행 포인트 미적립,Y,Y,Y
VOC08879,회원정보의 전화번호가 다릅니다,등록된 연락처가 실제 사용하는 번호와 달라 수정 요청드립니다.,회원,회원정보,S014,휴대전화 번호 변경,Y,Y,Y
VOC04311,주행점수 할인 확인 요청,현재 운전점수 기준으로 받을 수 있는 보험료 할인율이 궁금합니다. 앱을 다시 실행해도 같은 상태입니다.,보험,할인,S007,보험료 할인 적용 문의,Y,Y,Y
VOC02707,비밀번호 변경이 되지 않습니다,비밀번호가 기억나지 않아 재설정하려고 합니다.,회원,계정관리,S005,비밀번호 재설정,Y,Y,Y
VOC04804,등록 차량 변경 요청,기존 차량 [차량번호]에서 새 차량 [변경차량번호]로 변경했습니다. 이전에 정상적으로 이용한 적이 있습니다.,차량,차량정보,S008,차량정보 변경,Y,Y,Y
VOC06449,포인트 차감 내역이 이상합니다,포인트 내역에 알 수 없는 차감 기록이 있습니다.,포인트,차감,S010,포인트 오차감,Y,Y,Y
VOC04385,계약 할인 적용 상태 문의,앱에는 할인 대상이라고 나오는데 실제 보험료에 적용됐는지 알고 싶습니다.,보험,할인,S007,보험료 할인 적용 문의,Y,Y,Y
VOC02593,계속 로그인에 실패합니다 확인 부탁드립니다.,아이디와 비밀번호를 입력해도 로그인 오류가 발생합니다.,회원,로그인,S004,로그인 오류,Y,Y,Y
VOC02722,비밀번호 찾기 인증 오류,새 비밀번호를 입력했지만 변경이 완료되지 않습니다.,회원,계정관리,S005,비밀번호 재설정,Y,Y,Y
VOC06393,잘못 차감된 포인트 문의 앱에서 확인이 어려워 문의드립니다.,사용한 적이 없는데 [차감금액] 포인트가 차감된 것으로 표시됩니다.,포인트,차감,S010,포인트 오차감,Y,Y,Y
VOC01099,포인트 적립 처리 중 문의,방금 운전한 기록은 보이는데 포인트는 처리 중으로 표시됩니다.,포인트,적립,S002,주행 포인트 적립 지연,Y,Y,Y
VOC08875,기존 전화번호 변경 문의,등록된 연락처가 실제 사용하는 번호와 달라 수정 요청드립니다. 동일 현상이 반복되고 있습니다.,회원,회원정보,S014,휴대전화 번호 변경,Y,Y,Y
VOC07418,사고 접수 후 연락이 없습니다,보상 심사가 어느 단계까지 진행됐는지 확인 부탁드립니다. 빠른 확인 요청드립니다.,사고,처리현황,S012,사고 처리 진행 문의,Y,Y,Y
VOC09683,주행 포인트 산정 방법 문의,급가속이나 급감속 기록이 포인트 적립에 영향을 주나요?,포인트,적립기준,S015,포인트 적립 기준 문의,Y,Y,Y
VOC04334,주행점수 할인 확인 요청,안전운전 점수와 보험료 할인 적용 기준을 안내해주세요. 관련 기준도 함께 알려주세요.,보험,할인,S007,보험료 할인 적용 문의,Y,Y,Y
VOC02509,앱 로그인이 안 됩니다 확인 부탁드립니다.,여러 번 시도했지만 인증 후 다시 로그인 화면으로 돌아옵니다. 빠른 확인 요청드립니다.,회원,로그인,S004,로그인 오류,Y,Y,Y
VOC04255,주행점수 할인 확인 요청,앱에는 할인 대상이라고 나오는데 실제 보험료에 적용됐는지 알고 싶습니다. 현재 화면에서 직접 수정할 수 없습니다.,보험,할인,S007,보험료 할인 적용 문의,Y,Y,Y
VOC07546,사고 처리 진행 상황 문의,사고 접수 이후 진행 상황 안내를 받지 못했습니다.,사고,처리현황,S012,사고 처리 진행 문의,Y,Y,Y
VOC07878,보상 처리 단계 문의,[날짜]에 접수한 사고의 담당자 배정 여부가 확인하고 싶습니다.,사고,처리현황,S012,사고 처리 진행 문의,Y,Y,Y
VOC07227,앱이 계속 종료됩니다,재설치 후에도 동일하게 앱이 강제 종료됩니다. 앱을 다시 실행해도 같은 상태입니다.,앱,오류,S011,앱 실행 오류,Y,Y,Y
VOC07634,사고 처리 진행 상황 문의 앱에서 확인이 어려워 문의드립니다.,제출한 서류가 정상적으로 접수됐는지 알고 싶습니다.,사고,처리현황,S012,사고 처리 진행 문의,Y,Y,Y
VOC06345,사용하지 않은 포인트가 차감됐어요,포인트 내역에 알 수 없는 차감 기록이 있습니다.,포인트,차감,S010,포인트 오차감,Y,Y,Y
VOC00196,주행 포인트가 적립되지 않았습니다,[접수일]에 주행을 완료했는데 포인트가 아직 적립되지 않았습니다.,포인트,적립,S001,주행 포인트 미적립,Y,Y,Y
VOC04508,보험료 할인이 반영됐나요 앱에서 확인이 어려워 문의드립니다.,갱신 계약에 주행분석 할인 혜택이 반영되는지 문의합니다. 처리 방법을 안내해주세요.,보험,할인,S007,보험료 할인 적용 문의,Y,Y,Y
VOC05758,가입 정보 삭제 요청,앱에서 탈퇴 메뉴를 찾을 수 없어 문의드립니다. 동일 현상이 반복되고 있습니다.,회원,계정관리,S009,회원 탈퇴,Y,Y,Y
VOC09425,운전점수와 포인트 관계 확인 부탁드립니다.,주행거리와 운전점수에 따라 포인트가 어떻게 산정되는지 알고 싶습니다. 앱에서 확인이 어려워 문의드립니다.,포인트,적립기준,S015,포인트 적립 기준 문의,Y,Y,Y
VOC02783,비밀번호를 재설정하고 싶습니다,비밀번호 찾기 과정에서 [기존전화번호]로 인증번호가 오지 않습니다. 앱을 다시 실행해도 같은 상태입니다.,회원,계정관리,S005,비밀번호 재설정,Y,Y,Y
VOC05441,회원 탈퇴를 요청합니다,앱에서 탈퇴 메뉴를 찾을 수 없어 문의드립니다.,회원,계정관리,S009,회원 탈퇴,Y,Y,Y
VOC07351,접수한 사고는 어떻게 진행되고 있나요,사고 접수 이후 진행 상황 안내를 받지 못했습니다.,사고,처리현황,S012,사고 처리 진행 문의,Y,Y,Y
VOC08652,증권 정보 수정 문의,갱신한 계약이 앱에서 이전 계약으로 보입니다. 앱에서 확인이 어려워 문의드립니다. 현재 화면에서 직접 수정할 수 없습니다.,보험,계약정보,S013,계약정보 불일치,Y,Y,Y
VOC02463,앱 로그인이 되지 않습니다,[에러코드] 메시지가 표시되면서 앱에 접속할 수 없습니다.,회원,로그인,S004,로그인 오류,Y,Y,Y
VOC03920,운전한 내역이 앱에 없습니다 처리 방법을 안내해주세요.,해당 시간대의 운전 내역이 누락되어 확인 요청드립니다.,주행,주행기록,S006,주행기록 미반영,Y,Y,Y
VOC09931,포인트 지급 조건 안내 요청 처리 방법을 안내해주세요.,포인트 지급 대상과 제외 조건을 자세히 안내해주세요. 현재 화면에서 직접 수정할 수 없습니다.,포인트,적립기준,S015,포인트 적립 기준 문의,Y,Y,Y
VOC05306,앱 차량정보 수정 문의,기존 차량 [기존차량번호]에서 새 차량 [변경차량번호]로 변경했습니다. 관련 기준도 함께 알려주세요.,차량,차량정보,S008,차량정보 변경,Y,Y,Y
VOC09924,운전점수와 포인트 관계 앱에서 확인이 어려워 문의드립니다.,짧은 거리 주행도 포인트 적립 대상인지 문의드립니다.,포인트,적립기준,S015,포인트 적립 기준 문의,Y,Y,Y
VOC07072,서비스 실행 불가 문의 빠른 확인 요청드립니다.,재설치 후에도 동일하게 앱이 강제 종료됩니다.,앱,오류,S011,앱 실행 오류,Y,Y,Y
VOC04919,기존 차량 삭제 후 신규 등록 앱에서 확인이 어려워 문의드립니다.,기존 차량을 삭제하고 새 차량을 등록하는 방법을 확인 부탁드립니다.,차량,차량정보,S008,차량정보 변경,Y,Y,Y
VOC08725,등록 연락처 수정 요청,번호 변경 후 로그인 인증 문자가 이전 번호로 발송됩니다.,회원,회원정보,S014,휴대전화 번호 변경,Y,Y,Y
VOC02422,계정 접속이 불가능합니다 처리 방법을 안내해주세요.,아이디와 비밀번호를 입력해도 로그인 오류가 발생합니다.,회원,로그인,S004,로그인 오류,Y,Y,Y
VOC03377,최근 주행기록 누락 문의,운전을 완료했지만 최근 주행 목록에 추가되지 않았습니다.,주행,주행기록,S006,주행기록 미반영,Y,Y,Y
VOC00176,주행 포인트 미적립 문의,[출발지]에서 [도착지]까지 구간을 운전했는데 적립 내역이 확인되지 않습니다. 앱에서 확인이 어려워 문의드립니다.,포인트,적립,S001,주행 포인트 미적립,Y,Y,Y
VOC06140,포인트 차감 내역이 이상합니다 처리 방법을 안내해주세요.,포인트 사용 이력과 실제 잔액이 맞지 않습니다. 필요한 확인 항목이 있다면 안내 부탁드립니다.,포인트,차감,S010,포인트 오차감,Y,Y,Y
VOC05620,서비스 계정을 삭제하고 싶어요 확인 부탁드립니다.,회원 탈퇴 시 남은 포인트와 주행기록이 어떻게 처리되는지 궁금합니다.,회원,계정관리,S009,회원 탈퇴,Y,Y,Y
VOC04084,안전운전 할인 적용 여부 문의,안전운전 점수와 보험료 할인 적용 기준을 안내해주세요.,보험,할인,S007,보험료 할인 적용 문의,Y,Y,Y
VOC07457,사고 접수 후 연락이 없습니다,보상 심사가 어느 단계까지 진행됐는지 확인 부탁드립니다.,사고,처리현황,S012,사고 처리 진행 문의,Y,Y,Y
VOC05271,새 차량으로 바꾸고 싶어요,기존 차량을 삭제하고 새 차량을 등록하는 방법을 알려주세요.,차량,차량정보,S008,차량정보 변경,Y,Y,Y
VOC09873,운전점수와 포인트 관계,짧은 거리 주행도 포인트 적립 대상인지 문의드립니다.,포인트,적립기준,S015,포인트 적립 기준 문의,Y,Y,Y
